elevation,slope,longitude,latitude,biomass,rh98,rh50,canopy_cover,spatial_block,elev_band,predicted_biomass,residual,abs_residual,prediction_date
1137,3.938790681556596,-121.37821916806848,47.69081197683559,204.46294095795628,36.17243617836086,10.826672093462216,0.5496802988718428,3,1000-1500m,200.1038195088827,4.3591214490735695,4.3591214490735695,2026-02-18
878,29.183330605826637,-117.34499985513058,48.18672558876549,223.28000871536963,38.9469975459749,22.557184306825164,0.5665122484572489,3,500-1000m,230.59602809880215,-7.3160193834325185,7.3160193834325185,2026-02-18
156,1.3431949580629947,-118.87604240732016,46.00187159517,121.899185026927,30.42165679175759,15.049979386442162,0.3813415715093869,1,0-500m,130.5172341150772,-8.618049088150201,8.618049088150201,2026-02-18
580,6.577201238126905,-119.80939061062074,47.49949639842799,223.10073137130613,43.217991872330266,20.54667183653526,0.3292659517944017,3,500-1000m,238.32818730273192,-15.227455931425794,15.227455931425794,2026-02-18
1450,4.128447803618047,-122.90786951690296,47.286983932575,120.60705115425252,28.648961798444063,18.033686476270358,0.3549341577991639,2,1000-1500m,118.13636091522005,2.4706902390324643,2.4706902390324643,2026-02-18
705,0.9274099469184875,-122.90803835764656,48.331321507153085,202.4435334779629,34.95609726474076,18.88303053314159,0.5380454877263446,4,500-1000m,216.13740276815292,-13.693869290190037,13.693869290190037,2026-02-18
205,3.950838825846768,-123.5934147148226,48.62434824192504,191.1695366366533,37.52238125481629,21.70256034055881,0.6074405391010005,4,0-500m,183.47261879077396,7.696917845879341,7.696917845879341,2026-02-18
1080,31.745610856628733,-117.93676697957544,45.04862708590954,161.9937000374047,29.116260617444087,13.451828782604975,0.5235339884081247,0,1000-1500m,164.71223789837182,-2.718537860967132,2.718537860967132,2026-02-18
1521,19.64581136133573,-119.79219491779754,47.69607967623517,100.1194628739251,24.765083993441745,16.37435004328829,0.3458695061946201,3,1500-2000m,100.3544301189467,-0.23496724502159338,0.23496724502159338,2026-02-18
572,12.21578395712405,-119.04349195542768,45.20734319647892,242.34749997721835,46.14100360024671,23.31737428438124,0.5970563483363596,0,500-1000m,254.33180117774785,-11.9843012005295,11.9843012005295,2026-02-18
1113,12.00919365850351,-123.8559085399294,47.195434660309424,207.53644221627505,41.89979339198656,21.46309150496937,0.6569699271313171,2,1000-1500m,208.70906751449036,-1.1726252982153085,1.1726252982153085,2026-02-18
1109,26.905782255150157,-117.21063103486604,46.15053091617472,120.68474782356272,25.751944028865868,15.606921160886902,0.2627194112064221,1,1000-1500m,128.78305858910244,-8.098310765539722,8.098310765539722,2026-02-18
316,3.846254208971997,-118.17290151439704,46.227106398088566,171.7360437857204,36.41010710003778,18.168087162760692,0.4071948677603438,1,0-500m,174.23952372719378,-2.503479941473387,2.503479941473387,2026-02-18
1079,8.733541935842318,-122.51362622525208,46.41183401380943,171.72968822515992,31.655417145105535,11.739025147837085,0.432999596204812,1,1000-1500m,167.76622997915433,3.9634582460055867,3.9634582460055867,2026-02-18
112,1.6216032252545878,-122.7272252295503,47.48516979619844,153.4938103422718,28.763944862575016,15.718535885048542,0.4840484149855332,3,0-500m,148.56070681436458,4.933103527907207,4.933103527907207,2026-02-18
1679,27.56674575805664,-122.71616843102596,46.33619986267507,56.39576807881281,11.882460935723955,4.23614278898576,0.498059943011771,1,1500-2000m,58.052874362421875,-1.6571062836090675,1.6571062836090675,2026-02-18
1189,19.77401942711974,-121.87030429928323,47.93079620236112,144.85276604394443,31.756148692675733,16.357148993646693,0.4092135998696136,3,1000-1500m,143.74461787216788,1.1081481717765485,1.1081481717765485,2026-02-18
1075,22.166743640501192,-120.32670497857434,46.61810954229548,160.61444800353186,32.821993203720496,23.52109051404454,0.3602048674829496,2,1000-1500m,165.5077423653227,-4.893294361790851,4.893294361790851,2026-02-18
86,8.74180970141695,-120.9763848695052,45.27341280123984,120.89938437283152,30.284286018864822,12.72188023897002,0.3673389534105795,0,0-500m,128.6935175506182,-7.7941331777866765,7.7941331777866765,2026-02-18
352,1.640132280070682,-121.96139601861373,48.13503936993643,205.4606167523204,39.3608255241964,20.224535700569074,0.5146934561862432,3,0-500m,208.38198721420278,-2.9213704618823897,2.9213704618823897,2026-02-18
761,6.192978431902313,-119.71702973694336,46.14303329837082,229.82524002858324,37.75629384585047,16.214326749183037,0.643606220345541,1,500-1000m,237.63939633183043,-7.814156303247188,7.814156303247188,2026-02-18
148,7.040301197077149,-123.0235429754357,46.73106751839705,161.82247950850905,34.911598970848495,15.70715254110007,0.490401589815607,2,0-500m,157.94452252630063,3.877956982208417,3.877956982208417,2026-02-18
1164,25.889214743804512,-121.95498746025348,47.74177553288761,178.6188118970738,40.35300778995322,14.240015809199578,0.4871378908091348,3,1000-1500m,181.16926599095473,-2.5504540938809157,2.5504540938809157,2026-02-18
434,24.2872476166372,-121.43546709694417,46.32982462859485,228.1926651208744,46.71479440533986,27.30301748961988,0.6029611632395604,1,0-500m,235.4564535525984,-7.263788431723981,7.263788431723981,2026-02-18
46,21.965254851754697,-120.80751011048076,45.22634262458686,135.04912530252878,31.364784621439355,17.73132231702471,0.4586996166555403,0,0-500m,133.83978392798244,1.2093413745463408,1.2093413745463408,2026-02-18
1812,23.9517095879342,-118.50376827024893,46.49568418805126,64.18670211404591,19.739285443801705,12.638666034422808,0.3415754849166466,1,1500-2000m,66.25042046860646,-2.0637183545605495,2.0637183545605495,2026-02-18
1289,30.911505907118205,-122.60228352489148,48.77779433077721,121.86525404197432,28.325842003310505,21.83648970911548,0.5070411518607617,4,1000-1500m,128.01772305783686,-6.152469015862536,6.152469015862536,2026-02-18
666,4.054126079146886,-120.40035893110472,47.56693758919423,235.77536550476435,39.61342503536091,20.306076615681032,0.6714317068370552,3,500-1000m,247.71624280696815,-11.940877302203802,11.940877302203802,2026-02-18
1883,38.03097161409983,-119.8530980179657,47.685916594668825,73.96977538773235,18.205762943979053,5.718078320073987,0.3844258526088701,3,1500-2000m,73.30159550854977,0.6681798791825884,0.6681798791825884,2026-02-18
128,3.117483683158879,-123.67484711096002,47.52912861455056,141.8879250914173,35.033909765634334,16.847260585368232,0.4190801333091686,3,0-500m,147.0265276103325,-5.1386025189152065,5.1386025189152065,2026-02-18
351,1.6459306942722869,-119.74718603668993,45.79596855583775,173.289986208744,35.85508629844228,19.42901249546704,0.3660891000826143,0,0-500m,183.14293512938391,-9.852948920639903,9.852948920639903,2026-02-18
1376,37.18891179552471,-122.80633113418897,46.67333545640912,99.01618832914936,24.3748112379513,13.12446825261315,0.5252985755437428,2,1000-1500m,98.41558318468523,0.6006051444641258,0.6006051444641258,2026-02-18
466,4.811918736872867,-123.54463884910304,48.00375919345327,207.41512145648423,41.93718872961762,23.91945418124217,0.4427174979250651,3,0-500m,215.96757707484463,-8.552455618360398,8.552455618360398,2026-02-18
50,6.938715596490761,-117.35780123922666,45.40549159021264,92.08337328127008,25.81819782771864,9.614261021376274,0.5809974331761649,0,0-500m,107.19647164264806,-15.113098361377979,15.113098361377979,2026-02-18
2161,45.45426025373025,-117.24057576847808,46.11141110435885,63.25410246121718,14.188548404914316,10.215925544993777,0.3626831255209661,1,2000m+,61.30796184596495,1.946140615252233,1.946140615252233,2026-02-18
391,31.23993346072499,-118.34121856318475,46.105276433863416,202.54183149112276,40.5811266509364,23.610863882135984,0.6062348245010143,1,0-500m,209.8988191344587,-7.356987643335941,7.356987643335941,2026-02-18
650,37.535701080567705,-121.8677036157864,46.72807571037802,230.27621135896828,37.41128192434384,18.040497186960323,0.4999479572336244,2,500-1000m,240.1831163388247,-9.90690497985642,9.90690497985642,2026-02-18
1026,5.9012701357056025,-123.31629520195531,48.92147496376874,203.52671583480577,31.73864690483643,15.687399950696818,0.5787741841464661,4,1000-1500m,198.6568521632663,4.869863671539463,4.869863671539463,2026-02-18
0,0.0,-119.2103688144149,45.27001018673529,146.84957019353487,31.13447128685597,14.933975401515845,0.5469902259620647,0,,138.20444866332917,8.6451215302057,8.6451215302057,2026-02-18
1517,23.262214391152643,-120.9189325438228,47.07480397752238,111.0170530598068,24.432423185581342,17.537052555583234,0.427971888207914,2,1500-2000m,106.77602391792334,4.241029141883459,4.241029141883459,2026-02-18
1147,13.714366765525934,-123.14573235608655,45.71745872804884,156.14514006165405,28.624209440426128,13.78377679996244,0.3605627581890695,0,1000-1500m,153.28224106475665,2.8628989968973997,2.8628989968973997,2026-02-18
636,1.378329975913937,-120.5337616292211,48.88270618163898,234.8841836861897,44.78745263518506,23.744947091471147,0.4329202496183616,4,500-1000m,250.00352480252343,-15.119341116333743,15.119341116333743,2026-02-18
1280,7.51561445848456,-123.75928035219349,45.453214018909854,108.19006022237429,25.342220627870145,9.53903806604011,0.5159284652306841,0,1000-1500m,117.93560472927291,-9.745544506898625,9.745544506898625,2026-02-18
421,0.0,-117.63475718544852,46.61440400944637,254.15186400531573,40.645917566932106,23.788818619858965,0.6926291384809299,2,0-500m,241.9482849887758,12.20357901653992,12.20357901653992,2026-02-18
1336,2.2829557898413824,-122.18854012879989,47.95153993933842,116.96384562103184,25.437605965599072,14.555541664235998,0.4068618259940301,3,1000-1500m,118.27570621445679,-1.311860593424953,1.311860593424953,2026-02-18
243,2.284636771313879,-119.36234400952212,47.81821771210978,142.14159504332122,28.169202334346053,14.493913919685587,0.6053563695596484,3,0-500m,148.45413228986436,-6.312537246543144,6.312537246543144,2026-02-18
641,11.932575430782716,-121.81802246737412,46.69091454757573,262.2839354110332,42.11326303185249,21.3735798177118,0.3318984472407861,2,500-1000m,258.51346017643425,3.770475234598962,3.770475234598962,2026-02-18
833,32.88782715908216,-120.35952385175533,46.38609667181088,300.2104337926422,42.88861407000892,20.11781301847392,0.4824425470312878,1,500-1000m,278.3485124864008,21.861921306241413,21.861921306241413,2026-02-18
429,2.7802885155287558,-120.17302804459705,46.590449514211485,217.18540535328583,48.99367409253056,24.22172272042051,0.4540252476734178,1,0-500m,230.00957652196038,-12.824171168674553,12.824171168674553,2026-02-18
153,3.2652894701871498,-122.70601881132131,46.05710505263456,149.81684367103549,26.78770190558857,13.284426022134296,0.4433589656356398,1,0-500m,140.74842524163788,9.06841842939761,9.06841842939761,2026-02-18
421,2.8252052604798004,-117.21290760564808,45.8213317548272,219.34475697851772,38.26998291073219,21.35249479313846,0.4858708223407361,1,0-500m,221.52030586158904,-2.1755488830713148,2.1755488830713148,2026-02-18
1091,12.473302841186523,-118.5740702364722,46.93215879023556,168.84797178062394,31.04475093414554,21.02169474531786,0.4629592126525748,2,1000-1500m,167.5087119140947,1.3392598665292326,1.3392598665292326,2026-02-18
63,7.170865445855114,-117.42350740905069,46.07413502427043,86.94940668271403,19.679961443523997,10.028862414548431,0.3820476878564973,1,0-500m,89.10454676166664,-2.1551400789526127,2.1551400789526127,2026-02-18
0,0.0,-117.73620854700646,46.149846659589,96.62094770546616,21.18686427224036,8.327754517253956,0.470760546849615,1,,96.65432871227539,-0.03338100680922196,0.03338100680922196,2026-02-18
541,31.927703281067984,-119.8147001483224,47.62702425389823,237.46541555063905,39.56260277050585,18.15395070708484,0.576624349656396,3,500-1000m,242.73119674393106,-5.265781193292014,5.265781193292014,2026-02-18
632,1.6805878048142842,-117.54688035483818,48.87414932679957,271.36690000994474,45.377224604917714,25.431289207479228,0.4452147329272318,4,500-1000m,268.16624245368797,3.200657556256772,3.200657556256772,2026-02-18
1347,11.883978202558998,-123.38055248563656,47.4145488022375,134.7090785433826,32.799099413828124,20.86373967122227,0.2173480479474296,3,1000-1500m,135.65028933755787,-0.9412107941752765,0.9412107941752765,2026-02-18
177,1.6199966303246176,-122.62811996306598,45.30791786825986,163.54793676104904,34.52728842979317,22.935824427766608,0.4022970293267788,0,0-500m,156.79242704263194,6.755509718417102,6.755509718417102,2026-02-18
1,4.621586806723618,-123.68340897762624,45.302334455416265,112.63648049999664,24.254284945569616,17.733007405287175,0.4175111322854897,0,0-500m,114.39643269984278,-1.7599521998461398,1.7599521998461398,2026-02-18
710,23.885088620887945,-121.72268768465716,48.80569288338226,282.05654350484843,49.58508267180117,24.79446588262729,0.5447210795960696,4,500-1000m,282.02470220637855,0.03184129846988526,0.03184129846988526,2026-02-18
303,16.181191108903178,-121.27925897217362,46.18916316122933,156.9647869623794,37.54814037160275,20.008745201731355,0.4678475601136467,1,0-500m,168.1395117557114,-11.17472479333199,11.17472479333199,2026-02-18
1197,3.958936577333471,-122.10055677758272,45.3682679443299,178.3369971364165,39.91089656745162,19.461606712004038,0.4607622072319305,0,1000-1500m,179.76259052808018,-1.425593391663682,1.425593391663682,2026-02-18
27,2.318241552823721,-118.1988374359365,47.39617834860152,122.23048399182572,25.36334281619193,12.337720779633251,0.3049159706366443,2,0-500m,115.22292881980911,7.007555172016609,7.007555172016609,2026-02-18
1435,39.91625836527529,-121.50272671314488,47.49459511316106,93.28752664435494,25.226263520095863,12.392855445245257,0.5291922455459358,3,1000-1500m,95.67617560278975,-2.388648958434814,2.388648958434814,2026-02-18
1006,3.2354223984479646,-122.03345843218834,47.594019280474754,215.98144941386727,40.03295358497364,21.698316945801512,0.4589883349640477,3,1000-1500m,213.90654676093283,2.0749026529344405,2.0749026529344405,2026-02-18
440,7.009187689387833,-120.20112741789228,46.06960811143016,215.4640638227141,39.54584349408145,22.408986042979866,0.4159541419854098,1,0-500m,217.93146875073307,-2.467404928018965,2.467404928018965,2026-02-18
256,2.6673240667446407,-123.01353042517668,45.0604427368579,190.1018281140709,36.981229836136485,17.64214637872651,0.4942680279889474,0,0-500m,183.5445575494936,6.557270564577323,6.557270564577323,2026-02-18
306,7.678380106962892,-118.38462113472173,48.86006147781789,214.7340547895363,39.3515664819157,20.95198408770056,0.5024460491662189,4,0-500m,208.48331513866785,6.250739650868439,6.250739650868439,2026-02-18
193,0.9274099368611016,-123.4781454942416,46.00357218276441,199.01666999534405,34.84296349896135,17.61139598885409,0.5444031841516868,1,0-500m,187.78493202265523,11.23173797268882,11.23173797268882,2026-02-18
521,2.8253902384950567,-117.09179144379638,47.70410515221019,203.43522871677197,40.56677231916061,18.61976458170726,0.4570107376301415,3,500-1000m,216.74366226791687,-13.308433551144901,13.308433551144901,2026-02-18
456,0.9274099368611016,-118.5942866149234,47.82651947951484,185.7532105182906,39.35656000653206,16.514265318172537,0.5319612320117973,3,0-500m,201.2238871668468,-15.470676648556207,15.470676648556207,2026-02-18
437,4.2617197128839885,-122.6089902292608,47.44002966831794,203.88237980725285,38.61221716119446,19.61360324039605,0.4697467093818616,3,0-500m,209.47312916949264,-5.590749362239791,5.590749362239791,2026-02-18
0,0.0,-123.96134518013478,46.25162957685459,109.35544250198387,25.485797826642862,13.872980553950258,0.3402162608345886,1,,107.96659341327887,1.3888490887050011,1.3888490887050011,2026-02-18
1041,6.20418440393052,-118.29177000081616,46.08438501505626,214.9545228556957,38.871084643997165,22.69722868868652,0.6773735911182468,1,1000-1500m,216.50234116493954,-1.5478183092438371,1.5478183092438371,2026-02-18
782,43.05587069489293,-119.05199859306668,47.39067313081081,263.1141194254037,45.88433401882674,26.597341057997756,0.3952758539417939,2,500-1000m,267.4760350062,-4.361915580796278,4.361915580796278,2026-02-18
769,14.820878746880648,-118.89694982371309,48.46438253444676,206.04948403851424,36.15144351419822,20.46802556164184,0.4896130966202319,4,500-1000m,226.6600370448528,-20.610553006338563,20.610553006338563,2026-02-18
0,0.0,-118.60110757319838,48.78693491569359,97.69941545007882,26.124884458261278,16.717945451266168,0.3612332901742464,4,,102.77954159591164,-5.080126145832821,5.080126145832821,2026-02-18
248,12.845523889423909,-123.48168743786135,45.42362321761503,180.19808049935443,31.368008236654354,17.103987732188042,0.5285925006398587,0,0-500m,173.75713159222514,6.440948907129297,6.440948907129297,2026-02-18
767,0.0,-121.49073990019008,45.61931445039088,262.5491330951142,42.79969084708461,18.621043634903053,0.5219405747871061,0,500-1000m,265.95244291192466,-3.403309816810463,3.403309816810463,2026-02-18
1338,13.932718678944417,-123.18891658332409,48.77894503513232,134.38198915087648,24.11573787370841,12.210409070726818,0.3972405164913028,4,1000-1500m,126.25236289830109,8.129626252575392,8.129626252575392,2026-02-18
702,7.378860558780502,-117.95827601887083,47.94614091333917,254.4389164577809,36.87197414351549,19.58792795108913,0.4604443032199252,3,500-1000m,247.65364021040105,6.785276247379841,6.785276247379841,2026-02-18
1474,19.542192701306117,-119.6369131122071,48.53197529931909,91.37074437839148,30.08669771838,15.768228269197888,0.383616715493319,4,1000-1500m,101.83000454246918,-10.459260164077705,10.459260164077705,2026-02-18
558,1.6664852176571383,-121.68371382603144,45.81053053654137,250.71601129082129,41.01794222917277,24.473414102477008,0.4496053409514889,1,500-1000m,251.55017302757443,-0.8341617367531455,0.8341617367531455,2026-02-18
385,6.464860749435276,-123.55509154799785,47.35034348443761,211.28351841166688,40.96589014672311,19.74679735428724,0.4275699229121651,2,0-500m,210.69284653618408,0.5906718754827978,0.5906718754827978,2026-02-18
83,5.45177874881619,-121.82312374799037,47.80455837766989,124.2172834354934,17.90417950035385,9.962042399039046,0.3637527515758311,3,0-500m,111.02707467924601,13.190208756247387,13.190208756247387,2026-02-18
677,7.107537292414755,-121.72371674581277,47.72044754178789,262.5947388321479,40.64390899448045,26.78152287430223,0.4988768960651913,3,500-1000m,255.51001012602018,7.084728706127748,7.084728706127748,2026-02-18
57,3.934792518615722,-118.89275675163356,46.63260676346679,97.67145128098812,23.05767734235679,12.506033917127413,0.4430595249928271,2,0-500m,104.07868071613096,-6.407229435142838,6.407229435142838,2026-02-18
51,2.2784995610167997,-119.53709770051351,45.06157956676523,122.82563553086204,25.13755215491773,12.530002678807188,0.379557451582637,0,0-500m,113.36714856033922,9.458486970522827,9.458486970522827,2026-02-18
489,2.2823699402954536,-117.78951080196572,47.33170422721705,233.6825139647981,39.63014353590276,24.57626734185513,0.4764475296497827,2,0-500m,234.0129267467243,-0.3304127819262135,0.3304127819262135,2026-02-18
822,6.696121684817804,-120.69449552386637,46.012406156718434,277.8333881678627,39.53952317284819,19.52509451674352,0.5529372562782163,1,500-1000m,259.18212757911186,18.65126058875086,18.65126058875086,2026-02-18
1308,5.45333054272083,-123.16284027843189,46.80101698457156,151.00283803989618,35.01565342993272,14.029136300540303,0.5575024380602249,2,1000-1500m,147.18164831392048,3.8211897259756995,3.8211897259756995,2026-02-18
615,15.818721153158398,-119.00728648943904,48.83032406033527,259.5013604117518,43.54831877098201,24.1801486787787,0.5117407728139682,4,500-1000m,261.70301971602885,-2.2016593042770296,2.2016593042770296,2026-02-18
715,3.1001655510035278,-118.67450465968172,46.59614127056974,250.45594912588209,36.53118926215575,20.51956857734129,0.5265783069250745,1,500-1000m,244.51346558211873,5.942483543763359,5.942483543763359,2026-02-18
990,4.323593213841574,-120.07105961701352,48.35920642665771,192.6124562861168,36.9466219800458,17.123207987449092,0.3974442014918353,4,500-1000m,195.36363004754676,-2.7511737614299534,2.7511737614299534,2026-02-18
50,0.9274099368611016,-118.60322974031808,45.754162422997005,123.80087317034088,28.319645591957556,14.05658857874166,0.2885787808645046,0,0-500m,122.03345110289318,1.767422067447697,1.767422067447697,2026-02-18
672,0.9274099368611016,-120.54343082544926,47.68984199210011,261.3699058888496,47.02182268996309,23.5315169792806,0.7028758315905104,3,500-1000m,265.20421159992543,-3.8343057110758423,3.8343057110758423,2026-02-18
354,32.14018208762191,-120.34087019432604,48.90802781775577,182.91126935938115,37.92826210059727,17.65709662638542,0.4732726883382186,4,0-500m,189.23544513605063,-6.3241757766694775,6.3241757766694775,2026-02-18
1841,30.17452788036328,-121.00721287149015,45.40757240349175,82.0754598593378,17.51218712337802,8.01737968147596,0.5198238451236237,0,1500-2000m,79.22448089797159,2.8509789613662093,2.8509789613662093,2026-02-18
417,2.296113102365126,-123.82206611279132,45.03327976890877,195.16028222591288,32.79123002215641,17.09712143053619,0.4722935337658132,0,0-500m,197.62213674393593,-2.4618545180230456,2.4618545180230456,2026-02-18
235,1.3430790103879775,-123.24476001104686,46.73433117053046,173.24765963162957,36.6621509283716,14.3072532722755,0.3986618400240357,2,0-500m,172.23244677461673,1.0152128570128411,1.0152128570128411,2026-02-18
1706,1.3909640878680911,-123.77999570019286,45.37050193220547,71.96363918711496,15.292405156439791,8.93862118396755,0.4520185589594213,0,1500-2000m,66.22618593986186,5.7374532472531,5.7374532472531,2026-02-18
666,16.216221591509232,-119.54512712115354,47.99353739870492,289.78229398137853,45.46571448183898,23.76824546659858,0.5060869739406006,3,500-1000m,276.6827717415053,13.099522239873238,13.099522239873238,2026-02-18
24,4.820048885560117,-121.79950813246572,48.65819465539423,119.02231754531878,24.21653650890684,17.683104488670182,0.4300095753003343,4,0-500m,117.95085727396443,1.0714602713543542,1.0714602713543542,2026-02-18
2062,15.618191362176445,-120.44000516184708,46.73608389083503,94.94729094774456,25.068822513914014,11.03642420698655,0.3973923250353889,2,2000m+,96.74799221944775,-1.8007012717031898,1.8007012717031898,2026-02-18
1484,42.73263014200725,-117.64703468251734,46.03484656862177,68.02667012437084,21.203201920405927,10.255064145177196,0.4974131421032943,1,1000-1500m,78.80776951028591,-10.78109938591507,10.78109938591507,2026-02-18
384,33.34766900366842,-122.25495439595788,46.73761327602644,204.96168791474764,37.8021129218544,18.114660063106182,0.393157839358018,2,0-500m,203.32032037260527,1.6413675421423761,1.6413675421423761,2026-02-18
1265,7.53859368756333,-121.1273195387506,47.893791271400005,148.71601089577882,27.73173123959369,10.780192113899153,0.4465970964350503,3,1000-1500m,141.50702590288608,7.208984992892738,7.208984992892738,2026-02-18
136,17.02910510734643,-118.71114203019866,45.036216646321485,106.58680994376272,25.030858714681848,9.997890682810915,0.2748688037277164,0,0-500m,107.94343488710027,-1.3566249433375503,1.3566249433375503,2026-02-18
549,0.9274099368611016,-122.39841284155864,47.35781595793879,237.6542027208536,43.75263114954512,23.529954938626314,0.5854991182263463,2,500-1000m,247.22077430020653,-9.566571579352939,9.566571579352939,2026-02-18
21,28.98361812711297,-123.46114063119845,47.45316673954952,109.28371102042234,24.6363826707273,12.94090660862177,0.4547530447352676,3,0-500m,110.93203051037455,-1.6483194899522005,1.6483194899522005,2026-02-18
92,20.519488822418047,-121.97173982960362,47.55075298758374,86.70195803618961,23.666266809097767,14.652098360098393,0.4126718563935737,3,0-500m,95.97625421967936,-9.274296183489753,9.274296183489753,2026-02-18
570,2.3020832176483363,-122.87145098922196,45.96808831992351,256.11315025419805,46.75219518188825,22.948283272953525,0.5535081884181589,1,500-1000m,262.993037803183,-6.879887548984925,6.879887548984925,2026-02-18
29,3.089506965284076,-117.492116433602,47.8562108935125,130.87914722702942,34.81572668552443,14.686305222686087,0.5088988524286476,3,0-500m,139.56199153011548,-8.682844303086057,8.682844303086057,2026-02-18
1374,26.52445313430163,-118.34315734304909,45.36556594532711,87.76131984810515,27.6980408817514,15.295856139318476,0.48530081814264,0,1000-1500m,101.60034844493423,-13.839028596829081,13.839028596829081,2026-02-18
528,1.6682330904195652,-119.56617370442704,45.797081345867205,248.6751996286811,40.8933868070591,21.446555609819445,0.4133853364772157,0,500-1000m,243.84459546763,4.830604161051099,4.830604161051099,2026-02-18
830,3.827187429184299,-117.89977586868598,48.50988018661793,215.42708017220497,37.8549208058507,17.878739117495144,0.4883813552775773,4,500-1000m,227.40562508356174,-11.978544911356778,11.978544911356778,2026-02-18
382,16.245059689916804,-118.3742954617062,47.95489260290626,199.14896160976755,35.29665087206822,19.52248617563472,0.5610112256199103,3,0-500m,204.07809220772847,-4.929130597960921,4.929130597960921,2026-02-18
1851,36.0979529884404,-122.69400958779777,45.05498221604538,40.50489351595984,13.170515014652723,5.339023900538313,0.3041835278011733,0,1500-2000m,44.096437125292,-3.591543609332156,3.591543609332156,2026-02-18
804,5.846255720973885,-117.75208701057016,45.9935050414792,280.4139789768057,42.17429054841924,17.837989068554087,0.5409469137975595,1,500-1000m,266.92938333391845,13.484595642887257,13.484595642887257,2026-02-18
308,8.143114574813495,-120.22460430659044,45.857625931972656,187.5713568469508,29.78786054993034,17.21739237375268,0.5023406934103092,1,0-500m,177.5581373957867,10.013219451164105,10.013219451164105,2026-02-18
283,4.103827903062625,-118.34791891385156,46.08322531214789,169.16804325247165,34.74976971694397,14.652661305165342,0.5004575281496351,1,0-500m,167.1904376363756,1.9776056160960422,1.9776056160960422,2026-02-18
1665,8.48471474837022,-117.72736090053554,45.99023908111955,64.96175165510824,17.852886427654436,10.550949998552868,0.4646538671324023,1,1500-2000m,67.69697696082906,-2.7352253057208173,2.7352253057208173,2026-02-18
209,6.917319425438424,-121.77397567519697,45.25010518297138,180.46724791534183,37.92984615853487,17.77084300140441,0.5468899389593651,0,0-500m,178.34075043415254,2.12649748118929,2.12649748118929,2026-02-18
1562,22.0577044218156,-123.22963652830626,46.83576206638728,138.3920669574687,32.75511124691351,19.058995271910824,0.3871979402279858,2,1500-2000m,136.2618217207921,2.1302452366765863,2.1302452366765863,2026-02-18
529,7.02092474456263,-122.4044538622064,47.93093389914466,193.6815527740594,40.23572585983875,23.519176564499787,0.6125829686714102,3,500-1000m,213.99698250588514,-20.31542973182573,20.31542973182573,2026-02-18
797,5.320118214496083,-121.0102454796162,47.42692689886975,284.2555185550219,40.28692050234846,17.78406332890217,0.5250461429236598,3,500-1000m,267.46172046646296,16.793798088558958,16.793798088558958,2026-02-18
1373,26.17793549143322,-118.27389663854257,47.69148667439232,150.09850731009814,29.71845517969812,15.25174592982833,0.3861648751934279,3,1000-1500m,138.9741015836531,11.124405726445048,11.124405726445048,2026-02-18
638,34.88224899876807,-117.9748859172056,45.32459671414496,265.7037816996767,39.15123590469884,21.080952110435398,0.7179894338654117,0,500-1000m,261.3811826344769,4.3225990651998245,4.3225990651998245,2026-02-18
977,17.940062698471746,-123.95133508628166,48.805962840707146,182.44653085919228,28.726195161485503,21.484422113242925,0.3843489190757887,4,500-1000m,179.69026296334556,2.756267895846719,2.756267895846719,2026-02-18
0,0.0,-120.42476888195704,48.3539673353721,126.93814870438864,25.28049765562901,9.94989297524327,0.4198934208154731,4,,122.15707064905351,4.781078055335129,4.781078055335129,2026-02-18
750,4.826602862529488,-121.07812297795854,48.220361273982654,253.6859625228965,38.01756758133872,25.637429485046177,0.6329983044155268,4,500-1000m,244.35525873950468,9.330703783391812,9.330703783391812,2026-02-18
1549,10.007279111489622,-122.44524532670488,48.29193522016707,74.97391938275813,24.32820589214589,14.955584757008031,0.4393142123716327,4,1500-2000m,86.09177948913747,-11.11786010637934,11.11786010637934,2026-02-18
1989,4.8127487819024966,-123.1609424286642,48.73084203253104,49.48238450589618,6.830131849410186,1.2660491333700523,0.5170891459270843,4,1500-2000m,47.75815301192301,1.7242314939731713,1.7242314939731713,2026-02-18
438,10.183330207864874,-121.6366938001746,47.17701586445479,230.5444024158368,40.6539505613555,25.12827737729696,0.6616547747241631,2,0-500m,230.8804783517679,-0.33607593593109186,0.33607593593109186,2026-02-18
331,0.0,-117.39963207261236,45.8011280714705,204.22885552523192,35.53164128579957,14.428071011046622,0.5244620108879534,1,0-500m,199.07821859410345,5.150636931128474,5.150636931128474,2026-02-18
331,0.0,-121.73757947585472,47.467134431410166,168.82041563525345,31.085788930406345,19.31377917953949,0.4471094168318835,3,0-500m,173.55305477321036,-4.732639137956909,4.732639137956909,2026-02-18
391,5.5159833703089,-120.36846564779644,47.97152597467176,215.87285489092957,36.46576824603403,14.371668041778891,0.4964347275589999,3,0-500m,214.7534921057459,1.1193627851836823,1.1193627851836823,2026-02-18
777,1.8543341688295631,-119.07886728773376,47.951669573416105,227.1728078288959,40.19975993098001,21.590375901324872,0.527373015556332,3,500-1000m,240.65231243516453,-13.47950460626862,13.47950460626862,2026-02-18
31,2.7259431049144016,-121.45459278334494,47.08579609666752,130.09202434073907,27.6888626450216,17.363336221598836,0.3488027665938387,2,0-500m,125.76155490576976,4.3304694349693165,4.3304694349693165,2026-02-18
626,36.73158961626552,-117.19752542095328,45.27383487733431,257.2643295725007,49.39443094166239,22.480621193149283,0.546141203764901,0,500-1000m,263.11255287583526,-5.848223303334578,5.848223303334578,2026-02-18
99,23.047622680664062,-117.26286893540522,46.48445175372051,117.77836741908378,27.11471754562388,13.687557527086147,0.4460228411831352,1,0-500m,120.62427623911134,-2.84590882002756,2.84590882002756,2026-02-18
246,4.812196952578102,-122.23752392922243,48.68306643385343,156.38094407584447,29.60961841507089,9.932072040131658,0.6585336124151564,4,0-500m,155.09399678583566,1.2869472900088113,1.2869472900088113,2026-02-18
605,1.6516360818101812,-120.51926045875332,47.33779563902971,275.34004409497345,40.54491616976452,21.678998039699067,0.4276649038685598,2,500-1000m,265.32123070260724,10.018813392366212,10.018813392366212,2026-02-18
210,0.9274099368611016,-121.89385183128262,47.15332777302285,167.65344769727764,31.79946999559496,16.838752874103207,0.4873727785548685,2,0-500m,162.1131793309666,5.5402683663110395,5.5402683663110395,2026-02-18
1193,21.25511836532864,-122.00611653935772,46.075414057528775,161.32190043240888,37.39993952070581,19.815628069310858,0.3648588920652899,1,1000-1500m,163.88541413525192,-2.5635137028430393,2.5635137028430393,2026-02-18
347,0.0,-123.74179136851826,46.47379567966632,192.7889331060701,37.169391438520734,15.509404846418796,0.465663799660433,1,0-500m,195.8378831307132,-3.048950024643119,3.048950024643119,2026-02-18
205,11.068801879882812,-119.73304966214071,48.58138435661267,149.49477072905896,35.25895253445882,19.0044566705692,0.4032874291424689,4,0-500m,155.75690218621372,-6.262131457154766,6.262131457154766,2026-02-18
790,14.411170674958235,-120.48124683739798,47.665852190107344,269.72097279494443,37.57515606103597,24.23376890930779,0.4421416448798483,3,500-1000m,254.2133915861001,15.507581208844329,15.507581208844329,2026-02-18
170,1.6210161365113231,-123.63964874125008,48.14954810700933,144.33167782117567,28.10837749971965,16.563799096987417,0.3753299470398069,3,0-500m,138.87169530412228,5.45998251705339,5.45998251705339,2026-02-18
1169,28.771541164464534,-122.04947475034372,46.81738169227062,171.73635728697818,33.25756890567535,19.559776149117084,0.5716084267856688,2,1000-1500m,171.1852626526347,0.5510946343434853,0.5510946343434853,2026-02-18
621,11.832122343536,-117.64213879823342,47.52098887782464,247.80918494913985,39.62199628067499,22.669411418771297,0.513853348910311,3,500-1000m,253.61635969940045,-5.8071747502606,5.8071747502606,2026-02-18
389,32.25459937622033,-122.3230667653312,45.99353443497283,141.3796332286165,31.91109913610201,18.63742673156824,0.3704593077555502,1,0-500m,155.22286773458453,-13.843234505968013,13.843234505968013,2026-02-18
694,1.6570061163120535,-122.98573589536144,47.82184332113395,285.9446969126358,46.79742401663197,24.000011481272637,0.5073200137951895,3,500-1000m,284.0140188626456,1.9306780499901492,1.9306780499901492,2026-02-18
1553,27.554011208069944,-120.57383067805706,46.71040533481335,144.4758482274007,28.54956712636924,17.662625372193425,0.4474414853881244,2,1500-2000m,135.075280808834,9.40056741856668,9.40056741856668,2026-02-18
816,2.7802885155642585,-117.1004468212258,46.770182059258985,261.6019075501163,31.349055876243582,13.052331727622516,0.6593657919145526,2,500-1000m,244.43587300126094,17.16603454885538,17.16603454885538,2026-02-18
644,17.859864756199514,-122.3056130994195,47.59728929830753,255.2523018127043,37.68479965506181,19.225708198503565,0.4302000380102158,3,500-1000m,248.12081716735182,7.1314846453524865,7.1314846453524865,2026-02-18
1010,8.857924873359464,-119.29505116815884,48.7451224858757,199.14350663914564,31.712424883970822,14.298950225603534,0.377190439781276,4,1000-1500m,197.44260413448393,1.7009025046617126,1.7009025046617126,2026-02-18
132,6.158395009984591,-118.66866269269896,45.25602538643449,126.5478161801549,29.61455890470471,12.884055337243668,0.3779674167772661,0,0-500m,128.65197461516755,-2.10415843501265,2.10415843501265,2026-02-18
0,0.0,-122.3365371920532,48.29897294938803,105.78975097328822,31.956005822752875,14.657637083642546,0.4961284224218363,4,,115.1954804665253,-9.405729493237075,9.405729493237075,2026-02-18
587,2.306678674318141,-118.90248555971698,46.16953244164877,222.9866931589321,39.39375356856851,21.84143189221477,0.4421283873717546,1,500-1000m,239.6730704313552,-16.6863772724231,16.6863772724231,2026-02-18
712,4.627367505919335,-121.42551807096524,46.77567781802552,246.96898840610203,46.6248874679661,26.124317481428115,0.5859094379866253,2,500-1000m,263.4535001930455,-16.48451178694347,16.48451178694347,2026-02-18
103,5.329008826670294,-119.57385918584494,45.087653315100034,98.33832803114504,24.949872884856752,17.345251247127152,0.3953440239623075,0,0-500m,109.09750888270698,-10.759180851561936,10.759180851561936,2026-02-18
1561,28.615353739958916,-119.56529202467374,46.20418431133725,95.49822810187108,27.296110390933567,14.636426716493332,0.4152388770251625,1,1500-2000m,101.23860057548583,-5.740372473614755,5.740372473614755,2026-02-18
1119,12.769178384018852,-120.24957721147668,47.01052497052052,161.7689700206162,33.01897038972094,18.014981692082674,0.5033486333557803,2,1000-1500m,162.79440279772632,-1.025432777110126,1.025432777110126,2026-02-18
2035,31.47631454467773,-123.36797160961916,45.22470430938976,92.52457121886668,25.586073733286188,12.008426212131468,0.4491138749028813,0,2000m+,93.2519978089357,-0.7274265900690153,0.7274265900690153,2026-02-18
1528,8.019110035605378,-118.15288253087532,46.96438291753266,87.22796459489773,18.93481640645862,10.45409486490178,0.2657616638672963,2,1500-2000m,81.30408618118086,5.923878413716864,5.923878413716864,2026-02-18
289,25.719174950417457,-121.75453954519784,48.70844251543371,196.2438695005672,34.53623352546352,22.445472574878732,0.457608031905155,4,0-500m,190.4468193746453,5.797050125921913,5.797050125921913,2026-02-18
557,6.601824535574919,-122.69437042720102,45.42157287243122,251.2011326558556,45.87419256927794,23.965701446352373,0.5236281196302937,0,500-1000m,259.57582533029984,-8.374692674444248,8.374692674444248,2026-02-18
764,19.01881885993723,-123.71457400911665,48.05776291230202,311.84240101255386,47.93647778480786,24.89111132914641,0.3201177076440061,3,500-1000m,298.3192755903665,13.523125422187377,13.523125422187377,2026-02-18
1868,22.84050662914609,-119.86374939768233,46.63868421350397,33.3589972006748,9.038888462369716,-0.5413420907740303,0.15,2,1500-2000m,33.754844016117325,-0.39584681544252476,0.39584681544252476,2026-02-18
542,3.845055167538898,-119.25704946710404,47.62069485809735,226.72127311470035,42.29222694552643,20.70142891664478,0.4821712110095327,3,500-1000m,241.0049146681895,-14.283641553489161,14.283641553489161,2026-02-18
3,2.702029307271278,-123.883885197505,46.04094639194092,128.32031386273442,32.11527861120466,11.563024157093436,0.4598040873169189,1,0-500m,129.27780699996592,-0.957493137231495,0.957493137231495,2026-02-18
161,11.68182227598794,-120.41534859190504,45.63796905016543,199.5181827417038,34.98716392187132,19.30309651280221,0.4614824044946736,0,0-500m,180.84304166174243,18.675141079961378,18.675141079961378,2026-02-18
1712,12.84189308257074,-122.41452957361444,45.64185045708491,76.77744370719923,21.81013718658492,7.012885720557296,0.3298609496022328,0,1500-2000m,79.22713607269037,-2.4496923654911456,2.4496923654911456,2026-02-18
776,0.9274099368729608,-119.48379046713384,45.28196778257258,256.98067850622675,39.03949704260069,24.510174784614325,0.6644083451304552,0,500-1000m,252.4749397590345,4.505738747192254,4.505738747192254,2026-02-18
1593,6.06333614798899,-122.77943499696508,45.74258681960497,81.75459269151021,22.45845441648829,10.715784852180082,0.4583869104159992,0,1500-2000m,85.9321886771629,-4.177595985652687,4.177595985652687,2026-02-18
0,0.0,-119.16343583328272,47.65687753995587,138.6409435804779,29.66101474659668,10.892215530808793,0.3844511778798086,3,,130.81876463586525,7.822178944612659,7.822178944612659,2026-02-18
396,23.17890773121957,-121.29285257589623,48.52676244737403,197.1912655592293,34.368988557121064,15.12732894541569,0.53196275689785,4,0-500m,200.67041736661997,-3.4791518073906786,3.4791518073906786,2026-02-18
1534,2.633920732731561,-117.44289007884286,48.256502742364646,108.1438696659458,24.98503131964845,8.702880452908705,0.386315733628042,4,1500-2000m,108.1860654393387,-0.04219577339290481,0.04219577339290481,2026-02-18
511,2.305374182443945,-123.03735339097804,47.74053723949794,228.03879130339425,36.74776358261793,20.415220181207523,0.6888468129367573,3,500-1000m,233.06350443299993,-5.024713129605686,5.024713129605686,2026-02-18
1884,4.815987104833078,-121.6125355426482,45.44172745364441,48.84672335622342,18.72660397417828,10.219864484056597,0.5380456749479973,0,1500-2000m,61.082961900266056,-12.236238544042635,12.236238544042635,2026-02-18
117,12.228834631012694,-123.20568535131588,46.1567497851838,134.05814974693112,26.28135733307897,14.058977747854518,0.4146649534111799,1,0-500m,129.43969163168904,4.618458115242078,4.618458115242078,2026-02-18
376,2.302244118046864,-117.52714467205006,46.23922750128988,210.85940221663813,38.301503663498586,18.64551552064447,0.3306720750308775,1,0-500m,212.4862925753482,-1.6268903587100567,1.6268903587100567,2026-02-18
83,8.261003118976928,-117.85862452633312,45.99982778559048,151.59043749563068,31.67318263485249,19.32780577530264,0.5353239781938933,1,0-500m,144.7235303023013,6.866907193329382,6.866907193329382,2026-02-18
548,11.830264895221772,-122.19440860599391,47.060022638838895,241.3494670281899,37.034471552453866,20.133710499764096,0.562507193324558,2,500-1000m,241.8672204027019,-0.5177533745119831,0.5177533745119831,2026-02-18
667,28.228767453654672,-119.38011167776077,47.14221525951869,243.7835736565104,38.599115533797466,17.113832653270308,0.4689471896268596,2,500-1000m,250.6296658702179,-6.846092213707493,6.846092213707493,2026-02-18
814,19.59080429358983,-118.27944459859148,46.42754390068444,264.9509575362049,42.745167949737066,20.34228275185393,0.5152992930911937,1,500-1000m,259.9390782246303,5.011879311574603,5.011879311574603,2026-02-18
412,17.145599414023792,-120.11359431880376,46.41515663494575,215.19507774890047,42.28381609390274,26.00529610432813,0.4826694715093157,1,0-500m,221.58003608577164,-6.384958336871165,6.384958336871165,2026-02-18
713,2.7802885155642585,-120.29244595150796,48.31422239162433,266.89498804664004,39.55275232264352,16.025717017156914,0.5838204824820984,4,500-1000m,261.4488505114074,5.446137535232651,5.446137535232651,2026-02-18
307,3.704791833718337,-122.30703396369684,48.157171393278745,175.2158298449929,32.96523998631572,15.066770706494948,0.5316133705029863,3,0-500m,174.00175648959146,1.214073355401439,1.214073355401439,2026-02-18
1423,21.91113384720452,-123.34828062535873,46.23118332672298,131.25176449942032,27.528028920414165,17.12133528723921,0.3838075613697428,1,1000-1500m,122.93266877977197,8.319095719648345,8.319095719648345,2026-02-18
634,8.476653331828604,-117.71948969432673,48.65515377549304,266.128163522525,35.601305354427,14.83133212065914,0.5518438066432677,4,500-1000m,252.85271108496195,13.275452437563075,13.275452437563075,2026-02-18
381,4.155700163883872,-117.69707359985668,48.81126006801002,247.4271501767913,39.77524371163829,20.991710692805043,0.5320221638636071,4,0-500m,230.4414663037511,16.985683873040188,16.985683873040188,2026-02-18
317,1.8543341688295631,-119.56828979908713,46.306970168120166,207.87953708598363,39.40725937251577,19.09480103942725,0.6481274530555385,1,0-500m,203.74442907106342,4.135108014920206,4.135108014920206,2026-02-18
499,11.883978202558998,-121.6267914626591,46.41769979517222,249.61629317304224,43.20388995811761,16.30817865309316,0.4721972348363275,1,0-500m,257.9847523031033,-8.36845913006104,8.36845913006104,2026-02-18
776,7.621729338365451,-121.55553297771138,47.02253661368783,215.2029951613606,35.79395172632338,16.224006120803736,0.4595846450225391,2,500-1000m,230.63481062906143,-15.43181546770083,15.43181546770083,2026-02-18
1224,9.269897283025534,-118.91831024790832,48.764483250134695,155.0764821790274,32.979007902480134,15.822728600109166,0.4272097558168479,4,1000-1500m,149.5570628500623,5.519419328965114,5.519419328965114,2026-02-18
1214,25.869759663077584,-117.72022818033196,48.50527773256925,153.06998013065692,29.99553128409044,16.314219023628574,0.395505811147153,4,1000-1500m,146.90204136849187,6.1679387621650505,6.1679387621650505,2026-02-18
673,3.0959238654869936,-117.79039503014418,45.41027185033436,279.7496763518235,43.95432662854387,21.00438517041862,0.3899570348309939,0,500-1000m,266.52834251517316,13.22133383665033,13.22133383665033,2026-02-18
28,6.203730622654702,-118.54087117899664,46.57092297308567,135.6769281437713,32.01611347764795,15.278559395075629,0.5668558163696632,1,0-500m,133.24313768518567,2.4337904585856336,2.4337904585856336,2026-02-18
240,2.289566603724759,-119.50577847692,47.21348475899909,147.19019696750996,27.8381126196904,11.547120825531987,0.4617530562804583,2,0-500m,147.51453391743732,-0.32433694992735695,0.32433694992735695,2026-02-18
624,11.383203752752436,-123.41102024503466,47.01252989020616,276.4890941380272,44.1578723265071,24.63456592092455,0.4514893348789599,2,500-1000m,272.6168648091126,3.8722293289146137,3.8722293289146137,2026-02-18
780,41.29263613567988,-122.8685990013377,45.77545227174757,241.3928465128457,34.05717543832154,19.462125900630465,0.5670431418698375,0,500-1000m,240.58935853392052,0.8034879789251761,0.8034879789251761,2026-02-18
444,2.8522129948829646,-117.71012068031044,48.43526708467262,267.3639918528783,45.24250285136829,23.426144570632,0.5890553748616789,4,0-500m,252.3299141393348,15.034077713543525,15.034077713543525,2026-02-18
698,0.0,-119.75499658238289,47.70776313198735,226.6983283601087,33.116969723540215,18.989713954437207,0.537917253900621,3,500-1000m,220.81387150496525,5.884456855143441,5.884456855143441,2026-02-18
546,1.362860378826817,-123.9356206386836,48.351633499407214,199.69217715759504,35.74614007327825,21.64952429500933,0.4132980376523394,4,500-1000m,213.32331551445648,-13.631138356861442,13.631138356861442,2026-02-18
1566,8.683686759281251,-123.28969919993776,48.43505711739789,47.69521805374542,15.466419678408124,6.805796859691164,0.3375891174253271,4,1500-2000m,52.55366309808881,-4.858445044343391,4.858445044343391,2026-02-18
7,11.715077152999104,-119.3554876162436,47.99342341466296,84.09909296815222,24.73915161203655,14.953884329363984,0.3191822626855736,3,0-500m,92.03510878988604,-7.936015821733818,7.936015821733818,2026-02-18
1165,27.10021972483268,-123.96456891307646,46.75684240499887,127.8189738158309,34.00202626247419,16.67171597741451,0.3771859983349899,2,1000-1500m,144.69237770028855,-16.873403884457645,16.873403884457645,2026-02-18
698,25.08283903728853,-122.87434364007753,47.442187020061695,308.89909261563093,43.860053428091504,24.301672804810597,0.3876095933109018,3,500-1000m,289.52662355998865,19.372469055642284,19.372469055642284,2026-02-18
106,1.6564462397708504,-120.1588634744339,45.64146162447897,115.7242800452604,26.18200874632876,16.172673885029468,0.4619040772421827,0,0-500m,121.40424745803902,-5.679967412778623,5.679967412778623,2026-02-18
566,21.901829826948195,-119.15673361615114,47.694581669899634,213.9581483246839,33.65158441124774,18.07196679051907,0.4407057820148737,3,500-1000m,222.14119129097122,-8.183042966287331,8.183042966287331,2026-02-18
276,45.98051093301945,-119.4362711834818,45.717013022957126,195.5535190761622,37.52950915093371,19.413014969316933,0.4895462088799197,0,0-500m,191.85956450471846,3.693954571443726,3.693954571443726,2026-02-18
362,1.646573759756964,-122.43011483377607,47.77579836204063,179.31209811265035,37.338532286515125,16.890785742426484,0.4152507273658035,3,0-500m,191.26588797629847,-11.953789863648126,11.953789863648126,2026-02-18
895,13.64062898164678,-119.01474545056725,45.91839264301588,203.68109510387765,40.48339792739422,16.02194952992447,0.3899990004030469,1,500-1000m,220.34364537899512,-16.662550275117468,16.662550275117468,2026-02-18
66,9.95249240178149,-122.3392563875224,45.47020520060088,137.95412094893317,25.53917732937012,17.00932478796366,0.445751981295664,0,0-500m,129.45602709757438,8.498093851358789,8.498093851358789,2026-02-18
1627,19.77349694858972,-121.72220211288511,45.66113796057183,101.37120967189692,21.134381430242478,12.068941734104904,0.3359426662223744,0,1500-2000m,88.60334461813014,12.767865053766783,12.767865053766783,2026-02-18
267,4.542732628293692,-118.77456016417383,45.00796854087629,154.15580364490603,34.1614106295958,16.261504926264504,0.4226539779030341,0,0-500m,160.90398091703113,-6.748177272125105,6.748177272125105,2026-02-18
66,2.636382757559556,-119.4525697066695,47.87495847141412,151.2466477637314,33.936391257134545,19.63902992609525,0.5387674455955577,3,0-500m,149.47552934305884,1.7711184206725648,1.7711184206725648,2026-02-18
682,0.0,-118.05543612654076,47.92960419623352,262.9944105929258,34.33080560632799,15.02637032934122,0.5992688590830665,3,500-1000m,248.92929803292577,14.065112560000046,14.065112560000046,2026-02-18
561,19.10375976065678,-119.3967097538976,47.05973339965304,287.0365888517206,40.330620197264274,19.26846437077934,0.3865472226955506,2,500-1000m,267.1485494313784,19.88803942034218,19.88803942034218,2026-02-18
0,0.0,-120.0218397766517,45.64545120422154,117.92303781578572,18.762853972673817,12.074463473093854,0.3243977442088618,0,,107.29719729846192,10.625840517323795,10.625840517323795,2026-02-18
550,7.378860558780502,-123.34427662520336,45.33421735004276,283.47775186431755,42.28492561253175,14.404811238324754,0.4680219314766727,0,500-1000m,275.46668387781034,8.011067986507214,8.011067986507214,2026-02-18
598,24.82702388580371,-121.42598937858396,45.07651586574915,255.39791771974427,41.42191756409174,22.3688969464208,0.5360797814718669,0,500-1000m,257.7055544392184,-2.3076367194741465,2.3076367194741465,2026-02-18
1048,9.573726764060863,-122.14358342622792,45.66299270786088,160.396626484949,32.94794604346005,17.60586126171313,0.5263111792334595,0,1000-1500m,171.79417300274508,-11.397546517796087,11.397546517796087,2026-02-18
218,20.56519701158981,-122.29207249634642,48.56342213993258,212.30389954297397,38.78235503543576,23.995685490121204,0.4085506627258305,4,0-500m,202.11028689518614,10.19361264778783,10.19361264778783,2026-02-18
1368,30.3188956023741,-117.18892611673289,45.96614736680673,96.56225810479722,25.816770613867003,14.18483132507858,0.3588983124219948,1,1000-1500m,101.27233178319672,-4.710073678399496,4.710073678399496,2026-02-18
976,3.851817883995849,-121.24831592733268,46.41708530886886,207.7505405647738,36.410493250416586,15.3340120358169,0.4917495753714871,1,500-1000m,209.25415779539833,-1.503617230624542,1.503617230624542,2026-02-18
25,4.54961075793035,-117.7556741137602,45.42138193792533,91.58185202072968,17.51569992318629,12.701861574004289,0.3861663876878455,0,0-500m,92.6168756014921,-1.035023580762413,1.035023580762413,2026-02-18
721,2.908351744598049,-119.58202961801916,45.88944521899269,254.5978986639277,41.61179457341194,23.182620409126315,0.5835795992960491,1,500-1000m,256.99996951101775,-2.4020708470900445,2.4020708470900445,2026-02-18
677,28.568392779985885,-118.43632087520848,47.07689828312082,265.68625871400627,44.334773730352246,26.489563886231167,0.6105967212292509,2,500-1000m,267.74964514444343,-2.0633864304371627,2.0633864304371627,2026-02-18
2022,20.640872936914736,-120.48154034826364,47.43101073238261,85.21142087219852,16.942252549614373,14.595246640597535,0.426774507818915,3,2000m+,78.53375106573628,6.677669806462234,6.677669806462234,2026-02-18
611,23.12614128335782,-119.96167280761549,45.98140925666485,270.91178932353586,38.69823907591863,17.26714346918475,0.4903202543645621,1,500-1000m,265.75501050611814,5.156778817417717,5.156778817417717,2026-02-18
1455,5.320029427270724,-120.55237614326796,45.23092863690047,143.21327140951774,33.88061123329408,19.15770719292036,0.3777366519000102,0,1000-1500m,134.08769962939039,9.125571780127359,9.125571780127359,2026-02-18
89,5.588046446212296,-122.63329908541368,46.5641314765096,117.42245992997142,32.08396773517073,15.490292943343292,0.4716769605342705,1,0-500m,125.09564518403877,-7.673185254067349,7.673185254067349,2026-02-18
1617,21.43483064247743,-118.94283519316946,45.936813483705336,55.40213436341787,15.730799812556729,6.604976119321694,0.2385612647889834,1,1500-2000m,56.07293494797893,-0.6708005845610572,0.6708005845610572,2026-02-18
51,7.844401169471883,-122.034593462914,45.878215692919206,83.8285877100982,17.118623067095093,9.694186052717845,0.7002883603892673,1,0-500m,82.06496443416687,1.7636232759313373,1.7636232759313373,2026-02-18
1421,9.080372386365417,-123.82978823497984,48.839451210853824,85.8578818004629,19.88585244764244,12.756162515187286,0.3617567950102282,4,1000-1500m,87.41375702790168,-1.5558752274387757,1.5558752274387757,2026-02-18
378,1.633813487447812,-119.48169392864985,47.465201943702894,157.03773884900409,28.43327909720212,11.159059426578535,0.3171808649672959,3,0-500m,162.50343957323273,-5.46570072422864,5.46570072422864,2026-02-18
67,1.642628711732583,-122.76022524415066,47.22751377268838,136.8670999147667,27.289260495209238,17.134343298992015,0.4556397561841703,2,0-500m,133.97581943734542,2.891280477421276,2.891280477421276,2026-02-18
951,20.58054513674656,-117.4167899095296,46.663100414093286,207.4481541465412,39.61338405040584,22.292508764298407,0.5709215452224428,2,500-1000m,215.24982391355437,-7.801669767013152,7.801669767013152,2026-02-18
522,4.842417649396873,-117.32249996098189,46.715777333720574,230.79929459905023,32.16290486392117,12.52159012029882,0.4023937157709542,2,500-1000m,222.7797775282595,8.019517070790727,8.019517070790727,2026-02-18
93,5.547544894612033,-117.59594926845686,47.16362001535232,121.18249458261496,19.723387685864594,10.111408182911358,0.3912103555355056,2,0-500m,114.19148334144667,6.9910112411682945,6.9910112411682945,2026-02-18
48,1.8543341688295631,-121.40888909821189,47.78571922814443,77.95384721723406,27.616670667363124,10.693041548627672,0.3495883647455017,3,0-500m,92.77024860908361,-14.816401391849553,14.816401391849553,2026-02-18
859,12.18713517418116,-123.89180368429793,47.80858438472732,221.15486236560747,35.210454019890484,15.720077904572763,0.3080333157430905,3,500-1000m,221.8140564685965,-0.6591941029890336,0.6591941029890336,2026-02-18
0,0.0,-117.50177006188592,45.6867756308218,122.22230390798742,31.15515863095053,13.353835922758243,0.5994358045348227,0,,129.29543363390127,-7.073129725913844,7.073129725913844,2026-02-18
1680,48.34165589898872,-121.0027109617788,47.000451008306506,99.3261413040718,17.44719070133873,8.785758580961065,0.4626135357343558,2,1500-2000m,88.14457637982005,11.181564924251745,11.181564924251745,2026-02-18
923,4.356945037841797,-117.23341626669432,46.64783238013641,216.4520746472594,40.596187086515584,21.94773704385621,0.4650393685875154,2,500-1000m,222.32434956213862,-5.8722749148792275,5.8722749148792275,2026-02-18
609,17.97670620889277,-117.25466016037522,48.48210786507754,299.39871945737536,39.01506036264218,18.998129687586268,0.4149171331720289,4,500-1000m,280.9761173936619,18.42260206371344,18.42260206371344,2026-02-18
320,4.081022178192475,-118.02893381172848,47.52567568487351,148.38069949583883,26.84943143173234,16.749256117553955,0.5314992585572105,3,0-500m,159.7805589363921,-11.399859440553286,11.399859440553286,2026-02-18
1042,8.489866423472,-121.9388577555129,47.130016265663926,184.11718766461425,29.472955342640255,12.991579045922506,0.4390769698540639,2,1000-1500m,181.41473120527743,2.7024564593368154,2.7024564593368154,2026-02-18
1067,6.106232452549324,-121.30431589978652,45.46157856871567,179.25426203542048,35.74588948142224,20.22370072852961,0.48019787573105,0,1000-1500m,181.1551374263625,-1.9008753909420193,1.9008753909420193,2026-02-18
1453,11.356800191928594,-118.042043299382,47.422551557293644,28.805626222198317,9.374882436660304,6.861585474820977,0.3329937240967095,3,1000-1500m,33.5099748756341,-4.704348653435783,4.704348653435783,2026-02-18
1154,30.14066801007511,-121.78154596390604,45.46881562272093,207.36281122947508,33.23095963315915,22.25525405588226,0.5983916895710488,0,1000-1500m,194.9889989143654,12.373812315109689,12.373812315109689,2026-02-18
0,0.0,-122.81355077319736,46.34882630226301,114.51281612928956,28.347456652462768,13.447354755249243,0.3808798919884221,1,,117.67598119175466,-3.1631650624650973,3.1631650624650973,2026-02-18
282,12.004853023225444,-120.10239116279156,45.57136785925733,143.36935605852986,35.18316318084513,22.965508862788912,0.2795503817612201,0,0-500m,156.26442714131008,-12.89507108278022,12.89507108278022,2026-02-18
950,8.289099835320444,-117.44691658087451,47.76829458809748,271.463477024289,43.62756613873469,26.498748502019257,0.5644077002000558,3,500-1000m,258.99354866431025,12.469928359978724,12.469928359978724,2026-02-18
840,24.62642288208008,-119.12779142327518,45.82500845534461,261.0685626611475,42.27462707452474,20.17102615760492,0.4571526086675538,1,500-1000m,260.92245926537487,0.1461033957726272,0.1461033957726272,2026-02-18
720,8.805755389415404,-120.00957180937444,46.567437492752106,270.4503837777183,44.78185997718872,22.852964808331865,0.5613729994861667,1,500-1000m,268.50028233999564,1.950101437722651,1.950101437722651,2026-02-18
815,4.057598153849862,-123.31976454360462,48.58269911047511,235.55051398560764,45.1395074039387,24.75879173737993,0.3561131461807085,4,500-1000m,247.7466662572356,-12.196152271627966,12.196152271627966,2026-02-18
260,0.0,-119.69494941310582,45.81726553359588,165.6320196188305,31.4578538685085,16.239266291626365,0.3271215411648231,1,0-500m,162.74316050347045,2.8888591153600487,2.8888591153600487,2026-02-18
604,10.55508834650384,-117.06962304927016,47.03122025583512,215.3432888531356,34.06478113434717,19.23194316991584,0.3549464234653045,2,500-1000m,223.9976261110638,-8.654337257928205,8.654337257928205,2026-02-18
0,0.0,-123.01941189334433,46.67708664466409,125.23016812640924,33.8557420283668,18.61163121812794,0.4260998957689606,2,,134.49009334330492,-9.259925216895681,9.259925216895681,2026-02-18
1825,43.425729754191295,-120.37169243345384,45.07249616418292,71.7783908058669,24.841836905038207,10.659078847266809,0.2941976195533533,0,1500-2000m,74.39933655489854,-2.620945749031634,2.620945749031634,2026-02-18
401,9.108959197998049,-117.85838849650432,48.17103245429125,209.23419821145507,32.656913494003746,20.28354968634127,0.4720599502728297,3,0-500m,205.18861440757436,4.045583803880703,4.045583803880703,2026-02-18
1509,22.85874429328576,-118.81461967572056,45.2761836252584,123.18312009602656,29.98456051450313,15.921338456581337,0.4470422992564828,0,1500-2000m,121.28518016420709,1.8979399318194652,1.8979399318194652,2026-02-18
1136,4.561276233640745,-119.12088981303312,46.89702008390781,171.2663407352007,34.38781546170199,17.260708842379955,0.5197625754063343,2,1000-1500m,171.9611227655525,-0.6947820303517744,0.6947820303517744,2026-02-18
1115,12.049088709490796,-119.08261141209024,47.2427131797558,176.94474527181416,33.33962754935418,16.926339525409936,0.5003299724648902,2,1000-1500m,173.99552808956724,2.9492171822469118,2.9492171822469118,2026-02-18
0,0.0,-121.48356194146172,47.51370582645835,112.26699838634268,21.65397188049999,13.88909935795605,0.3202290790109665,3,,101.93487627796983,10.332122108372843,10.332122108372843,2026-02-18
1659,28.923057650224717,-121.94485709014856,47.754526517231504,66.2141422834606,14.10377132805865,8.94310771751552,0.3132236362939219,3,1500-2000m,62.67069966943448,3.5434426140261266,3.5434426140261266,2026-02-18
0,0.0,-118.3344719116504,46.01308953409086,126.25463375164485,25.621315044777877,16.894439043622025,0.3821864823825847,1,,117.03733114931188,9.217302602332964,9.217302602332964,2026-02-18
1205,4.051579691518672,-118.32920623724571,45.0399151066338,183.48457661686768,34.0417671597549,19.423650876604164,0.4515643424418152,0,1000-1500m,175.5297433248147,7.954833292052996,7.954833292052996,2026-02-18
416,0.9274099368729608,-117.93049376993928,47.89377464941965,229.3344430520188,44.50501459089723,25.477403720795213,0.6430516864578388,3,0-500m,233.71900455837152,-4.384561506352725,4.384561506352725,2026-02-18
1364,19.86196689906389,-117.6073161321047,47.14262639739032,132.9800049231551,23.50342709100969,13.005349197383348,0.5453504800375147,2,1000-1500m,117.84307957798896,15.136925345166134,15.136925345166134,2026-02-18
134,14.881324766234457,-120.42060320797344,48.344470812829,108.04346030545408,28.67692604761137,12.047631451321465,0.4602440335496838,4,0-500m,117.24250611227643,-9.199045806822355,9.199045806822355,2026-02-18
0,0.0,-120.4893859371896,48.28555345160278,83.65983519396497,22.40415748373731,12.022442052774068,0.2432144687349538,4,,86.99403520536607,-3.3342000114011086,3.3342000114011086,2026-02-18
725,6.90570966506879,-118.41193374723258,48.37330467115153,223.5286614242468,41.097885838676326,19.29008907639749,0.4760654723570489,4,500-1000m,235.06496677321303,-11.536305348966238,11.536305348966238,2026-02-18
40,3.2946239081863085,-119.45025248455563,46.94037863991816,142.3242649857313,36.646143626410975,21.100485455369345,0.3901303038692056,2,0-500m,143.89573471819153,-1.5714697324602298,1.5714697324602298,2026-02-18
1048,42.7521255618284,-119.08623185919608,46.334513583347466,184.53573971924055,32.853243719495495,20.595448786073487,0.5863638388896933,1,1000-1500m,185.11348904613777,-0.5777493268972194,0.5777493268972194,2026-02-18
92,13.539112314000924,-118.4294513139473,48.16623281036548,156.02598960438314,31.698533154397214,15.92475735948704,0.4347853701824929,3,0-500m,147.9876247663463,8.038364838036841,8.038364838036841,2026-02-18
927,38.73880372618758,-117.76996260727704,46.80517645211702,206.92516981466923,30.79697827088353,16.565331442192015,0.5698043019840004,2,500-1000m,200.82347234266894,6.101697472000296,6.101697472000296,2026-02-18
968,21.63658018167098,-121.63403390203923,45.73376878561374,204.1144052725766,34.06363113268718,16.130272168255882,0.4911794394834274,0,500-1000m,200.36140217299845,3.7530030995781374,3.7530030995781374,2026-02-18
1229,2.839204628588383,-121.3709193315204,48.4198960782459,141.153354603434,34.88877017480932,14.181895936122036,0.3120263124906907,4,1000-1500m,150.77178927647037,-9.618434673036376,9.618434673036376,2026-02-18
668,9.97939491283232,-123.34212642111392,48.53023950708939,282.3004796064528,49.961704833985934,26.699586373708375,0.4636330199695456,4,500-1000m,283.6738886260203,-1.3734090195674753,1.3734090195674753,2026-02-18
826,38.652396839020064,-119.95203901302678,46.86523902456068,250.4434206690927,41.120561231354586,18.78815270698607,0.6203796175964865,2,500-1000m,250.40779565405373,0.03562501503895987,0.03562501503895987,2026-02-18
292,0.9274099368611016,-123.7484040834228,45.30279890923915,177.76814850196828,33.495264261500694,10.295519568235925,0.478040292721177,0,0-500m,178.49047623283514,-0.7223277308668514,0.7223277308668514,2026-02-18
525,2.2971711874474248,-120.74081387307278,46.551304359667725,239.66025207246744,41.26433953379052,21.52821569596373,0.582572239080811,1,500-1000m,243.77578350440382,-4.115531431936375,4.115531431936375,2026-02-18
550,10.465440844061812,-120.20148755704696,48.214150637850416,248.9373063557201,41.45435174199459,20.78716519436479,0.5954570709761513,4,500-1000m,251.69230485997082,-2.7549985042507217,2.7549985042507217,2026-02-18
384,0.0,-121.994211235102,48.60709611418491,172.81537664116237,41.01767262734688,26.28360604229625,0.5681247499345068,4,0-500m,192.3268146482527,-19.511438007090334,19.511438007090334,2026-02-18
668,2.7966648024200698,-119.86416717601692,45.81389096999038,261.287405414297,37.84107650849536,18.20979692948648,0.5470173975075419,1,500-1000m,249.84326187519548,11.444143539101503,11.444143539101503,2026-02-18
570,4.618699737734004,-123.78649825042666,45.26789444810109,243.5696906153541,34.079966069270746,19.850751252255115,0.6222648892417934,0,500-1000m,238.60447677145575,4.96521384389834,4.96521384389834,2026-02-18
117,11.959412771067882,-123.7385626787555,48.50940181253135,124.79884471319912,24.74138896993296,13.42785414537006,0.4295058647401474,4,0-500m,123.13743099500533,1.661413718193785,1.661413718193785,2026-02-18
129,8.3961308448702,-118.2417960753824,46.5576197559155,141.16029331137807,24.601464275643902,9.885620339591991,0.5833605681788377,1,0-500m,136.53299466137585,4.627298650002217,4.627298650002217,2026-02-18
597,2.8970743337905,-121.47866551012116,47.167043857070254,235.5043712800197,39.695767568272586,22.408582746181803,0.5226967007404244,2,500-1000m,244.19994893328968,-8.695577653269964,8.695577653269964,2026-02-18
462,3.918426585171496,-123.1105764114368,48.87226324820303,221.39387401708703,38.24505087996039,19.43695556900026,0.60972858583774,4,0-500m,220.66153790745074,0.732336109636293,0.732336109636293,2026-02-18
1347,8.748920901019376,-120.34429717961638,45.26625891165689,106.30044612718238,19.64766324504275,7.988560975053722,0.4102827492761712,0,1000-1500m,100.63070226020905,5.669743866973334,5.669743866973334,2026-02-18
577,9.83947646519833,-118.61004512830972,47.59327202980838,259.86271764331707,41.15426616190452,22.20269960106629,0.4433153595563667,3,500-1000m,255.97766395631845,3.885053686998617,3.885053686998617,2026-02-18
98,1.615928284597016,-122.48925280752208,45.29642169029947,141.85813474397656,28.481498863139706,15.99842521881528,0.4161483686165773,0,0-500m,137.4821100780678,4.376024665908773,4.376024665908773,2026-02-18
1171,6.4648607495172605,-119.639766669267,46.501875713866,130.22750891303167,28.88866103517212,16.114759012543473,0.5586162399520059,1,1000-1500m,143.13192670859348,-12.904417795561812,12.904417795561812,2026-02-18
831,2.275053776164092,-123.40256774504364,48.21525818077379,262.7063814123127,39.240938993793854,26.017513980683315,0.5164350830326061,4,500-1000m,253.2337619463703,9.472619465942387,9.472619465942387,2026-02-18
768,3.931320011416012,-123.63822795181974,46.73388893102253,308.34590323586065,43.08504759920368,24.46319199937297,0.4669231567393176,2,500-1000m,293.0193903466291,15.326512889231537,15.326512889231537,2026-02-18
646,1.3730769612482423,-120.28051757902296,48.9887294156118,221.1337537870912,37.01647482338745,18.460779900187006,0.6009895601353789,4,500-1000m,231.0830766314693,-9.949322844378116,9.949322844378116,2026-02-18
149,4.817918954249957,-120.21555414872924,47.23623713978641,112.6853457279215,30.39495792219381,11.872948801993225,0.5223959700084688,2,0-500m,122.11924441744755,-9.433898689526046,9.433898689526046,2026-02-18
1075,9.173106882077567,-119.53799068951255,46.28464861054381,160.54646845546188,27.77062690957736,12.957940194092853,0.6146823310321265,1,1000-1500m,167.40918468311887,-6.862716227656989,6.862716227656989,2026-02-18
397,4.838627538145772,-118.91736066394137,45.88044530361901,197.6988659882189,33.73010007544107,20.18966645922648,0.5070666146075092,1,0-500m,197.12641391987924,0.5724520683396577,0.5724520683396577,2026-02-18
2260,33.45105627780092,-117.16903544376224,46.402082137144646,120.58188516319568,27.023685490224143,17.180500921255295,0.382009457948326,1,2000m+,112.90297776094815,7.678907402247532,7.678907402247532,2026-02-18
321,3.244368432443742,-120.38589756189164,46.4901330950382,181.66486400054973,33.84508064253756,22.963043883535725,0.4297408472998429,1,0-500m,182.97145096234067,-1.3065869617909414,1.3065869617909414,2026-02-18
967,7.8304134290921,-121.73930468941128,45.274854710895845,197.974110982053,39.84374225491846,26.987004622346547,0.5023717104398063,0,500-1000m,208.006859662957,-10.032748680904007,10.032748680904007,2026-02-18
1343,43.299048316540215,-118.43369663661908,46.478296797707095,129.9830960458532,26.95616821715912,15.519013998684112,0.3293377946242293,1,1000-1500m,124.3081450746327,5.674950971220483,5.674950971220483,2026-02-18
827,12.615774144394962,-122.10417424116548,46.8569540789569,233.75868720798945,40.36062589123744,22.539991912101463,0.3269133803650664,2,500-1000m,241.00505606941536,-7.246368861425907,7.246368861425907,2026-02-18
1277,15.483046004420816,-120.92720005506057,47.89095100895522,155.60958939948117,31.281511292993283,15.272812816931411,0.4677763871218635,3,1000-1500m,149.94059098141992,5.66899841806125,5.66899841806125,2026-02-18
6,2.2980220559034543,-123.45080533060414,47.62691793888643,113.84880173203592,22.911890621242726,13.03013110670488,0.5586779880336024,3,0-500m,115.05502669166148,-1.2062249596255583,1.2062249596255583,2026-02-18
565,4.0586658728611,-123.8225447960918,47.83506262091662,282.0643679655085,41.78364778480493,23.451995627665827,0.5758439245987297,3,500-1000m,265.84034966576365,16.22401829974484,16.22401829974484,2026-02-18
797,9.553078645182762,-117.26146109725453,45.03345472750743,236.81781171487592,39.31006654969766,18.552501121093727,0.5555677394997863,0,500-1000m,244.91778175584997,-8.099970040974057,8.099970040974057,2026-02-18
519,12.52374725326806,-118.14813915641456,45.87066959832215,313.66367978775963,41.98585602693181,17.219754589428653,0.4225938467500104,1,500-1000m,288.1604168870947,25.503262900664936,25.503262900664936,2026-02-18
1889,11.732476167017303,-119.12818055734412,47.64673715359943,101.24468386513855,33.26083346650899,18.60374816758005,0.5504597359993797,3,1500-2000m,112.21033344391071,-10.965649578772158,10.965649578772158,2026-02-18
141,8.516795155459944,-121.13732938910012,46.93595747271899,147.93928678406317,31.033927720530027,21.822234701704403,0.6027049627730279,2,0-500m,145.38224700944627,2.5570397746168965,2.5570397746168965,2026-02-18
788,6.880949154253581,-122.78693975950408,45.02125390267339,253.2300801482268,44.415805553652696,22.424295718141245,0.3761209724519808,0,500-1000m,257.30187153529255,-4.071791387065758,4.071791387065758,2026-02-18
753,2.7802885155287558,-122.9049407013024,48.217978569727286,239.84891187797643,45.49749936219097,26.31925754541782,0.6096823600432822,4,500-1000m,254.8568372212602,-15.007925343283773,15.007925343283773,2026-02-18
1751,14.768168219403664,-122.24829971284784,48.09123829316135,60.47540482522058,25.1694360640204,14.613214904441278,0.3523553436210959,3,1500-2000m,76.64899588204499,-16.173591056824407,16.173591056824407,2026-02-18
1632,28.472965282004605,-120.15541334705716,47.19367665197425,82.17650650117258,15.13031013003887,11.86809938617768,0.2542768037507844,2,1500-2000m,72.102021718777,10.074484782395587,10.074484782395587,2026-02-18
357,18.352842594700284,-118.99782854109957,45.26585330310509,172.50163338722007,30.855381005776565,12.910832886444108,0.4887140678065876,0,0-500m,176.8198247019175,-4.31819131469743,4.31819131469743,2026-02-18
1220,30.716890710622916,-119.37861836297589,48.06606019813034,148.0963621120101,25.366379984101712,7.152891580301574,0.5350469393224361,3,1000-1500m,142.84486906343045,5.251493048579647,5.251493048579647,2026-02-18
843,36.46074522962447,-122.0404627213784,47.334854350925454,225.21034932628655,36.6766685272709,22.496098259155325,0.3368849395403764,2,500-1000m,233.09351617009975,-7.8831668438132,7.8831668438132,2026-02-18
889,14.857977780210597,-117.31594303535763,48.12783990863184,251.5608987968362,39.37642250849454,25.00677353913428,0.4342332098368635,3,500-1000m,244.1497243914283,7.411174405407905,7.411174405407905,2026-02-18
83,4.629648637723832,-118.83472158312962,48.00698796958336,143.16283303544154,24.518937151417028,8.653885471251023,0.6875717616175439,3,0-500m,135.83874517390154,7.324087861539994,7.324087861539994,2026-02-18
490,11.390514301242396,-120.1195216324202,48.21200828783135,213.2448558953049,41.17558291615557,19.675018274168732,0.5652680769486801,4,0-500m,225.9002541136165,-12.655398218311603,12.655398218311603,2026-02-18
1321,39.766208742940925,-119.71795477635952,47.072032265618496,148.30693551902883,34.75791330085957,16.689746955238917,0.4486653660777066,2,1000-1500m,143.8529325879608,4.4540029310680325,4.4540029310680325,2026-02-18
837,35.79552459716797,-121.06279956300548,45.56129807277406,241.0325880967079,37.29126200065722,16.528391026453406,0.4693063067587171,0,500-1000m,235.40490719155704,5.627680905150868,5.627680905150868,2026-02-18
446,7.5996178790950015,-122.26588307349188,47.68462989351875,247.94043891918224,42.71616494715367,15.269300997464487,0.5253764223079719,3,0-500m,243.09568775349138,4.844751165690866,4.844751165690866,2026-02-18
447,3.088233025703027,-121.50819124944115,47.48189514020788,230.2946967152227,41.83509388378975,19.133337834392776,0.4015569098861295,3,0-500m,231.72473478637934,-1.4300380711566447,1.4300380711566447,2026-02-18
1601,16.26495450108938,-118.69507722674942,47.969012748796345,115.05710704086654,28.37809690831081,11.64298415986019,0.5072840116261169,3,1500-2000m,118.67297062712007,-3.615863586253525,3.615863586253525,2026-02-18
1121,6.911100689045729,-123.8992455795917,45.67952402420294,143.66218997225624,24.978074116114747,13.814747878915412,0.3821808430051245,0,1000-1500m,137.61500281044948,6.047187161806761,6.047187161806761,2026-02-18
1394,0.9274099368729608,-123.1874915164516,45.77990079960116,103.54727605645502,33.05292516450442,23.16344535743769,0.3367847603368139,0,1000-1500m,115.11365119101673,-11.56637513456171,11.56637513456171,2026-02-18
76,3.704791833671086,-123.67798150584773,48.56163806887732,154.20475218666826,38.30628237268588,24.94866411131481,0.4574309601641083,4,0-500m,156.30686345582546,-2.1021112691572057,2.1021112691572057,2026-02-18
163,3.8914190120322254,-123.7148983837672,47.99991119380828,121.34592792462304,25.18497632106724,12.61051769331018,0.436511362510702,3,0-500m,120.28803437315966,1.0578935514633798,1.0578935514633798,2026-02-18
1694,3.209789272881572,-118.01177591192295,48.63291395480129,32.52839286314105,12.02234697310081,5.067675688797435,0.1812627511384583,4,1500-2000m,39.340710118676604,-6.812317255535554,6.812317255535554,2026-02-18
786,30.06203059519209,-119.07439498433985,48.03486128465568,206.18814858019635,31.953463967199557,17.127945993122008,0.5551541546811286,3,500-1000m,208.68410575302264,-2.49595717282628,2.49595717282628,2026-02-18
189,1.6179938717628584,-120.68078319638872,47.38862122396121,80.67618473638922,23.37190909922213,12.224480266511092,0.4403403482002205,2,0-500m,99.3523691170402,-18.67618438065098,18.67618438065098,2026-02-18
235,0.0,-123.31516087544298,47.616530948111496,102.94276073190346,24.39908053642071,11.387579906985742,0.5382489666809186,3,0-500m,113.32148677730065,-10.378726045397187,10.378726045397187,2026-02-18
194,19.4840700632056,-120.55868887418217,48.55651169576004,134.34769172077958,30.25974572018821,15.850610390766146,0.3992431416676797,4,0-500m,139.94883896379906,-5.601147243019483,5.601147243019483,2026-02-18
1885,20.65648354235317,-120.68569760453605,47.31522701804776,112.61766315858974,24.260777456769176,17.48203580891532,0.4078051037419368,2,1500-2000m,105.4528198031948,7.164843355394936,7.164843355394936,2026-02-18
727,13.628415239382017,-122.7875869106299,47.52956529731355,248.4201525439053,35.95489892697562,16.19347597197214,0.6720106393986027,3,500-1000m,245.29173392080634,3.128418623098952,3.128418623098952,2026-02-18
651,0.9274099368611016,-120.9630384553342,45.6259068640144,266.3677386418893,38.39261723015385,18.31842337404708,0.4909698370812576,0,500-1000m,251.7054684226274,14.66227021926187,14.66227021926187,2026-02-18
538,1.6301609201726357,-121.2104668592184,46.89568488046441,239.3125162600484,37.46169478890908,20.76175998816493,0.523284259920658,2,500-1000m,239.08526140395486,0.22725485609353768,0.22725485609353768,2026-02-18
597,4.057830467532212,-119.68904931363448,47.8655884478324,252.73504844114245,41.23960361443485,21.916367789710662,0.5769281821269497,3,500-1000m,256.38458623121363,-3.6495377900711787,3.6495377900711787,2026-02-18
204,7.710393500548838,-119.5543444439265,46.08377079326546,143.07703635029958,28.863197846931534,13.624576893976547,0.399709603359881,1,0-500m,140.43386741151645,2.643168938783134,2.643168938783134,2026-02-18
1,0.0,-123.68287193159568,45.80901672209814,101.1422887609404,26.885899861567516,11.87324375492059,0.5458309186258997,1,0-500m,113.38120289199176,-12.23891413105136,12.23891413105136,2026-02-18
604,9.559032332430432,-121.3777116976147,46.255307232897664,265.014399258295,44.02963681519455,22.859852074432848,0.581593563397633,1,500-1000m,263.4235346024328,1.5908646558621626,1.5908646558621626,2026-02-18
1419,25.1749510324513,-119.61898059000036,45.96600251197133,73.36289692684902,23.39797531643653,10.851924063467765,0.2868143400498728,1,1000-1500m,78.23624410700597,-4.873347180156955,4.873347180156955,2026-02-18
343,4.811598472343411,-120.4780461899394,45.85965054814558,213.3644360665031,38.33887138401138,14.527008235708731,0.5676758595376944,1,0-500m,210.9551146741709,2.4093213923322025,2.4093213923322025,2026-02-18
113,2.2890106834159907,-118.00457111168174,46.69940337147235,148.3627250734417,36.79888911977053,23.8776190174437,0.53385108397953,2,0-500m,150.39344329202657,-2.030718218584866,2.030718218584866,2026-02-18
54,2.273799748767907,-119.38914457866738,48.63135405553414,109.0329864441261,32.752249830082405,15.131840633616385,0.5613110101348057,4,0-500m,121.05878471928773,-12.025798275161634,12.025798275161634,2026-02-18
371,1.352914110790351,-122.85945901043,47.02823858695487,216.8799268783361,35.91113777975581,21.118169258306608,0.4860649101468487,2,0-500m,214.7272084120758,2.1527184662602963,2.1527184662602963,2026-02-18
1140,25.75451181469513,-123.506018768197,45.75168152326129,145.4428408615206,26.247354918265195,11.84643306201876,0.4199383063854284,0,1000-1500m,147.17888716283682,-1.7360463013162075,1.7360463013162075,2026-02-18
820,2.7802885155287558,-119.5030650525558,45.3078866775235,236.4943713283269,42.06738894053943,17.520658720044565,0.5126893784109401,0,500-1000m,250.9129480619,-14.418576733573104,14.418576733573104,2026-02-18
52,22.662342772600702,-123.81442082620865,47.7846245805517,117.46679658676284,28.44003438577347,18.901626976389117,0.3365968422895221,3,0-500m,117.17413485237235,0.29266173439049226,0.29266173439049226,2026-02-18
211,3.937626975768146,-119.89957093108576,46.53119505774555,144.4079456055838,32.631542640867394,15.244457733674494,0.2794174488202611,1,0-500m,146.22282531053278,-1.8148797049489929,1.8148797049489929,2026-02-18
1372,5.318567712399122,-117.41838831002528,48.28732378634144,98.34742495929926,22.02592052278277,12.635881886847336,0.4207384933940543,4,1000-1500m,95.94600281781334,2.4014221414859236,2.4014221414859236,2026-02-18
676,20.67020317842041,-119.97168075486884,47.63804307456308,242.7745564210686,36.32647166336877,21.299924381804217,0.629525116125252,3,500-1000m,247.1237911115175,-4.349234690448895,4.349234690448895,2026-02-18
673,3.0974910656881924,-121.28281051655436,48.18496580216547,245.5385164870835,39.59083065766186,22.34275931382724,0.4543101521698077,3,500-1000m,249.6606630332695,-4.122146546185974,4.122146546185974,2026-02-18
1066,17.385063730572767,-119.49698247090352,46.0877841576738,208.8128601410181,42.943700898922,23.903695405314824,0.5576973124372464,1,1000-1500m,214.0414140578257,-5.228553916807613,5.228553916807613,2026-02-18
1468,9.187059927517106,-120.7922297665594,47.76943568984423,48.42452417695314,15.539770701813216,4.459325767934825,0.4175656289529168,3,1000-1500m,53.99388796314991,-5.569363786196767,5.569363786196767,2026-02-18
606,13.566620059014584,-120.18068247478844,46.05624793877488,262.5615540309709,43.909654087729,28.58666866931258,0.5357921739028387,1,500-1000m,266.5623026171772,-4.000748586206271,4.000748586206271,2026-02-18
828,0.9274099368729608,-117.40974633856432,48.75627391780117,242.67083556882892,37.932759304235496,21.082080023540524,0.5032943838910194,4,500-1000m,239.71204058796488,2.9587949808640417,2.9587949808640417,2026-02-18
1700,12.731895962956475,-121.29728153539456,47.5454971261335,101.49215249996338,21.129344331239334,9.389772392526384,0.3751170612061152,3,1500-2000m,94.37089121327776,7.121261286685623,7.121261286685623,2026-02-18
1151,14.575067887191492,-117.2716660532326,46.29804720070137,172.66322334838026,30.31502902230637,15.07701437028954,0.5567565681995819,1,1000-1500m,169.07932785965568,3.583895488724579,3.583895488724579,2026-02-18
1370,22.65513044157742,-117.66254550630757,46.07804744916909,40.32164334770653,7.052197280916941,3.7267803190079936,0.2050377908824936,1,1000-1500m,38.688324400065795,1.6333189476407313,1.6333189476407313,2026-02-18
883,21.69237485803314,-122.62946205647492,45.763706340286575,252.04930379623823,38.36891865558358,15.774770718408051,0.5254809710201276,0,500-1000m,245.80489884084537,6.244404955392866,6.244404955392866,2026-02-18
734,7.633987157206211,-123.51447089387383,47.778563835574914,267.2764574474516,44.91446902493043,22.045676582950477,0.4159595652152973,3,500-1000m,266.0888741390768,1.1875833083748262,1.1875833083748262,2026-02-18
762,27.20809306640635,-123.294553990358,45.87486245199171,257.80006020097863,41.26345819207636,21.66466146763836,0.513698877413266,1,500-1000m,256.68228669202693,1.1177735089517,1.1177735089517,2026-02-18
1056,18.19822339100336,-123.87244722043916,47.38121306370996,176.70318463168724,30.60074370008967,15.483036884713623,0.4478344414561708,2,1000-1500m,172.74931541830875,3.953869213378482,3.953869213378482,2026-02-18
653,9.88305022834674,-123.3388992747085,46.05854010770143,279.7485566390741,42.51532887247288,24.778096014399413,0.4804673959697413,1,500-1000m,274.6314815193856,5.117075119688479,5.117075119688479,2026-02-18
768,3.94204265518884,-119.2189525860855,47.64787577917547,246.375587487614,41.11676714382414,19.85459720511863,0.5213598017800154,3,500-1000m,247.3310106205998,-0.9554231329857998,0.9554231329857998,2026-02-18
336,9.231866261644036,-123.5016794607784,48.25975891416216,231.8185304042203,41.89253247417936,19.28491800353237,0.6306560189883411,4,0-500m,222.61409538758735,9.204435016632942,9.204435016632942,2026-02-18
796,15.198421939891222,-121.76717058794368,48.11210097257861,267.5948681462274,39.2860073271247,22.171619302874547,0.4508986600383093,3,500-1000m,256.26051101153746,11.334357134689924,11.334357134689924,2026-02-18
554,1.647200412889304,-118.08587282321382,48.04340532372313,298.7342709354845,43.89718104551763,20.791145907337917,0.5425428487210133,3,500-1000m,279.42212736680335,19.312143568681165,19.312143568681165,2026-02-18
1085,21.013008070510917,-123.8370964498492,45.75088962276901,159.85162165160503,32.82788910399396,19.325986803393477,0.4356599831374216,0,1000-1500m,161.11204559653623,-1.2604239449312047,1.2604239449312047,2026-02-18
0,0.0,-118.29872062187744,45.35353978793808,61.45637475996681,21.99393609298227,14.071058228403672,0.2823689448846592,0,,74.64153817507783,-13.185163415111013,13.185163415111013,2026-02-18
423,13.37749949608927,-122.0270165765862,47.79579531394954,230.29797160471733,34.46883052308528,17.262280697159486,0.5293159804486097,3,0-500m,218.91238803601647,11.385583568700866,11.385583568700866,2026-02-18
414,2.7802885155287558,-123.1728462066484,46.47338885517741,231.08879519138864,37.84522684927221,17.923894462973387,0.7294505710300654,1,0-500m,224.06068646906294,7.0281087223256975,7.0281087223256975,2026-02-18
847,3.077426635954238,-119.12283984245094,46.72938490561339,245.978966947238,33.87914900296694,18.275687181638908,0.6467509762064294,2,500-1000m,240.92296142666834,5.05600552056967,5.05600552056967,2026-02-18
0,0.0,-119.5974000725408,45.12459637117357,66.88468462217203,16.205757090610472,8.13861899460434,0.4025680227325946,0,,70.12310073736128,-3.2384161151892528,3.2384161151892528,2026-02-18
1077,14.582659442716652,-117.85769590531063,46.03830579710019,170.7483746475275,34.08367579592645,15.04806532514831,0.4739828729390088,1,1000-1500m,173.29572527146044,-2.5473506239329424,2.5473506239329424,2026-02-18
785,7.446472383042257,-118.8545026933728,45.13470561549786,270.3220883226616,48.02539655160219,24.688619508263294,0.5563065988232081,0,500-1000m,276.2282296632678,-5.9061413406062115,5.9061413406062115,2026-02-18
196,0.9274099368611016,-118.37563348730606,48.516743090404994,140.55865882674135,28.51556370615966,14.226844823068388,0.3830330596348997,4,0-500m,141.75721898834408,-1.1985601616027282,1.1985601616027282,2026-02-18
924,24.16121611205339,-122.02575799200083,45.973586732874125,224.36819286747377,36.912476963439225,18.291171258363804,0.4804082355543714,1,500-1000m,222.0626145373079,2.305578330165872,2.305578330165872,2026-02-18
359,17.643820625188038,-122.75792319354194,47.229348678292034,188.66382561124627,31.342562792880454,16.654307407766737,0.4757545777536101,2,0-500m,186.99649523249883,1.6673303787474367,1.6673303787474367,2026-02-18
1086,9.46294793139852,-118.745696738514,45.15591728264452,155.8357507529577,26.40971493876905,20.20896892882985,0.500124376844433,0,1000-1500m,154.02396272632276,1.8117880266349289,1.8117880266349289,2026-02-18
490,32.26722522431483,-118.35215682512916,47.66738956522264,217.56536042827204,34.6788219562115,14.292247416859356,0.4329394405271711,3,0-500m,219.2205322308965,-1.6551718026244657,1.6551718026244657,2026-02-18
791,2.717457736934712,-117.06646400599529,46.29210938301637,218.47146109122565,39.95141841234981,19.26166512382978,0.5038257111758578,1,500-1000m,233.41114607162945,-14.939684980403797,14.939684980403797,2026-02-18
21,1.8543341688295631,-121.11167626162002,48.59167674783066,152.66734606086402,23.48312511706885,10.761302556517316,0.5268764394042071,4,0-500m,136.89700269194077,15.77034336892325,15.77034336892325,2026-02-18
864,11.483270966276027,-121.39587339945052,48.55247275573614,229.755873815974,38.077300596308895,23.59012913430525,0.6519885091865976,4,500-1000m,234.44224831012966,-4.686374494155643,4.686374494155643,2026-02-18
36,7.09238252597205,-118.56510927480602,46.30116247344699,122.79753910697194,24.69665676457217,13.478361047441624,0.3902659901829237,1,0-500m,117.15527184845192,5.642267258520022,5.642267258520022,2026-02-18
574,10.847830880866738,-121.61437521822889,48.60384358276187,223.3775171580723,34.56916827349164,19.39747866742613,0.4080709268162773,4,500-1000m,227.4019473466855,-4.024430188613195,4.024430188613195,2026-02-18
750,13.648223385860728,-117.48469872077504,48.98463069399512,278.0721760648773,43.42075754575647,25.8766996706504,0.5249304837705611,4,500-1000m,273.34505854257486,4.7271175223024215,4.7271175223024215,2026-02-18
642,1.3786165385872424,-117.99111073709892,48.30166265649579,210.76511846668868,34.28040221910758,12.639220435233378,0.4521980350925427,4,500-1000m,223.54709695906894,-12.781978492380262,12.781978492380262,2026-02-18
1097,33.61729637828324,-120.99704180837487,48.379485391020914,198.8401134386696,32.07713252776115,23.26828843135641,0.6179698077818301,4,1000-1500m,194.70041803864652,4.139695400023072,4.139695400023072,2026-02-18
520,2.277713374157252,-118.74390252545952,45.99603494443636,237.23621496101987,37.40379784575204,22.4410423645949,0.5525199956216074,1,500-1000m,238.0613093243164,-0.8250943632965289,0.8250943632965289,2026-02-18
948,6.183407266583685,-118.71819988140724,47.30680959543103,273.5088749086113,36.86447159376075,13.866935479940503,0.552530136380775,2,500-1000m,253.21241554968697,20.296459358924324,20.296459358924324,2026-02-18
0,0.0,-123.27813291814849,45.26902365586948,72.69116394468764,14.271442613454084,13.148875026659098,0.3669012572162816,0,,69.90861945527628,2.7825444894113645,2.7825444894113645,2026-02-18
176,2.3061051785922966,-117.68212965324304,45.37967174728668,141.92801217562646,26.730011606419133,14.31316591733707,0.4605438875895906,0,0-500m,137.426294952263,4.501717223363471,4.501717223363471,2026-02-18
601,1.6465211012690126,-120.463233392865,48.995570448133165,262.2606111093374,37.44268898466525,17.70006109506194,0.5756463166205932,4,500-1000m,248.82952878149837,13.431082327839022,13.431082327839022,2026-02-18
656,32.06735542005994,-118.2147977372458,46.306556997703645,289.4339431624542,46.46263244570112,25.69164466256891,0.5002591952845326,1,500-1000m,282.1946016315982,7.239341530856052,7.239341530856052,2026-02-18
762,7.547273835617901,-121.75965279278572,47.992735648195385,246.6820652505454,39.94566863144594,24.84841305356874,0.6070872533596621,3,500-1000m,250.39318906880322,-3.7111238182578177,3.7111238182578177,2026-02-18
357,18.130199211809146,-117.7313374005266,48.22666021210726,194.5949881876555,31.379458012140727,19.025584983829347,0.4356834418117592,4,0-500m,189.86932164021908,4.725666547436418,4.725666547436418,2026-02-18
1610,14.115235197505877,-121.27558824886086,48.432093084028914,32.99548697652701,13.350346165211755,7.808981484926698,0.4113765233193718,4,1500-2000m,42.83330439189978,-9.837817415372768,9.837817415372768,2026-02-18
850,1.6123061061443291,-123.9241364396379,48.99051318960863,223.7533917482534,40.716459696037546,20.71151281740398,0.6217727404074435,4,500-1000m,235.98987296773848,-12.236481219485086,12.236481219485086,2026-02-18
165,6.126550760809238,-117.66232616506517,45.96598594102747,148.57643228308777,32.34617318299905,20.317459121919224,0.4049207406707417,1,0-500m,151.27695915039175,-2.700526867303978,2.700526867303978,2026-02-18
854,16.010552255574027,-123.36099326249706,45.1614033074388,271.3137493251449,48.11553759040921,21.10041764263209,0.4455536608457623,0,500-1000m,272.36782843358213,-1.0540791084372358,1.0540791084372358,2026-02-18
652,24.673752874427045,-121.76480453686708,46.644766071978346,251.30533396367065,37.794804920673904,19.048860369224737,0.4392545975940701,2,500-1000m,248.27506470697907,3.0302692566915823,3.0302692566915823,2026-02-18
440,11.356709691146396,-117.34956623064436,45.52032267931579,268.76224472819786,46.42083880473815,25.13176499021037,0.5711213733526879,0,0-500m,257.44158975039363,11.320654977804224,11.320654977804224,2026-02-18
1739,8.908572806118936,-117.3457499714371,45.08970355664822,126.40480095972666,26.265367860803856,12.905942308771042,0.527967401843799,0,1500-2000m,120.55135370096963,5.853447258757029,5.853447258757029,2026-02-18
320,28.25707665757131,-119.985934783137,46.441707308565945,179.50756026541202,34.13396024107236,15.569900823930205,0.5085928797210196,1,0-500m,179.46742093458258,0.04013933082944732,0.04013933082944732,2026-02-18
160,2.6997153104676714,-119.5771395148114,48.13495300430095,75.72995462318858,17.479815542844655,6.633883523424403,0.2806463045719256,3,0-500m,78.17004348132134,-2.4400888581327678,2.4400888581327678,2026-02-18
172,2.281426625803817,-120.86088134615176,47.26472276490029,94.57756398658492,19.6013823119414,7.545590728527749,0.4633897385398016,2,0-500m,96.7371313436844,-2.1595673570994762,2.1595673570994762,2026-02-18
338,1.3556665107359926,-121.94752459811356,46.25111195684141,167.12127057058572,38.85464760541532,18.83846139608935,0.5267403237691326,1,0-500m,181.4400690957295,-14.31879852514379,14.31879852514379,2026-02-18
760,12.215841643156937,-121.6993481824106,47.61736802197088,285.32260084014393,49.69577653677371,25.183526051080435,0.4720662275436013,3,500-1000m,285.0103189529755,0.3122818871684103,0.3122818871684103,2026-02-18
487,12.078274711318963,-119.29237080746071,45.928072721235246,237.8836943512761,40.53689235937381,22.16630618222095,0.4995425251646937,1,0-500m,235.05113537281315,2.8325589784629415,2.8325589784629415,2026-02-18
201,4.858375921385559,-118.73337829393624,45.05752578428834,94.12724172208308,26.09116318102732,10.4166707582559,0.5154406882280788,0,0-500m,109.63071861547076,-15.50347689338767,15.50347689338767,2026-02-18
122,15.845994254919749,-118.45894669391906,48.05741354574571,121.58608383737548,27.68059687160757,7.050257124751772,0.6014897567264115,3,0-500m,133.47093053993157,-11.88484670255609,11.88484670255609,2026-02-18
1573,27.54790160487077,-118.47267300043812,47.494972339456034,128.8713006616944,33.41220104519708,16.740517625631036,0.4908614644756114,3,1500-2000m,129.86531389785688,-0.9940132361624876,0.9940132361624876,2026-02-18
721,35.55295976165844,-123.36155727865916,48.04921049800384,250.31264270547533,34.29223415038614,20.654298873890987,0.5154557611821449,3,500-1000m,239.37508368905773,10.937559016417595,10.937559016417595,2026-02-18
872,16.293121749069645,-120.53905786708194,45.155752066750665,221.1623097301868,43.7321947750568,22.85516214438999,0.4840599855014352,0,500-1000m,236.46829501164586,-15.305985281459073,15.305985281459073,2026-02-18
88,0.9274099368611016,-123.59708867988348,48.34847851132261,171.60235633587197,27.118526852276418,12.030722354043029,0.4006123601167927,4,0-500m,152.6559274655352,18.946428870336774,18.946428870336774,2026-02-18
1243,13.022107666108994,-120.15329782373384,47.47810480014521,136.67882880367262,34.46264640447387,16.393073475497633,0.402127844869514,3,1000-1500m,143.94950795890466,-7.270679155232045,7.270679155232045,2026-02-18
738,0.0,-120.90928649038636,47.25358140285056,246.98438935352823,47.74664690035008,22.13105000106616,0.6269021060769984,2,500-1000m,261.12928700567346,-14.144897652145232,14.144897652145232,2026-02-18
351,0.9274099368611016,-117.7860707206919,47.49845619245813,199.3356839725837,31.547562769084013,19.369631760667183,0.4685934456350042,3,0-500m,192.4149857186885,6.920698253895182,6.920698253895182,2026-02-18
1410,10.351166879792142,-121.54359491213545,48.457732987473456,104.39321753032294,22.13029414274275,15.101315654931236,0.387191840337396,4,1000-1500m,98.08226603354687,6.31095149677607,6.31095149677607,2026-02-18
551,7.019346641815306,-123.18053088500676,47.347746026235626,233.97592520259008,39.12364288555377,22.092715933644705,0.5415122600376738,2,500-1000m,240.0062121903715,-6.030286987781437,6.030286987781437,2026-02-18
1438,13.648223385860728,-122.99905822563016,47.32380151955272,130.58787917407096,31.016440082024392,21.94231105614821,0.4297458686085719,2,1000-1500m,127.50450777459147,3.083371399479489,3.083371399479489,2026-02-18
439,12.39077033211744,-118.66942557797768,48.96271662826307,244.9599553821696,32.499591491223725,14.10123248050206,0.4635671496969164,4,0-500m,232.16930484814483,12.790650534024763,12.790650534024763,2026-02-18
37,1.8543341688295631,-119.67247355678616,48.02692066827427,132.04304945156193,27.731051348954903,16.882480316979233,0.4503111805330481,3,0-500m,129.5076735126614,2.535375938900529,2.535375938900529,2026-02-18
484,12.54011883970916,-123.29214126714048,46.76917522180454,226.7838394171451,40.866648137393376,21.70154967618879,0.6237462756795388,2,0-500m,230.86442522327107,-4.080585806125981,4.080585806125981,2026-02-18
259,3.103600452400425,-123.41125235719502,47.82958800013171,191.3570665327881,37.87053778644417,17.36685580163123,0.5288795130865537,3,0-500m,188.07841283957242,3.278653693215688,3.278653693215688,2026-02-18
444,6.994700303275228,-119.09321607978616,46.55692188676716,217.2494754986856,39.9411201530765,23.26684167973346,0.4576027511021433,1,0-500m,219.63792500748153,-2.3884495087959294,2.3884495087959294,2026-02-18
1382,13.39418058260765,-123.49065895545064,45.915501849934,119.67326014076768,25.093012154926853,15.127503020378915,0.3809393260045796,1,1000-1500m,111.66999838631234,8.003261754455337,8.003261754455337,2026-02-18
551,30.509483029306782,-118.2469795849675,47.38740750755104,270.54665385695495,40.62095034537324,18.216493999020912,0.5215598060152562,2,500-1000m,261.2739235666219,9.272730290333072,9.272730290333072,2026-02-18
711,2.304726802279085,-119.05630440990451,48.71272839245581,280.1340100862811,40.75533563474215,22.8906299387513,0.606959393969899,4,500-1000m,266.16849589605744,13.965514190223644,13.965514190223644,2026-02-18
894,14.724161304715787,-123.4305585355067,48.71655808006185,279.5870452317621,51.54383259231798,23.0849179259275,0.5480571236100871,4,500-1000m,273.35262124315045,6.234423988611638,6.234423988611638,2026-02-18
216,4.543575059773676,-123.40613600140364,46.36762111242196,161.8046739597482,28.281156768187195,15.502718745705762,0.4714974583362535,1,0-500m,155.1897681163549,6.614905843393274,6.614905843393274,2026-02-18
726,5.346001780291022,-117.09352295049176,47.11070986488678,217.4124378060165,38.52961482425083,19.57110810857504,0.5036368431779318,2,500-1000m,235.997855128688,-18.585417322671503,18.585417322671503,2026-02-18
22,0.0,-121.38010442970716,45.846543594279446,79.61904106187859,19.954048966891516,12.67026918634587,0.3834625768446056,1,0-500m,84.46625180814185,-4.847210746263258,4.847210746263258,2026-02-18
187,7.674700143946105,-121.40550497053177,48.98252443799554,176.5731326216445,32.974475525724664,15.847122342995338,0.5049238747439673,4,0-500m,169.90762934341205,6.66550327823245,6.66550327823245,2026-02-18
773,16.05489245891804,-118.31040302919747,48.92447163147175,247.9216451988354,41.45662275587004,22.65731573535277,0.4033136034036142,4,500-1000m,253.296990746505,-5.37534554766961,5.37534554766961,2026-02-18
1067,8.075974135974612,-117.369259958313,47.59803571882979,194.6887342421345,33.42736687282468,13.25884200210184,0.5553450752135114,3,1000-1500m,188.6316919905344,6.057042251600109,6.057042251600109,2026-02-18
1187,6.479138897784607,-117.0979925532399,48.21765623870989,128.41922197148213,27.948733080523628,13.605684071641411,0.4664798111016608,4,1000-1500m,129.85035505073265,-1.4311330792505146,1.4311330792505146,2026-02-18
730,10.899590328244011,-118.72635270318742,47.8604006451348,284.37520059358627,41.44213550227919,17.94214806729887,0.4635027189158382,3,500-1000m,272.51313230584185,11.862068287744421,11.862068287744421,2026-02-18
757,34.46726092180588,-121.3661829012836,47.37263287615787,248.0550487848306,42.91017791224043,21.147160552843182,0.4455917531024012,2,500-1000m,255.94611345496313,-7.891064670132522,7.891064670132522,2026-02-18
392,8.040407286302433,-123.41549498310933,45.21339198795559,239.61474155008432,38.24532535109272,19.57448375338803,0.5030568839623495,0,0-500m,228.3714909343561,11.243250615728215,11.243250615728215,2026-02-18
654,2.922754240156652,-118.55997158850796,46.81905737021064,245.17705886196185,40.31110833646178,21.98222085669028,0.5976315610240898,2,500-1000m,250.48119023495008,-5.304131372988223,5.304131372988223,2026-02-18
1609,22.046304845586643,-120.09117025184936,47.69914520866964,114.55837397286751,26.01403190269539,12.03117819675542,0.4431268446777623,3,1500-2000m,108.15993050792123,6.398443464946283,6.398443464946283,2026-02-18
1877,32.73075380994693,-121.03044593527116,47.71012645553474,97.565747947487,30.2553982579601,19.37370619032729,0.4582470928937201,3,1500-2000m,106.51545837288754,-8.94971042540054,8.94971042540054,2026-02-18
1029,13.280717849731444,-117.65551930433683,46.492490473689536,178.6852936371778,40.26647389359832,19.89224366118585,0.508453518520797,1,1000-1500m,193.64714607123767,-14.961852434059864,14.961852434059864,2026-02-18
497,7.501704372701947,-123.22161762385694,48.76676794663212,260.1208069292066,37.09129310831226,16.296695777709168,0.5177268520018276,4,0-500m,248.74678545652512,11.374021472681477,11.374021472681477,2026-02-18
716,14.64270870908047,-120.55162426996398,45.669428128947125,237.27491207773605,36.65480378441692,23.39685083062184,0.6552531170952172,0,500-1000m,243.84858214321403,-6.573670065477984,6.573670065477984,2026-02-18
1244,27.12040105827856,-123.92052448662808,47.00143778486224,114.54179911090708,20.87964088168323,12.663771086819311,0.4658998843031897,2,1000-1500m,113.87363356974744,0.6681655411596381,0.6681655411596381,2026-02-18
244,7.138263392185824,-120.71937550604112,47.76353590620329,176.39488854273617,32.16664106067324,16.705933216149514,0.5195867817237745,3,0-500m,170.7558354284938,5.639053114242358,5.639053114242358,2026-02-18
1210,14.377753444139715,-123.60587707022714,47.78854322356724,127.96284906789856,27.31127910607565,14.139813883688904,0.2608471713521222,3,1000-1500m,126.28973746450123,1.6731116033973308,1.6731116033973308,2026-02-18
1306,21.715354691888912,-123.1682745861235,47.59455582707526,106.5842379724334,22.35301932058676,13.474539208685908,0.4044702453459607,3,1000-1500m,103.80137071301897,2.782867259414431,2.782867259414431,2026-02-18
96,6.533532677881356,-123.17731627256026,46.10115285380744,113.23578970768268,26.90953547287576,16.763636823608735,0.3600586617777468,1,0-500m,116.01718141328439,-2.781391705601706,2.781391705601706,2026-02-18
91,1.3234507835078368,-119.45552788518756,45.62482627474649,95.82641314941128,21.486709273549057,13.529035140137369,0.2376736975629939,0,0-500m,96.96540676495792,-1.1389936155466387,1.1389936155466387,2026-02-18
2567,26.07129459105305,-118.77768584514205,47.543761307306845,106.12501873500284,24.531622876492712,4.565589794836775,0.582891750933979,3,2000m+,105.33946655831524,0.7855521766876024,0.7855521766876024,2026-02-18
1235,7.077630514609592,-119.91641864431988,47.39720846455775,152.49890098132798,24.13911040949808,14.190630171202534,0.441016378480685,2,1000-1500m,135.4893353557383,17.009565625589687,17.009565625589687,2026-02-18
1677,36.68950316582758,-117.2647921606782,45.71742404115697,82.2212299088042,23.547868090366272,10.976442751877734,0.4859874389875787,0,1500-2000m,86.31421882925308,-4.0929889204488745,4.0929889204488745,2026-02-18
692,1.6599643253434764,-121.37590594333408,47.82055658228225,257.2441242183982,37.53354921215022,23.56187290729251,0.4137230630940787,3,500-1000m,250.54075225541288,6.7033719629853294,6.7033719629853294,2026-02-18
1029,8.845747553864241,-122.00001539602698,46.82068796693463,207.99897909171105,35.07530586006638,15.78330356643139,0.5031288430297075,2,1000-1500m,204.08554375022516,3.9134353414858936,3.9134353414858936,2026-02-18
1258,4.345733673534934,-117.91980610267376,47.67104236641261,175.93911217455235,35.50359230905614,18.4623955641813,0.4253920679090164,3,1000-1500m,168.53005303116515,7.409059143387196,7.409059143387196,2026-02-18
208,1.6328446475659548,-122.43482913036384,48.3494683190806,170.12829749911393,27.695250718044186,14.118621911200568,0.4343912546095989,4,0-500m,158.083674623367,12.044622875746938,12.044622875746938,2026-02-18
612,1.673564527684679,-117.25744222391572,45.67891371430769,241.79836298153336,43.297625068524525,25.041481432032977,0.455080483740134,0,500-1000m,257.04461073363336,-15.246247752100004,15.246247752100004,2026-02-18
1347,28.256823723217703,-123.91491867717129,45.076579471987344,133.16997332774156,29.23656402412901,13.26454667492655,0.4008942564156303,0,1000-1500m,129.52760440974026,3.6423689180012957,3.6423689180012957,2026-02-18
1345,17.50169968493871,-117.21084821304652,48.11641034558315,111.1157018169101,26.30620652933968,14.12635228951367,0.4306124771214776,3,1000-1500m,116.23737967001665,-5.121677853106547,5.121677853106547,2026-02-18
286,1.6374141429289042,-123.69788061634596,47.438789700610464,165.70831223350066,27.294719346858106,9.955801201449804,0.3715366200386206,3,0-500m,159.5424557420444,6.165856491456253,6.165856491456253,2026-02-18
634,10.131927577653418,-117.7619982041135,47.798558278488485,303.5526299919351,39.4095038164328,20.94058220936942,0.4772472575389433,3,500-1000m,276.0710433930753,27.481586598859792,27.481586598859792,2026-02-18
236,2.850061389287489,-120.3060922363959,48.35261989995457,145.60559644030084,30.08947010713056,18.660750856334342,0.3783601882965826,4,0-500m,145.85922651814474,-0.25363007784389424,0.25363007784389424,2026-02-18
161,4.053640046570963,-117.0492464271649,48.211243739298,124.3304171933587,26.113682527827304,7.811157409250542,0.5021339668469497,4,0-500m,125.63879349476225,-1.3083763014035554,1.3083763014035554,2026-02-18
1519,8.289099835424986,-123.4834240468522,48.8436805877153,43.50122556240522,13.29560066734748,5.272547365777481,0.1630143471481958,4,1500-2000m,43.37128838612921,0.12993717627600887,0.12993717627600887,2026-02-18
809,24.410735619395467,-120.12302000919075,47.14374031540847,216.58753697973515,37.0468113058074,21.444413212274544,0.6278937822661912,2,500-1000m,227.11428275149012,-10.526745771754975,10.526745771754975,2026-02-18
85,5.001012187599347,-117.2148822506663,46.95398253063962,130.92672153780447,24.881108311651506,12.764937122186636,0.3515061905584409,2,0-500m,121.12714083814917,9.799580699655294,9.799580699655294,2026-02-18
1841,46.10372904912518,-120.33831509080896,46.60754879956292,63.61251590885065,17.99885176155835,14.319453743108305,0.4177766610432156,2,1500-2000m,66.26129309493163,-2.6487771860809772,2.6487771860809772,2026-02-18
396,29.265843091947875,-119.59420953305316,45.61476417137682,217.2593071907108,39.42342038686991,17.44892217335365,0.4562869009493973,0,0-500m,214.75186286102573,2.507444329685086,2.507444329685086,2026-02-18
1126,16.536027475225765,-119.12975917710769,47.29042893152809,139.2278724200256,25.93740619586537,10.63763454458186,0.5692663002215635,2,1000-1500m,144.13358248074385,-4.905710060718263,4.905710060718263,2026-02-18
1562,43.30638849457108,-120.8182125466256,46.10805009730392,70.03177756780696,16.55050323322828,8.41670426011497,0.3410313365856097,1,1500-2000m,71.38602457327873,-1.3542470054717768,1.3542470054717768,2026-02-18
864,4.627367505919335,-119.60709343941156,48.6852300488519,258.5044633683236,40.61105403692216,21.002772031808977,0.5122168837879794,4,500-1000m,254.42349836440593,4.080965003917697,4.080965003917697,2026-02-18
184,6.6998090740810765,-119.9097998165383,47.33276321710839,178.57183416321453,32.01025364606866,21.813808868459155,0.4590865001510376,2,0-500m,169.60438026921483,8.967453893999703,8.967453893999703,2026-02-18
787,22.735221981752108,-117.69189392656308,47.37136072203244,269.44381099283254,41.56355887924574,24.96877459567512,0.557444198691557,2,500-1000m,264.0554981148492,5.388312877983367,5.388312877983367,2026-02-18
884,17.539887972885037,-123.6818753376098,46.41969864350804,267.14796728308335,41.896218801166654,22.815745789507112,0.5674083309524259,1,500-1000m,256.9826261880709,10.165341095012423,10.165341095012423,2026-02-18
1380,19.55935772011597,-122.0332576728544,45.20795740791083,150.92886756125483,24.426014196606214,8.461283955627028,0.3569357245643427,0,1000-1500m,136.10677462632907,14.822092934925763,14.822092934925763,2026-02-18
1166,19.344721538500085,-117.3471196114641,45.126975061491954,181.51734503685373,39.4784160658764,21.187934810463037,0.4286061905735446,0,1000-1500m,182.0157193170886,-0.4983742802348843,0.4983742802348843,2026-02-18
1477,32.97268820300157,-117.7681535127636,46.69334057661279,73.12647133933284,19.23932288815927,10.80273932982353,0.3327443264108307,2,1000-1500m,77.29642222083211,-4.169950881499275,4.169950881499275,2026-02-18
538,2.299465409094007,-120.81040273050002,45.33826151238896,239.42868570145,39.760437468930775,20.37946025247078,0.4651075685777978,0,500-1000m,242.36889954713482,-2.9402138456848093,2.9402138456848093,2026-02-18
854,7.604814466007423,-119.65907181538924,47.42738782216056,259.4642829346874,36.89264831830389,11.921118306908138,0.5519722958494457,3,500-1000m,249.92008987137768,9.544193063309706,9.544193063309706,2026-02-18
709,3.304021671115516,-122.05833171913208,48.52389202255863,249.57051691461385,39.41331743102212,22.28411842895104,0.6465900471394515,4,500-1000m,252.67421496986478,-3.1036980552509306,3.1036980552509306,2026-02-18
1641,24.22136725993296,-122.68315188193368,48.53165926607489,96.51101157227016,22.294749226456773,16.332268111265858,0.398821043467245,4,1500-2000m,91.19815487763985,5.312856694630312,5.312856694630312,2026-02-18
1057,11.552969905236829,-120.75411116542011,47.63618164052893,148.63234949827336,26.53677078750447,15.209703395158598,0.5193919502926883,3,1000-1500m,153.3214561427529,-4.689106644479551,4.689106644479551,2026-02-18
1561,20.726474855124238,-121.52653440381764,45.844927325891724,68.56254959576668,18.434600780887266,8.010981938446692,0.2882304979367569,1,1500-2000m,69.33622699847126,-0.7736774027045783,0.7736774027045783,2026-02-18
0,0.0,-119.9144072170439,48.45198732543549,118.57650940541744,20.94110723916359,12.947019292720675,0.4079900528054911,4,,111.12597494380317,7.450534461614268,7.450534461614268,2026-02-18
306,11.74925325632037,-123.45585754124512,48.544373741252834,120.81147160116956,34.61035540796837,12.673435488415295,0.5242623382431447,4,0-500m,143.59190373021073,-22.780432129041174,22.780432129041174,2026-02-18
1547,18.384163793222715,-117.17923634633684,45.78661433981184,62.51670981712448,19.055860297022832,11.777017332407114,0.4766006290849623,0,1500-2000m,66.26088005818104,-3.7441702410565654,3.7441702410565654,2026-02-18
489,3.094365346873744,-117.09652478864278,47.94970434308271,230.19402424225856,40.3571973697576,18.71360477351208,0.5616506408905755,3,0-500m,230.88938721470524,-0.6953629724466737,0.6953629724466737,2026-02-18
2168,17.100193421978563,-119.11286800186178,46.14607819570849,37.04761786215459,15.201307776655456,7.468446632785913,0.4357087155975784,1,2000m+,45.48757709295514,-8.439959230800554,8.439959230800554,2026-02-18
305,2.2897949761710903,-120.24732543559116,48.21056124941172,177.86183341915756,30.697130467634484,22.623116828022688,0.4212644765804384,4,0-500m,173.74102604294134,4.12080737621622,4.12080737621622,2026-02-18
1030,9.654743909141576,-121.83330668599572,48.98895159961441,176.44906918988937,33.6092265449055,19.61170046556488,0.3221533984935547,4,1000-1500m,183.6971734991738,-7.248104309284429,7.248104309284429,2026-02-18
92,0.0,-118.30343486205136,45.12010402131757,113.74002615483768,16.3994679062939,8.64436124352609,0.4886118254443655,0,0-500m,103.01318032867754,10.726845826160144,10.726845826160144,2026-02-18
462,2.273535721228601,-119.20688179212284,48.589463463163725,217.0320033671895,33.911379404993454,18.478551170304367,0.3989366701973318,4,0-500m,211.95476285008806,5.077240517101444,5.077240517101444,2026-02-18
1494,8.533338294565615,-122.86168142458575,47.49052213439463,99.1898232862044,25.737480305277508,10.195173654378236,0.4877860384103294,3,1000-1500m,101.99148961409408,-2.801666327889677,2.801666327889677,2026-02-18
108,1.6237045265503498,-117.6235097085431,48.893530476659286,110.21042843547144,24.32163660269528,14.697234366689868,0.5276171800403024,4,0-500m,114.29224684017584,-4.081818404704393,4.081818404704393,2026-02-18
52,1.854334115982056,-118.2422392995378,46.86003807010571,115.80236051307551,18.380501615521485,10.251396393930964,0.3951865487535987,2,0-500m,106.77843402819855,9.023926484876966,9.023926484876966,2026-02-18
633,0.0,-117.35140060695652,48.389551722285496,241.76784469477005,34.588980294021056,20.57714721945233,0.5031068585548507,4,500-1000m,237.0682530561209,4.699591638649139,4.699591638649139,2026-02-18
465,4.822578887725683,-118.91996344128148,45.24957627439311,238.22527182598407,42.33446998671002,19.178994237003643,0.489288787827575,0,0-500m,235.9540165470163,2.2712552789677716,2.2712552789677716,2026-02-18
517,20.381916046142575,-119.70609362844948,46.34111620031318,279.77836636650466,36.38865498960967,15.34218548036301,0.3658031161668706,1,500-1000m,262.9795607177107,16.798805648793973,16.798805648793973,2026-02-18
568,30.99052493791753,-121.07229874596568,45.26806615100484,252.8036604100688,40.8018246815248,17.265873135913807,0.4686510585709966,0,500-1000m,254.31485861807053,-1.5111982080017299,1.5111982080017299,2026-02-18
1140,11.614643816165025,-117.4709006165219,48.90137253391628,167.22318290163932,25.962942453190134,12.828851943293309,0.4545319378829469,4,1000-1500m,154.82505905010046,12.398123851538855,12.398123851538855,2026-02-18
1044,4.016238260894307,-117.93755277349716,48.26789562908735,163.02463595466494,35.03298770271545,16.57911190814168,0.512892286121134,4,1000-1500m,174.08945411824072,-11.06481816357578,11.06481816357578,2026-02-18
148,0.0,-123.68346930925668,48.41018968498389,150.53854240402833,32.2695571649685,21.816115150395937,0.2917847266581913,4,0-500m,149.96106649287066,0.577475911157677,0.577475911157677,2026-02-18
1065,6.989727670550917,-123.81543117851923,48.75186092573558,166.69040461877503,35.557550122233515,19.69730496198354,0.3988102212295972,4,1000-1500m,174.1131103681376,-7.422705749362564,7.422705749362564,2026-02-18
678,34.64472678272015,-121.36475643185364,45.34041394447914,239.4306771992527,38.314050460750096,29.45535261168717,0.5160055582848666,0,500-1000m,243.64147322138467,-4.210796022131973,4.210796022131973,2026-02-18
216,4.199160640470126,-118.32612668452715,46.54239037005333,164.45855988019477,33.39833996807482,16.8437694656021,0.474524837288295,1,0-500m,164.976604628978,-0.5180447487832396,0.5180447487832396,2026-02-18
1086,7.64397792980458,-117.08906709479538,45.28413955617601,183.709585752567,34.95000115081038,19.05844185797584,0.6199909228889188,0,1000-1500m,183.00354742207384,0.7060383304931577,0.7060383304931577,2026-02-18
332,1.8543341688295631,-122.9470817622753,45.84317240620011,212.39632108968544,32.53708682696846,15.032169161655537,0.4329977523232977,1,0-500m,197.19986301750544,15.196458072180008,15.196458072180008,2026-02-18
757,31.405603459627947,-119.84108499253506,45.91746310815069,293.7477782180581,43.83292561532951,18.451738997519648,0.5771465281088773,1,500-1000m,282.09247019716395,11.655308020894154,11.655308020894154,2026-02-18
304,4.878372718633867,-121.33376400358284,46.87642884419032,162.63713507762952,29.496663269095656,14.875514478704789,0.545065740837295,2,0-500m,163.60541650872332,-0.9682814310937999,0.9682814310937999,2026-02-18
1030,4.833679831814577,-117.21059921529778,46.07424866981457,199.647181211082,31.585456196736164,16.99899893187674,0.4369415389031356,1,1000-1500m,195.17096177128784,4.476219439794164,4.476219439794164,2026-02-18
1250,17.85247165393669,-118.10516753805004,45.403912427271045,177.6858898867628,29.577716509630772,18.51548877338948,0.6554016758467404,0,1000-1500m,167.94172382968398,9.744166057078814,9.744166057078814,2026-02-18
488,1.656801329582019,-118.13169906702204,45.66996435637643,254.5458011769078,44.69109238056781,17.844983656353282,0.6752090617042512,0,0-500m,251.3842856833893,3.1615154935184933,3.1615154935184933,2026-02-18
834,19.28625739000439,-120.7191478814352,45.58910225420836,265.3512693167015,44.51655586107469,23.561397605034305,0.6167237747713035,0,500-1000m,261.23287969957727,4.118389617124251,4.118389617124251,2026-02-18
365,3.087616247598742,-121.09626348363636,48.8923071916492,227.55453875749973,37.24892602087702,18.99115107034909,0.5992719627701919,4,0-500m,220.40907258374807,7.145466173751657,7.145466173751657,2026-02-18
562,2.894794819629058,-122.08615049648506,48.037170027673895,231.6824839978193,31.712524120139967,16.89495801384512,0.458638021696989,3,500-1000m,225.9216088447422,5.760875153077109,5.760875153077109,2026-02-18
776,1.6110232696325768,-123.60537152344352,48.87104586107825,271.8035389121328,44.13964525217844,19.613255683970344,0.5560850583758895,4,500-1000m,271.17362385865647,0.6299150534763385,0.6299150534763385,2026-02-18
80,3.878327808462868,-117.94694336621464,46.75896194603163,153.91265685089718,34.980364597658834,19.485129424404903,0.5950734701099863,2,0-500m,154.45304569343207,-0.5403888425348953,0.5403888425348953,2026-02-18
954,26.12086868543016,-118.30969293608946,46.11347392665063,259.5810489075203,43.41949456375019,26.02704324163106,0.6596346809598927,1,500-1000m,252.53589157972883,7.045157327791486,7.045157327791486,2026-02-18
1645,9.875667915720696,-117.00197628699708,48.19317278883675,64.90280148244716,17.915808477499386,7.618867455430685,0.2964039652293921,3,1500-2000m,65.98410382383422,-1.0813023413870582,1.0813023413870582,2026-02-18
1409,21.84217626270085,-117.02354214048266,46.305015672164586,97.80865116501953,18.67953294129084,7.052599830057426,0.3642838497083382,1,1000-1500m,94.64610498373361,3.1625461812859186,3.1625461812859186,2026-02-18
1238,22.105079324354534,-120.1119780607816,46.19753349482139,146.12102634362392,29.681132945466334,14.084970261640391,0.4135864612372389,1,1000-1500m,143.40204710772764,2.7189792358962848,2.7189792358962848,2026-02-18
500,10.98119546906869,-118.61708809373644,45.93002396883132,226.16094843867265,35.28734253119365,16.054260756283075,0.5220177654159645,1,0-500m,233.80509849412348,-7.644150055450837,7.644150055450837,2026-02-18
223,9.580722055973144,-117.386639890823,45.518715912896944,142.6505501125095,26.7908399897419,16.65830581819764,0.4938558751804738,0,0-500m,143.19175092171238,-0.541200809202877,0.541200809202877,2026-02-18
256,0.0,-118.05246826525811,46.02585224406707,178.91112663233406,33.48009069824742,19.09367233768874,0.4527394533533898,1,0-500m,174.95718076604132,3.9539458662927416,3.9539458662927416,2026-02-18
1272,4.653278728802352,-122.26856328779762,46.42127899389555,119.79378885128727,24.415828116032,13.99645557731647,0.3600512674818286,1,1000-1500m,123.67209302214302,-3.878304170855742,3.878304170855742,2026-02-18
1620,11.72418248706631,-120.84619105282934,47.69597683258292,41.39649565427128,15.312313437116188,11.13088939902307,0.3229938536894176,3,1500-2000m,51.65489393994458,-10.258398285673302,10.258398285673302,2026-02-18
1008,19.416989022617077,-123.09588409393952,45.250259368877806,212.2082184808355,40.39026927609402,20.605257416836285,0.6207631207598171,0,1000-1500m,213.50891936943705,-1.3007008886015399,1.3007008886015399,2026-02-18
283,1.8543341688295631,-117.32164280918894,45.842027758661374,159.17114738509292,26.27336962752427,14.847717818256193,0.4666137948540915,1,0-500m,157.24148917986088,1.9296582052320446,1.9296582052320446,2026-02-18
560,0.0,-119.75677755884384,48.23609456116671,228.1387381135796,39.5397258294342,17.783201056513093,0.4192595083168668,4,500-1000m,241.31246499894016,-13.173726885360566,13.173726885360566,2026-02-18
174,3.888194145955813,-122.39950036147576,45.58768769433508,100.37300254004558,25.44472358753147,11.031412350743862,0.4681548144865105,0,0-500m,109.68345733947089,-9.310454799425315,9.310454799425315,2026-02-18
67,1.6701578464771774,-119.298095209159,46.370580586090085,141.5869159780847,28.41386546891564,15.853738176260826,0.3785376150256381,1,0-500m,134.81616761496403,6.770748363120674,6.770748363120674,2026-02-18
576,29.302505945028788,-119.67310231679473,48.45863568743256,193.58503738408,28.15552187335267,11.41457605949178,0.2599067337750413,4,500-1000m,188.84172486692998,4.743312517150031,4.743312517150031,2026-02-18
303,11.68462410955213,-121.49286097377012,45.61970124457377,133.34139536923834,25.32725203269066,11.528267118621503,0.3657123956306302,0,0-500m,131.72221131631989,1.619184052918456,1.619184052918456,2026-02-18
1288,10.585785839792932,-123.2050968546026,45.33094734247276,118.25342271985726,34.42100831526831,18.84758420247222,0.4810715992620721,0,1000-1500m,130.79324288523802,-12.53982016538076,12.53982016538076,2026-02-18
1339,5.931109479621525,-119.2989876308504,46.93815198032004,145.87558505922317,32.48388624990402,19.84685506538617,0.4045131719351483,2,1000-1500m,140.70360233674933,5.171982722473842,5.171982722473842,2026-02-18
194,1.619163827194871,-120.35784609367344,46.20967804511415,177.38131844255798,29.3934084580117,10.983794367705125,0.3836893349302996,1,0-500m,160.64240124261755,16.73891719994043,16.73891719994043,2026-02-18
811,9.478209047129765,-118.59377125785052,47.253633457935415,222.4693688844132,36.75032583224925,20.396140794234704,0.5065110004699742,2,500-1000m,231.4761154275465,-9.00674654313329,9.00674654313329,2026-02-18
624,16.51485260454008,-120.35885549221604,48.2152195619339,251.44814877717823,39.03773452995679,24.482276720217047,0.1838485442955794,4,500-1000m,250.98451353325632,0.4636352439219138,0.4636352439219138,2026-02-18
1020,3.945225116716661,-118.0347294977702,45.54859395261097,161.74342802319603,32.16990073277884,18.68223969209865,0.3507845567104234,0,1000-1500m,171.90654371973244,-10.163115696536408,10.163115696536408,2026-02-18
522,9.704754529681704,-120.1366521285786,47.32279633821714,263.8540956509942,42.57854162659506,19.65835271861172,0.6050251146968847,2,500-1000m,260.39552514700875,3.45857050398547,3.45857050398547,2026-02-18
623,10.463097991897548,-120.07343419925228,47.022035041559455,218.86727605647,40.56717144429973,20.63000282737896,0.5077609066149702,2,500-1000m,246.21377313686094,-27.346497080390947,27.346497080390947,2026-02-18
1127,12.944139009075768,-117.8634247813916,45.5763151440528,163.22307752230384,32.446918383605954,17.04926672223923,0.372025975293323,0,1000-1500m,160.65548585055424,2.5675916717495966,2.5675916717495966,2026-02-18
1548,28.430810763463327,-121.1756199365132,47.49599394211593,115.96513041456016,23.06582829679208,9.533338838020205,0.4247024012986154,3,1500-2000m,108.22895951960918,7.7361708949509875,7.7361708949509875,2026-02-18
255,4.135333520244937,-123.06189340084552,46.09456167144309,155.96033910993333,34.29997408207106,21.295907281799835,0.3308099448915909,1,0-500m,163.0026030148344,-7.042263904901063,7.042263904901063,2026-02-18
1524,15.349291213243308,-123.79852126580664,46.95133727417605,128.66013213483365,25.09096004901222,9.530943198448648,0.3344061126284728,2,1500-2000m,114.4611122678386,14.199019866995044,14.199019866995044,2026-02-18
128,5.790222970858786,-118.71403921028468,45.32908929710825,106.87883284319136,26.825733614744166,14.700785214442496,0.3456301580768179,0,0-500m,116.26687152389881,-9.388038680707453,9.388038680707453,2026-02-18
0,0.0,-119.65783314052575,46.838336228854494,114.58427750445996,32.30491712165202,14.16906550342032,0.4015183854619221,2,,116.44697458843346,-1.8626970839735009,1.8626970839735009,2026-02-18
923,5.01225272848055,-119.07144162330545,46.22585387217128,248.86342756036868,40.83874578265899,24.17432653365317,0.4658396880389777,1,500-1000m,237.90155169966684,10.961875860701838,10.961875860701838,2026-02-18
636,3.848080856129258,-122.50925086943762,48.289524844741415,253.58211452728372,34.89465389720557,15.407679253591908,0.5417116519816331,4,500-1000m,247.68864294237798,5.89347158490574,5.89347158490574,2026-02-18
491,0.0,-123.0453996708926,45.22791490798947,265.8018303251197,43.83731261071342,24.525876456597015,0.4936035092783658,0,0-500m,255.20485909770295,10.59697122741673,10.59697122741673,2026-02-18
683,8.453241074504604,-123.89818734032482,46.67442909967332,273.49527984111404,43.60524561841354,22.61686662634267,0.6069811592935418,2,500-1000m,268.5581309966945,4.937148844419539,4.937148844419539,2026-02-18
656,14.24635374390497,-121.54588708835382,46.83372569652576,217.67522352783976,33.950711780211606,21.42579015233018,0.4974208231411498,2,500-1000m,230.77168720359055,-13.096463675750783,13.096463675750783,2026-02-18
502,1.6545443527256365,-119.87057619201757,47.90002430519648,332.8401085910376,47.90180905175343,22.543075411975146,0.5904405223111586,3,500-1000m,308.80159741455407,24.038511176483553,24.038511176483553,2026-02-18
254,26.787083073555944,-121.25429168430188,47.29715030036084,177.44675831420233,33.79773477008793,22.156087553393355,0.4408060057906065,2,0-500m,179.60505470247955,-2.158296388277222,2.158296388277222,2026-02-18
1079,41.27929940903684,-120.9376755458339,47.668849348776725,184.0146294374601,30.53202757636014,17.987928374280063,0.3368906139943288,3,1000-1500m,178.05833189994556,5.95629753751453,5.95629753751453,2026-02-18
1018,14.111516874531702,-117.67088913854376,48.10819714260703,165.1460288747569,32.83285679051956,18.236703554441664,0.5095091504778333,3,1000-1500m,171.5142360955062,-6.368207220749298,6.368207220749298,2026-02-18
720,23.735421741563027,-121.56221173083688,48.44881189463276,261.7564257473096,40.77585527279034,16.26119776211854,0.4996220158933671,4,500-1000m,259.2870212514405,2.469404495869128,2.469404495869128,2026-02-18
38,0.0,-120.40207357588132,46.25550198688988,99.68779020052423,17.476423391699882,3.5427070521922976,0.3848652220492329,1,0-500m,96.54075728547838,3.1470329150458554,3.1470329150458554,2026-02-18
645,6.170856634720024,-118.514428910812,47.15209082145561,273.94396556430894,43.0354199646279,19.997641703871132,0.5115173867993026,2,500-1000m,265.2211698929518,8.722795671357119,8.722795671357119,2026-02-18
53,3.704791833671086,-121.22420052375112,48.3604323137568,123.0262504768166,21.494057846198235,10.506010758592154,0.4497459568295736,4,0-500m,117.48063324473496,5.545617232081639,5.545617232081639,2026-02-18
116,1.8543341688295631,-119.64539309840488,48.95780452386023,172.32944422156152,34.68037917559151,17.01689441137145,0.4706964896255753,4,0-500m,162.74279184207174,9.586652379489777,9.586652379489777,2026-02-18
705,21.28910572339864,-117.96345403877278,48.55807724417505,263.53828521312795,36.476719837801504,18.41090268182901,0.715918274995585,4,500-1000m,251.38150309085648,12.156782122271466,12.156782122271466,2026-02-18
0,0.0,-117.35335563439652,46.48586905049751,118.1921527655018,28.07934156815727,9.328965764965533,0.3849304104329746,1,,117.59859925520273,0.5935535102990741,0.5935535102990741,2026-02-18
221,37.90559851957826,-122.97048563349674,45.7806660688746,161.20542408304922,32.16820174787576,14.977839573246936,0.561209656695237,0,0-500m,161.08675568207886,0.11866840097036402,0.11866840097036402,2026-02-18
277,9.56726993959753,-117.51388662386954,46.95757014962636,164.279310532955,26.87954783333649,13.642340695966915,0.5269237754277742,2,0-500m,157.51697708947157,6.762333443483442,6.762333443483442,2026-02-18
1576,45.10414123535156,-120.55518594844324,47.96656580734417,83.77494845004387,23.22980463629964,10.15394604241673,0.444523716825309,3,1500-2000m,88.8520514869396,-5.0771030368957355,5.0771030368957355,2026-02-18
28,1.652105287475381,-122.19228928190728,46.97027628301319,137.09088084280188,32.51791311077253,17.30482082846054,0.4118106368091891,2,0-500m,128.77513197868598,8.315748864115903,8.315748864115903,2026-02-18
759,1.666064981716487,-120.78604970633216,46.932723453254674,277.0117266778123,36.96183193724767,20.097300987787914,0.4852232128465082,2,500-1000m,258.29786215932853,18.713864518483774,18.713864518483774,2026-02-18
131,5.479516007655841,-117.13977197300166,48.3529216843272,113.56340625495348,22.4859124920659,11.242926181559412,0.4226047954541932,4,0-500m,114.37693366729336,-0.8135274123398801,0.8135274123398801,2026-02-18
65,10.46644665258854,-120.55167334204992,46.44561511626875,88.03967777344332,18.2242452334948,12.412181067570828,0.5267695215633211,1,0-500m,89.52703992409211,-1.4873621506487922,1.4873621506487922,2026-02-18
0,0.0,-121.69873872798745,48.43917869924658,103.66926514211674,23.105966100988574,15.237682021475605,0.4595603706847257,4,,98.61909278215659,5.050172359960158,5.050172359960158,2026-02-18
48,1.3135053401491052,-119.56619401978293,46.627219203806895,141.90535737397968,34.261607435302295,21.019618207910096,0.4574165258221581,2,0-500m,142.30950986617378,-0.40415249219410043,0.40415249219410043,2026-02-18
193,2.288496007948828,-122.31898066855264,46.31293242271336,143.68905017531554,29.39816659739315,10.48614493287181,0.4568609138196977,1,0-500m,146.15005882114934,-2.4610086458338003,2.4610086458338003,2026-02-18
436,3.9455722216936486,-123.46895670323936,46.8159596447988,259.86747725781487,45.80330330667314,25.29850122709534,0.5493545594818293,2,0-500m,253.78792435385026,6.079552903964611,6.079552903964611,2026-02-18
221,0.0,-123.09784194662544,48.04978783469947,132.5172456184273,27.30278576227941,15.899532295001764,0.3769584126828442,3,0-500m,135.5665431368516,-3.0492975184243107,3.0492975184243107,2026-02-18
39,8.458337277977385,-123.1036791272956,45.50400811145597,114.8928500979274,30.129647923369948,16.24403816936021,0.412015663689946,0,0-500m,119.25641465653877,-4.3635645586113725,4.3635645586113725,2026-02-18
839,11.039219507961398,-122.93668114541394,45.78567686348807,183.70525235614437,31.811202594208236,21.129219252483864,0.6055041540944024,0,500-1000m,199.89986977015582,-16.194617414011446,16.194617414011446,2026-02-18
609,8.364499382658398,-123.02820979145412,48.80577930265237,239.2436495814817,37.8615150863621,17.40881363518931,0.4394870696860592,4,500-1000m,246.39997833381312,-7.156328752331433,7.156328752331433,2026-02-18
965,3.358583448446862,-119.5138767863775,45.70196650952543,208.19065860997767,30.668701343686045,17.927430273135542,0.3794984743877673,0,500-1000m,199.1886690382012,9.001989571776477,9.001989571776477,2026-02-18
554,2.8195537672315494,-122.72683940920598,47.27090927172422,258.0620136117997,43.58241306960743,26.4862057335018,0.4504845141829636,2,500-1000m,259.2045396892616,-1.1425260774618664,1.1425260774618664,2026-02-18
207,0.9274099368611016,-121.58032901673296,47.31725786664775,190.85181329036956,34.12331821596166,17.97100057928764,0.4659436168063948,2,0-500m,179.50287641486514,11.348936875504421,11.348936875504421,2026-02-18
754,0.9274099368611016,-117.72248113065793,46.95849784820098,258.78626666700035,39.16029628246304,20.4462391768158,0.6121422698559176,2,500-1000m,252.47647450021296,6.309792166787389,6.309792166787389,2026-02-18
50,1.6441421422565683,-120.68226851815989,47.57898099430727,149.5614538589585,26.455627995222837,8.72684642414427,0.4654721146571487,3,0-500m,138.50981074278735,11.051643116171135,11.051643116171135,2026-02-18
364,8.289099835320444,-119.3270958303528,45.91930690319048,211.1334375750104,38.84211006056718,18.412336754650205,0.379100251001105,1,0-500m,208.12965921875622,3.0037783562541733,3.0037783562541733,2026-02-18
351,3.231170790968891,-122.7937609015886,47.21064907110699,215.24030950717835,38.26776275488351,20.549006636476804,0.5378310719853671,2,0-500m,216.27120794846905,-1.0308984412907023,1.0308984412907023,2026-02-18
108,8.654838668980112,-122.6539768683393,46.48869302098759,112.6512753793808,21.927362587001586,12.1977525616848,0.4298787490052109,1,0-500m,113.40399514603934,-0.7527197666585295,0.7527197666585295,2026-02-18
509,12.7890635086897,-123.71391968613464,47.64666903851676,270.18499229106635,46.513515938287554,21.17043237957881,0.4720121830454552,3,500-1000m,266.4014741702178,3.783518120848555,3.783518120848555,2026-02-18
820,7.498550669206035,-122.81745455849484,45.5648941734926,223.10083995741928,37.85748830791883,16.81209130627465,0.4290993996917967,0,500-1000m,230.77368544910868,-7.672845491689401,7.672845491689401,2026-02-18
710,14.492444091026773,-122.04986762677628,47.28350966735791,272.3069796780881,41.23951671929965,20.773933935059045,0.535558843248006,2,500-1000m,263.0732818566055,9.233697821482622,9.233697821482622,2026-02-18
1137,5.706168222103416,-122.76092661006275,45.741081421533295,140.05275434871874,35.39428053101154,20.11189296095984,0.4530904867471769,0,1000-1500m,153.966005342948,-13.913250994229259,13.913250994229259,2026-02-18
1451,3.825863870057905,-123.3790822637006,46.11457225246014,85.90465582683434,21.35496314987352,13.54864263665278,0.4718921824487505,1,1000-1500m,84.85230977392749,1.0523460529068558,1.0523460529068558,2026-02-18
262,7.998022826388745,-123.1555489022958,45.874839201294336,127.02623968323483,26.929267816387977,13.892892290841424,0.3770178583934864,1,0-500m,129.90877075735042,-2.8825310741155903,2.8825310741155903,2026-02-18
661,2.311471853606967,-120.77454862377093,45.73135111947527,245.9995068931648,38.80281203763267,24.136450597561357,0.4021971398382278,0,500-1000m,248.58697489845557,-2.5874680052907593,2.5874680052907593,2026-02-18
0,0.0,-122.55566397115945,48.30284380624267,114.13243817856224,33.45100381678112,16.341072368857635,0.3232454130842227,4,,121.317529668396,-7.185091489833766,7.185091489833766,2026-02-18
0,0.0,-121.45011097266348,46.142830270643564,103.63525418882216,31.98371177086434,15.733047092701185,0.4357330158874788,1,,109.7451404009382,-6.109886212116038,6.109886212116038,2026-02-18
226,1.3517106526649585,-120.476079104016,48.7084951274578,119.58332127803104,30.074767395160947,16.658962333399256,0.3806755265092305,4,0-500m,132.35465606821583,-12.771334790184795,12.771334790184795,2026-02-18
779,4.823140621185303,-119.16723619959444,48.87970610138076,292.3306007043756,42.863807219570816,20.260250220577056,0.4667195699848188,4,500-1000m,279.9208292738787,12.409771430496903,12.409771430496903,2026-02-18
1907,22.560262167920705,-123.7248150211123,47.28504187974839,88.96075624418158,20.11016543461398,10.26982502552467,0.4242758435993432,2,1500-2000m,84.88486263784587,4.075893606335711,4.075893606335711,2026-02-18
48,15.77082533503345,-118.4041272076367,45.572004490662906,138.07099365901394,30.48894187483937,10.612165058764289,0.3902739014663386,0,0-500m,133.02894288997072,5.042050769043215,5.042050769043215,2026-02-18
387,3.2805673987757595,-119.60469727356364,46.49819297351833,221.2724961547085,38.14848268803225,20.01863147497529,0.5208713274254295,1,0-500m,220.74918742490635,0.523308729802153,0.523308729802153,2026-02-18
1583,14.90898032659002,-123.4276867763579,48.19092905339286,71.33648996720068,14.244981608950704,10.3115998131676,0.4935123540409355,3,1500-2000m,70.03297519032103,1.303514776879652,1.303514776879652,2026-02-18
702,4.627367505919335,-117.88494963125255,46.46956291478829,211.3709460577389,41.11458552981322,19.1688367228926,0.44861135581876,1,500-1000m,232.75679669768763,-21.38585063994873,21.38585063994873,2026-02-18
744,4.826121795155414,-117.5538931962773,45.34806887321116,235.72585414725563,37.53393933067312,20.822847400426127,0.4467197501737895,0,500-1000m,241.02707476513828,-5.301220617882649,5.301220617882649,2026-02-18
760,1.8543341688295631,-123.57245428101596,47.22713964371275,288.0554693738705,45.525575226672125,26.3425268510957,0.6291080155188605,2,500-1000m,273.66659625500733,14.38887311886316,14.38887311886316,2026-02-18
216,19.02474951243889,-122.06185646296956,48.38048340598414,124.18392171623609,26.85357510260392,13.529807225080036,0.3617424678978932,4,0-500m,126.02672201655334,-1.8428003003172506,1.8428003003172506,2026-02-18
2026,48.980873370970734,-118.35659104144855,48.18370554857401,100.55988616608492,23.823448136771443,13.795509116633824,0.4277936871854236,3,2000m+,100.04294962477998,0.5169365413049434,0.5169365413049434,2026-02-18
131,2.785041541711288,-118.7621821673144,45.70049256052141,113.98927202807738,21.217354986878373,7.064715370108699,0.387556374864471,0,0-500m,111.9894522893866,1.9998197386907748,1.9998197386907748,2026-02-18
1576,19.705697239844667,-122.70835286450536,47.691058457649866,98.18768450439406,20.665459781113388,9.2202772657939,0.5248153414952604,3,1500-2000m,95.43696213124207,2.750722373151987,2.750722373151987,2026-02-18
77,2.787595282958925,-122.53455473664305,45.88201705374259,72.51063693200817,17.712537610853364,14.022778840682363,0.3064158797796851,1,0-500m,80.60880296179435,-8.098166029786185,8.098166029786185,2026-02-18
854,3.9197839135933727,-121.40669528046033,45.87283013820869,272.88627031756374,42.14910053688583,19.480654793273505,0.4051571740703652,1,500-1000m,264.4785089645101,8.407761353053615,8.407761353053615,2026-02-18
233,6.670780781354686,-120.60833910366286,48.49628709322074,154.2421015190894,32.18950244910665,16.620085434470088,0.5075828434577916,4,0-500m,159.85485124234137,-5.612749723251966,5.612749723251966,2026-02-18
755,10.464685768539056,-119.67221659928794,45.99867581096092,279.98076888769856,41.70804948669126,17.467719944444323,0.5409221180355085,1,500-1000m,272.6882909800939,7.2924779076046775,7.2924779076046775,2026-02-18
643,12.769178384018852,-121.4176045230116,46.05298938607204,262.4223962402277,38.79562361855752,22.28775288745496,0.5847764365208971,1,500-1000m,257.01420037176086,5.408195868466862,5.408195868466862,2026-02-18
1335,23.98735849630853,-120.76225698706796,45.0026135630452,135.82717523024166,32.445168787695295,16.544986460421953,0.4757113159143185,0,1000-1500m,136.91358478029127,-1.0864095500496092,1.0864095500496092,2026-02-18
556,11.464180009030445,-118.7677034330637,48.48267613650207,243.1241829173612,39.90833157839856,21.27481576697327,0.651286868363932,4,500-1000m,244.47278725092437,-1.3486043335631734,1.3486043335631734,2026-02-18
513,12.996265443638997,-123.7432175797658,48.17037925283654,255.0878012385481,42.56700828317242,24.4718843226024,0.4535714787739388,3,500-1000m,255.5727066106804,-0.4849053721322889,0.4849053721322889,2026-02-18
740,1.3304276360754683,-122.23294138959186,47.50931574036271,221.1123614426457,39.33089158792739,23.307550294358798,0.5192236989437615,3,500-1000m,237.1078656001204,-15.995504157474699,15.995504157474699,2026-02-18
1531,10.051186727257232,-119.00655289880814,48.00106305575537,64.34921484479648,15.67727192730667,7.402637668464847,0.2407255352478315,3,1500-2000m,60.020650427959154,4.328564416837324,4.328564416837324,2026-02-18
77,3.9495805483620554,-117.7335521361896,45.60819426969797,136.2454833596764,26.575653579364463,12.848629142360805,0.4689961734412273,0,0-500m,133.5550701266818,2.6904132329945867,2.6904132329945867,2026-02-18
96,3.89036518316545,-120.41825790519032,46.8332943783503,120.85385103270508,29.827116391120025,17.16052841470808,0.4707548074056518,2,0-500m,128.72393879932824,-7.870087766623158,7.870087766623158,2026-02-18
234,1.6239181234397049,-120.2752056031428,46.40487754939512,149.79626192749603,37.32068072429275,17.64894755413151,0.4666340733709371,1,0-500m,160.08913050106275,-10.292868573566722,10.292868573566722,2026-02-18
336,4.817591238289339,-123.24979592062157,45.37510610502807,181.46028237169415,35.73380451840608,19.882320747714434,0.3670101245530512,0,0-500m,182.33124303704258,-0.8709606653484343,0.8709606653484343,2026-02-18
743,1.6605965966216094,-120.86811343223582,46.944521940859694,271.2167586924603,39.74452120209385,28.99936103353845,0.4808519036255203,2,500-1000m,258.83962356257297,12.377135129887336,12.377135129887336,2026-02-18
204,6.646059804228542,-120.27167913481485,48.682958601370544,132.448413487857,32.631966405653195,18.51852279351342,0.625121931100908,4,0-500m,144.62524986741423,-12.176836379557216,12.176836379557216,2026-02-18
507,12.99858674790547,-122.3027064745569,45.160236476202776,247.84075093144727,34.57925645576564,18.97718905240065,0.4908978344481133,0,500-1000m,236.9857775287406,10.854973402706662,10.854973402706662,2026-02-18
492,12.173805699051089,-122.11529738335432,46.16584365397517,208.50149601555583,33.89453230733356,17.108970389510766,0.3771662693484442,1,0-500m,218.18353374864185,-9.68203773308602,9.68203773308602,2026-02-18
0,0.0,-121.35901085826764,45.83016374482281,95.17321469028896,27.76825930456997,12.645018815934424,0.485677404009976,1,,106.10630748398333,-10.933092793694371,10.933092793694371,2026-02-18
538,25.648710199463967,-123.85950161555591,45.95258661466279,266.6860953071188,40.28712597315309,23.62898730793632,0.5761857899832228,1,500-1000m,251.75061908170187,14.935476225416949,14.935476225416949,2026-02-18
602,27.074809073127344,-121.74544584091775,48.6337382075175,279.9975671037628,48.01821298664411,23.737932166316305,0.5211049958771077,4,500-1000m,278.9838070393339,1.0137600644288796,1.0137600644288796,2026-02-18
313,10.53449806035838,-122.5198639510242,46.87227621693716,151.44855602544573,24.664976061081603,13.352014321889849,0.3069201380730739,2,0-500m,138.57325660709523,12.875299418350494,12.875299418350494,2026-02-18
1345,29.08103180403319,-121.7075185347546,46.86519765175928,135.05084980019677,26.361614797372745,18.06153062604385,0.5873770391543305,2,1000-1500m,132.89473830923797,2.156111490958807,2.156111490958807,2026-02-18
1182,21.83529456712806,-123.16166507726524,48.04230256982113,125.09012526556644,28.555835085512307,13.714566841761584,0.3669623912938733,3,1000-1500m,129.66225010065025,-4.572124835083812,4.572124835083812,2026-02-18
437,2.839899201722502,-117.76630903482074,45.617968816019705,234.8196071738911,39.91518609398235,20.89396887501164,0.4471606894621042,0,0-500m,229.22762130833044,5.591985865560645,5.591985865560645,2026-02-18
1090,11.73117566604884,-119.84485282512166,46.949061416400205,130.48946525555496,29.0558828919234,11.408373870224963,0.4684949585833094,2,1000-1500m,145.40233276641533,-14.912867510860366,14.912867510860366,2026-02-18
294,7.569672944064757,-119.24628376598858,46.71994085648424,145.16652272525903,29.801593328013706,17.885496266774894,0.3615078956994579,2,0-500m,148.4279718486393,-3.2614491233802596,3.2614491233802596,2026-02-18
404,36.89439485614927,-118.47580132974863,47.38764276218662,194.06070730691937,33.205793290982335,19.91905921206164,0.6055769568060971,2,0-500m,196.99152561346872,-2.930818306549355,2.930818306549355,2026-02-18
275,1.854334168853263,-120.5109046074966,48.99823081300176,163.23449225558534,35.53280081821924,18.166523369873136,0.2805199218585801,4,0-500m,167.03321624627563,-3.7987239906902914,3.7987239906902914,2026-02-18
0,0.0,-123.39155798338804,48.077795576328185,140.9448764995128,27.07348525176584,13.34794807338163,0.3803389651808826,3,,131.16347029769204,9.781406201820744,9.781406201820744,2026-02-18
219,1.6295865852097078,-120.24025420727016,46.59146281206971,173.9439510268889,28.86252120055712,14.449121201377038,0.7070099197304875,1,0-500m,165.31026769406756,8.633683332821334,8.633683332821334,2026-02-18
239,1.8543341688295631,-119.89211217385385,48.310212209096186,196.31492322272723,35.24151686385554,22.633420186481118,0.3336537728592995,4,0-500m,187.57264366392587,8.742279558801357,8.742279558801357,2026-02-18
92,3.958725278895016,-118.7819236807097,45.68283345324992,151.1950884932477,21.64255482023445,14.15491685431737,0.5215620645423426,0,0-500m,138.03430364935167,13.160784843896039,13.160784843896039,2026-02-18
228,16.527758010724767,-120.97838317639224,45.12185474523584,146.7625234936373,33.01789002257221,17.686223049746687,0.4596836189152453,0,0-500m,151.47039846749132,-4.707874973854018,4.707874973854018,2026-02-18
17,12.214756922792835,-123.10693788043103,45.817793489857095,101.19650386832916,25.886169723126063,15.78755191374954,0.3712561344523278,1,0-500m,104.91279380956117,-3.716289941232006,3.716289941232006,2026-02-18
969,17.74969283744575,-122.01356865940892,46.36164622445704,241.486639759244,39.54769873560012,16.10769156536283,0.5048937446114338,1,500-1000m,231.47602309941692,10.010616659827093,10.010616659827093,2026-02-18
576,37.66568481528734,-121.45842392520956,47.04232302983824,250.2721389559013,38.109507006421694,27.057713682774825,0.5216954096591077,2,500-1000m,246.3682531851437,3.9038857707576256,3.9038857707576256,2026-02-18
96,5.562655239223341,-119.4785793106788,47.4605165621648,117.90846562560957,20.11397430516781,14.867245562526758,0.5443267646849721,3,0-500m,115.75405797401449,2.154407651595079,2.154407651595079,2026-02-18
568,28.18687376559323,-120.00455186731762,48.642422868857686,214.5018478534317,31.37260623094124,23.48483828225542,0.5325479953989776,4,500-1000m,215.4500273308787,-0.9481794774469847,0.9481794774469847,2026-02-18
283,12.14721720742342,-121.50732291871508,47.03941603820183,167.12196411047762,34.87486840761557,21.54925182212871,0.4089463825445925,2,0-500m,172.63551675701945,-5.513552646541825,5.513552646541825,2026-02-18
1460,8.063630731302096,-117.09439325844914,47.005102578502914,28.084969732449224,13.241967496830352,10.702682223472978,0.28540553819979,2,1000-1500m,39.774689165244375,-11.689719432795151,11.689719432795151,2026-02-18
1144,28.110973750935315,-119.7595762645018,45.200972039291926,150.40815454906812,31.87322081515762,16.658104588364242,0.5650425580896642,0,1000-1500m,158.8575792700733,-8.449424721005187,8.449424721005187,2026-02-18
1293,21.62162354680444,-122.33941245784804,45.139646210624896,99.59838104235102,23.44325745455084,8.544241357787568,0.3136247350997958,0,1000-1500m,108.02437014839839,-8.425989106047368,8.425989106047368,2026-02-18
514,0.9274099368611016,-123.28752269165716,47.20463984766549,254.0519244200601,41.88417910252935,21.38793409394853,0.6346139201561336,2,500-1000m,253.24200875320045,0.8099156668596379,0.8099156668596379,2026-02-18
150,9.386866839188022,-122.92998602570968,46.75271445299338,121.7087013869882,21.3628276462105,7.436154473511565,0.4938781197848355,2,0-500m,119.56753102838618,2.141170358602011,2.141170358602011,2026-02-18
1291,14.381861814519636,-122.27829590130844,48.35672157992119,116.28900684102584,28.48021057065056,13.657104510035618,0.4816357105086805,4,1000-1500m,120.59065609053994,-4.301649249514099,4.301649249514099,2026-02-18
1494,25.28849520082613,-122.87523038718312,45.64271833884738,128.13512996400038,29.043673620207823,16.44137687754537,0.3968424408770769,0,1000-1500m,126.6937783532448,1.4413516107555893,1.4413516107555893,2026-02-18
206,20.322143427245148,-122.69403083164086,45.0998866484682,121.59030297383914,30.04904752824821,16.577434562154295,0.5749818294214517,0,0-500m,135.73406599714386,-14.143763023304714,14.143763023304714,2026-02-18
421,5.702119700164015,-122.00433381914308,46.796155071720506,219.7569713585384,38.29116029777192,15.828169294652785,0.4494896386601727,2,0-500m,215.5260750245763,4.230896333962107,4.230896333962107,2026-02-18
413,33.11659012321507,-122.78638483293672,45.94991422700903,162.09242498640415,28.369680490260183,11.114553714903062,0.4935591107083152,1,0-500m,169.20738524252408,-7.114960256119929,7.114960256119929,2026-02-18
868,4.550975650169477,-117.72264202761502,45.19845749335535,243.02706740681515,41.59250491349837,18.850388088047534,0.443355513672555,0,500-1000m,248.0573238960234,-5.030256489208256,5.030256489208256,2026-02-18
832,28.290703666245587,-123.4383637803685,47.898393147390514,258.1385595637326,37.00845042503717,19.08367133737553,0.3974796972525797,3,500-1000m,246.39854600363057,11.740013560102028,11.740013560102028,2026-02-18
741,0.9274099368729608,-120.32842027300822,45.44637199982899,280.2905142858731,46.2045878328636,24.295540675907777,0.2855404027841126,0,500-1000m,277.02063530869793,3.2698789771751535,3.2698789771751535,2026-02-18
143,9.995786142164537,-121.12722221107236,47.43327800003109,109.57022442153492,26.43319023102018,10.288939151141252,0.4618507851578146,3,0-500m,116.84470029977987,-7.274475878244957,7.274475878244957,2026-02-18
695,2.306657088899307,-117.12334968163977,46.12419900066756,267.9734244485848,39.56152853667692,19.53559333069314,0.4229239461195743,1,500-1000m,255.93356535405707,12.039859094527742,12.039859094527742,2026-02-18
57,5.744313492244968,-123.21572768482363,45.693984201420086,122.3918634301811,28.33696867731385,17.27905232918548,0.4088410639212854,0,0-500m,122.63953737558478,-0.24767394540367604,0.24767394540367604,2026-02-18
384,4.153918562404633,-121.2150108066798,46.51900609167727,200.24633623584003,41.59896065346302,19.59596756964083,0.5116867244917226,1,0-500m,205.4232680537902,-5.176931817950162,5.176931817950162,2026-02-18
498,1.6427560286395912,-117.2137069670724,48.205783104891815,236.6437923446263,35.9485045547824,20.008172514892028,0.4903122051897955,4,0-500m,237.06793111385016,-0.42413876922387317,0.42413876922387317,2026-02-18
762,1.6290243433912726,-117.94145011874214,46.56837430761829,268.84184732860643,47.873723232653205,22.21434202437811,0.6203752540364837,1,500-1000m,273.35819678160334,-4.516349452996906,4.516349452996906,2026-02-18
1538,4.8134601606916725,-118.28049550335504,48.00307859684423,100.79501192046702,24.453579666963783,15.36976158987814,0.2990567527309594,3,1500-2000m,92.69399292158926,8.101018998877763,8.101018998877763,2026-02-18
1,0.0,-122.19468021068542,45.50194518719661,80.59652514143018,25.076888050521863,10.381550002217008,0.3551831095340612,0,0-500m,92.24236071197038,-11.6458355705402,11.6458355705402,2026-02-18
165,15.114947800535,-122.80378688826954,48.09108567866031,107.3894957610947,26.04621626188901,14.010379049083086,0.4424539321985697,3,0-500m,116.57013604275231,-9.180640281657617,9.180640281657617,2026-02-18
650,10.651113881608104,-119.31949746052898,45.94773329962659,320.85847720781703,46.84888869102858,23.08777485196328,0.5417940696593603,1,500-1000m,298.19525779459445,22.663219413222578,22.663219413222578,2026-02-18
223,2.892357044719845,-117.4943680761069,47.70957251955549,200.4407632684129,42.33760639428653,22.473141695994297,0.4711318930780522,3,0-500m,200.1456520357547,0.2951112326582006,0.2951112326582006,2026-02-18
148,1.658213099173598,-120.1026597489025,47.26312621936398,98.41203986116788,24.43336094488791,11.41584485353507,0.2403711126572432,2,0-500m,102.86068956180185,-4.448649700633965,4.448649700633965,2026-02-18
5,2.895096585913432,-119.9987111737107,48.71657886884675,117.32731082798622,25.84484894749647,17.039327830894656,0.3409409704596801,4,0-500m,111.85414054909208,5.473170278894145,5.473170278894145,2026-02-18
1173,15.494193174794807,-122.04014634437802,46.54929007190125,169.24147323056138,33.39441944825937,15.07074691334908,0.5801936131219902,1,1000-1500m,169.45209658236152,-0.21062335180013747,0.21062335180013747,2026-02-18
1555,11.164772464881036,-118.61354946765644,45.264660755337765,108.45177301672337,29.00386804367037,19.06962050617684,0.4184855088842578,0,1500-2000m,111.44112950959303,-2.9893564928696605,2.9893564928696605,2026-02-18
774,3.880617013735449,-122.69069376009732,45.07662194220501,259.6100330230808,40.50122872886262,15.155710348044746,0.4255478389512174,0,500-1000m,260.34809539635,-0.7380623732692015,0.7380623732692015,2026-02-18
333,12.157874880479248,-121.7342453451703,48.30743424389101,161.8534571335916,28.664592238352316,13.211557327697395,0.3741830448098455,4,0-500m,163.14379269347086,-1.290335559879253,1.290335559879253,2026-02-18
321,1.8543341688295631,-121.02194492968508,47.09894255064573,176.77053693279288,32.78050748113499,14.68118502074709,0.5879268664350716,2,0-500m,179.16277849259393,-2.3922415598010502,2.3922415598010502,2026-02-18
210,5.311202082920724,-120.4467273492088,48.1009762073398,136.61502825588198,30.86822365695613,14.306301786232057,0.3595202302266509,3,0-500m,140.85169921732654,-4.23667096144456,4.23667096144456,2026-02-18
1884,17.09824674578865,-122.30313187309444,45.93770240004606,84.02002013836714,21.663978296070106,11.211741251662856,0.4336749282323186,1,1500-2000m,83.42099416698295,0.5990259713841937,0.5990259713841937,2026-02-18
533,4.404468682446025,-123.19614222682556,46.380334982052936,234.29015162880495,40.64367079367361,20.565227520939345,0.5183183593541305,1,500-1000m,240.98631968616726,-6.696168057362314,6.696168057362314,2026-02-18
683,5.380216961122056,-119.72565970290856,45.12041548884528,256.50014956673374,38.3770591848034,23.19317126568479,0.4791327728100528,0,500-1000m,249.68675149798707,6.813398068746665,6.813398068746665,2026-02-18
147,2.28535839305795,-121.9795861273182,48.845969298296446,158.43355418845388,36.25912031840658,17.76956228047694,0.5157891169429614,4,0-500m,158.03624300127868,0.3973111871752053,0.3973111871752053,2026-02-18
554,1.3636648869661572,-119.93133245004172,47.67147162680325,276.0525242483656,43.80076731062491,21.81727396875604,0.6441017261753248,3,500-1000m,271.1456997156415,4.906824532724102,4.906824532724102,2026-02-18
1164,26.453994260844,-122.91946099308058,48.732820351037226,126.55146456295836,28.93601316930801,14.90339342013826,0.4472292747800864,4,1000-1500m,134.56900520042456,-8.017540637466197,8.017540637466197,2026-02-18
1536,13.054044983656546,-120.63201928701628,46.06198562971629,79.49600224896993,21.15218441048263,7.987599944703525,0.39696990806923,1,1500-2000m,82.4420973168062,-2.946095067836268,2.946095067836268,2026-02-18
1076,39.28639193621585,-120.2718739721389,47.44585444490264,162.483278930813,34.114841794013365,17.841981595944493,0.587440844265646,3,1000-1500m,173.05334934659146,-10.570070415778474,10.570070415778474,2026-02-18
47,2.7802885155287558,-123.637235242243,47.71399987317055,143.29128212375514,29.398067342246417,18.21655611590885,0.458806107929996,3,0-500m,138.47382047933624,4.8174616444188985,4.8174616444188985,2026-02-18
1202,23.971483084833523,-121.64377005264257,46.270198801030354,144.20541775584297,29.29316599990977,15.340403826002316,0.5574814410720327,1,1000-1500m,143.45222706205274,0.7531906937902306,0.7531906937902306,2026-02-18
1345,13.06900101094961,-123.05909726142718,48.39243694006253,150.30971622344322,33.31046866231786,13.649475648752327,0.5338928619328046,4,1000-1500m,146.96306990274996,3.346646320693253,3.346646320693253,2026-02-18
69,4.950912757433309,-123.55637520669065,48.78864585160099,104.67016465871112,23.59150954033728,13.780135853361674,0.4133569049565165,4,0-500m,106.70704114185516,-2.0368764831440416,2.0368764831440416,2026-02-18
1244,3.080172842093317,-117.07027837327038,48.539420470784016,135.75347868815484,28.552630938323865,14.619523052807256,0.4568888740470134,4,1000-1500m,134.91426025868554,0.8392184294692981,0.8392184294692981,2026-02-18
432,5.547544894612033,-121.74352308517696,47.95626790375749,181.33471867336004,29.212584179853103,17.918180062249974,0.5399324885347723,3,0-500m,183.77301737759836,-2.4382987042383206,2.4382987042383206,2026-02-18
116,1.8543341688295631,-118.33087887901756,46.109858718899815,158.56759550698155,30.682179383639177,10.741429166907803,0.6241579609439232,1,0-500m,150.56805989794466,7.999535609036883,7.999535609036883,2026-02-18
13,0.9274099368611016,-122.21751541665364,46.12646416842253,98.18544255727645,19.3908140959053,10.854068973422212,0.3961388577107269,1,0-500m,95.9837561140644,2.20168644321204,2.20168644321204,2026-02-18
1071,21.88041799673307,-119.2294809444325,48.85344128178415,146.66349915478503,26.81228100217958,6.352938864046492,0.6165492484266101,4,1000-1500m,155.18947586917392,-8.52597671438889,8.52597671438889,2026-02-18
1152,7.224436198904773,-118.6784049807722,45.04113798374277,144.68718230534154,27.513074551888423,13.605109818604229,0.487465551405689,0,1000-1500m,149.0944775504004,-4.407295245058862,4.407295245058862,2026-02-18
569,1.6509956323706148,-119.83052881574508,47.86419989296858,190.43592219049384,41.69292245956824,23.23520370823136,0.3232371951593322,3,500-1000m,215.39055154955497,-24.95462935906113,24.95462935906113,2026-02-18
123,2.9149628075669347,-120.69896668014889,47.82498465022105,126.728856031463,31.48556830013247,13.761748734773372,0.5290235473038469,3,0-500m,129.42398548336487,-2.6951294519018774,2.6951294519018774,2026-02-18
747,21.10827490369965,-121.11711360096912,47.49075816379919,261.22871965053844,42.50725359371978,24.76382943815372,0.4637966873390514,3,500-1000m,263.441513633523,-2.2127939829845786,2.2127939829845786,2026-02-18
1406,5.701941399772887,-121.55792213419905,48.96043538434746,111.7151812111623,26.680277018904068,16.31004235081265,0.3333740608697653,4,1000-1500m,110.1375954614185,1.577585749743804,1.577585749743804,2026-02-18
656,14.92221827335763,-117.49329599026522,46.2475177430549,296.0641679424741,47.91314409101792,26.88425091569071,0.5206921030679024,1,500-1000m,292.5294626039203,3.534705338553806,3.534705338553806,2026-02-18
1842,12.832275065238788,-118.1856641454859,46.359887455173,73.45217562148618,12.877523438014784,4.01416219807221,0.4042553790779227,1,1500-2000m,64.47421008953985,8.977965531946325,8.977965531946325,2026-02-18
21,2.7802885155287558,-117.2448116253344,45.31575761178623,128.65474527822013,23.50972732450205,12.688401443961729,0.445194867776872,0,0-500m,119.60772594490756,9.047019333312576,9.047019333312576,2026-02-18
556,1.6488455245969873,-123.12991943560118,46.77119254617495,253.47845112427615,40.56987155833939,21.629651846302405,0.5776215779746137,2,500-1000m,251.49791826025296,1.9805328640231892,1.9805328640231892,2026-02-18
1489,15.102244687752494,-118.88392767357448,46.04419410493939,90.08949942563603,19.88453030957291,11.896576907799307,0.2910636977779919,1,1000-1500m,84.19766145559528,5.891837970040754,5.891837970040754,2026-02-18
9,6.112471178162102,-117.43161680225272,46.37354680871058,54.73644485576309,12.709703104588112,8.255085581703307,0.2975971625575394,1,0-500m,57.75357358544846,-3.0171287296853677,3.0171287296853677,2026-02-18
1171,29.332183709303656,-122.73136853684038,48.338287161022514,177.80066965601583,32.20551171493575,14.41449408083477,0.433760901156169,4,1000-1500m,166.329161485724,11.471508170291827,11.471508170291827,2026-02-18
213,3.2707152787561333,-123.53452612843256,48.74193805410998,137.10626465619487,31.09993601798375,18.208112925711013,0.3860655776953606,4,0-500m,140.98984549667273,-3.883580840477862,3.883580840477862,2026-02-18
782,22.95775669895033,-118.81215545496958,45.74293228802074,255.67214303563424,44.27854304955976,20.80172920395652,0.5423910333173347,0,500-1000m,261.8154538644987,-6.143310828864458,6.143310828864458,2026-02-18
637,25.918843545551244,-119.97868820774062,46.49003572621386,225.40336528402892,38.166821067476384,26.271238137055448,0.4245300679744603,1,500-1000m,238.95019712674787,-13.546831842718944,13.546831842718944,2026-02-18
1606,20.32243944768274,-118.10719856269208,48.71452224846158,93.82536319751578,24.14302802377989,13.982693961443651,0.3918619074977956,4,1500-2000m,96.07193067862319,-2.2465674811074052,2.2465674811074052,2026-02-18
56,3.081516281119321,-123.02159336361598,45.24723384275689,116.96194755791288,28.46806905628312,16.864756988682082,0.3584908951214002,0,0-500m,119.9063687365746,-2.9444211786617274,2.9444211786617274,2026-02-18
1831,48.67908619249564,-118.43312881698076,45.36944211244551,81.81474065563586,12.333738079133507,5.413660859406383,0.3868021885137442,0,1500-2000m,69.00055092279608,12.814189732839779,12.814189732839779,2026-02-18
958,21.818257278776905,-122.5886087596658,45.65116395682492,214.55390172305127,39.65465233761044,14.607308016996214,0.449027847973404,0,500-1000m,219.16213632848041,-4.608234605429146,4.608234605429146,2026-02-18
438,8.403121714550826,-122.85440839994008,47.3808513365075,243.01142228524563,32.662726251695254,19.483881079447865,0.5076755430004808,2,0-500m,228.92426124363112,14.087161041614507,14.087161041614507,2026-02-18
1103,14.610215641764308,-122.85013941448304,45.60188908402399,198.15797204669812,36.93699315789943,15.56163736148697,0.3383297510643153,0,1000-1500m,196.6956314098041,1.4623406368940266,1.4623406368940266,2026-02-18
1131,20.85093552987388,-118.29797695838032,48.872305525802936,183.7674033284348,36.22085950929783,19.48686064185512,0.4344056049973536,4,1000-1500m,187.50168982035947,-3.734286491924678,3.734286491924678,2026-02-18
1093,15.833296982238314,-119.3436194551266,46.78685810903408,260.070616342934,43.378175587091086,21.68153674044682,0.4708248120763397,2,1000-1500m,241.30651164775446,18.764104695179526,18.764104695179526,2026-02-18
786,3.884034172706943,-120.33854202661615,47.00607184140067,239.74724485767484,37.61241643352575,20.2276403236327,0.6265729559868591,2,500-1000m,241.6324280455575,-1.8851831878826601,1.8851831878826601,2026-02-18
498,4.827091748006522,-121.48818661113548,45.98663446322163,223.40544748808423,40.30645694059517,23.60454114511986,0.3949061371374725,1,0-500m,226.10366119862869,-2.698213710544451,2.698213710544451,2026-02-18
383,7.281571697478178,-117.85959621430824,46.88384100973894,175.05174039686642,35.42991551971729,18.09842493440639,0.4235674302220998,2,0-500m,188.14293325837855,-13.091192861512127,13.091192861512127,2026-02-18
1353,15.105257459900567,-121.25288424804155,47.647654530548046,123.59788173216266,30.56528387703803,21.489328008171437,0.4680832575901257,3,1000-1500m,123.10877090012278,0.48911083203988426,0.48911083203988426,2026-02-18
584,19.637696912422143,-118.28380392369895,48.00470854781617,233.3806116343974,33.644578494816415,21.874145622464315,0.3777928539019984,3,500-1000m,230.03333945517375,3.3472721792236655,3.3472721792236655,2026-02-18
1791,30.244301018542167,-120.92605564000849,48.01547233083965,14.081034129383056,7.585912378238142,3.281191780395014,0.1599553312811212,3,1500-2000m,25.455500145322038,-11.374466015938982,11.374466015938982,2026-02-18
1518,14.152329349559926,-121.36138899402565,47.31156445077635,62.05123460696558,19.565676825954124,10.64032961262736,0.348196302995288,2,1500-2000m,69.67788882285959,-7.626654215894007,7.626654215894007,2026-02-18
107,4.817779731091469,-120.76124150031276,48.61743909997543,125.90193481279314,26.73324439415984,17.445436438398733,0.3887811329103425,4,0-500m,124.99212233408988,0.9098124787032589,0.9098124787032589,2026-02-18
131,15.70901782206772,-121.890354880851,48.26963138922444,154.5441297299869,33.45053348843975,16.566757206738927,0.5009606115018189,4,0-500m,155.68440758970138,-1.1402778597144732,1.1402778597144732,2026-02-18
1500,10.41903678177693,-118.76673433876624,48.0281924587945,54.99131433316816,18.943373534823724,11.375293815947884,0.3482016308305855,3,1000-1500m,63.54740342144425,-8.556089088276089,8.556089088276089,2026-02-18
567,29.831522904512763,-120.48095726935264,45.22242208672184,232.3930021735625,39.7549721218867,21.94954975192808,0.6441155245111979,0,500-1000m,239.3497560510577,-6.956753877495203,6.956753877495203,2026-02-18
487,7.4974070337968435,-122.37451113397228,45.0275118488786,226.6430920204089,40.08142399652662,24.606104073918356,0.7050976702637508,0,0-500m,227.65531617786144,-1.0122241574525503,1.0122241574525503,2026-02-18
719,18.06673512442653,-117.702977987078,45.84978910878189,241.52683033632695,40.42957707810198,20.325263147354484,0.4325321449187334,1,500-1000m,252.11482211721236,-10.587991780885403,10.587991780885403,2026-02-18
1360,22.73694387597091,-121.31276145038753,47.65409437565381,124.79703305142604,24.28172811020461,11.905405859009514,0.4111906501202673,3,1000-1500m,114.28996086104375,10.507072190382289,10.507072190382289,2026-02-18
339,35.950815015429484,-120.19512997220208,46.644789955530186,186.97640227161705,36.51896130530279,18.179980292021455,0.4835456724053458,2,0-500m,192.01613495818896,-5.039732686571909,5.039732686571909,2026-02-18
707,9.950790943216283,-117.65469522324815,46.60962503719725,267.9963713193099,39.639833471651805,19.295524861610648,0.4556948718313638,2,500-1000m,258.2073473515617,9.789023967748221,9.789023967748221,2026-02-18
211,6.075668476038215,-119.63033402860204,48.53834755291845,131.03309808907116,33.57871001197455,15.80134994231032,0.3861616680485688,4,0-500m,141.74278457480733,-10.70968648573617,10.70968648573617,2026-02-18
884,6.205804716013117,-123.18171371504144,48.58225139252736,275.61560444057955,46.14951547671183,22.599554598673937,0.5231710731863513,4,500-1000m,270.0201887403461,5.5954157002334455,5.5954157002334455,2026-02-18
487,5.827121473497773,-117.42117513470568,48.63670105621434,230.117511937723,36.41807189960719,18.381138222001624,0.5149475477338048,4,0-500m,231.79367548282508,-1.6761635451020709,1.6761635451020709,2026-02-18
1262,9.825029497775208,-119.60604362850007,46.25551230606011,163.2243850426083,32.601716323801604,12.776659723893944,0.2885315520166083,1,1000-1500m,154.3800059586427,8.844379083965606,8.844379083965606,2026-02-18
400,3.957274759503821,-121.6556606974004,47.764223250957045,194.60679710112865,30.45923193816201,13.679954272787365,0.3542568688267295,3,0-500m,184.45371276509167,10.153084336036983,10.153084336036983,2026-02-18
805,9.498161978401908,-123.02509549135628,46.08653272509748,266.98547463916447,42.12808107336792,20.61001330762028,0.5123917483955535,1,500-1000m,267.04267914024575,-0.05720450108128716,0.05720450108128716,2026-02-18
11,5.778482628894543,-118.44182367510793,45.7624393322978,89.96781900091341,28.01726557207108,12.160757371227875,0.4532740177306961,0,0-500m,99.84045671074144,-9.872637709828027,9.872637709828027,2026-02-18
708,17.25279295237409,-119.6594907085004,45.73852982938948,236.18119462146748,40.01016714998849,26.607266259019543,0.7214980430896466,0,500-1000m,248.31657461918846,-12.135379997720975,12.135379997720975,2026-02-18
2198,19.42138743238785,-120.26577235616575,46.368430483454375,62.41399469200551,21.75527518550047,11.287578252221971,0.2498780844362705,1,2000m+,69.05292660920692,-6.638931917201411,6.638931917201411,2026-02-18
592,3.3310813407735336,-117.7427519186433,46.71983047911929,250.64815166860643,44.83731735406019,22.985441065668788,0.5509293475227078,2,500-1000m,255.79562466529998,-5.147472996693551,5.147472996693551,2026-02-18
194,7.5366115446313025,-118.47981952142828,48.32379668422028,139.1703343262989,29.65659321014856,10.199383922983442,0.3542250781463383,4,0-500m,142.11593360892485,-2.945599282625949,2.945599282625949,2026-02-18
833,20.23780188417356,-122.93827584187076,45.479564373890845,286.1842306220477,47.04323945607562,25.415808006788,0.5923161034763955,0,500-1000m,279.3923980826075,6.791832539440236,6.791832539440236,2026-02-18
320,1.6338191282435397,-121.81794552543116,47.93970338957958,152.3062668188586,30.036877996432256,16.037433073364287,0.438804928663342,3,0-500m,159.85894335992018,-7.552676541061572,7.552676541061572,2026-02-18
210,6.8832691802145565,-122.26057602129876,47.12581965675722,121.63469838928208,27.720153153752097,13.6390464754093,0.4012286529122021,2,0-500m,129.5761522953084,-7.941453906026311,7.941453906026311,2026-02-18
2184,30.509168832220627,-118.79237595199126,46.15178137070397,122.53159188230372,21.73711054011778,8.864458500166489,0.4782140805092424,1,2000m+,105.06055581224811,17.471036070055604,17.471036070055604,2026-02-18
989,19.851086260246777,-123.76527295684954,46.9712783381313,224.09844599512303,35.717264316895246,19.59784068659089,0.4179037486722134,2,500-1000m,214.2040482998853,9.894397695237728,9.894397695237728,2026-02-18
595,15.473037096873604,-120.01077220590078,46.19976827910809,205.19921635599223,35.26242237150031,19.7390294536106,0.488170007626224,1,500-1000m,221.53608443706094,-16.3368680810687,16.3368680810687,2026-02-18
344,26.327388036849484,-118.66278919981517,47.38432782095322,200.85175750478396,38.003583300612405,16.313535199218986,0.3755539421296224,2,0-500m,198.43269391380727,2.419063590976691,2.419063590976691,2026-02-18
373,3.080226692192872,-117.86264054266776,46.73537569142098,203.2926974787592,32.42360874212513,14.957814932193214,0.5313425872992401,2,0-500m,195.8512397726967,7.441457706062522,7.441457706062522,2026-02-18
396,2.294588447702849,-121.60542775898864,45.65762211631552,150.7628609779185,31.138030988484964,16.155813026666504,0.4300909574709283,0,0-500m,165.56448928382855,-14.801628305910043,14.801628305910043,2026-02-18
748,9.0754052575214,-118.25119886729593,45.46633229822279,249.1096800568751,34.829879040952505,19.098055451569973,0.3722943158785403,0,500-1000m,239.03710267598268,10.072577380892426,10.072577380892426,2026-02-18
1599,10.559885025024414,-123.22557784131357,47.18678272828852,86.66403849065041,20.701532712093652,9.107049212600687,0.2449095885592563,2,1500-2000m,85.60593825113303,1.0581002395173869,1.0581002395173869,2026-02-18
547,1.6485276579905694,-118.07483395785836,48.609652133144415,262.19561271415813,38.99610230158044,15.681535105770248,0.4984844060236793,4,500-1000m,256.2147099051843,5.980902808973838,5.980902808973838,2026-02-18
159,0.9274099368729608,-123.10757936367612,46.37583074623074,159.688008709982,37.21174474569151,20.374549184803385,0.4814382068140679,1,0-500m,156.2052513150162,3.4827573949658017,3.4827573949658017,2026-02-18
582,9.783784635351587,-121.21898896607745,47.93200042889049,252.64246150480264,38.030117269216944,18.46058093735706,0.4244030161206878,3,500-1000m,244.20669831376512,8.435763191037523,8.435763191037523,2026-02-18
653,2.796261975233542,-118.41893243954313,47.63464541975907,284.25279617178944,42.45009515886074,23.787493055410064,0.4475506303699737,3,500-1000m,270.41180980023233,13.840986371557108,13.840986371557108,2026-02-18
1767,39.59753292583824,-122.95057800855858,48.72621965723793,78.23775509315105,23.977811535010225,11.90233340903272,0.2246954263599703,4,1500-2000m,78.06735924672282,0.17039584642823513,0.17039584642823513,2026-02-18
1664,30.56794549771686,-122.39524023337152,48.283924069196566,62.936994619066624,16.013129890404045,4.835941390038945,0.5281529956471294,4,1500-2000m,63.19538369301897,-0.258389073952344,0.258389073952344,2026-02-18
760,4.170857646989232,-118.94423202124854,47.26642103562185,234.072027063341,40.66995191953964,21.76869528579389,0.5266929178793748,2,500-1000m,247.90896727246465,-13.83694020912364,13.83694020912364,2026-02-18
1353,5.870238261681747,-118.95974424417749,47.62812199293643,126.2643591889103,27.119715343502357,18.732825365588504,0.5178905695326086,3,1000-1500m,125.21032056138318,1.0540386275271203,1.0540386275271203,2026-02-18
517,3.899769367225151,-119.51196656980292,48.59354586633614,188.47891139432733,31.593550961695662,12.804094766279798,0.3505893023840673,4,500-1000m,195.82717102284607,-7.348259628518747,7.348259628518747,2026-02-18
309,2.840015019667034,-119.1423608887303,46.59807513834774,194.5994072209572,32.747835662959346,16.900645583510777,0.453178332394449,1,0-500m,183.85894479366874,10.740462427288463,10.740462427288463,2026-02-18
965,19.364740254506188,-120.20092889656682,46.30717882343111,188.2543648912271,37.42467317569472,20.557323234336483,0.5967287999754878,1,500-1000m,198.95357459367392,-10.699209702446808,10.699209702446808,2026-02-18
667,2.74760103225708,-122.23740658765134,45.04324433454079,250.23702285655096,38.40650750667657,20.58086954916161,0.5180708813427339,0,500-1000m,247.45420413488725,2.782818721663716,2.782818721663716,2026-02-18
1379,9.673701236390688,-121.58012804547256,48.306204296765856,121.10289492191131,29.502842483501464,16.47998623692989,0.441627086472933,4,1000-1500m,117.05520005160575,4.047694870305563,4.047694870305563,2026-02-18
979,19.9432376022015,-122.72881598239002,48.20392280161346,242.28902149965572,39.96471112041083,21.435186600140803,0.5440260320008291,4,500-1000m,232.08179578557298,10.207225714082739,10.207225714082739,2026-02-18
998,9.5657581610738,-117.6408460706646,45.41781807240061,157.66693698899212,28.41558843123956,11.522866895658392,0.3321327425286758,0,500-1000m,166.7704934275855,-9.103556438593387,9.103556438593387,2026-02-18
967,22.37374414337731,-119.91625743663715,47.3074295245308,195.18699556539724,35.251746733234526,20.319100087115288,0.4852634866719921,2,500-1000m,199.07794007103647,-3.890944505639226,3.890944505639226,2026-02-18
931,9.982467651367188,-121.19404008265452,46.855926792667546,226.63007350618744,45.92205398842248,24.013154366632417,0.5505280917497469,2,500-1000m,237.77368431917918,-11.143610812991739,11.143610812991739,2026-02-18
713,1.6273044503066072,-120.76595937449108,45.47483638203644,244.9762027538825,40.31475682637004,22.04844422045611,0.4752534986949752,0,500-1000m,249.06571087986336,-4.0895081259808705,4.0895081259808705,2026-02-18
920,3.285511462951232,-117.3690166227173,48.922272908242896,249.85831553323663,37.73224832062568,24.921080573995024,0.3513272540152307,4,500-1000m,239.76968969553027,10.08862583770636,10.08862583770636,2026-02-18
971,16.001200947016226,-122.92654017818744,45.85878354985342,162.02166740483193,33.06092559042481,14.380288399349723,0.3760812021638017,1,500-1000m,173.3844355907079,-11.362768185875979,11.362768185875979,2026-02-18
1510,18.60396073518069,-119.8963911758824,45.26893672036225,102.09202312171874,22.933151959878767,7.916102536398323,0.4632665356024538,0,1500-2000m,99.73138206280782,2.3606410589109146,2.3606410589109146,2026-02-18
395,1.354889455998,-120.45877924780874,47.37938951800764,214.71936031096317,32.545653050531264,16.995786890738287,0.460872031851425,2,0-500m,203.25800630187157,11.461354009091593,11.461354009091593,2026-02-18
1344,32.23530405036724,-119.71982035195748,47.95546670853213,115.488187053645,27.41556115000697,13.477107869734397,0.3593854053411851,3,1000-1500m,117.85537491713735,-2.3671878634923473,2.3671878634923473,2026-02-18
0,9.195145327246015,-123.87322871325412,45.12977378418875,132.91043408042165,24.899817004516027,10.99630221113594,0.4186423422571249,0,,123.59336485964235,9.317069220779302,9.317069220779302,2026-02-18
45,1.6873578036453716,-117.89513263739094,47.63487055490809,81.61850016386347,25.68758525675724,6.950821369357769,0.2950460810910914,3,0-500m,89.14815388542256,-7.529653721559086,7.529653721559086,2026-02-18
1495,27.615684509277344,-117.47517202261471,47.12916750380582,122.0813118837562,30.90091379629061,15.020848936490914,0.3753016010312127,2,1000-1500m,123.05851102272034,-0.9771991389641386,0.9771991389641386,2026-02-18
105,1.3541695519071282,-120.04406771487554,45.4130600355002,106.10552752145853,27.210659770669267,16.24818303481721,0.569674220140335,0,0-500m,119.99814504130165,-13.892617519843128,13.892617519843128,2026-02-18
855,10.127534421171848,-119.12344423286176,45.69009550778545,261.6459343096366,41.48313106236058,20.63942671440972,0.5490816060290676,0,500-1000m,259.375887345764,2.2700469638725735,2.2700469638725735,2026-02-18
0,0.0,-117.54250433175892,47.27189718926432,97.24941027865783,20.564773146902912,8.744593672162338,0.4079511995932738,2,,94.13440606063324,3.1150042180245947,3.1150042180245947,2026-02-18
1121,47.37230556042203,-119.0493295598062,46.185430454053154,188.94626308922145,35.87620677561791,20.275059890615523,0.5491324868442159,1,1000-1500m,193.8414199795921,-4.895156890370657,4.895156890370657,2026-02-18
759,39.52146514382962,-122.93222669960016,48.75326291460527,277.0227965383059,39.84813051864597,21.80727902767094,0.4543789433155883,4,500-1000m,266.5693953418655,10.453401196440382,10.453401196440382,2026-02-18
888,5.585481049810427,-119.9659814788323,48.274960917936205,199.6679684585839,39.71431436936652,25.33827915736725,0.4785668235673475,4,500-1000m,216.84563706102298,-17.17766860243907,17.17766860243907,2026-02-18
118,15.601105404457194,-119.75299467532,48.934268826054655,122.57306218052246,22.24003958525301,10.576894096574485,0.5950091652499474,4,0-500m,122.7459655502301,-0.1729033697076403,0.1729033697076403,2026-02-18
549,2.7802885155287558,-121.03108530088328,46.03868335580166,241.99885740740453,44.92812414190487,21.842745747435316,0.4210863094078246,1,500-1000m,248.56337424601196,-6.564516838607432,6.564516838607432,2026-02-18
1792,23.93930053710937,-118.84489035062694,48.87889453119191,75.5798066196517,20.083869217375803,8.931214755506208,0.3306417855906913,4,1500-2000m,75.6386701375985,-0.05886351794679001,0.05886351794679001,2026-02-18
544,11.078527034243658,-117.4594308966169,46.72493547916624,224.4123257731212,35.899428080486096,14.650239073948732,0.632407354899735,2,500-1000m,231.11523261007548,-6.70290683695427,6.70290683695427,2026-02-18
1509,6.816941918440355,-117.52102040965256,46.39007518125502,139.41769590537166,25.19471308284107,9.568840316698388,0.5324827420768825,1,1500-2000m,123.37341857115928,16.04427733421238,16.04427733421238,2026-02-18
524,4.58756662127179,-120.84412440017108,45.20139810787741,244.25105380966767,42.02123131631923,23.14359174701945,0.5017807013281291,0,500-1000m,245.53694459860665,-1.2858907889389855,1.2858907889389855,2026-02-18
40,12.0771532669988,-123.20733367911473,45.21106103143841,150.39333807334762,32.030719358159246,11.51488252079966,0.4442663275824562,0,0-500m,142.59671069376694,7.796627379580684,7.796627379580684,2026-02-18
943,16.507053099944894,-117.10611160726366,47.76804502378662,207.9039442383698,39.36480397932129,17.598675282635128,0.5854318693486285,3,500-1000m,217.572829914507,-9.668885676137194,9.668885676137194,2026-02-18
864,39.82361225438391,-118.12771339487846,46.83171597773611,215.09527666165235,37.0859799702767,21.100754851451683,0.5698492164537013,2,500-1000m,227.30526414514702,-12.209987483494672,12.209987483494672,2026-02-18
1911,29.6066389218661,-123.12736123157713,45.906086504144426,83.81630536116648,19.63691333356975,8.619451687758563,0.2826873662003109,1,1500-2000m,77.11040139213003,6.705903969036456,6.705903969036456,2026-02-18
83,17.23546329344573,-117.5541068216784,47.45588122530093,105.17887532938772,25.08075468480876,10.574469728702526,0.4512193024946684,3,0-500m,110.9291044981917,-5.750229168803983,5.750229168803983,2026-02-18
85,1.6239181234397049,-117.91072546556512,46.01143247300045,179.40229712777727,29.596489374167756,15.148033224177462,0.4786215828268689,1,0-500m,164.43179691303556,14.970500214741719,14.970500214741719,2026-02-18
926,12.37798258516775,-120.36813360011747,47.31052701737769,232.8741827243614,38.48011489653398,19.104491592644,0.4140299731184447,2,500-1000m,229.39934408692704,3.4748386374343454,3.4748386374343454,2026-02-18
632,13.747789069554472,-119.8610719497855,46.43683498793076,285.51629860565487,40.15211675121824,24.788793162045025,0.5756950269729048,1,500-1000m,268.47940836215497,17.036890243499897,17.036890243499897,2026-02-18
851,6.574156896431262,-121.20698107290907,48.29420890644728,238.7037710678567,44.05027881620264,20.349822225715904,0.5033962749925681,4,500-1000m,251.92905198816396,-13.225280920307256,13.225280920307256,2026-02-18
613,9.291709383429728,-123.61666852824578,48.28278464306712,246.48045831322864,41.84108664063987,18.172779899722784,0.465748167560405,4,500-1000m,256.9382467000101,-10.45778838678146,10.45778838678146,2026-02-18
118,4.527541187135406,-121.6536193084787,46.90940159248961,125.66255658568228,26.0443544766022,10.912216462720744,0.1882142781374239,2,0-500m,121.41209379591241,4.25046278976987,4.25046278976987,2026-02-18
322,1.8543341688295631,-118.38002585981393,46.40327643734006,190.5312740523387,33.22061005019339,11.42428110911968,0.5471839900978309,1,0-500m,186.49921382268099,4.032060229657702,4.032060229657702,2026-02-18
1154,5.393487260678215,-123.96757583896778,46.45023918623638,180.16426201644364,37.62597647398844,22.815245173989734,0.3302770792510547,1,1000-1500m,179.67344135687267,0.49082065957097143,0.49082065957097143,2026-02-18
829,17.826343283413742,-121.665505798162,48.22285810267287,245.3546959844722,37.9010587553728,18.388188082839783,0.4664179625597818,4,500-1000m,238.909192419238,6.4455035652341905,6.4455035652341905,2026-02-18
195,14.566771350308866,-121.2128191448634,46.31271793119045,127.87930949632266,27.260063270306603,16.02448827032613,0.5217601902107691,1,0-500m,132.8187736040561,-4.939464107733443,4.939464107733443,2026-02-18
1261,12.842120244214405,-120.23823077943456,45.83623749482739,104.41782258554396,26.589193388021723,9.809519343586544,0.4144710289782614,1,1000-1500m,114.11205240459614,-9.694229819052183,9.694229819052183,2026-02-18
680,9.476591187094922,-117.56101068511067,45.338753367501226,257.7952462095259,38.42378478181726,19.76357079851119,0.5170215559906729,0,500-1000m,250.13682885022445,7.658417359301438,7.658417359301438,2026-02-18
716,0.0,-121.57557803943828,46.86677248353763,274.1398424885549,46.7363976896587,23.946809556884496,0.5811268275139397,2,500-1000m,273.192956912932,0.9468855756229004,0.9468855756229004,2026-02-18
666,18.760311126708984,-121.5713275867264,46.928528395679365,270.6182782689846,42.96907716309145,19.81329626540527,0.5370531200142883,2,500-1000m,264.007083270479,6.611194998505653,6.611194998505653,2026-02-18
638,22.498880680112038,-118.83749126323175,48.36363484161163,256.8080505589664,46.56543572049529,18.93778125327562,0.4600853713352781,4,500-1000m,264.31002362967394,-7.50197307070755,7.50197307070755,2026-02-18
387,4.812360678939489,-120.83447441377136,45.88495478578426,186.638353182951,34.65187255334324,17.863329699374745,0.4457158583663844,1,0-500m,193.86185300220941,-7.223499819258421,7.223499819258421,2026-02-18
455,0.0,-122.42776623942012,46.5239650946736,225.2479879830941,48.15307168669784,27.453043686997564,0.6964960110443719,1,0-500m,231.40530211799302,-6.157314134898911,6.157314134898911,2026-02-18
610,11.693483327265495,-120.83292338707116,48.233622955574766,268.55658821660603,43.33712175392183,21.194689608591982,0.3679426982519996,4,500-1000m,264.1342645583185,4.422323658287553,4.422323658287553,2026-02-18
1170,34.8558768770633,-123.0140008573414,48.29449444299589,153.47218658573627,31.56961939763747,14.558853664425705,0.4162465225392978,4,1000-1500m,157.05997503474805,-3.587788449011782,3.587788449011782,2026-02-18
497,37.09360516008425,-122.76529109445644,46.53844430391507,235.4551108303326,34.638994611565856,18.21043530822841,0.4950079094807272,1,0-500m,232.65228757065452,2.802823259678064,2.802823259678064,2026-02-18
441,0.9274099368729608,-120.51142559082363,46.83649609314672,213.8761902614062,38.26101145266754,14.628778939621627,0.6319351724015287,2,0-500m,213.6477265166155,0.22846374479070164,0.22846374479070164,2026-02-18
772,14.469533143873084,-121.06752185346816,46.21314356339713,279.19343395209194,37.81563649733143,19.924368696625056,0.4564571791858957,1,500-1000m,260.13942982636996,19.054004125721974,19.054004125721974,2026-02-18
776,0.9274099368611016,-117.59607869252328,48.73021951367725,244.93394699330037,39.08011062449182,21.71824425702707,0.5439575606499201,4,500-1000m,247.19878715070584,-2.264840157405473,2.264840157405473,2026-02-18
696,30.757166012569787,-121.46324270618356,45.47457506296632,264.62687089279603,40.47460072120196,18.447543132967837,0.417426920870025,0,500-1000m,259.1004682794189,5.526402613377115,5.526402613377115,2026-02-18
1466,22.53181567931512,-119.9358815480537,48.73499769200588,107.07831339536432,28.10882507545184,13.403991478335874,0.4787178500597173,4,1000-1500m,111.54391091534139,-4.4655975199770666,4.4655975199770666,2026-02-18
362,9.29084960801136,-119.57414998456328,47.73546580734137,212.11326053952916,36.10022478328981,15.24077189306648,0.586492050329094,3,0-500m,210.44947754762424,1.6637829919049238,1.6637829919049238,2026-02-18
764,1.645009066352257,-123.90833880388166,47.126288610746926,294.47202693542243,42.6818757167039,24.505851683272567,0.4706537507109604,2,500-1000m,286.7927695120013,7.67925742342112,7.67925742342112,2026-02-18
0,0.0,-119.35523839588302,45.13063624313799,122.2408609958934,24.260863665326287,14.314158331303672,0.481638198164441,0,,116.40301089853196,5.837850097361439,5.837850097361439,2026-02-18
121,15.517844514060236,-122.75374823191174,46.902384767288034,142.06713766338453,28.25118853837349,11.901146599702937,0.5037840351063689,2,0-500m,136.58066277159293,5.486474891791602,5.486474891791602,2026-02-18
310,4.121834695067857,-117.2725077777138,46.63099242001093,141.20383951300448,27.473281669847523,15.052887872593274,0.2534840963505753,2,0-500m,148.65580570631053,-7.451966193306049,7.451966193306049,2026-02-18
575,12.835438741123635,-122.9593609057282,45.64487524790049,264.2544499140216,47.948629206161456,22.67139558010152,0.479514705380381,0,500-1000m,270.2653157227978,-6.010865808776202,6.010865808776202,2026-02-18
1093,15.601784876458956,-121.09763113391084,47.62563841400263,234.3865877476043,36.20191973934274,18.73909479708477,0.5417495143948701,3,1000-1500m,219.734908349379,14.651679398225298,14.651679398225298,2026-02-18
754,1.3861191996253746,-123.4025523234495,48.88460362947314,237.162402293715,35.41356106408803,21.586280426484542,0.3197065884442679,4,500-1000m,229.29903514528914,7.863367148425851,7.863367148425851,2026-02-18
1043,7.6887529359828735,-117.02188023707836,47.2487552442581,166.94538178940542,30.293492715962334,16.973060534044443,0.380532001145606,2,1000-1500m,175.64965094022452,-8.704269150819101,8.704269150819101,2026-02-18
913,30.390898317185663,-120.4846349276813,47.85901310577578,224.7605411010313,42.1618240804315,22.07883183099293,0.5469775674024976,3,500-1000m,231.24019013379709,-6.479649032765792,6.479649032765792,2026-02-18
1256,3.117448168296991,-119.83230487875969,45.27380181026407,157.8006939492572,24.634739772876152,17.05570596444895,0.3973198693067332,0,1000-1500m,144.43382326137743,13.366870687879782,13.366870687879782,2026-02-18
34,7.851713193416946,-123.530464658281,46.670667983267975,123.6494658532256,32.07234859012009,12.401788325641268,0.2995460504805476,2,0-500m,125.40706080605122,-1.7575949528256132,1.7575949528256132,2026-02-18
988,8.344222983019403,-118.75027670720576,45.46543394065798,197.24854528122387,32.467242834133486,18.985264002970748,0.5238431277581611,0,500-1000m,198.00028316646996,-0.7517378852460865,0.7517378852460865,2026-02-18
44,6.607378377908822,-122.5306608483309,47.45118334214604,111.2888614961756,22.076019007465085,11.943228662272656,0.3969594271452312,3,0-500m,106.07410637008238,5.214755126093223,5.214755126093223,2026-02-18
148,15.025267508430002,-117.713619973915,48.75392863285662,159.1303613068664,26.924993281074897,15.730888296704723,0.5651158614141478,4,0-500m,151.68860580212902,7.441755504737387,7.441755504737387,2026-02-18
1810,27.62096147124955,-122.56402251662595,47.64711092988655,98.11834719250449,25.300973931164883,11.559998958526256,0.4167171657130679,3,1500-2000m,95.76273946257673,2.3556077299277547,2.3556077299277547,2026-02-18
240,16.29379441661186,-122.66518595535432,45.30721219325768,217.9340760003076,35.29263392177776,18.021559027068868,0.4668406163455285,0,0-500m,196.96097133901483,20.97310466129278,20.97310466129278,2026-02-18
172,1.854334168853263,-123.74415232506334,46.41866481994033,164.15889038951502,32.71308859452456,16.637387375818708,0.4218099052179461,1,0-500m,161.76967942381944,2.3892109656955824,2.3892109656955824,2026-02-18
668,7.655747820919202,-120.69553138423,47.20265351776341,268.1034082900308,41.927192687088834,19.170022206423077,0.6729094192701219,2,500-1000m,267.2694244553141,0.8339838347167188,0.8339838347167188,2026-02-18
789,10.039778003964464,-120.04611206716169,46.61283102453301,269.75443902925474,33.54670045323334,15.580838554816212,0.4468110548010049,2,500-1000m,250.85691804229043,18.89752098696431,18.89752098696431,2026-02-18
447,13.96916898908123,-123.54003952400151,48.33457604190069,210.6159332600529,36.72020025789439,17.18679441319373,0.5842686359781314,4,0-500m,209.3224612863597,1.2934719736932152,1.2934719736932152,2026-02-18
1272,29.638814594959204,-118.57130668313492,48.25868401883996,104.18471338463848,25.91185100056618,14.708294971249522,0.5277112831665429,4,1000-1500m,112.24009571555425,-8.055382330915762,8.055382330915762,2026-02-18
624,7.501323019239441,-120.8269781567638,47.44732408041288,260.18788198095683,36.787852999770514,18.011400740314112,0.4546975846942069,3,500-1000m,248.03013884962564,12.157743131331188,12.157743131331188,2026-02-18
1320,7.88848993261795,-120.32926811470692,46.49383178053082,130.94534821203794,23.440120434107783,18.729137591033524,0.3568254783991759,1,1000-1500m,125.39099767088287,5.554350541155074,5.554350541155074,2026-02-18
20,0.0,-120.9146607714324,46.02134549505298,73.43193765031148,19.812535096810592,5.154496342300414,0.4053804071582437,1,0-500m,81.34084389434571,-7.9089062440342275,7.9089062440342275,2026-02-18
505,1.8543341688295631,-121.19465857387272,45.42349727285252,221.54351788902025,43.51923675345364,20.23830048627049,0.5853457742106076,0,500-1000m,237.44982875307514,-15.906310864054888,15.906310864054888,2026-02-18
0,20.4212410648796,-120.08251768084249,46.419590733946215,96.1231182200639,28.461294456009856,15.276365747276456,0.3901707346139848,1,,100.18582080146899,-4.062702581405091,4.062702581405091,2026-02-18
369,2.826926538755923,-122.913318278485,46.65269006883088,202.77136172631623,42.26245421524612,19.951288345933374,0.4637150188901187,2,0-500m,208.30809530583636,-5.536733579520131,5.536733579520131,2026-02-18
1465,5.396612330518799,-122.7265030865331,47.70329170041629,90.81172535263951,19.643625584518396,8.99216731823848,0.3903142982407848,3,1000-1500m,90.24624132223713,0.5654840304023878,0.5654840304023878,2026-02-18
1364,20.112400305873106,-117.9675006529054,47.632639297190295,121.9847023201473,28.92024600616464,13.93624603070811,0.4247384170592436,3,1000-1500m,120.00665832325666,1.9780439968906478,1.9780439968906478,2026-02-18
582,1.6209401081103152,-117.37719176506457,45.28043255856503,252.70159838259903,38.82747202291395,19.095420241265565,0.5225704489995858,0,500-1000m,249.94839058156577,2.7532078010332555,2.7532078010332555,2026-02-18
265,13.885542551730758,-121.38683478604172,46.58103726172463,190.9495073599597,37.49929450407006,16.297168870360167,0.4154181415869299,1,0-500m,185.91298854461547,5.0365188153442375,5.0365188153442375,2026-02-18
638,4.609128988376514,-122.10478728799512,45.72711546886945,214.4742977947025,37.082348264289735,17.998733457089536,0.4343923106804583,0,500-1000m,234.20653276488574,-19.732234970183242,19.732234970183242,2026-02-18
574,3.897723089577141,-119.4920031973269,45.627250821267225,290.35278172517815,36.91334222162136,24.908570069527443,0.5147326483059124,0,500-1000m,266.8984863121712,23.454295413006946,23.454295413006946,2026-02-18
438,15.855548516031057,-121.13886080231332,48.309208598948985,252.22281534141544,42.66740446213231,17.903014420463087,0.5278502049807351,4,0-500m,247.51506839953873,4.707746941876707,4.707746941876707,2026-02-18
644,12.186403262626264,-123.8222955103776,45.16766086686503,259.0141097984702,33.932367788947886,18.502742192576616,0.4667891745847679,0,500-1000m,242.66965657729358,16.34445322117662,16.34445322117662,2026-02-18
22,0.9274099368611016,-122.90693181843666,46.67673150360849,124.88137404274414,35.57623150298174,21.765913743929104,0.3849116978491191,2,0-500m,133.49686454084866,-8.61549049810452,8.61549049810452,2026-02-18
733,15.494527207580669,-118.98819439806822,45.67281462306608,274.3813352596518,51.80305414642059,26.83764079367761,0.4575790017026956,0,500-1000m,280.9921949576252,-6.61085969797341,6.61085969797341,2026-02-18
793,35.438083573070706,-119.38753240662894,48.517320862713895,235.44696724434704,37.01363385976622,21.511508151401117,0.3493377344891705,4,500-1000m,236.5891856508499,-1.1422184065028773,1.1422184065028773,2026-02-18
1720,17.54857914588899,-123.8103280524756,47.22816205310014,86.92149568921037,21.96081696044323,8.654672479310369,0.3582407553201782,2,1500-2000m,87.47262964580882,-0.5511339565984485,0.5511339565984485,2026-02-18
1050,6.244122222844646,-122.44619486646936,45.92552254550739,209.72710543068405,37.23305050792663,25.140414389412133,0.4167302094844691,1,1000-1500m,199.60594369171156,10.12116173897249,10.12116173897249,2026-02-18
842,30.05748187574822,-122.3824764238835,47.00970914866551,253.79739548130135,42.0886370062926,22.59089164663319,0.4661734831925351,2,500-1000m,253.9230196552163,-0.12562417391495728,0.12562417391495728,2026-02-18
350,27.38216905214923,-119.2967507948089,47.92594543881246,216.5557701494137,39.67182795860966,22.011131558182345,0.6165913155603897,3,0-500m,214.6063958595049,1.9493742899088033,1.9493742899088033,2026-02-18
194,5.699830231587537,-123.86202623571944,48.83247203567773,147.01357355222066,24.352000464779284,15.758063093785918,0.5463642422663334,4,0-500m,140.18024958869972,6.8333239635209395,6.8333239635209395,2026-02-18
1053,9.195145327246015,-123.27123992610798,45.88178401698168,191.3651775717109,31.515044792731825,17.314347932988277,0.3953175142514916,1,1000-1500m,184.2587353887737,7.106442182937201,7.106442182937201,2026-02-18
1583,14.516582651261702,-118.40058740238769,48.54472708851738,68.76309049076701,22.374697472183755,12.093495865227618,0.3644384442528911,4,1500-2000m,77.13935719639196,-8.376266705624943,8.376266705624943,2026-02-18
996,10.323148896819498,-122.75018736561968,48.73721645666996,197.67156300982492,37.34116248388448,21.80810981967696,0.4952035147958025,4,500-1000m,204.5729722622877,-6.90140925246277,6.90140925246277,2026-02-18
129,3.832605139864266,-119.43077724503688,48.66568217812826,117.35893738701012,24.060546888621523,10.765714539962072,0.3235414949031079,4,0-500m,117.16207536109236,0.1968620259177527,0.1968620259177527,2026-02-18
367,5.601619575604238,-122.33272053267292,47.54165742744764,238.15214099195416,34.89036779734296,15.084631508892436,0.5454141508696395,3,0-500m,226.49455384374497,11.657587148209188,11.657587148209188,2026-02-18
0,0.0,-123.30391025068458,47.51928261773883,111.36715456947216,26.83902347800497,13.907110135466276,0.4630725281538346,3,,115.68248666643517,-4.3153320969630045,4.3153320969630045,2026-02-18
1629,29.76133087187136,-122.29779466300384,46.61284253273529,60.716199823706106,16.724826721214075,11.033042480991648,0.4824770358030602,2,1500-2000m,65.54574183705773,-4.829542013351627,4.829542013351627,2026-02-18
1562,7.834059876277853,-118.9441314770104,48.00959152921515,99.17948293013626,27.33022399161042,14.128567784710825,0.3847016601075247,3,1500-2000m,103.26412658695621,-4.084643656819949,4.084643656819949,2026-02-18
603,0.9274099368729608,-118.010124723256,47.12517607340373,248.55132537792528,44.113253470567386,26.345733085757395,0.3483375689060557,2,500-1000m,252.48668297303578,-3.935357595110503,3.935357595110503,2026-02-18
1429,42.352909325117466,-118.18846094803106,47.70975228491318,25.137406628087504,14.854145863255004,8.033458963729597,0.2299761437877107,3,1000-1500m,39.98582013992054,-14.848413511833037,14.848413511833037,2026-02-18
121,10.876927568979664,-121.2197152926708,46.71383161539518,139.08311605574852,30.28649239578389,14.168746577092683,0.5065316457114863,2,0-500m,138.29361973647812,0.7894963192703983,0.7894963192703983,2026-02-18
903,8.255062646719573,-119.32340404400549,47.92598585617256,193.82842903110625,36.38629966674215,23.03308950315312,0.5061682608991113,3,500-1000m,207.4604677000238,-13.632038668917545,13.632038668917545,2026-02-18
1154,12.565915168248653,-122.56510993208926,48.297886070418194,173.38620139547916,36.28605345322371,22.482868144669546,0.4228927422680388,4,1000-1500m,178.2546691553235,-4.86846775984435,4.86846775984435,2026-02-18
567,6.157449799146667,-121.9479658881729,45.58574502641127,223.6724654049084,35.700291197953945,17.67104135678008,0.3692082422875848,0,500-1000m,229.06768840924045,-5.395223004332053,5.395223004332053,2026-02-18
295,3.704791833671086,-117.72564927035216,48.33171886229691,136.93866677395255,23.32926299000464,10.381757226145917,0.2644347938529404,4,0-500m,129.37686594446473,7.561800829487822,7.561800829487822,2026-02-18
1,2.7802885155642585,-123.90898653542484,47.16118612716123,117.85533864319964,28.51914721087137,16.238457036211766,0.351313643785743,2,0-500m,116.21808679053231,1.6372518526673332,1.6372518526673332,2026-02-18
370,2.294744138332232,-123.40144028401872,48.3786636363609,159.08291232531624,32.53011789011287,16.573232556741537,0.4123216554335364,4,0-500m,168.29563663062214,-9.212724305305898,9.212724305305898,2026-02-18
1525,11.07888248415228,-122.5447962139778,46.72520682536406,80.66036909402253,22.261040396740857,9.27245277249605,0.3953137923527841,2,1500-2000m,83.80734396485903,-3.1469748708365017,3.1469748708365017,2026-02-18
135,1.640770542158416,-123.81427457288326,46.51616194153214,135.31153449140103,28.230005938868512,15.10803113478988,0.3607429760161126,1,0-500m,131.32137386838275,3.9901606230182836,3.9901606230182836,2026-02-18
1473,14.256603666919004,-122.72995195437142,48.66024293006889,111.79724305931576,17.74501111912496,8.353224845588716,0.4937151025351607,4,1000-1500m,98.94205452826017,12.855188531055589,12.855188531055589,2026-02-18
388,12.348847825320547,-119.91870907321216,46.00467707019361,220.56842158043827,48.099804096183085,28.734803403233247,0.3661413227694864,1,0-500m,224.6825055131206,-4.11408393268232,4.11408393268232,2026-02-18
532,12.59785473655316,-121.05002814585252,48.376849301144574,239.8768072568563,49.26719201517348,22.587141138084636,0.5522993708814666,4,500-1000m,251.58245856088095,-11.705651304024656,11.705651304024656,2026-02-18
664,3.324919314511696,-117.75129802246116,46.93608229003762,238.2594107808116,37.74742170626898,21.44404284025199,0.4458941746055578,2,500-1000m,244.8370669571767,-6.577656176365082,6.577656176365082,2026-02-18
559,2.793739730357387,-118.27789506783093,47.05638177020504,294.3354394344539,46.57043796036477,25.458368196988147,0.5226837774912111,2,500-1000m,281.29046868008305,13.044970754370866,13.044970754370866,2026-02-18
0,0.0,-121.60727853811488,46.233873125957935,90.20498275232316,22.920736555697992,11.971437048315458,0.3113022197778842,1,,95.2228376180568,-5.017854865733639,5.017854865733639,2026-02-18
1607,25.90274512053622,-122.18403596598095,47.29216880247606,131.7914220262662,29.135520326963555,13.796301912595684,0.4319936293256665,2,1500-2000m,127.2639853223241,4.527436703942087,4.527436703942087,2026-02-18
314,11.718710100616978,-121.34215314282912,46.30084478510484,167.87049281151957,33.782111656032,19.14211334855466,0.3792426085855624,1,0-500m,169.65879160618772,-1.788298794668151,1.788298794668151,2026-02-18
260,15.716186194134194,-119.86793540239634,45.15707765696661,192.0085938514952,38.94534680998893,26.249094631388427,0.3857227169612849,0,0-500m,194.16490461728645,-2.156310765791261,2.156310765791261,2026-02-18
818,8.31385100793904,-122.12355451423988,46.087994421377424,276.9979307008026,40.17238363016906,16.633663170230786,0.441240512957231,1,500-1000m,264.37711754337886,12.620813157423754,12.620813157423754,2026-02-18
0,0.0,-119.63095764505606,45.025516173626364,79.21615958136574,23.50760653710169,14.263696492733516,0.4512607939125782,0,,92.22470124164096,-13.008541660275213,13.008541660275213,2026-02-18
879,7.879031224936354,-121.13411843466132,48.91341914822743,247.2297497791311,42.75366096453437,22.567346118330004,0.5990809947402694,4,500-1000m,256.79327387101335,-9.563524091882243,9.563524091882243,2026-02-18
385,2.7021541765695063,-120.13566973403614,48.86298883927899,219.91702796123184,28.991856674841152,17.295829146359885,0.5005994971866302,4,0-500m,201.88636348869338,18.03066447253846,18.03066447253846,2026-02-18
1137,10.165537690943514,-120.9471142960528,46.58062118988922,181.37885990445636,39.20772826942973,16.9103155869322,0.6130998122791141,1,1000-1500m,186.61205100194078,-5.233191097484422,5.233191097484422,2026-02-18
11,2.728793212634621,-121.93873968320658,47.91348341735858,101.97897731874689,26.577241502438667,12.818169550085258,0.4921728716700539,3,0-500m,110.16601221702939,-8.187034898282505,8.187034898282505,2026-02-18
685,28.75136472696112,-117.3608268512649,46.3832243936417,267.3870740132885,39.792743427417165,21.42604897623305,0.6256570198774292,1,500-1000m,258.71329780170805,8.673776211580446,8.673776211580446,2026-02-18
1584,18.8209473200894,-118.65475944088168,47.6843726283439,78.03489198548318,20.99597205804445,3.9308753157248937,0.2220600884642014,3,1500-2000m,77.60904959816044,0.4258423873227457,0.4258423873227457,2026-02-18
45,13.387480349517354,-123.01920776963485,48.22172017218392,83.06252202199614,23.36501482505023,14.253271919633573,0.3375890709657138,4,0-500m,86.296229422143,-3.233707400146855,3.233707400146855,2026-02-18
1091,19.12797217711805,-117.9207241687146,48.78702497876896,202.25452386646796,35.22931858166438,16.224151031263112,0.5869909771472532,4,1000-1500m,196.25185136093947,6.002672505528494,6.002672505528494,2026-02-18
806,4.185606428771069,-120.5879816122534,46.60084910339869,238.0971479064367,41.35837208339872,21.51740250576011,0.4975754453033557,2,500-1000m,247.2595962746388,-9.162448368202092,9.162448368202092,2026-02-18
1029,12.555277879891756,-117.73813441174136,48.13319193182419,231.239046062687,31.750662567135524,13.953554913999348,0.3896874764402689,3,1000-1500m,211.20045633936283,20.03858972332418,20.03858972332418,2026-02-18
1613,25.794235782303435,-118.4010132083688,46.06371380252848,101.47654102246582,24.947959726851504,10.615929156970733,0.5158583919807571,1,1500-2000m,99.79772479342093,1.678816229044898,1.678816229044898,2026-02-18
0,8.693863123995188,-121.02350546871536,48.961329215174594,83.03834892796601,25.4546069074783,12.190694381273286,0.5282399358420429,4,,94.47102755541549,-11.432678627449476,11.432678627449476,2026-02-18
1549,4.0427446365356445,-123.84271484175918,45.1030783950574,86.04197708905862,24.63665168491762,13.203093404112591,0.5296506541603735,0,1500-2000m,91.55549768245056,-5.513520593391945,5.513520593391945,2026-02-18
1206,11.09290551168171,-122.11925848430538,47.41411522600448,137.47904791561228,29.728665923647565,15.248550466610553,0.4191456558110476,3,1000-1500m,139.41627040369423,-1.937222488081943,1.937222488081943,2026-02-18
1038,10.682173387047602,-120.20856049737394,47.63802392660531,172.20300534189113,30.333956329142914,16.57427325400641,0.585691253638331,3,1000-1500m,176.24246390089644,-4.039458559005311,4.039458559005311,2026-02-18
623,13.648223386028755,-119.56565246121696,47.75218222829652,268.3170823168077,42.1445161607957,23.00116689333717,0.5165666635713662,3,500-1000m,263.0052985600835,5.311783756724253,5.311783756724253,2026-02-18
1506,29.18977475548638,-122.1947862019676,45.48155031515636,81.42337202927995,17.17819390158584,11.011268727057493,0.3142785532781531,0,1500-2000m,75.47119515852759,5.9521768707523535,5.9521768707523535,2026-02-18
132,12.778033024334997,-123.02450748149025,48.75411913389252,170.31645871529508,33.277548166659464,17.69478939534162,0.4073622257253118,4,0-500m,162.1570530326916,8.159405682603477,8.159405682603477,2026-02-18
831,2.6395120447175584,-118.15548834240492,45.72473311620033,269.58090166020804,41.379338651162975,19.05483525886792,0.7156634983767933,0,500-1000m,262.6157655079323,6.965136152275761,6.965136152275761,2026-02-18
1041,16.783132773595845,-117.10918473507512,47.49101361295936,171.04557321425057,34.68493207981262,12.982537921811634,0.6216143035634307,3,1000-1500m,179.12290154577514,-8.07732833152457,8.07732833152457,2026-02-18
213,9.333285356760909,-120.3201687238812,45.89070431649234,149.2306003460699,35.2685023962867,20.1018577801563,0.2873819191596337,1,0-500m,153.8024988777416,-4.571898531671707,4.571898531671707,2026-02-18
27,18.656576835214416,-122.79824499906188,46.228865668085085,103.73823367713588,27.49745483347745,15.080517180143032,0.5786015172404326,1,0-500m,113.77269461885425,-10.034460941718365,10.034460941718365,2026-02-18
701,2.3110360707212085,-122.0938487143644,47.1858341669125,220.88658365616004,35.09103289650054,17.121445268618587,0.6087396299516956,2,500-1000m,235.81355228267898,-14.926968626518942,14.926968626518942,2026-02-18
777,30.69318699166782,-123.87126526416772,46.668773674258304,279.06273453867743,39.2698472110663,21.118124526780345,0.6281772897331187,2,500-1000m,264.89546706248603,14.167267476191398,14.167267476191398,2026-02-18
137,4.627367496490479,-117.5999083540765,45.640902403906026,154.40239395113548,27.99436131731824,11.587990366360676,0.5337739163548982,0,0-500m,141.75820186560992,12.64419208552556,12.64419208552556,2026-02-18
1063,37.657133027093785,-123.175742419769,45.68374560968339,209.39667283873115,33.87543437819427,25.70948877607712,0.4282532143860903,0,1000-1500m,201.3821459446661,8.014526894065057,8.014526894065057,2026-02-18
684,24.60960392196165,-119.96438467140024,46.6725791526512,248.39107789979755,36.73589886944382,26.041155345204142,0.336297863385487,2,500-1000m,244.1149824665954,4.276095433202158,4.276095433202158,2026-02-18
371,8.044876059832717,-122.08161345518955,48.029131913102006,223.4697405630045,45.20711168676215,22.096168915682096,0.354138480384929,3,0-500m,222.12355232848742,1.3461882345170864,1.3461882345170864,2026-02-18
241,0.9274099368611016,-120.12075398238945,48.59185858739115,152.2526825693475,35.31800913262887,17.9187056741057,0.4694582667322802,4,0-500m,164.7886417832624,-12.535959213914879,12.535959213914879,2026-02-18
277,0.9274099368611016,-119.44005728153697,45.33651064903753,191.37025009921672,33.049876363706,18.28259478799015,0.5221929375767915,0,0-500m,184.34775182692175,7.022498272294968,7.022498272294968,2026-02-18
561,1.3628888338416287,-118.1918073740496,46.57241563023761,291.92604425822657,43.67633269800595,22.31236394219943,0.5225312543326242,1,500-1000m,278.44479878976847,13.481245468458098,13.481245468458098,2026-02-18
158,0.0,-122.55505109767576,45.40098225489151,139.08705056830658,37.83964662488049,19.405291115266067,0.4821255497844128,0,0-500m,147.3716462708391,-8.284595702532528,8.284595702532528,2026-02-18
0,0.0,-123.92302919939064,45.06636992253039,69.87579633717593,13.375686410690632,8.676385939678593,0.2977149481583734,0,,65.07919465963496,4.796601677540963,4.796601677540963,2026-02-18
1290,8.358346987596704,-123.04180058951836,47.646874730575824,116.8035534062941,27.68116153650464,15.477524547978804,0.4067796413525827,3,1000-1500m,120.57809053647614,-3.77453713018204,3.77453713018204,2026-02-18
356,10.463056812142128,-117.69986950706328,47.40979776786635,208.14948189328263,43.81311652946049,27.33397133846269,0.3737775800520889,3,0-500m,211.80996780148848,-3.6604859082058567,3.6604859082058567,2026-02-18
333,29.959518889852813,-117.8827694570624,45.65207645525955,215.5221150895728,38.02490561284287,20.37893046612306,0.5702798454492111,0,0-500m,208.81771592028227,6.704399169290525,6.704399169290525,2026-02-18
331,0.0,-119.81810828480783,45.93525133237225,156.06388299240876,29.29061598685895,16.292316156699894,0.4328441840833949,1,0-500m,164.15623113188747,-8.092348139478702,8.092348139478702,2026-02-18
341,4.627367505919335,-119.79638197696444,45.09483101457808,182.73005809642248,38.657893378531696,18.374298822959904,0.5115667508366852,0,0-500m,186.76967730958324,-4.039619213160762,4.039619213160762,2026-02-18
386,3.305343714003808,-119.3447432781762,48.339788822777614,207.1706058756499,44.61939385169299,22.78506199878452,0.5375991310173751,4,0-500m,212.862009766263,-5.691403890613088,5.691403890613088,2026-02-18
1279,7.822055258731585,-122.77240104963585,48.89876238419421,137.9617648834741,28.386222741706543,13.133333025621935,0.4445228382896157,4,1000-1500m,137.58833980901548,0.3734250744586234,0.3734250744586234,2026-02-18
140,5.615388679237858,-117.59911637852528,45.541838147178765,154.10504018539203,35.166328899366405,21.040197883206325,0.4810063838555629,0,0-500m,155.1260965517688,-1.0210563663767687,1.0210563663767687,2026-02-18
1568,25.938554383309864,-121.06860632575548,45.9259008550612,65.12877852393632,15.517167704306932,16.800670060430747,0.2229088921452958,1,1500-2000m,67.65848314550436,-2.529704621568044,2.529704621568044,2026-02-18
236,1.626514018123591,-121.31803030225352,48.47363809578773,145.4920864516155,30.87886909348599,14.838605424575064,0.3937865326114444,4,0-500m,144.29211404059492,1.1999724110205818,1.1999724110205818,2026-02-18
385,26.51070678785344,-120.36757606302014,48.70585519182474,226.2313891714749,40.72213923847778,17.892055890252976,0.5641628483428863,4,0-500m,220.06236646280547,6.1690227086694165,6.1690227086694165,2026-02-18
1132,11.176910057247252,-123.6712382325746,46.67850953122724,175.1328058890049,31.808825750146813,16.703262572806373,0.5190055667955532,2,1000-1500m,169.3214879094265,5.811317979578405,5.811317979578405,2026-02-18
55,0.9274099368729608,-122.83601641870744,45.2024898890763,125.29449738902952,25.559210248704225,9.50168127982224,0.5098580994742662,0,0-500m,121.63136002705474,3.6631373619747762,3.6631373619747762,2026-02-18
1535,26.099329138296365,-118.8337646850154,45.15756733477128,119.20107406288496,28.82962531285237,11.148633266977631,0.3361990821743448,0,1500-2000m,119.10473797273181,0.09633609015314448,0.09633609015314448,2026-02-18
146,2.6859508580609357,-123.42040932452412,47.29579946427605,135.3370455711066,31.75993122278287,15.915430549010855,0.4889012314869913,2,0-500m,139.4156212272043,-4.078575656097712,4.078575656097712,2026-02-18
491,1.6564582709854516,-119.77793523373528,46.57158043557271,244.3440592707576,36.36833484595864,20.657757558205176,0.3980901721731928,1,0-500m,238.48937543499164,5.854683835765968,5.854683835765968,2026-02-18
598,1.8543341688295631,-122.28255623223076,45.11460971031062,244.7987537611764,37.9527583874382,20.719683112548783,0.5762616389094699,0,500-1000m,244.49730891390897,0.30144484726744736,0.30144484726744736,2026-02-18
656,0.9274099368611016,-121.27493070170615,47.33300956925023,224.9862128463389,39.837241388392016,19.89301823314448,0.5684141764444558,2,500-1000m,240.40392855867248,-15.417715712333575,15.417715712333575,2026-02-18
1119,30.725444870426774,-121.9791438426051,45.04521014635609,136.8035516978606,23.48536798508261,15.954289970539952,0.5110266476278876,0,1000-1500m,129.15652792056164,7.647023777298955,7.647023777298955,2026-02-18
356,9.06314304433046,-121.51029098474535,48.14948783259709,193.9828490757608,31.802863483352745,16.51472189367509,0.591998394938701,3,0-500m,191.1562820509459,2.8265670248149206,2.8265670248149206,2026-02-18
1192,18.86366424083907,-118.96667866371028,46.225731290813485,143.36503448590244,30.835911692376165,14.79150637947141,0.6312188770584295,1,1000-1500m,149.59736643498553,-6.23233194908309,6.23233194908309,2026-02-18
1024,6.711032549795171,-121.92014799063776,45.16103201203693,181.9147026676305,36.94405963091046,20.06499851173017,0.5364744816419997,0,1000-1500m,193.63410294258813,-11.719400274957621,11.719400274957621,2026-02-18
294,0.0,-120.03516751792172,47.353408883932616,181.04464744671608,34.99068991192776,12.35089100075924,0.388698783810289,2,0-500m,180.1659534434916,0.8786940032244956,0.8786940032244956,2026-02-18
207,3.2361121010593523,-120.6676471846063,46.59073765773222,125.82847852088491,27.216774718103835,14.719617091833308,0.532856453751299,1,0-500m,134.01297012129874,-8.184491600413821,8.184491600413821,2026-02-18
652,10.41066534124692,-119.35430184246148,48.8952016534286,261.1321723498852,47.25446214227894,27.46764746390785,0.6252453981792403,4,500-1000m,270.45784551338585,-9.325673163500653,9.325673163500653,2026-02-18
561,12.157564163208008,-117.44219182472668,47.176794650014806,246.12478492228124,40.894634432958256,23.1396330079502,0.6057857439639036,2,500-1000m,248.1377449806276,-2.0129600583463514,2.0129600583463514,2026-02-18
706,6.175514437020318,-118.87199531952824,46.100956724148034,238.97435900084423,37.74576903848513,17.907454410995253,0.5905419535669908,1,500-1000m,242.33611589752013,-3.3617568966758995,3.3617568966758995,2026-02-18
1168,6.134546049983127,-122.49541734986472,47.8377554585359,97.49782303970268,16.39901782491115,3.897457063322257,0.3479744680834974,3,1000-1500m,95.16208045670241,2.3357425830002683,2.3357425830002683,2026-02-18
1123,13.894477173183814,-123.781718054571,46.085968010170845,204.40474027125927,38.2781721190519,20.766338958202045,0.5226007580756473,1,1000-1500m,203.06395323013948,1.3407870411197962,1.3407870411197962,2026-02-18
0,0.0,-122.16415168990122,48.61697316563026,113.27044665838704,24.246650644287893,13.856231921472205,0.4044648449698232,4,,113.8807703790146,-0.6103237206275622,0.6103237206275622,2026-02-18
899,35.85036699181921,-119.83445448509822,46.49888788202951,167.02773285751476,31.264701801558942,19.045274910478724,0.3660762898537931,1,500-1000m,181.71953633847863,-14.69180348096387,14.69180348096387,2026-02-18
324,11.987383482444878,-123.64001930561024,47.19947425110482,171.59256233435414,32.62819422368632,14.288411197600064,0.4337263905717828,2,0-500m,173.30295363482938,-1.7103913004752371,1.7103913004752371,2026-02-18
1028,32.09329325538429,-120.52543626959137,45.20229241529692,206.8969941502296,33.66411400643311,17.666290556919154,0.6115708827832051,0,1000-1500m,205.53201198406282,1.364982166166783,1.364982166166783,2026-02-18
0,0.0,-119.82210005758178,46.70448495180892,99.6509984982767,25.607090270878626,12.113266277124088,0.4058588446645139,2,,106.24693146510266,-6.595932966825956,6.595932966825956,2026-02-18
352,28.110973358154297,-121.66029276428128,48.32945415864398,205.39848922450557,36.04793540623439,20.26992530905519,0.348227034762046,4,0-500m,202.1900554164948,3.208433808010767,3.208433808010767,2026-02-18
628,3.267206216714076,-118.60361457377924,48.22259522145337,231.97426261929664,48.2754444459745,27.795368507019795,0.3672246775255554,4,500-1000m,251.1587199442996,-19.184457325002967,19.184457325002967,2026-02-18
541,8.509441679361878,-123.2538122280636,45.8972742354141,247.06696461546025,37.9667721195388,13.987388240464098,0.5689392429755225,1,500-1000m,244.20857432349487,2.858390291965378,2.858390291965378,2026-02-18
1002,11.761782783680625,-123.47403552784934,45.90431628404225,203.64129874810905,37.33994492331156,16.041145514910866,0.4671785402450539,1,1000-1500m,203.3384817777078,0.30281697040123845,0.30281697040123845,2026-02-18
2020,7.49237480196853,-118.90267870657478,48.26922124885294,75.5926555175432,18.336825217819445,8.584511468671217,0.4316019258188069,4,2000m+,72.8101792975515,2.7824762199916933,2.7824762199916933,2026-02-18
145,2.759166836677227,-120.5315607865566,48.7215936806773,126.976570773242,30.185520474428024,17.064007392458336,0.3916752583160426,4,0-500m,131.8065359266878,-4.829965153445784,4.829965153445784,2026-02-18
2439,29.01589492809245,-119.18118322500584,45.381443685092016,84.99499311689671,18.74911256649264,6.829943791700889,0.423251500370763,0,2000m+,80.42918207756824,4.565811039328466,4.565811039328466,2026-02-18
377,3.895995024298514,-120.95620862977378,46.8002345577049,221.9043217442412,38.36511767677135,19.08168281770805,0.648012913257435,2,0-500m,219.02994324671943,2.874378497521775,2.874378497521775,2026-02-18
1079,22.752475699609285,-122.27518576732624,46.34981711585692,168.07805208686904,32.86096019759686,14.342344839119916,0.4076968808923767,1,1000-1500m,165.4506103122084,2.627441774660639,2.627441774660639,2026-02-18
1028,26.50782223107519,-118.2662837762806,48.48275382182976,186.87130026869835,36.10874904770798,20.235815116109983,0.5123484359979089,4,1000-1500m,196.06698192829276,-9.195681659594413,9.195681659594413,2026-02-18
1052,4.627367505919335,-118.40408884721714,45.33409965872008,193.669319697904,28.781716343927787,12.694322110175554,0.6593486393068396,0,1000-1500m,192.97962697086572,0.6896927270382776,0.6896927270382776,2026-02-18
373,1.6473293952874974,-119.13712470401902,45.84450377023215,194.35563060455056,37.44329723880423,16.425977334186,0.4817240497415624,1,0-500m,200.15608270030782,-5.800452095757265,5.800452095757265,2026-02-18
0,0.0,-122.09498403939024,48.00987335034598,114.99457307439624,26.41149123634872,15.532961832728375,0.3447510078188691,3,,115.10427681821544,-0.10970374381919612,0.10970374381919612,2026-02-18
776,1.8543341688295631,-119.8683853319164,45.20517539592486,273.84622207062563,46.43903231217511,26.267955929906684,0.4821632758748592,0,500-1000m,270.9712965748568,2.874925495768821,2.874925495768821,2026-02-18
682,16.451398639290144,-121.47318272141982,46.97014152285716,292.0465936714296,40.728193622481975,22.754011049264548,0.4683993582032305,2,500-1000m,270.5599990564947,21.486594614934916,21.486594614934916,2026-02-18
668,6.02137625819559,-123.35892548671356,46.76842813871888,256.3531241831734,40.55951681894783,18.98786297888974,0.5208511222754587,2,500-1000m,247.747193733091,8.605930450082411,8.605930450082411,2026-02-18
1048,12.996280670166016,-117.5788049717643,46.337604715955,133.95778649291566,25.162251455319257,8.886115578313357,0.4813091442434368,1,1000-1500m,133.25760354418648,0.7001829487291786,0.7001829487291786,2026-02-18
186,4.1633187596603145,-123.04226958356728,46.57828926127569,140.8223115531022,26.42813496321106,10.94238089983908,0.3527144470683784,1,0-500m,133.2919667583052,7.530344794797003,7.530344794797003,2026-02-18
614,17.353166827783287,-117.34833852325438,47.11976234772093,263.5996387891787,43.7501770727157,23.48282265458764,0.5103823807419069,2,500-1000m,260.4513862631082,3.1482525260705074,3.1482525260705074,2026-02-18
773,5.314830955673736,-120.8779595892943,45.64546943355353,251.5298490338324,42.5021705426077,18.235835376521493,0.3835436430548501,0,500-1000m,258.66200202121547,-7.13215298738308,7.13215298738308,2026-02-18
889,12.769178384018852,-122.70406949812966,47.28798351313437,232.2029272316837,38.5215885366597,22.607446117110683,0.4951880191878345,2,500-1000m,232.98958145300207,-0.786654221318372,0.786654221318372,2026-02-18
741,7.506187306121082,-120.2066933683515,48.22172931719994,197.9810271747725,36.293033322131286,18.92305511680217,0.5093116712419883,4,500-1000m,221.05794025896898,-23.07691308419649,23.07691308419649,2026-02-18
221,10.740587829461562,-117.88937914886516,48.04064371916064,164.59361121064765,33.30052879207857,21.44870850691832,0.4332878679051054,3,0-500m,162.70903129728944,1.884579913358209,1.884579913358209,2026-02-18
1228,16.463682452090232,-118.87442579513308,45.61559961877509,130.91591515623443,30.828867493362647,17.075967062223913,0.3594819069141883,0,1000-1500m,136.06084877539345,-5.144933619159019,5.144933619159019,2026-02-18
989,37.47085034134836,-118.35407196496983,45.59699787896589,171.10193932466524,34.98817453817965,21.82036365897876,0.4466577864393183,0,500-1000m,185.90983559971207,-14.80789627504683,14.80789627504683,2026-02-18
376,2.87487626591308,-119.38851643302498,46.072697470979655,176.49423024088102,39.79899306344602,21.613180166108123,0.4894808550121544,1,0-500m,192.39085462344977,-15.896624382568746,15.896624382568746,2026-02-18
1241,9.504421198530933,-119.15406404837503,46.44429890536415,114.20486850965013,25.862117282100456,13.22038972628021,0.4770665862021769,1,1000-1500m,122.5288703804123,-8.324001870762174,8.324001870762174,2026-02-18
1734,27.08464468337863,-118.05563043904276,46.63382232563393,97.71883235830023,28.89561007999664,15.402004314104868,0.3677988431743602,2,1500-2000m,108.26921424589911,-10.550381887598874,10.550381887598874,2026-02-18
859,14.750699690919737,-122.2523239379857,47.71878886733338,256.72872379809365,39.90547274158093,25.618882848709084,0.4869058667469936,3,500-1000m,249.62071135420675,7.108012443886906,7.108012443886906,2026-02-18
498,22.54863476127148,-120.574025254498,45.22672172866334,270.7621449384875,44.0375793549359,23.75173526993866,0.5646733233458474,0,0-500m,262.53377962731867,8.22836531116883,8.22836531116883,2026-02-18
1272,18.126128389709493,-122.4515339072628,45.138690816904266,144.8271587307856,30.82165728085235,16.48636375282181,0.3951873448509122,0,1000-1500m,143.28481380507688,1.5423449257087327,1.5423449257087327,2026-02-18
724,21.603287066013547,-117.08632394402348,46.56764225177564,225.79452275779167,41.12972128496131,18.86828829603934,0.4829829369751212,1,500-1000m,242.0342289589207,-16.239706201129025,16.239706201129025,2026-02-18
1068,1.4100356705152397,-117.3915846221937,47.78865476855192,149.48670290415413,30.555071096852195,14.235063844381148,0.4040756091401012,3,1000-1500m,159.70107979926843,-10.214376895114299,10.214376895114299,2026-02-18
498,21.9530187556271,-123.72401232042046,45.77374137182593,261.16151923965947,47.53000875623773,21.36623160908344,0.4434415920337499,0,0-500m,265.6165150723161,-4.454995832656607,4.454995832656607,2026-02-18
1093,30.938948328311188,-119.0609737923902,47.56601792502501,216.21080246607843,30.450972228639216,20.30946442650352,0.5916067467337996,3,1000-1500m,198.48900440065313,17.721798065425304,17.721798065425304,2026-02-18
872,37.861794712136735,-117.52326177809034,46.0393125517612,233.96784770844437,42.17684832380037,20.923769451168965,0.4475442716608538,1,500-1000m,240.562714688655,-6.594866980210639,6.594866980210639,2026-02-18
1571,28.92886555422763,-122.73597258410868,48.54434443525407,102.62728774438904,26.81002927675762,10.032799980761808,0.3989796403287547,4,1500-2000m,104.23062782881628,-1.603340084427245,1.603340084427245,2026-02-18
737,4.91210592449124,-120.0243833861316,48.582759777066464,221.3947317778941,40.73667262474292,19.319119932015827,0.5204998978980914,4,500-1000m,236.8633244153456,-15.468592637451508,15.468592637451508,2026-02-18
2162,9.992626981993691,-117.59158191688373,46.18914881712531,31.43680196423827,19.592255442400813,12.717823831127856,0.2470911201408503,1,2000m+,43.883284014759425,-12.446482050521155,12.446482050521155,2026-02-18
653,3.316383646644181,-123.7623781498994,45.91997501585296,229.06593417661244,43.37887302187318,20.36739859954467,0.5599227605720604,1,500-1000m,252.77181651503906,-23.70588233842662,23.70588233842662,2026-02-18
334,3.942962592173258,-119.11805812927211,46.64521588826493,176.40395339603046,28.611890589745613,14.073345700250307,0.516306995725579,2,0-500m,173.94203658190668,2.461916814123782,2.461916814123782,2026-02-18
172,1.637300161401901,-121.91855694839217,45.962126340720594,125.98231374653366,31.44048509248202,17.17146713727076,0.5006716619302373,1,0-500m,139.44693624154044,-13.464622495006779,13.464622495006779,2026-02-18
249,5.441325019136052,-117.52922663236428,47.68953537316681,154.03353142111445,29.437027489816693,15.520691594827392,0.4984095144320544,3,0-500m,154.17491450130387,-0.1413830801894278,0.1413830801894278,2026-02-18
1499,5.699641016198598,-117.20259228384242,48.30425873819314,81.72877709176154,22.14604589675479,12.7921808136559,0.4575443172826564,4,1000-1500m,82.946560157609,-1.2177830658474562,1.2177830658474562,2026-02-18
726,27.108770662183154,-117.39013457620597,47.69236852364487,276.496466076464,44.04769360007452,16.73244642083951,0.655135147624893,3,500-1000m,276.20134055599874,0.2951255204652625,0.2951255204652625,2026-02-18
351,4.904667070282128,-120.68050048339776,48.2974017889974,226.27017878506035,35.531176474754574,17.886114783707963,0.3425204796756466,4,0-500m,214.07440462038187,12.195774164678483,12.195774164678483,2026-02-18
2068,45.594235762886605,-117.9657014430748,46.5879686488299,81.00592602647728,16.472170060931568,5.391266028366577,0.474053107580093,1,2000m+,77.53099597056259,3.4749300559146974,3.4749300559146974,2026-02-18
370,17.855715448778383,-118.0881542102545,45.625267882835445,247.18769364319488,40.817684981228496,25.60062133004496,0.648148749458272,0,0-500m,230.44588161285762,16.741812030337258,16.741812030337258,2026-02-18
0,0.0,-121.7662966872972,47.95180378959037,89.49439800826696,23.012926826026074,17.591346275133205,0.4005519171972004,3,,92.87317211901588,-3.378774110748921,3.378774110748921,2026-02-18
336,0.0,-118.19759168094528,46.44189802056621,172.82300488950466,31.11871931356082,12.949706991297685,0.5669919472312314,1,0-500m,174.2749921741856,-1.4519872846809392,1.4519872846809392,2026-02-18
239,22.03289701233282,-123.74094655699156,47.68508330091653,166.62159207699148,29.244534531931755,11.52041723943366,0.4320420620533309,3,0-500m,159.21688185425762,7.404710222733854,7.404710222733854,2026-02-18
1806,15.386483485048837,-119.82611085062562,46.08257576792706,72.47990710430796,20.01666996537767,5.158081948121335,0.4647108883700944,1,1500-2000m,74.77033677766401,-2.2904296733560585,2.2904296733560585,2026-02-18
109,5.402097731588363,-122.38993813898608,45.32491853922669,153.9416019689689,29.918696231918545,9.48403214914713,0.3811522721149876,0,0-500m,146.79658046892976,7.1450215000391495,7.1450215000391495,2026-02-18
1232,40.73148213247119,-123.15603179955905,48.970327181951056,121.99654442382392,26.78320500314196,16.63266680580261,0.384227505641208,4,1000-1500m,120.65682898730977,1.3397154365141546,1.3397154365141546,2026-02-18
130,1.6398738581408705,-123.46132758859554,45.6248060317224,162.14269858791783,38.395747696797685,19.20232120177,0.497798635305514,0,0-500m,161.75817873741863,0.3845198504992027,0.3845198504992027,2026-02-18
92,19.91469012739203,-119.125978568853,48.95368397585393,125.88426644970292,29.53161611783398,19.05651981573569,0.4463186147740606,4,0-500m,129.41709606345788,-3.5328296137549557,3.5328296137549557,2026-02-18
708,4.2385511796811,-121.62087525362354,48.909119730265786,324.0902454156562,50.01299575837263,27.17944762185824,0.5190613267219162,4,500-1000m,312.28167366479295,11.80857175086328,11.80857175086328,2026-02-18
1583,8.309015078170535,-118.92663259929869,48.17527241563216,76.35531150017587,18.40219813047201,9.76864315057574,0.2136776731816503,3,1500-2000m,75.1418718803244,1.2134396198514708,1.2134396198514708,2026-02-18
287,6.1606508104112345,-123.5425056144074,47.63769184832799,165.91639609746414,37.975606756024426,16.3820200424612,0.3534027056268539,3,0-500m,172.0833099678225,-6.166913870358343,6.166913870358343,2026-02-18
629,16.855370029043534,-121.79296763518572,47.31122820100434,260.0481235351205,41.20850804181127,14.03447186191945,0.4570520661909967,2,500-1000m,260.4820721282279,-0.4339485931074023,0.4339485931074023,2026-02-18
146,0.9274099368611016,-120.22356095337264,48.464406181511336,78.21001165133062,21.3195213115462,8.127290587511174,0.290804575155652,4,0-500m,89.16517755518322,-10.955165903852603,10.955165903852603,2026-02-18
1108,9.55672830500444,-118.46493784612726,46.15775808647796,187.5466578152388,34.938992803729995,15.40258612504928,0.5533385422734773,1,1000-1500m,185.0559361645701,2.4907216506686893,2.4907216506686893,2026-02-18
794,32.46441531631169,-121.76873247947552,46.87072484993951,265.7703477533668,42.99749574176239,23.090223697271767,0.3997188231012078,2,500-1000m,261.3088454568107,4.461502296556148,4.461502296556148,2026-02-18
1138,10.647118721813246,-119.61876036494094,47.47755987746601,166.29428889892338,26.9854976025754,13.49219859538426,0.4890973350552517,3,1000-1500m,159.98382900703146,6.310459891891924,6.310459891891924,2026-02-18
750,9.850625440290615,-117.7981557623467,46.64476190347796,219.5990755401828,37.88793485579747,24.235033184738825,0.4045579420853085,2,500-1000m,236.45036655895453,-16.851291018771718,16.851291018771718,2026-02-18
132,2.882605370454581,-119.68895768272388,46.70994581636107,90.86014487530872,25.087362947916045,9.8114672890648,0.3348105700008859,2,0-500m,104.23823863665024,-13.378093761341518,13.378093761341518,2026-02-18
638,5.7125311473597264,-122.36928367672456,46.32113867000834,271.9189522503359,47.15683407928192,25.191963245940787,0.4032118972666377,1,500-1000m,271.1912756097608,0.7276766405751118,0.7276766405751118,2026-02-18
464,25.743354175743967,-123.82919452910424,47.25692726673815,253.4312518872504,42.35533720665046,21.69625987371358,0.4263017762343323,2,0-500m,239.35937907400066,14.07187281324974,14.07187281324974,2026-02-18
853,7.501990285597793,-117.9093078826935,48.402298112060464,283.772165581587,40.64461806287244,19.429471473126544,0.4641006097435733,4,500-1000m,268.1012525000521,15.670913081534877,15.670913081534877,2026-02-18
231,11.309477383496816,-123.85111412404729,45.80611351202525,132.28653401661808,23.487063852273927,13.805688759914467,0.56868978372749,1,0-500m,129.94903984388964,2.337494172728441,2.337494172728441,2026-02-18
1118,19.0003962441104,-117.8770882912106,48.73773215501377,143.71413991225506,30.899072112878716,17.087941041362363,0.4723998687781213,4,1000-1500m,150.5563079978112,-6.842168085556125,6.842168085556125,2026-02-18
191,1.344848672115588,-120.29744006180952,47.75635061499292,137.0576770418487,22.587066680701703,11.995678862135794,0.2965416039652894,3,0-500m,126.7763546899364,10.281322351912308,10.281322351912308,2026-02-18
1278,18.326140952052093,-117.42652611040972,48.29309285072012,77.91197601228362,20.33243897461042,8.095944049414275,0.2765900440738005,4,1000-1500m,82.26657959996575,-4.354603587682135,4.354603587682135,2026-02-18
37,9.528408733901284,-118.40851734958434,47.22476277052005,96.29823109694073,25.35030930761632,9.328789738065195,0.3775201572897628,2,0-500m,103.40846140086245,-7.110230303921725,7.110230303921725,2026-02-18
117,9.418941259992623,-117.01446122626665,48.11806680569625,147.5141976732282,30.56649924661934,17.440468150103857,0.4285517172238957,3,0-500m,141.60073786932733,5.913459803900878,5.913459803900878,2026-02-18
1150,6.464860749435276,-121.54501729183804,45.06480158935787,200.9395144543648,35.18131629707742,14.992497296687317,0.525359036970324,0,1000-1500m,189.13694985214283,11.802564602221963,11.802564602221963,2026-02-18
486,14.650034740160203,-118.62968197748212,48.27352169911814,236.8495756295472,32.77936101311888,16.19240894433848,0.5866992461594513,4,0-500m,230.4753431281671,6.374232501380078,6.374232501380078,2026-02-18
584,3.106194927769424,-121.1864836047353,45.16055543634147,291.5816376747835,43.318716458427474,24.6420468402654,0.4887985059169135,0,500-1000m,275.0694817464822,16.512155928301297,16.512155928301297,2026-02-18
794,2.3092048780847905,-120.64087065787264,48.55965350545145,264.0210183717144,45.288066342895085,22.585477788360585,0.4128952189106077,4,500-1000m,260.4660420430756,3.554976328638759,3.554976328638759,2026-02-18
0,0.0,-119.6074617574714,48.967850988954574,110.13861364426111,24.539032548568965,10.38246563188286,0.313467460806016,4,,106.3532977985688,3.7853158456923097,3.7853158456923097,2026-02-18
922,9.840660675839333,-117.88426020069562,46.17626984870711,223.5081829295614,36.78902701347583,23.03555107742906,0.5215943860978611,1,500-1000m,223.67497907373027,-0.16679614416887034,0.16679614416887034,2026-02-18
771,25.165905932733978,-117.11141571560492,45.84127422514317,261.0802542472582,42.77725825283563,24.35151095597372,0.6058621861426774,1,500-1000m,262.2034932042369,-1.123238956978696,1.123238956978696,2026-02-18
140,9.069239616394045,-118.62208610294836,48.061453455432165,124.97312642921771,29.83350349450952,13.519958162448331,0.3469535607182884,3,0-500m,130.66020327587742,-5.687076846659707,5.687076846659707,2026-02-18
694,24.018754369122316,-121.07563252482866,46.012105363681016,256.4513130563965,44.118659335830586,23.44280584769255,0.4615844048755924,1,500-1000m,263.0988193867172,-6.647506330320709,6.647506330320709,2026-02-18
830,4.137310298043873,-121.0505009840605,48.462249532688816,231.68686957964897,35.91983105297189,21.07910938308448,0.5322602492467736,4,500-1000m,234.30066167278542,-2.6137920931364533,2.6137920931364533,2026-02-18
1275,25.809652904190543,-118.83692388887776,45.4113703686299,134.44009115123444,26.88389580080178,14.416817587835762,0.4615094776969267,0,1000-1500m,133.45257627477213,0.9875148764623134,0.9875148764623134,2026-02-18
765,19.97831753667381,-122.32855997962189,45.50382078551743,257.3447710809106,42.13639092754975,24.27763215317912,0.4327192976313082,0,500-1000m,261.23163960909164,-3.886868528181026,3.886868528181026,2026-02-18
0,0.0,-123.22668120808024,48.916606220402464,68.3650149003853,22.869347188563523,6.9370087831907,0.4635229147927731,4,,78.36402246637013,-9.999007565984826,9.999007565984826,2026-02-18
1757,33.08991661130666,-121.51764489651455,47.695355593080016,76.0450741070765,25.45504612859285,13.350257733465352,0.4649546585405776,3,1500-2000m,81.64231401266187,-5.5972399055853685,5.5972399055853685,2026-02-18
2196,40.13710591404587,-121.98932705842142,48.38754889771581,58.63151972870421,15.748928452519872,4.978622423065575,0.5177282220681833,4,2000m+,61.576159512675794,-2.9446397839715814,2.9446397839715814,2026-02-18
288,4.510643894823493,-121.92584315680809,46.29731750940607,120.07947462802076,29.860096611161374,15.011872383936527,0.3812448205267117,1,0-500m,132.8818524619611,-12.80237783394034,12.80237783394034,2026-02-18
403,13.370958149671807,-122.36474574265064,47.70593499808242,218.5817278209645,42.43314635967106,22.031199287992614,0.4984353590650572,3,0-500m,224.26755170669026,-5.6858238857257675,5.6858238857257675,2026-02-18
1137,14.056399217228511,-123.70534767254549,47.37696730923439,202.82151322943477,37.28363486266992,17.32419143387362,0.351134730112553,2,1000-1500m,196.54138644588477,6.280126783550003,6.280126783550003,2026-02-18
83,1.854334168853263,-123.8748824568661,47.41260048049179,178.50304515894675,32.99623134042208,15.92086649625113,0.4866278430514024,3,0-500m,166.1419201777721,12.36112498117464,12.36112498117464,2026-02-18
706,2.7802885155287558,-117.08594327184778,47.73012983815089,299.0345701034745,40.53592049113926,17.392866321989487,0.4662254751925685,3,500-1000m,278.0960964927167,20.938473610757796,20.938473610757796,2026-02-18
771,5.373381182672149,-121.00558806384896,47.3014366925164,234.6367892877568,43.00308226189006,19.997110284953624,0.5031457136661989,2,500-1000m,257.3534233638444,-22.716634076087587,22.716634076087587,2026-02-18
237,31.405794779283788,-121.30971346988224,46.71624947721067,185.742793457147,34.50902760156024,22.27545695881896,0.5254897731461905,2,0-500m,184.347646114216,1.3951473429310113,1.3951473429310113,2026-02-18
331,0.0,-119.24246902114852,46.10369077752219,212.40615896615168,42.31318621877454,21.542371598044365,0.4906094854465012,1,0-500m,210.49393845008137,1.912220516070306,1.912220516070306,2026-02-18
404,10.912896490614877,-122.47222278494456,48.07432532365281,157.08927596762535,37.60242994270622,17.946755203382622,0.5545849705868301,3,0-500m,182.14231356222146,-25.053037594596105,25.053037594596105,2026-02-18
987,36.02822382920047,-117.35027171234842,45.90508972001275,231.00631155810208,34.244377808832546,18.16900673567851,0.5577991244888832,1,500-1000m,217.19537618181494,13.810935376287148,13.810935376287148,2026-02-18
349,10.780139720445945,-118.49558489909114,47.769417224617655,205.6434051445321,34.920402499451384,18.55898408666149,0.4189684965761667,3,0-500m,199.2992497703634,6.344155374168707,6.344155374168707,2026-02-18
155,3.856206349059628,-123.3741229838142,45.93333129059731,138.93417636610536,28.787179435125264,17.993289317526685,0.3955518375663078,1,0-500m,137.36982603512922,1.56435033097614,1.56435033097614,2026-02-18
1526,39.60490035375437,-121.0769345695055,47.501320679817816,98.96541331294654,20.192514619561035,10.710408164609555,0.3553883507592449,3,1500-2000m,88.11446704023555,10.850946272710985,10.850946272710985,2026-02-18
513,26.011430619671145,-117.84617184706484,47.98831306851611,237.9615722193037,36.64938500071068,14.232510250446182,0.4895425862118558,3,500-1000m,241.51856946731021,-3.5569972480065246,3.5569972480065246,2026-02-18
642,12.205744161667898,-117.38687584396013,45.87485555562616,298.3925391239469,49.21598946277887,27.95000059507076,0.7345769782341112,1,500-1000m,292.0682410460526,6.324298077894298,6.324298077894298,2026-02-18
2350,34.593434349428094,-120.72818942125092,45.23977320344523,69.9586350278225,17.451427235839606,6.0215125918966645,0.4162827587278924,0,2000m+,70.46233409553685,-0.5036990677143507,0.5036990677143507,2026-02-18
1287,34.33070348883768,-119.70612027552504,45.523894971976695,120.36379191171562,27.68799751222535,18.08524989768241,0.3625852701062885,0,1000-1500m,121.27998406065444,-0.9161921489388192,0.9161921489388192,2026-02-18
1621,13.714964730177968,-122.83076237735548,47.4239878690841,86.23432880762822,15.383412036452798,9.332642126561092,0.3536577758237474,3,1500-2000m,75.193968114788,11.04036069284021,11.04036069284021,2026-02-18
1166,24.399279560989136,-117.06181961704117,48.397785624902944,162.40671808675316,29.62690857816578,13.827938294014777,0.5308713151287169,4,1000-1500m,159.2949203170414,3.1117977697117567,3.1117977697117567,2026-02-18
481,1.3583082571498797,-122.3782980903159,45.179987284941696,184.4971677283034,31.623579819419835,16.402005120787994,0.4671817232426904,0,0-500m,191.10117600473365,-6.60400827643025,6.60400827643025,2026-02-18
186,0.9274099368611016,-117.40087758105412,47.93660503616658,177.26227027820457,30.79037855311174,14.251451380731616,0.3451211738696379,3,0-500m,165.1406722190341,12.12159805917048,12.12159805917048,2026-02-18
95,4.213875262869744,-119.45247345705342,46.36527458380021,127.28648387225807,27.2236691090073,15.912199326450022,0.5947780008537142,1,0-500m,130.9934872975758,-3.7070034253177226,3.7070034253177226,2026-02-18
260,7.110797840540489,-119.745842435848,46.91411347967809,177.2045664135695,33.14244014422169,17.883071326428954,0.5141028488640261,2,0-500m,174.73875688913733,2.46580952443216,2.46580952443216,2026-02-18
359,0.0,-120.41118042288444,48.71543819938226,197.98319962148483,30.62158767039876,11.66239031228027,0.4412577606805885,4,0-500m,190.21032970366093,7.772869917823897,7.772869917823897,2026-02-18
223,11.220002587903046,-122.38531131797568,46.32788601894338,147.78492432561364,28.50804360129046,15.918424018591088,0.4024972396482744,1,0-500m,144.62688277755922,3.1580415480544275,3.1580415480544275,2026-02-18
0,0.0,-122.76430377596144,46.861347735757946,96.47347792836406,26.286115024264987,12.952831251472286,0.3598658222385693,2,,104.74096555246828,-8.26748762410422,8.26748762410422,2026-02-18
519,10.42656190222111,-122.45659653650875,45.05472965904272,240.2951055369469,35.8820241481496,19.262783251347788,0.542122846991242,0,500-1000m,237.48802382548496,2.807081711461933,2.807081711461933,2026-02-18
545,1.8543341688295631,-122.69493216499022,45.32639488001935,247.308479881004,47.5860307808236,25.76067627268865,0.4975254874626778,0,500-1000m,258.4519228698999,-11.143442988895885,11.143442988895885,2026-02-18
958,10.69118037731552,-118.54290868503271,46.03436636453914,246.8052738408981,44.850666136262674,25.604579359071813,0.5599895364032601,1,500-1000m,247.5460579138306,-0.7407840729324846,0.7407840729324846,2026-02-18
1085,1.413168410369587,-121.54912318583288,45.1114089632843,188.14141523172776,33.15356775202941,11.243198332615393,0.5702697753711924,0,1000-1500m,183.22751205405748,4.913903177670278,4.913903177670278,2026-02-18
1217,24.22983428696245,-123.59510126405624,47.52550130419301,138.45644825172823,21.607530445664366,11.860609505764394,0.3102160136711832,3,1000-1500m,123.56838570473057,14.88806254699766,14.88806254699766,2026-02-18
1311,27.662454496113792,-117.21628158901432,46.70559342720649,170.09820199824412,25.28879009193429,10.142889389104116,0.6021066427845843,2,1000-1500m,149.38091132622824,20.717290672015878,20.717290672015878,2026-02-18
1191,0.0,-117.81349880525602,47.19258081091209,116.63769575353436,23.64761629291629,17.363799926777922,0.5274709006109224,2,1000-1500m,121.89250732426424,-5.254811570729885,5.254811570729885,2026-02-18
837,4.222357049132098,-117.50573401763351,45.69858874358532,213.47590709292496,34.76314297765951,22.666781467272727,0.5634762190396969,0,500-1000m,224.82037574372052,-11.344468650795562,11.344468650795562,2026-02-18
324,16.29324703232236,-117.03564524147497,46.18372811774646,191.1183290780129,31.77477020673388,16.704569624954644,0.5604130632173973,1,0-500m,186.24634980734686,4.871979270666031,4.871979270666031,2026-02-18
849,15.06103433801024,-122.78273325546358,47.6552978994109,239.3951500212019,45.767422657177136,26.10568607544711,0.5910564732084408,3,500-1000m,252.63271021951542,-13.237560198313503,13.237560198313503,2026-02-18
835,14.711698724419367,-121.2263058676814,48.8612108945216,202.97998335063093,39.709433022222434,21.42079070168081,0.62460985877132,4,500-1000m,219.7616173321367,-16.781633981505763,16.781633981505763,2026-02-18
1622,12.550177370714575,-118.69233067007136,45.20166709440883,78.19942898210199,24.051166101278284,8.085226811114179,0.2381963351273961,0,1500-2000m,80.74453611515425,-2.545107133052255,2.545107133052255,2026-02-18
510,27.68139547316695,-119.12785567362346,48.56153728342107,218.0310689328983,35.26601654987837,19.827596904191942,0.4132375610398376,4,500-1000m,223.95976175176133,-5.928692818863027,5.928692818863027,2026-02-18
247,26.5349818872302,-122.922728655621,47.30752480524483,187.4896643620484,37.67654344645347,21.79819236269435,0.3326491018974193,2,0-500m,188.06838082106788,-0.5787164590194891,0.5787164590194891,2026-02-18
286,7.013515570174524,-118.28916812506569,47.255678267022496,155.15197256783767,31.107916008157265,16.49654154063235,0.5965148440861472,2,0-500m,160.6286152564569,-5.476642688619222,5.476642688619222,2026-02-18
1940,48.672376476896936,-122.42891599714338,47.00111414083104,106.6492393603192,25.318560905652408,10.85026087234156,0.3859156454741118,2,1500-2000m,98.7255623984341,7.923676961885093,7.923676961885093,2026-02-18
1584,19.14958998870807,-122.43327669624163,45.27757634361674,99.39667651562672,25.553814450297946,15.977847075049024,0.4868663663505847,0,1500-2000m,97.86671242242925,1.5299640931974778,1.5299640931974778,2026-02-18
213,4.874609566325207,-120.2411790397461,45.35950740694464,144.5473405836308,39.80697198240941,29.93553889603909,0.4698467761041683,0,0-500m,160.70388124851792,-16.156540664887103,16.156540664887103,2026-02-18
146,0.0,-119.84942045610808,47.40364802263635,133.26500654308308,23.395058363691007,9.171661572266018,0.3637216791482321,3,0-500m,123.62948358903259,9.635522954050487,9.635522954050487,2026-02-18
470,26.40975609183427,-119.93939654513532,46.36383428574224,236.38837116168693,38.77988391489637,20.433212046370727,0.4871082080811862,1,0-500m,232.50830931147672,3.880061850210211,3.880061850210211,2026-02-18
733,11.688120617836272,-123.35959213821572,48.66907226631072,201.51666240861195,29.83259023451212,13.0444708911259,0.4972580921207103,4,500-1000m,207.25794631555107,-5.741283906939117,5.741283906939117,2026-02-18
485,1.8543341688295631,-117.85777396158734,46.62636214943789,237.7904419077449,41.62149780229407,18.894984256614684,0.5031120466373799,2,0-500m,237.95384324553976,-0.163401337794852,0.163401337794852,2026-02-18
1357,18.307203752336424,-122.14079970187906,45.57312583481056,102.54201431913832,25.1183020709798,9.696666731722487,0.4135686762613273,0,1000-1500m,107.9803519572252,-5.438337638086878,5.438337638086878,2026-02-18
682,14.392486952609415,-123.09339555102036,47.85887533400815,304.7148552598605,51.89259183400879,26.462306363135813,0.5910107341327281,3,500-1000m,293.89390263369637,10.820952626164114,10.820952626164114,2026-02-18
650,3.95036836203335,-117.77876344091716,46.17341368576404,240.92724615579615,41.777389944412405,17.308231124651314,0.533581073077043,1,500-1000m,253.6941309042312,-12.766884748435047,12.766884748435047,2026-02-18
1427,25.940346034876686,-117.31043951239172,47.101881229423576,130.29729377549802,22.901903968342157,17.9100297486928,0.4848020051422067,2,1000-1500m,119.78253500733712,10.514758768160902,10.514758768160902,2026-02-18
1094,10.153504994860242,-117.96510667914184,47.79133114202068,113.86551876883686,21.53907107405445,10.547958300278472,0.4800460665901434,3,1000-1500m,119.60666800373924,-5.74114923490238,5.74114923490238,2026-02-18
1350,22.860500639916932,-118.33338747692584,48.60105644480828,133.57913969334527,34.72678792213941,18.94420876832121,0.528586235617752,4,1000-1500m,137.2103452499049,-3.631205556559621,3.631205556559621,2026-02-18
355,14.141350497388515,-119.41330613552684,48.168764779206704,198.718813469063,27.798514263544057,14.408126489145095,0.6333219001643742,3,0-500m,189.66780194723916,9.051011521823852,9.051011521823852,2026-02-18
1038,8.719994726817315,-120.14399840573604,47.7054442714909,187.7997843110468,38.22267929250084,16.29369571492434,0.3648015014450654,3,1000-1500m,192.31588930375344,-4.51610499270663,4.51610499270663,2026-02-18
932,37.06725311279297,-123.39109268062012,47.71853272958057,222.11226030113448,34.90872062282293,11.052577385285636,0.5049344703029717,3,500-1000m,220.11418608576827,1.9980742153662163,1.9980742153662163,2026-02-18
96,4.556517938726513,-121.14082750850513,48.78369857612834,115.31929267238372,25.244124354976957,14.385319243123666,0.4870642726045575,4,0-500m,117.03498485457295,-1.7156921821892297,1.7156921821892297,2026-02-18
974,24.684668357999545,-121.3911803809138,46.18329638998615,223.88182855034216,38.39595674329214,20.57528613958777,0.4533242062652425,1,500-1000m,218.7608610341993,5.120967516142855,5.120967516142855,2026-02-18
0,0.0,-122.18172351367772,45.00444837678475,101.99830165003014,20.055482040961017,6.018038251599679,0.3200453935327649,0,,96.45854911944089,5.539752530589254,5.539752530589254,2026-02-18
682,26.4227434377507,-118.93605920417993,46.08781823759279,215.07342838971164,34.72392606028623,17.013584091752517,0.516602656419748,1,500-1000m,231.14260539279144,-16.0691770030798,16.0691770030798,2026-02-18
1336,14.447508469848431,-120.5288698544486,45.871565518506976,111.04838033212287,25.2334051229337,14.859834893481352,0.5322877491938138,1,1000-1500m,112.19428189194664,-1.1459015598237698,1.1459015598237698,2026-02-18
222,22.42626207001049,-123.43267648864646,47.647338340456,208.0377839037949,42.84354023525661,21.91658173949193,0.6611884751271382,3,0-500m,207.91690178842407,0.12088211537081861,0.12088211537081861,2026-02-18
206,13.714907550873678,-122.45871758635133,47.53484639906212,148.98815172451208,32.68233997025969,19.03759094751656,0.2481877280328519,3,0-500m,150.79514506770363,-1.8069933431915501,1.8069933431915501,2026-02-18
277,0.9274099368611016,-119.21718865438282,47.3738455308189,175.26125427115747,30.62786218043703,19.27447997957307,0.3627461345892233,2,0-500m,171.88250986988086,3.378744401276606,3.378744401276606,2026-02-18
130,3.099284168148509,-123.4670839835679,45.06497377283782,118.12398627301124,26.41023636096556,10.632329360976968,0.3709581337203335,0,0-500m,118.15218182291092,-0.028195549899677985,0.028195549899677985,2026-02-18
1509,31.23775719291955,-118.04155160165864,47.91511221780259,97.48311019507712,20.84440625026209,11.538141951453934,0.4549979614521773,3,1500-2000m,90.68814572645438,6.794964468622737,6.794964468622737,2026-02-18
783,3.941484212875366,-120.53397431090218,46.29412164994197,259.5562755064409,41.80987242571194,17.76621521594457,0.5113490526376513,1,500-1000m,260.9895714433575,-1.4332959369165792,1.4332959369165792,2026-02-18
736,9.375585824631052,-120.63589395871348,47.66022395602653,252.53924648661604,37.07574772560814,26.657441029976383,0.4923579753693374,3,500-1000m,245.4513844214885,7.087862065127524,7.087862065127524,2026-02-18
601,26.529370359514516,-119.85314550738336,47.22631371400861,274.6614007356762,41.15973048687143,20.94148466677328,0.5244761261363541,2,500-1000m,262.6986619405768,11.96273879509937,11.96273879509937,2026-02-18
782,4.4886722982458505,-118.22723323852397,46.37092370171163,232.14629681725532,45.22243373371171,24.911129135352848,0.5075618447909787,1,500-1000m,250.69703325006648,-18.550736432811163,18.550736432811163,2026-02-18
28,5.3195415031819095,-121.56533554468464,45.53830506841644,106.31099557104794,20.484695338269624,13.192747557380876,0.5461739418272409,0,0-500m,104.36287527693884,1.9481202941091027,1.9481202941091027,2026-02-18
1151,18.652185544842435,-119.25388693208656,45.37767559064192,172.41272681469857,35.840816635721474,17.649775339068587,0.4738890042931321,0,1000-1500m,179.46905906328462,-7.056332248586045,7.056332248586045,2026-02-18
1064,22.219636917114254,-120.03987625202946,48.32607333244889,179.2754852544303,32.86556716089832,18.801387370432792,0.6061395676452783,4,1000-1500m,177.64912381034745,1.6263614440828462,1.6263614440828462,2026-02-18
726,10.63751682213078,-122.13080210881404,48.67359016832623,228.91694618834129,41.15155283515131,19.331930960453413,0.3790229197304812,4,500-1000m,239.40157365045138,-10.484627462110097,10.484627462110097,2026-02-18
663,6.611407531947353,-117.84959009551388,47.5991521870572,272.9736193365728,41.77048335165921,20.063612187939857,0.5836159669884399,3,500-1000m,264.06816315695295,8.905456179619875,8.905456179619875,2026-02-18
861,22.172539551120625,-118.4180178487515,45.413736459441935,217.71779938021845,37.56798573793085,16.509031879054525,0.4744939471947114,0,500-1000m,226.91635861085516,-9.198559230636704,9.198559230636704,2026-02-18
1215,20.58645809472886,-119.39083715739102,46.60810886755296,131.12324122335573,28.28139594797565,13.544442317175513,0.4317212980940688,2,1000-1500m,132.70670249492503,-1.5834612715692913,1.5834612715692913,2026-02-18
1138,8.426908265311111,-118.0459278963403,47.91575680042063,142.85764007158068,34.55675166348737,15.84416581862843,0.5818277519807097,3,1000-1500m,157.54994224279807,-14.692302171217392,14.692302171217392,2026-02-18
540,3.088334563588581,-117.92894059328138,48.11928353604027,239.7121038235421,43.34947558598012,20.92965630176236,0.3845477738266647,3,500-1000m,243.50079591431705,-3.7886920907749584,3.7886920907749584,2026-02-18
1509,17.884186709673596,-119.04145916299476,45.472874489164354,82.39709921070859,22.2124562424206,10.057170721157192,0.455483100130873,0,1500-2000m,84.87988449039862,-2.4827852796900345,2.4827852796900345,2026-02-18
995,22.361256362333123,-118.1409067014543,45.00012287538153,195.2203418973,40.57984346898721,19.33560968478376,0.3817314916038444,0,500-1000m,203.52185022854246,-8.301508331242474,8.301508331242474,2026-02-18
305,3.9431221495915274,-119.11769976831502,47.84854818352242,193.45828169995656,39.51029817830499,20.82299148841283,0.6660411440843473,3,0-500m,199.4266886873126,-5.9684069873560475,5.9684069873560475,2026-02-18
51,2.790437451394189,-119.2390145976779,46.42638470394482,157.45176340825523,35.30153634320502,15.816249511120944,0.4302868700433471,1,0-500m,151.96164892190725,5.490114486347977,5.490114486347977,2026-02-18
1054,10.515895694856628,-119.66972035249373,46.01792532647304,180.09975272001083,38.23970208549687,18.606597542908325,0.5259942320956597,1,1000-1500m,187.54499790254573,-7.445245182534904,7.445245182534904,2026-02-18
395,27.274588059923914,-118.73098352309653,45.0515898791581,217.1377352508458,33.02393176993272,19.97418350390174,0.6085595972636519,0,0-500m,207.7656464654097,9.372088785436091,9.372088785436091,2026-02-18
11,16.524913154212058,-122.88976426294847,47.161197627046,98.06707631354074,29.731798992099183,16.186955813930876,0.4131601154527691,2,0-500m,105.23746946731202,-7.170393153771286,7.170393153771286,2026-02-18
0,0.0,-117.83390468560752,48.40460294170393,107.82807191660052,20.97616828860143,12.5372404595245,0.4166096776979225,4,,109.08646058332778,-1.2583886667272566,1.2583886667272566,2026-02-18
803,21.050678947042343,-117.89709530578338,48.830526585090354,280.7151084289976,42.37119561994272,24.65367437421764,0.3904697453085665,4,500-1000m,268.4964614928595,12.2186469361381,12.2186469361381,2026-02-18
432,12.824382084456838,-123.79526901875808,47.26297980245316,216.30946081896727,40.04367714101392,22.94445965845419,0.6838856540293303,2,0-500m,220.66389672276094,-4.3544359037936715,4.3544359037936715,2026-02-18
900,11.296437354021387,-118.21928274604666,47.05784531095958,212.9971982337994,29.96145094636505,12.470208796226691,0.5143849282524913,2,500-1000m,207.5891307947744,5.40806743902499,5.40806743902499,2026-02-18
360,4.181966304779053,-123.09791092768587,45.34022554195696,175.11050334498955,33.65541552026149,14.00915985701545,0.4607410375258971,0,0-500m,174.31275675486032,0.7977465901292362,0.7977465901292362,2026-02-18
975,8.415620788367244,-121.654168020186,47.1954912061704,197.5956672600808,39.48126888584964,17.987438201535284,0.5443529187905722,2,500-1000m,210.6698294542039,-13.07416219412309,13.07416219412309,2026-02-18
737,42.47261358893811,-118.79544220595876,46.51991631586158,258.68440833969447,41.98607788574437,21.61478585614249,0.6641109183543672,1,500-1000m,258.84946944422154,-0.16506110452706935,0.16506110452706935,2026-02-18
1087,20.60686767139842,-122.87468072766184,47.42854112353431,200.3277013341068,38.83572685169867,18.567357243528598,0.4734148933523462,3,1000-1500m,205.01757102080578,-4.689869686698984,4.689869686698984,2026-02-18
180,6.975565375975016,-118.27423083116656,46.55490539150619,107.05954827825134,23.164841537256557,11.451876708903075,0.4910517550945283,1,0-500m,112.77072550995852,-5.7111772317071825,5.7111772317071825,2026-02-18
984,6.01594714644967,-118.1750607542958,45.96119649380147,184.4320723156959,28.989654488100392,18.318894420831636,0.4801475554633043,1,500-1000m,181.6629599698365,2.769112345859412,2.769112345859412,2026-02-18
831,11.30508139721308,-120.44772586367417,45.37986110091351,224.9450903453461,38.754382971183546,16.60496923710297,0.5804434685566149,0,500-1000m,233.9405811407174,-8.995490795371296,8.995490795371296,2026-02-18
86,9.942510006854633,-123.95529889798216,46.259673778355584,76.10890516171115,16.357922432524568,9.05191953461591,0.2706904477293372,1,0-500m,77.81905484094521,-1.710149679234064,1.710149679234064,2026-02-18
106,16.014632236665577,-121.9907330677756,45.38657933715101,157.03483458442705,30.32238946079908,14.661464371475535,0.5906162956204175,0,0-500m,152.2244195614567,4.810415022970346,4.810415022970346,2026-02-18
518,3.8919566245711743,-119.6815115713698,45.70758780329594,236.75369269638807,36.379422143530114,15.22307280833167,0.5503430415504337,0,500-1000m,241.2920202592308,-4.538327562842738,4.538327562842738,2026-02-18
118,3.2474430865857675,-117.13169675380804,48.94934463431818,173.9548250188813,34.05439090764584,19.281688824173035,0.5370405424946759,4,0-500m,167.105702019889,6.8491229989923,6.8491229989923,2026-02-18
974,25.568804404548487,-119.57730531088332,46.77641422762648,177.69840643123524,30.786363712171525,15.904758766318055,0.5938711748973632,2,500-1000m,183.2854943268634,-5.5870878956281445,5.5870878956281445,2026-02-18
114,4.546029992797856,-122.18137493255088,47.12748706602007,157.930174480235,29.932482535452166,11.193586761660292,0.4637392732414183,2,0-500m,148.4424760088709,9.487698471364098,9.487698471364098,2026-02-18
181,3.0935607883196847,-119.56196007830272,48.49447411494886,123.74242226779936,35.19614384687289,18.819568443896788,0.4946750939533852,4,0-500m,136.36253044645588,-12.620108178656523,12.620108178656523,2026-02-18
529,3.945351224733113,-120.220102341989,48.98227560196276,229.9468572558686,38.78660285843156,21.9124386657478,0.5345400887790427,4,500-1000m,235.01155040620847,-5.0646931503398775,5.0646931503398775,2026-02-18
1162,17.480864211731102,-118.541082233942,47.33085779737873,131.92061872699972,27.595307932197784,14.537963803073252,0.2999054475016788,2,1000-1500m,136.40595242807075,-4.485333701071028,4.485333701071028,2026-02-18
1923,17.187891575547315,-123.2511355282113,48.24989528417669,56.70726684843349,21.975970083248736,7.678100102477556,0.4460024721039609,4,1500-2000m,68.18291018234758,-11.475643333914093,11.475643333914093,2026-02-18
724,20.01457723984308,-118.6728046824858,46.3077640973467,226.4921221100197,40.25497648592451,23.779896964765182,0.4670224692191757,1,500-1000m,246.24137805491796,-19.749255944898266,19.749255944898266,2026-02-18
475,0.0,-120.21113394926722,46.22297582978916,232.4118908081718,43.96609644788828,22.161264918959944,0.3222344380064153,1,0-500m,237.36032075881914,-4.948429950647352,4.948429950647352,2026-02-18
1160,8.166806939263541,-117.25905597298704,46.61081488397824,124.35712594906258,28.74489740897079,14.39957864196429,0.4208899281252287,2,1000-1500m,135.40821283621557,-11.05108688715299,11.05108688715299,2026-02-18
762,0.9274099368729608,-121.6068948377292,47.6900290506946,251.20844265224295,41.96823542207134,21.05609735538926,0.6336327686323601,3,500-1000m,263.28076433304983,-12.07232168080688,12.07232168080688,2026-02-18
750,21.060545726567675,-119.57164674806236,47.7287667570204,257.97893146876527,40.34719408317181,21.821807722158923,0.6098380455958424,3,500-1000m,255.4072416347009,2.571689834064358,2.571689834064358,2026-02-18
812,7.656718109360917,-117.47580326142987,46.2609577385978,267.85643124883296,46.88865704474452,28.07085637702772,0.3920071221282655,1,500-1000m,271.0358456310821,-3.179414382249149,3.179414382249149,2026-02-18
454,1.8543341688295631,-123.28243190406523,45.53283969654652,223.81086146154956,39.43922213764654,19.203223989091985,0.5253190634504205,0,0-500m,222.11873826228987,1.6921231992596972,1.6921231992596972,2026-02-18
0,0.0,-117.43940058934484,47.52958502586203,113.3876616023528,25.90409952428184,16.799755904471393,0.5144606404189678,3,,112.72222175303999,0.6654398493128042,0.6654398493128042,2026-02-18
2824,17.338123652032436,-119.1847999438943,45.51330344875506,92.86029163360551,30.342811402112886,14.817123140559437,0.4584355027780999,0,2000m+,97.38295064076583,-4.522659007160314,4.522659007160314,2026-02-18
0,0.0,-123.5251405862638,47.31397003291732,104.92324413429516,17.42264232811739,4.722911319559054,0.4393502845384845,2,,99.60628313590009,5.316960998395075,5.316960998395075,2026-02-18
539,6.600545039718822,-121.89325503137228,47.77368851222524,251.3555212952918,38.41546416654418,22.62548488132576,0.3457264873561191,3,500-1000m,241.78266423581877,9.572857059473023,9.572857059473023,2026-02-18
323,4.825797249587488,-119.04279537948302,47.802445985577805,157.45274947930596,34.3760093687095,14.077261540330706,0.5340972097702337,3,0-500m,169.42295139472145,-11.970201915415487,11.970201915415487,2026-02-18
0,0.0,-123.5285457897186,48.01388844263839,85.96775489819005,19.145917318855226,10.64785817362387,0.378766963410616,3,,90.74647269207183,-4.778717793881782,4.778717793881782,2026-02-18
1234,11.474860027951964,-119.92480677876608,48.49143768626266,184.96928323824383,32.026603874734455,18.333855537899726,0.614070566960483,4,1000-1500m,175.3162240215384,9.65305921670543,9.65305921670543,2026-02-18
1600,26.066675793103656,-121.5788186013293,46.99983596785916,86.75614575840373,24.26437802351749,11.720006780845896,0.4129217056526717,2,1500-2000m,93.36878804412932,-6.612642285725585,6.612642285725585,2026-02-18
525,1.6450789788245963,-119.65359137562766,47.920996758118285,221.4845460231532,38.30044081886449,24.68402848317089,0.6188396097986077,3,500-1000m,227.2790339574605,-5.794487934307313,5.794487934307313,2026-02-18
578,3.24408465690069,-123.67980576331242,47.47669094146335,284.0932879968384,45.494676751840814,26.980478894400708,0.5846584651459886,3,500-1000m,273.88698159103654,10.206306405801854,10.206306405801854,2026-02-18
337,21.812000369556944,-117.89924235693336,45.74655975919073,182.3380772083023,31.99775576971601,19.1825249199296,0.3788966190832018,0,0-500m,177.29450520640097,5.043572001901339,5.043572001901339,2026-02-18
513,3.952673778364028,-117.18557721575822,45.10275857947763,220.3416119811017,37.97461249948309,20.421979819117333,0.6351135830476269,0,500-1000m,228.0848213552747,-7.743209374173006,7.743209374173006,2026-02-18
1789,35.709631239645915,-117.21785501300016,46.13816554270773,45.34238349014828,13.998351537088045,6.503276310501975,0.3365794814112455,1,1500-2000m,49.352167369537234,-4.009783879388955,4.009783879388955,2026-02-18
295,0.0,-118.75243717779952,46.77213482535048,192.8840749350867,31.803559709790274,16.805819970983013,0.3252068112819267,2,0-500m,183.79986964966375,9.08420528542294,9.08420528542294,2026-02-18
136,17.14232430190887,-123.08939631908558,47.46842377771463,103.2718023086888,21.00203855008405,11.356192994745838,0.4431573641112972,3,0-500m,107.68718709075537,-4.4153847820665675,4.4153847820665675,2026-02-18
255,1.3324819608277538,-118.69215762849684,48.39983732201282,148.04487532268013,32.92134558043914,14.170014217175437,0.4079911087627256,4,0-500m,150.31445633177617,-2.2695810090960435,2.2695810090960435,2026-02-18
513,8.707340638821387,-123.8278915847884,45.78498286682466,252.60638734927497,32.61304545097017,17.723326398752842,0.5964430291286573,0,500-1000m,243.33654495963142,9.269842389643543,9.269842389643543,2026-02-18
1051,2.2795408849439687,-123.845135139297,45.50219915959391,194.55481861619697,34.31844451953506,18.74280757967811,0.5538034070244295,0,1000-1500m,188.87467305997347,5.6801455562234935,5.6801455562234935,2026-02-18
832,7.881452532959495,-121.7347284659532,48.85391978989731,245.7212440827663,36.39534675297512,21.30580191784569,0.4848076204349537,4,500-1000m,237.11353843070412,8.60770565206218,8.60770565206218,2026-02-18
154,10.439702501212889,-120.57949766716736,45.43217823750563,129.2753708730431,29.01167460362233,16.45692575577679,0.479151317138404,0,0-500m,132.60140537853303,-3.326034505489929,3.326034505489929,2026-02-18
509,10.727050182872503,-118.60714807534544,46.91396428042876,264.20839255320845,40.50977394863168,27.46936695733696,0.532812803794082,2,500-1000m,254.5020126537549,9.706379899453566,9.706379899453566,2026-02-18
21,0.9274099368611016,-119.21693236375448,47.34225491517321,164.22520104813034,34.392143530078535,15.70458476332642,0.5897123185553855,2,0-500m,155.1547019102342,9.07049913789615,9.07049913789615,2026-02-18
217,7.8403041588063935,-120.87868105536276,47.16549768362975,137.0768623843796,30.411686135725954,11.455840856941071,0.4986830172842766,2,0-500m,142.3098713002852,-5.2330089159056,5.2330089159056,2026-02-18
711,9.922994606235674,-122.08461333602834,45.34412862813177,274.1355033422069,35.969113352348295,19.64302190604201,0.4444186171252557,0,500-1000m,253.81280579010973,20.322697552097168,20.322697552097168,2026-02-18
213,2.7802885155287558,-117.02012849889604,45.22810765601448,197.9256210186057,37.61305659436936,21.052525107722687,0.4212019180420769,0,0-500m,187.25309140964896,10.67252960895675,10.67252960895675,2026-02-18
62,12.026101340813996,-121.0167308843482,45.42193370984414,142.30813601684412,28.19508273923951,13.774112100814795,0.2795380839723423,0,0-500m,133.25120830711276,9.056927709731355,9.056927709731355,2026-02-18
1097,8.460251927819224,-120.84029082969226,47.34235073549045,158.65394484283598,31.566739954805332,15.867649535375664,0.3636443293207412,2,1000-1500m,161.61566632964247,-2.961721486806482,2.961721486806482,2026-02-18
566,11.289910599835482,-122.85463325165831,47.17737955053728,236.75802738227105,38.40342574669759,23.934124240235185,0.630653978477743,2,500-1000m,239.99193198886968,-3.233904606598628,3.233904606598628,2026-02-18
1527,36.46430888388706,-118.4363331587505,45.93496316814698,76.72334716998768,22.34557765872965,13.316740544211426,0.3024438029197102,1,1500-2000m,76.53689643336952,0.1864507366181556,0.1864507366181556,2026-02-18
642,14.451308250427246,-119.14422441952958,47.551096567382366,234.7580576662019,47.19898350074114,24.44280511297471,0.5356003873793769,3,500-1000m,256.2796190460939,-21.521561379892006,21.521561379892006,2026-02-18
268,14.580218573684016,-122.45461271047868,48.2802700082226,149.72680429418065,30.08030470828777,18.197588960184603,0.6317447070303026,4,0-500m,153.90702926556688,-4.180224971386224,4.180224971386224,2026-02-18
115,1.6486159256924175,-123.4233326806891,45.16631583938638,132.3364805534012,36.2096974648512,17.307185239450185,0.3390910508811899,0,0-500m,139.42871309603225,-7.092232542631052,7.092232542631052,2026-02-18
670,3.098458324053716,-119.236504885477,46.99251977419217,244.67743987270867,37.92665411129112,19.00134911583311,0.4691258972700006,2,500-1000m,245.5479320533401,-0.8704921806314303,0.8704921806314303,2026-02-18
0,0.0,-119.41842150003204,47.75724164841076,127.25951233204704,26.509246154146133,10.19317220727813,0.5507316281719817,3,,124.87777957474002,2.38173275730702,2.38173275730702,2026-02-18
1181,12.8659791988568,-122.08718331101254,46.00924770827875,154.42535826612055,35.37399875973769,17.203857044997136,0.4335143720820859,1,1000-1500m,159.56893375708648,-5.1435754909659295,5.1435754909659295,2026-02-18
0,0.0,-117.34395506424713,46.231083621172594,95.42637369438457,23.922893230252598,7.8876777968502525,0.4659729334822823,1,,100.66339581044572,-5.237022116061155,5.237022116061155,2026-02-18
2020,14.292488644787426,-122.9425947575337,47.454551611957534,102.32145319676732,26.810908143909625,13.915877045582814,0.3763708405812861,3,2000m+,102.01001075075958,0.31144244600774584,0.31144244600774584,2026-02-18
829,5.547544894612033,-120.97365639270178,48.59174117377495,256.3828420052758,42.28699400132415,23.13979373443033,0.4662364352233031,4,500-1000m,261.4796060958913,-5.0967640906155225,5.0967640906155225,2026-02-18
177,1.642478305976353,-117.3946885588268,48.2396976812116,146.89207537310438,35.958672523403514,15.208742559800244,0.3534607689817413,4,0-500m,148.6457384634783,-1.7536630903739194,1.7536630903739194,2026-02-18
312,9.07312850248682,-121.06190878151716,47.332520876398334,204.5723310240097,31.68162431406408,9.873379672851703,0.5443947176871189,2,0-500m,194.82454152510826,9.747789498901454,9.747789498901454,2026-02-18
544,18.99409400920604,-119.5303183663514,47.920886871029,257.63553111379633,37.661717725195786,18.50348511149557,0.4201538579501226,3,500-1000m,246.38971292235018,11.245818191446148,11.245818191446148,2026-02-18
71,11.97807885658568,-121.21683921426045,46.45928988083119,114.25811614352,27.385646676770868,15.947763732074485,0.4142440881018041,1,0-500m,119.91050729479953,-5.652391151279531,5.652391151279531,2026-02-18
1843,7.488176974241919,-122.0804935835593,47.56386211239503,104.40656527323854,34.33272105075611,17.54366924143741,0.4114763361607198,3,1500-2000m,113.54743606906321,-9.140870795824668,9.140870795824668,2026-02-18
1288,15.43721504173072,-117.1121564642812,46.86472636451023,132.8825193390024,26.236313459725626,10.116679252184689,0.4400678339265548,2,1000-1500m,131.06919647076992,1.8133228682324898,1.8133228682324898,2026-02-18
1869,35.795951071730954,-121.1346619557947,45.759744545830245,153.693593343715,32.87967921186681,18.41296081213557,0.4047100256996528,0,1500-2000m,144.7612171776284,8.932376166086613,8.932376166086613,2026-02-18
411,16.283434189170688,-117.74130557424606,47.80695309550903,236.34606704859831,45.911974917718055,21.32961253028418,0.4997374764059873,3,0-500m,237.46520226828576,-1.1191352196874504,1.1191352196874504,2026-02-18
39,1.389556739586668,-122.3903177587624,47.22585854939529,140.18215219065033,32.76850430012439,14.076780579424405,0.5248215985099498,2,0-500m,133.4593596706373,6.72279252001303,6.72279252001303,2026-02-18
502,30.26697002791584,-122.50826707182442,46.43448632781437,266.1498752808008,49.79529022988058,26.12698676482245,0.4370946949607489,1,500-1000m,270.0170958471102,-3.8672205663094132,3.8672205663094132,2026-02-18
1753,23.86471487274429,-123.7820614198084,48.64535676031452,84.12939860100275,16.151724299867357,13.58551037510419,0.2986402992698387,4,1500-2000m,79.33212247918942,4.797276121813326,4.797276121813326,2026-02-18
450,4.835176881222011,-119.4383322223688,45.083736471306935,253.00652624109608,36.86671984433654,20.25646709840557,0.3792135528506972,0,0-500m,235.862396659144,17.144129581952086,17.144129581952086,2026-02-18
275,20.304427942459483,-121.42031559393368,46.26309260499799,167.98056681697574,25.60916118382398,9.443533640299613,0.4557234195833612,1,0-500m,155.29372907617827,12.686837740797472,12.686837740797472,2026-02-18
290,3.839217999239641,-117.94949225112254,45.22752559111058,151.107415873977,28.811028024668627,15.03547560585675,0.4228333923373273,0,0-500m,149.52483273777796,1.5825831361990481,1.5825831361990481,2026-02-18
1338,14.520767831628518,-120.6875306531591,48.06610926488651,101.23204818282196,25.12642609607209,13.426736505413777,0.4318841585601498,3,1000-1500m,108.56107100862201,-7.3290228258000525,7.3290228258000525,2026-02-18
75,1.6553710687001026,-117.22264600459695,47.80842981645517,130.92881354551108,25.19365774964107,9.668860669999058,0.5054258650377201,3,0-500m,125.21135785163365,5.717455693877426,5.717455693877426,2026-02-18
8,1.624027713068516,-122.70132139007816,46.32540887494527,67.48144153839465,20.28832103589434,12.84080306544701,0.3328990040402224,1,0-500m,75.42680870522422,-7.94536716682957,7.94536716682957,2026-02-18
0,0.0,-117.91963782431073,47.70265160882829,110.5633388021444,26.493033993863477,11.30876936459194,0.4603593123761399,3,,115.71832670167223,-5.154987899527825,5.154987899527825,2026-02-18
135,11.076195187360693,-118.5638220304578,46.5837489047838,111.99334748218766,23.17426427850161,9.000006794215407,0.4528123635429967,1,0-500m,112.52789728210084,-0.5345497999131794,0.5345497999131794,2026-02-18
120,1.6396729959518197,-118.60354708749163,48.02501516568974,144.82442713019157,31.625857126647453,19.635205771586623,0.4180226764647026,3,0-500m,143.86277332621947,0.9616538039720979,0.9616538039720979,2026-02-18
176,0.0,-118.0865174031818,46.81673465094683,121.364157405203,24.69609029300038,12.194033658132412,0.5846852076363813,2,0-500m,127.95471262612531,-6.590555220922312,6.590555220922312,2026-02-18
172,0.9274099368611016,-118.672832063399,46.64911891132666,185.82430493861776,31.66994516967163,20.68386464553957,0.4705596495484738,2,0-500m,174.10153497504018,11.722769963577576,11.722769963577576,2026-02-18
178,1.854334168853263,-119.61645774858007,48.7389196619532,159.71829542993655,35.47628123460071,15.36386406060999,0.3015379425829534,4,0-500m,155.53625299265525,4.1820424372812965,4.1820424372812965,2026-02-18
765,13.947684451535864,-123.08128585622327,46.0035163995628,225.26208672612097,45.08523567535214,24.886340681876625,0.5814932018678662,1,500-1000m,248.80208992082078,-23.540003194699807,23.540003194699807,2026-02-18
3,7.120501662903929,-123.77231674356123,45.48178935998626,149.75212532361252,33.73499052411264,18.386887749275267,0.4942636830151286,0,0-500m,147.39959035382182,2.352534969790696,2.352534969790696,2026-02-18
845,4.823046127102432,-117.5540650652902,47.33817245303784,239.79976442796465,37.802895538039216,25.40723630985733,0.5950249111441072,2,500-1000m,237.68603436185597,2.1137300661086726,2.1137300661086726,2026-02-18
1041,51.83851533542434,-119.68344779835483,48.87728724913672,174.86339708479505,35.300824128469905,12.989378996338768,0.5181591750310633,4,1000-1500m,181.5219736891704,-6.658576604375355,6.658576604375355,2026-02-18
1398,23.93074470723292,-118.42423896316676,46.51135685490875,80.04468938493895,24.53052452497348,11.361921042680136,0.4466817421827341,1,1000-1500m,85.90672181927147,-5.862032434332519,5.862032434332519,2026-02-18
927,14.351215289207152,-120.62934353941216,45.24814705451513,240.66708037323056,41.59389557550398,29.113425062384405,0.3417361719047307,0,500-1000m,240.41209518839082,0.25498518483973953,0.25498518483973953,2026-02-18
573,9.91127463885579,-123.17884267726323,46.35722106923827,286.3668471513774,42.462581309617946,20.370322569364696,0.5756917091072357,1,500-1000m,273.2581449349083,13.108702216469112,13.108702216469112,2026-02-18
249,3.943817567278701,-123.12369945458217,47.02372661727824,145.325708694105,20.667833033527955,8.457631750937416,0.4769737400303742,2,0-500m,133.09455881737398,12.231149876731024,12.231149876731024,2026-02-18
38,2.3140499665184717,-119.2010429893972,45.64769202652886,86.24583992559009,24.54780984492161,11.465481000055227,0.4944769468666435,0,0-500m,96.80303261850555,-10.557192692915464,10.557192692915464,2026-02-18
810,8.39566157479527,-120.98785873570375,47.632408872225966,223.0029675637584,38.2759198185242,17.986869598621517,0.2967414835949187,3,500-1000m,225.1478940109794,-2.144926447220996,2.144926447220996,2026-02-18
732,0.9274099368611016,-122.59632691309764,48.9909975560408,296.67436067397034,44.14087650811191,23.69549523439974,0.4959314816248636,4,500-1000m,278.30822385985414,18.366136814116203,18.366136814116203,2026-02-18
399,1.618370825148622,-120.55883817280994,46.80695790392578,247.0484333271233,38.11523614389981,19.6206353954844,0.5653075106375606,2,0-500m,232.27798189188022,14.770451435243075,14.770451435243075,2026-02-18
318,0.0,-123.55053744047406,46.41891422692085,171.69812580621922,25.48165559440157,14.297387526326398,0.4164880551167727,1,0-500m,156.80875042906885,14.889375377150373,14.889375377150373,2026-02-18
844,2.766172660767306,-119.9262001865992,46.60281666733787,259.11511108497336,40.71899732668458,18.00913813377845,0.6598026989874634,2,500-1000m,256.8981786996888,2.216932385284565,2.216932385284565,2026-02-18
1698,16.215424232317588,-122.11704616895432,45.46058471358081,83.2772984356764,25.57854568153209,19.36882430453561,0.355098606550889,0,1500-2000m,86.17951241862416,-2.9022139829477567,2.9022139829477567,2026-02-18
1226,19.49560916537656,-118.41708629553968,48.533094405704894,138.00069874946217,31.538450211379185,12.76628662731419,0.3556366408285045,4,1000-1500m,139.24663672672958,-1.2459379772674026,1.2459379772674026,2026-02-18
1027,9.586209898466066,-121.827466287535,46.659302622085406,221.4599458007048,36.04312068999497,18.363322783295143,0.4689076190665045,2,1000-1500m,212.0126305686278,9.447315232076988,9.447315232076988,2026-02-18
488,1.6248068303833731,-120.8134589564274,46.54909764569936,241.4062199381925,39.9734625927415,19.89874232437465,0.4619147093546081,1,0-500m,237.74046049083344,3.6657594473590507,3.6657594473590507,2026-02-18
646,2.737423637594392,-123.9186562206433,47.638761091721896,266.1499261019438,40.432385827135,20.80381021661618,0.3103867434045347,3,500-1000m,250.69929956934303,15.45062653260075,15.45062653260075,2026-02-18
0,0.0,-123.49287178543808,46.76813368372449,98.0400423817904,16.675913644602108,6.197678493439508,0.2967552029100341,2,,89.1375277255818,8.902514656208595,8.902514656208595,2026-02-18
1446,7.495465289026736,-121.2525451051532,47.59293387523138,119.82145828196244,27.285264167757656,13.444317409007908,0.3112345156308406,3,1000-1500m,114.35068486969581,5.470773412266624,5.470773412266624,2026-02-18
1297,40.10925900543174,-120.64042815698014,45.24578516052315,116.2138511621276,31.40948329661544,19.09070966043741,0.4330839122036277,0,1000-1500m,120.00970285883912,-3.795851696711523,3.795851696711523,2026-02-18
229,3.2205658434932234,-119.79985616316488,48.25489337488891,155.3612026740703,37.80901323142634,14.90698152750812,0.6200499302416956,4,0-500m,163.61059316772227,-8.249390493651958,8.249390493651958,2026-02-18
2376,21.90443229675293,-121.95836194903488,48.762015811517614,85.48931189482288,21.16560635783889,11.188942831304512,0.3059956108086515,4,2000m+,79.38460812961328,6.104703765209592,6.104703765209592,2026-02-18
1085,10.138437182869636,-119.1351267971142,47.595061544637545,149.46108019327465,32.48059343802512,13.886801651000583,0.4158203835472991,3,1000-1500m,156.52106389952496,-7.059983706250307,7.059983706250307,2026-02-18
141,8.129647254943848,-117.97914321967556,48.81826371543524,124.09740880036706,20.82503652351276,16.813441732051388,0.4181856630097942,4,0-500m,119.31813670869703,4.7792720916700375,4.7792720916700375,2026-02-18
348,0.9274099368611016,-118.54104307774656,45.60572925747985,181.8401195627144,29.923989122901176,24.37762961452357,0.5644353049611907,0,0-500m,180.11753517249923,1.722584390215161,1.722584390215161,2026-02-18
1129,29.74851509869,-123.7226682225615,46.90966475792141,168.74065224269685,34.087929029578945,16.95221486999634,0.4256827117212138,2,1000-1500m,173.24908497433057,-4.508432731633718,4.508432731633718,2026-02-18
453,20.11625403930908,-120.6364513691952,47.407226935781786,193.2272449894421,37.00792189160239,16.274835967089956,0.6367433599433132,3,0-500m,204.2508231396951,-11.023578150252973,11.023578150252973,2026-02-18
722,6.168497173829197,-123.26548875107278,47.326946589684745,229.9880645874307,33.45049733220158,24.154935833073544,0.3851789580103608,2,500-1000m,226.5406035989145,3.4474609885162124,3.4474609885162124,2026-02-18
757,13.04839270267298,-122.3056848889623,46.60584711635617,298.2624075879775,40.83554157624752,20.11556877908432,0.5319237954235845,2,500-1000m,272.8013497993892,25.461057788588334,25.461057788588334,2026-02-18
358,2.29757339625833,-117.09336184712996,46.35233763746505,221.6529580783299,35.2843922932213,22.02746617957218,0.3953820978906305,1,0-500m,209.4311737034526,12.221784374877302,12.221784374877302,2026-02-18
791,4.151957485405545,-123.0025311996894,45.50729609020168,276.3613305217915,45.070913047078925,15.590905064539657,0.4405607455308908,0,500-1000m,274.37133091092346,1.9899996108680398,1.9899996108680398,2026-02-18
1140,47.13643264770508,-120.5077829258405,46.56696980224911,208.5969211826997,35.93826344005493,13.144482189547428,0.511549264502142,1,1000-1500m,203.73350215437074,4.863419028328963,4.863419028328963,2026-02-18
20,4.599437997444447,-119.67290985977316,45.65064326042194,118.80389421568366,26.70808734218816,13.257006705970335,0.5214186975256314,0,0-500m,117.69158596499912,1.112308250684535,1.112308250684535,2026-02-18
1275,25.880410558481373,-119.08274520619128,47.93746270596888,125.68732523325488,31.311603507793595,12.703191839318542,0.3801470191191296,3,1000-1500m,133.93172061004037,-8.24439537678549,8.24439537678549,2026-02-18
131,1.8543341688295631,-120.0824592155916,45.83532374197836,141.35384006713448,31.31869028379665,17.433688301917734,0.4572696106833608,1,0-500m,139.26491668865475,2.088923378479734,2.088923378479734,2026-02-18
404,2.9449128421747264,-123.93160406806572,45.23426122113813,159.8028394662367,28.121811651859492,12.40194753667278,0.5031572191873919,0,0-500m,169.48669680013737,-9.683857333900676,9.683857333900676,2026-02-18
1295,36.50412050450967,-121.71477084229204,47.20946455126894,96.22645895868696,23.70416091813581,16.321512800113094,0.4303021254212634,2,1000-1500m,105.47271533763036,-9.2462563789434,9.2462563789434,2026-02-18
699,33.30879689475864,-120.37601849630704,47.380918930877606,278.9652065769762,38.88280080851852,16.126682166896906,0.5194804669026605,2,500-1000m,270.8943504712538,8.070856105722385,8.070856105722385,2026-02-18
600,0.0,-123.38493450598617,48.48765224512202,253.75748612633507,41.23896587171689,24.2205753984201,0.5171668227635492,4,500-1000m,255.68641041991924,-1.9289242935841742,1.9289242935841742,2026-02-18
251,0.9274099368729608,-121.54561148153572,47.30792644967073,128.4220096233643,31.93050534380549,20.13949242858284,0.4486013644921819,2,0-500m,143.2726172036215,-14.850607580257218,14.850607580257218,2026-02-18
962,44.70122749028579,-123.76757823846044,46.38192341489378,233.2443868054263,42.13947194273225,23.88554231839592,0.47276118845043,1,500-1000m,228.3123023593485,4.932084446077795,4.932084446077795,2026-02-18
62,3.095095993028831,-123.44995051991484,48.21204752610528,140.30425086790788,31.76442030932162,14.616102981319202,0.3673726078549573,4,0-500m,134.3875124130628,5.916738454845074,5.916738454845074,2026-02-18
913,40.17205717014489,-121.22153706658882,47.16111557274969,246.8238761907903,41.90466851101133,20.88747698841747,0.5376663388857035,2,500-1000m,245.7223653186,1.101510872190289,1.101510872190289,2026-02-18
818,18.809660377931923,-123.07098972169858,45.31712113852477,249.49137274107895,43.81602049055025,19.57468422087098,0.56235873928427,0,500-1000m,258.721512706658,-9.23013996557907,9.23013996557907,2026-02-18
1286,28.74724697762855,-120.0272140621691,47.26340224125299,104.67437964744602,25.637861219307656,16.519879839813566,0.3870085131086782,2,1000-1500m,115.02753379129179,-10.35315414384577,10.35315414384577,2026-02-18
1439,11.675329908344905,-119.17374521603914,48.63207418168665,102.94631513965888,27.069186721158992,16.34286322424984,0.3454031585542677,4,1000-1500m,105.30487586125919,-2.3585607216003126,2.3585607216003126,2026-02-18
385,4.576378997328897,-118.3958931062364,46.58525050199288,211.70533545210256,37.68466773226218,19.1431935897059,0.6346042236714411,1,0-500m,213.44207038988182,-1.7367349377792607,1.7367349377792607,2026-02-18
614,12.18097226762059,-122.59894829028632,46.1853032075992,245.7881581754751,42.02176833658272,24.17974604530071,0.514584400259808,1,500-1000m,259.86324106682946,-14.075082891354356,14.075082891354356,2026-02-18
780,4.809432487059199,-122.82762192418652,45.57387782807208,270.5263800414904,42.950238778577656,21.839341143623955,0.5296153648904854,0,500-1000m,267.84557714205675,2.6808028994336723,2.6808028994336723,2026-02-18
68,10.805909027100332,-123.2680251176592,45.60578208774143,124.28599863847816,30.756565621407237,22.85369106412635,0.4854972658329284,0,0-500m,131.2400294672261,-6.954030828747932,6.954030828747932,2026-02-18
1176,2.7802885155287558,-119.54498825319456,46.73108593736728,161.0505108922125,35.54634714504056,18.353615866190346,0.408467494969348,2,1000-1500m,163.3823874265236,-2.3318765343111068,2.3318765343111068,2026-02-18
684,16.00643991795456,-119.0546699145917,47.38271929664612,209.0022796190963,35.024540488359726,17.015533770019147,0.2829158728987968,2,500-1000m,215.50551564222994,-6.503236023133638,6.503236023133638,2026-02-18
2074,47.59048047545392,-123.7788969862205,45.32246162067841,107.12188232692716,21.370335548111587,14.210372396821612,0.4213608873913622,0,2000m+,95.14427380529345,11.977608521633712,11.977608521633712,2026-02-18
1779,1.4119255822078054,-117.44651427629417,48.75827435610066,124.8189373243983,26.696623771138057,17.200317503900244,0.5634722115517939,4,1500-2000m,122.77674893457726,2.0421883898210496,2.0421883898210496,2026-02-18
581,19.753167448909608,-123.63620101443968,48.02053446978079,240.0257822352441,46.31822057514248,25.988917031199684,0.4980408573095705,3,500-1000m,255.76836638524327,-15.742584149999175,15.742584149999175,2026-02-18
361,17.205191805693477,-120.21092565289251,47.34649567313465,156.74449474933508,33.68295921104299,16.473524181564546,0.3404171069498192,2,0-500m,162.63874114561696,-5.894246396281886,5.894246396281886,2026-02-18
999,4.375014945866049,-119.03657636384358,48.31375468375596,221.85622628308468,29.984968195313343,17.098418151274398,0.4300816911841691,4,500-1000m,207.79314895155963,14.06307733152505,14.06307733152505,2026-02-18
466,4.546375433400105,-117.9032161337774,45.32074702724845,212.9529456486284,39.82958918212398,21.866324750072945,0.3831442386950224,0,0-500m,216.79271995509126,-3.839774306462857,3.839774306462857,2026-02-18
362,4.181966206211754,-119.001391475073,46.9073555109325,169.7998873079849,29.48559646882378,14.86784349873486,0.4601141035342908,2,0-500m,171.0629854511118,-1.2630981431269106,1.2630981431269106,2026-02-18
753,17.646157323147882,-118.38790341851146,47.52037250744665,288.4317462532209,43.622741587248,17.300879641590264,0.5394613535804509,3,500-1000m,276.97889613068264,11.45285012253828,11.45285012253828,2026-02-18
1900,17.933665708102655,-121.62384865220037,48.31461162447316,45.9827162755659,10.516294788069448,2.18346674151171,0.3549981490598499,4,1500-2000m,47.12071603675576,-1.1379997611898602,1.1379997611898602,2026-02-18
1239,29.88455638185866,-118.2962242037744,48.13387824019707,154.24575562247028,22.797926745025,10.37783880778992,0.5848265087985918,3,1000-1500m,143.6437179504002,10.602037672070082,10.602037672070082,2026-02-18
320,4.821245688320921,-123.43919607530728,46.1082769988536,149.83051953713675,36.43158108216368,20.218964626967317,0.6406113143710549,1,0-500m,165.9218581810539,-16.09133864391714,16.09133864391714,2026-02-18
867,9.927474647791376,-117.73628340757632,48.763520678236816,277.5561338012063,46.067567564162886,24.55055096643519,0.4418691348670939,4,500-1000m,273.0947614995424,4.461372301663857,4.461372301663857,2026-02-18
441,6.131680039858763,-120.16685336692385,45.49738336572348,230.5526100537268,44.34808736145399,22.472363582210225,0.5781328535872082,0,0-500m,233.83273162917274,-3.2801215754459463,3.2801215754459463,2026-02-18
840,1.6100237421623813,-118.27891561026254,48.50053447448461,239.9921377441672,41.83283698124992,20.88025868941384,0.4123466380222428,4,500-1000m,246.96453695013264,-6.972399205965445,6.972399205965445,2026-02-18
376,10.011469136046882,-120.8337720083719,48.88376099841848,202.01403083362715,31.074605450530264,18.83990199261392,0.4336288585199699,4,0-500m,192.23615508552663,9.777875748100513,9.777875748100513,2026-02-18
841,16.23104912717886,-119.49495613362431,45.7086140928905,260.7922384722644,48.62880875976679,21.852801581640165,0.6288087070772992,0,500-1000m,267.8614973986829,-7.069258926418513,7.069258926418513,2026-02-18
508,5.358478984574188,-120.3151813734472,47.88826425681514,256.0694323544842,31.17271922869827,20.025645722326853,0.7164538024743261,3,500-1000m,246.1433361336302,9.926096220853992,9.926096220853992,2026-02-18
626,33.93034835975192,-118.87887334771268,45.161142075112,276.79493281920287,42.04956079382771,20.23680174389961,0.4742917608755956,0,500-1000m,265.3770059917443,11.417926827458587,11.417926827458587,2026-02-18
524,15.597178759933984,-123.42859012578587,46.62169130055662,252.6918935431903,38.4254751834004,19.73125352601301,0.4888079548463757,2,500-1000m,247.59756062487156,5.094332918318742,5.094332918318742,2026-02-18
947,10.054353360270415,-123.57753541206606,47.0651331967907,209.0881557030136,34.46375512790701,15.382555738536617,0.5369736489738212,2,500-1000m,208.20028998507246,0.8878657179411391,0.8878657179411391,2026-02-18
310,10.321337727381858,-122.27027736192898,47.32258090363854,194.56175542672165,27.444377093998774,14.60980250763978,0.505509242747264,2,0-500m,180.19517338099195,14.3665820457297,14.3665820457297,2026-02-18
412,1.3768850367551388,-122.88318723920769,48.74374899299424,176.39354089271984,28.393887205744548,9.528640592438192,0.5140823331570187,4,0-500m,177.88988867741836,-1.4963477846985143,1.4963477846985143,2026-02-18
144,26.937780133226937,-117.8975150338546,47.68900274917678,157.37181841182195,29.966442963334824,15.128341505460329,0.3569108022714748,3,0-500m,147.90528424891346,9.466534162908488,9.466534162908488,2026-02-18
859,1.6276643498420065,-122.4655020884937,46.92511180487695,264.5129173178968,46.58516806049201,21.160592412682703,0.491482331984319,2,500-1000m,267.97499255396326,-3.4620752360664824,3.4620752360664824,2026-02-18
291,9.663814489786116,-117.16894320926608,48.23870014506356,207.04029162351483,33.38164846936336,11.358684921181874,0.5856668853581476,4,0-500m,194.22620513044163,12.814086493073205,12.814086493073205,2026-02-18
589,0.9274099368611016,-121.64172945760224,48.80213128381764,236.6244445784343,41.11376577679987,22.010274640223084,0.4612949780750301,4,500-1000m,255.93437358555934,-19.30992900712505,19.30992900712505,2026-02-18
337,13.94475173402206,-122.72517459017912,45.08826459472916,190.9144349329116,36.95368197189208,24.116945210121507,0.3868389134031998,0,0-500m,195.79843923046664,-4.8840042975550375,4.8840042975550375,2026-02-18
589,25.960773567229896,-118.47211045000265,48.93008508902415,272.8010847797025,45.50383548228142,24.911930757800526,0.6008488541673123,4,500-1000m,269.55153836315424,3.2495464165482417,3.2495464165482417,2026-02-18
0,0.0,-119.38904557149388,45.34452855625472,113.30096274334451,23.792248762663117,9.003304205060575,0.549034346628736,0,,112.12852659946982,1.172436143874691,1.172436143874691,2026-02-18
316,41.42174198622784,-120.51262998482802,48.25754711707505,169.12979178509678,36.90753128772177,23.016919471708807,0.2722792024343635,4,0-500m,174.11933022267658,-4.989538437579796,4.989538437579796,2026-02-18
1303,14.138266131078376,-120.11245514343658,46.12133901020565,129.71904366651833,24.01861292973888,12.47891288642655,0.3548257787358443,1,1000-1500m,123.88264094113052,5.8364027253878135,5.8364027253878135,2026-02-18
0,0.0,-118.96558755209416,45.52871863101549,107.05531663249842,27.256161122934834,13.90966163697829,0.4926006271859212,0,,109.90989181930998,-2.8545751868115588,2.8545751868115588,2026-02-18
1400,3.9325101745347686,-122.40081681068092,46.75942255885534,130.24711430105071,25.56059716584256,17.67081803725551,0.3580086959201316,2,1000-1500m,118.81219628011242,11.434918020938298,11.434918020938298,2026-02-18
77,0.0,-117.0256625876028,47.57582631779045,102.39706942876823,21.63594009441244,14.55542509453472,0.4260276798060102,3,0-500m,107.4529559403044,-5.055886511536173,5.055886511536173,2026-02-18
1147,5.42699299446688,-117.17644786497252,46.5238073800939,169.42822400991912,30.65865187665571,20.498469084291955,0.4953731378371324,1,1000-1500m,167.59398483311236,1.8342391768067614,1.8342391768067614,2026-02-18
310,5.012215071509314,-119.44772019557143,45.2182616331308,185.2830448805516,29.094373776978603,17.769843190457888,0.508476590064576,0,0-500m,177.95891334227656,7.324131538275054,7.324131538275054,2026-02-18
1290,1.6108810438655938,-122.60320284349598,47.39784455863487,143.65928642692933,26.42616119946956,15.739564899970004,0.4319512354595211,2,1000-1500m,138.88562583552627,4.773660591403058,4.773660591403058,2026-02-18
0,0.0,-119.23840230298096,48.6096131044427,103.5322096354912,25.69050558835865,14.71608117905916,0.3804084656090001,4,,109.75691847290013,-6.224708837408926,6.224708837408926,2026-02-18
289,0.9274099368611016,-123.49461113714575,46.53286146378901,174.76835569433837,35.73454461561285,17.271447276586226,0.6300739456741158,1,0-500m,175.78858738692728,-1.020231692588908,1.020231692588908,2026-02-18
1021,17.692638397216797,-123.78543248455937,45.86533111052331,197.42507760739247,35.30371058958112,18.568884619785297,0.4019901075729638,1,1000-1500m,198.50148784981954,-1.0764102424270732,1.0764102424270732,2026-02-18
564,1.6258356139841017,-122.1962197804215,46.77030938373126,248.01522605115292,43.89548424329432,22.451033982383507,0.6029130716703803,2,500-1000m,258.97959194689577,-10.964365895742844,10.964365895742844,2026-02-18
1250,6.862601380295553,-120.7616393028248,45.19345084419513,133.8844893663168,23.165693078659015,14.004244687905356,0.6891106579856034,0,1000-1500m,131.597557539067,2.2869318272498163,2.2869318272498163,2026-02-18
0,0.0,-117.92209246214134,48.2819503379211,97.18590198124416,23.373083678335245,18.53849426479288,0.4790638392477865,4,,98.77262981668564,-1.5867278354414793,1.5867278354414793,2026-02-18
981,25.04340744739041,-118.90981651163584,48.30536324380075,281.93366946792247,45.411218986965686,21.855472841063897,0.6776063089330837,4,500-1000m,263.0262491090999,18.90742035882255,18.90742035882255,2026-02-18
563,42.52645051911354,-118.80105435160011,47.35200185371851,225.8833492920674,41.40323056035538,22.824569344729277,0.5463630071432001,2,500-1000m,238.37745405617676,-12.494104764109352,12.494104764109352,2026-02-18
1365,9.2658141681068,-121.02154665886349,46.41241155575356,81.35843481812452,21.323489846392967,10.381211344998306,0.2282979092413232,1,1000-1500m,85.82955703319737,-4.471122215072853,4.471122215072853,2026-02-18
378,19.431450655459926,-121.57845505217126,48.199133457783134,179.00196871974927,41.66207470584785,19.222290353015183,0.4924649561571337,4,0-500m,195.96904837925337,-16.967079659504094,16.967079659504094,2026-02-18
457,5.349423415331502,-121.40272865910778,47.218748099153466,204.3813468513428,37.1998411442125,20.395999646504443,0.5091831166429895,2,0-500m,211.0627160800781,-6.681369228735292,6.681369228735292,2026-02-18
147,6.189670085906982,-117.0864530538476,48.30372923420006,133.25565659814222,24.43647266821763,9.205261852316347,0.5878903799846193,4,0-500m,134.89826483984638,-1.6426082417041528,1.6426082417041528,2026-02-18
1120,19.640134849295716,-123.71923566011262,47.52583517033208,204.65951559206823,37.503638622163365,17.957310682497894,0.5390206153281274,3,1000-1500m,204.52698636732782,0.1325292247404093,0.1325292247404093,2026-02-18
473,6.151468801872697,-117.93077952714286,48.13762189285119,268.6825564567144,36.671335507247335,15.128177806736185,0.5734639268846521,3,0-500m,247.89284518550696,20.789711271207437,20.789711271207437,2026-02-18
401,1.8543341688295631,-119.94927213999324,47.39425197287104,211.8161023966693,40.73960946285,20.42419891833098,0.5004665647596779,2,0-500m,217.88122990725836,-6.065127510589065,6.065127510589065,2026-02-18
454,1.412365733357374,-120.92969206567288,46.65656427286267,158.84575054506928,30.4187477507048,15.003936086560572,0.4632594789347353,2,0-500m,171.14261115184962,-12.296860606780342,12.296860606780342,2026-02-18
619,2.820653544992433,-118.92319637709404,48.83178343970455,264.9465123796024,40.19069128674055,19.076603176866406,0.5773626648728788,4,500-1000m,258.80224818596713,6.144264193635252,6.144264193635252,2026-02-18
1616,27.193306706813868,-120.59331741002708,47.16445529951538,53.509635959903065,18.050570445520627,16.388909502161244,0.3671826304423046,2,1500-2000m,59.78336797906649,-6.273732019163425,6.273732019163425,2026-02-18
1055,0.9274099368611016,-117.88603733342838,47.42035807416215,176.21127610915687,33.098702000843815,17.10381771275514,0.3881221711492802,3,1000-1500m,176.6035825115885,-0.39230640243164316,0.39230640243164316,2026-02-18
147,24.376521276358247,-117.69508695192118,45.881950557659,104.22667261572828,17.51708807503276,7.562741892528793,0.4820637327964878,1,0-500m,99.75787501808796,4.468797597640318,4.468797597640318,2026-02-18
1052,16.24698059291718,-121.0479535118858,47.5026031577091,200.29575939461716,28.185979117708985,11.517050576983433,0.4602955850979359,3,1000-1500m,187.84515599287738,12.450603401739784,12.450603401739784,2026-02-18
303,1.3344720602035522,-122.06220541935464,47.286430597931776,160.15954937236944,30.548043333487332,11.322476029266545,0.5414595544440359,2,0-500m,164.15408261850266,-3.9945332461332157,3.9945332461332157,2026-02-18
1452,15.614708309836528,-119.85354769984646,45.7393535917881,118.04825063196785,27.21998744494685,13.297210437728063,0.3822121595257759,0,1000-1500m,112.08902262720697,5.959228004760874,5.959228004760874,2026-02-18
457,5.455115598150028,-117.61345658068316,45.23834838941257,234.06522048596617,41.09379248207158,17.934089987548823,0.3831780803138555,0,0-500m,232.49390958927623,1.571310896689937,1.571310896689937,2026-02-18
86,8.289099835424986,-122.52536467696034,47.41743727885908,113.84230153612194,24.957336993273856,10.651614393947249,0.4961805048958133,3,0-500m,116.80150207330786,-2.9592005371859216,2.9592005371859216,2026-02-18
886,40.83163445353736,-119.63923391505564,48.05476907740128,238.7515749966284,36.63823547483909,16.010181155448063,0.3568467680836565,3,500-1000m,236.32068821467092,2.4308867819574687,2.4308867819574687,2026-02-18
1280,25.17755271354116,-119.57907845935236,47.09360548368803,149.80451172620124,30.84875779479707,20.51502511689275,0.5224613329143477,2,1000-1500m,151.93886902417054,-2.134357297969302,2.134357297969302,2026-02-18
737,4.827063941432891,-118.86820884309304,45.90709050127858,249.7137159754788,37.49927476324896,14.795893066919788,0.4274202106041875,1,500-1000m,245.61289744176926,4.100818533709543,4.100818533709543,2026-02-18
279,3.0925668263186576,-123.07902620410918,47.66608790677214,191.4781569978292,35.20663675241877,17.639766023215508,0.3490029700417324,3,0-500m,185.72071022836386,5.757446769465332,5.757446769465332,2026-02-18
415,19.16602208551012,-118.98922524722538,45.32042290643841,209.58502963104533,31.566495992699775,11.46376843378322,0.5471043428752402,0,0-500m,199.46204506130962,10.122984569735706,10.122984569735706,2026-02-18
139,2.815064530203353,-117.63677235534053,46.76733481920782,137.84967331782937,27.85382666763088,19.11480209979065,0.4455766206348285,2,0-500m,134.75966409709446,3.0900092207349132,3.0900092207349132,2026-02-18
1297,4.346611980755155,-122.7422182379083,45.65346703359368,143.24502050078962,23.02887082028386,7.932341451458599,0.3686493984929732,0,1000-1500m,132.55044285034347,10.69457765044615,10.69457765044615,2026-02-18
1386,16.480309408692555,-122.33719672553286,45.737836204239535,140.6891306490656,35.8738319652936,18.0584150194957,0.5151607691866966,0,1000-1500m,139.6542205900292,1.0349100590363776,1.0349100590363776,2026-02-18
969,19.4171151368952,-117.20023434170852,45.809175796632815,227.7826541761559,36.98778461110102,11.730082703167083,0.2089668732185224,1,500-1000m,219.16661683419795,8.616037341957934,8.616037341957934,2026-02-18
58,2.7813658912296995,-122.73316133103356,46.54682822817591,116.0747726002959,29.57740049085765,16.4910897601165,0.3583908340905518,1,0-500m,120.03528374880001,-3.9605111485041107,3.9605111485041107,2026-02-18
135,26.3204547066548,-118.01930434641297,45.20460082248159,148.21924798742617,28.64181306510214,18.228204365866446,0.3795768849474992,0,0-500m,139.5961022614375,8.623145725988678,8.623145725988678,2026-02-18
595,0.9274099368729608,-120.55405500486376,46.59117376371639,213.5982970996489,37.20566064984922,27.542076973521727,0.5037638966005408,1,500-1000m,225.7034505412339,-12.105153441585003,12.105153441585003,2026-02-18
1712,5.407813567336857,-122.26938247917776,47.0468297884588,123.96735322893474,27.612297679158512,11.713616862597764,0.3591547993789231,2,1500-2000m,115.36849456437137,8.598858664563366,8.598858664563366,2026-02-18
1231,8.905608154066604,-117.90475069109242,46.9331771398653,105.13420249799732,21.90009781863084,15.02092107633348,0.4760959984128023,2,1000-1500m,108.87262008244417,-3.73841758444685,3.73841758444685,2026-02-18
1187,17.50322109939939,-120.88286321498134,46.53113640161216,172.2983492152017,31.42367427391664,16.56845746541908,0.5041000590840875,1,1000-1500m,164.53775046971444,7.760598745487272,7.760598745487272,2026-02-18
171,20.25978946848001,-120.39627852249215,48.35658643228301,124.663629160018,25.972374871349544,13.358186961036605,0.4003258813871257,4,0-500m,122.95830282136382,1.7053263386541886,1.7053263386541886,2026-02-18
372,18.32612285364116,-121.48536641420164,45.581306769682016,209.7335904824809,39.133228791107776,23.74017102302082,0.572768009755457,0,0-500m,210.72155739929815,-0.9879669168172427,0.9879669168172427,2026-02-18
234,3.9370976416814862,-119.84934403995553,47.0227869751255,152.60093060658272,28.100309348896843,13.472523731906492,0.5018895865434717,2,0-500m,150.41399262183683,2.186937984745896,2.186937984745896,2026-02-18
796,35.18938163003082,-122.85533289190484,45.24816566782621,261.07504073558897,42.63535135951575,23.09706200515117,0.4808706745627006,0,500-1000m,258.8989428893101,2.1760978462788785,2.1760978462788785,2026-02-18
687,3.1010548515900345,-121.26242924343768,45.28462271551164,239.85868512940488,41.95103722418259,24.13586831339572,0.5239020169804913,0,500-1000m,260.8949791823202,-21.03629405291531,21.03629405291531,2026-02-18
1284,1.8543341688295631,-117.214113743653,47.29546339870839,71.98850698733536,17.367895698846052,9.990428926840234,0.3418062548462102,2,1000-1500m,82.0935172039066,-10.105010216571245,10.105010216571245,2026-02-18
671,9.875865385083944,-122.19306597109212,47.26407369955128,269.5618885772525,42.32365879352246,22.65363733479467,0.7005945462434138,2,500-1000m,267.48815851137095,2.0737300658815343,2.0737300658815343,2026-02-18
1034,8.289099835320444,-119.40284334821096,48.51213405137783,180.1946611865515,36.02180780150374,11.106443354689862,0.380796214583833,4,1000-1500m,185.5580276699898,-5.363366483438284,5.363366483438284,2026-02-18
167,7.025622083243483,-121.72366955042712,47.23149470264029,121.56168810567988,28.84293797621815,14.850778727564103,0.5420611832226543,2,0-500m,131.51367445279544,-9.951986347115565,9.951986347115565,2026-02-18
681,10.553579108131435,-118.5856881201938,48.8391640816194,241.6071891523933,40.91715939900859,22.82724958145916,0.516983864535647,4,500-1000m,251.43476493468108,-9.827575782287795,9.827575782287795,2026-02-18
374,14.869129336261814,-123.08388437497156,45.19477939359972,247.2766046115065,45.84061259879517,28.35392175485465,0.4498686171575989,0,0-500m,234.90371443314152,12.372890178364997,12.372890178364997,2026-02-18
1018,16.430286419695225,-117.2112526844502,45.392030739122966,185.5615383882605,31.146925892098896,14.496610942457387,0.4903764406166925,0,1000-1500m,186.11705704648287,-0.5555186582223826,0.5555186582223826,2026-02-18
0,0.0,-120.82347321031452,45.17626344628152,113.52484024376449,32.85411284071236,15.307025291309444,0.3146064198588449,0,,115.5638980407032,-2.0390577969387067,2.0390577969387067,2026-02-18
485,17.539388626833855,-122.34764675657476,45.74110740133416,200.60265187177484,32.56401271843264,17.532338181559545,0.557330202721771,0,0-500m,213.55582103556105,-12.953169163786214,12.953169163786214,2026-02-18
1107,45.07050814739988,-123.48552276868992,47.16508044376671,210.86945697958112,34.76489959595346,18.80049179889062,0.411643028636759,2,1000-1500m,198.05576942045496,12.813687559126151,12.813687559126151,2026-02-18
1017,16.21035109355904,-122.81169466438722,47.58228872570971,186.5151334529265,36.84286253378264,13.843627322418463,0.4494973969958787,3,1000-1500m,192.76857530205092,-6.253441849124414,6.253441849124414,2026-02-18
1185,36.37419086579848,-120.36158236010787,45.18234063179467,85.23371189560646,29.793432440931305,14.630959474950224,0.4209956449073944,0,1000-1500m,103.26604073746408,-18.03232884185762,18.03232884185762,2026-02-18
1207,15.68880896817416,-121.640977764981,48.7838835593824,212.17603167939387,34.028534620784754,12.899537999424432,0.5281089091319071,4,1000-1500m,195.8511215075066,16.324910171887268,16.324910171887268,2026-02-18
356,5.3759121274347015,-118.19781643882172,48.368661506601526,164.67111941976452,26.91300012612906,15.440654559717768,0.425033488098496,4,0-500m,166.27738050338797,-1.6062610836234512,1.6062610836234512,2026-02-18
918,18.88545946452397,-120.98378733436736,46.18644992862837,261.56166329889925,41.47300688865867,19.15154173375867,0.5385893718478988,1,500-1000m,254.26212865691508,7.299534641984167,7.299534641984167,2026-02-18
1037,34.66733015336862,-122.2590000918866,45.30875012090587,212.61015944126564,35.46943245563886,17.32111134793953,0.6096535542921251,0,1000-1500m,208.3227777774212,4.287381663844428,4.287381663844428,2026-02-18
77,4.627367505919335,-119.6799850937718,45.67954829287623,134.4131241430137,35.520657506349224,16.34920177357884,0.4564471820929545,0,0-500m,142.36157252573298,-7.948448382719278,7.948448382719278,2026-02-18
1064,25.431357896741407,-119.05255948180188,45.50777765501989,180.1634689787074,35.317177745661624,15.09382739969064,0.5020206896938645,0,1000-1500m,183.62895834729392,-3.4654893685865034,3.4654893685865034,2026-02-18
1012,11.626248284703683,-122.83070664469336,45.49313511719578,206.67627696504945,34.2152663655797,17.92996385947461,0.3705011705233067,0,1000-1500m,201.73888108787153,4.93739587717792,4.93739587717792,2026-02-18
394,1.854334115982056,-122.82666548598178,47.07424675466294,234.36689597335237,42.11774608020101,18.35792491795295,0.594254867991193,2,0-500m,229.45597461187717,4.910921361475204,4.910921361475204,2026-02-18
1703,19.12735031739751,-123.7433000114652,45.9833897699736,75.69524959848759,22.96983163705324,12.106501854837228,0.2867569112174833,1,1500-2000m,77.58511586785502,-1.889866269367431,1.889866269367431,2026-02-18
547,1.659411988900495,-118.84518589454052,46.43255886611658,250.1932905881884,35.205426352963656,19.11496199868206,0.4831332298495842,1,500-1000m,240.794914190938,9.398376397250416,9.398376397250416,2026-02-18
90,13.818823587525817,-119.35336830664735,48.95802133353729,143.8392926485857,39.61992908576203,24.087746010827704,0.4873935661049134,4,0-500m,151.0416774691437,-7.202384820557995,7.202384820557995,2026-02-18
1841,20.15320083300095,-120.6775838697513,47.73725699570138,83.07025936937936,23.532560086653422,15.585645631851044,0.47651451897025,3,1500-2000m,88.03646703521734,-4.966207665837985,4.966207665837985,2026-02-18
333,21.83295308883925,-118.09080685721564,48.795922668188005,174.40067573634576,33.24439693772527,15.617332746974398,0.5831858818063058,4,0-500m,176.48485172417938,-2.0841759878336177,2.0841759878336177,2026-02-18
806,9.593096112242227,-118.36030892934964,45.57022622013246,288.381156162349,42.82838665613738,20.2803104003216,0.4907056987647708,0,500-1000m,277.36157827303964,11.019577889309346,11.019577889309346,2026-02-18
206,1.6244828930506825,-119.90251944922274,46.52855789933028,156.35921157487672,37.96796703219219,10.5177393179841,0.5028058949294655,1,0-500m,161.96119942903132,-5.601987854154601,5.601987854154601,2026-02-18
389,12.495564903199822,-117.92210103640718,47.21892721312942,199.12126071661928,37.09973005574128,19.54621100840513,0.4282564270595215,2,0-500m,202.01594790274027,-2.89468718612099,2.89468718612099,2026-02-18
1085,12.693576927687827,-122.55911152974262,45.30703224755495,160.09260097531424,32.50377386657126,20.2151303785131,0.6252150298675554,0,1000-1500m,170.6629642288543,-10.570363253540052,10.570363253540052,2026-02-18
20,1.659569713637279,-123.2165626642159,45.01674977451183,83.17408272804532,15.274341172974806,5.293948350539338,0.4089370620352382,0,0-500m,75.12722426767078,8.046858460374537,8.046858460374537,2026-02-18
571,1.854334168853263,-122.11175271938107,47.68173733518767,270.7531489967903,39.84495370750008,22.222460023397623,0.4753518156829502,3,500-1000m,254.01733214084518,16.735816855945103,16.735816855945103,2026-02-18
513,15.972836406396116,-123.6003920073748,47.56727806720574,260.2355898065361,35.44328913039365,17.57926465816779,0.3598030385100337,3,500-1000m,244.91816471405534,15.317425092480761,15.317425092480761,2026-02-18
723,1.8543341688295631,-120.28181330399278,46.64315523999845,205.35174621003463,37.26044514313586,22.21204718805654,0.5923373024455232,2,500-1000m,225.82852347522683,-20.476777265192197,20.476777265192197,2026-02-18
1050,7.506658860384364,-117.44376015393529,46.95857630412813,174.885459967551,35.228919938239464,17.965490800297342,0.5482219942937507,2,1000-1500m,181.1705752433342,-6.285115275783227,6.285115275783227,2026-02-18
340,5.547544894612033,-123.72459521532043,46.66177200236836,211.3072610248092,25.71953544968612,16.33744187775668,0.3663106496023757,2,0-500m,185.48131148163375,25.825949543175454,25.825949543175454,2026-02-18
1366,23.16806670380711,-123.1452306019298,45.09602017937956,171.13836902741787,32.4894470236443,13.271555659119164,0.5047267202863763,0,1000-1500m,155.79414403698274,15.344224990435123,15.344224990435123,2026-02-18
-1,1.3835882233940615,-120.83460680201595,46.34148642486985,158.97167163354982,25.399396731626,9.474201766202276,0.4356611939077944,1,,144.71210344771995,14.259568185829863,14.259568185829863,2026-02-18
559,14.38579063611558,-117.46287487730469,45.70832902158916,269.78670816623395,43.74685619466932,24.5219362203185,0.5876470894787302,0,500-1000m,267.40049846929816,2.3862096969357935,2.3862096969357935,2026-02-18
108,0.9274099368729608,-121.78690726516274,45.39369675640548,158.6384581781818,32.95821400547377,18.631528671498035,0.4115511556973011,0,0-500m,155.52308918031036,3.1153689978714283,3.1153689978714283,2026-02-18
0,0.0,-120.44935633918124,48.8268817355574,92.16902934161308,18.95400344431001,8.379209186622738,0.1598353388397457,4,,82.52832461327303,9.640704728340054,9.640704728340054,2026-02-18
676,13.294171408161516,-123.70898998664724,47.397438900168666,278.94912047895804,42.68337093116815,25.69784698833445,0.6040874028108497,2,500-1000m,271.98025296964704,6.968867509310996,6.968867509310996,2026-02-18
71,5.830881569480055,-122.96159759326538,47.91462513694641,86.0514602911866,23.063853945544075,13.384424672777476,0.2857857259902583,3,0-500m,91.04207512021706,-4.990614829030463,4.990614829030463,2026-02-18
461,29.53467529172334,-117.09358913928808,46.26145497306447,209.18611655015533,37.72206505462083,20.800032205142827,0.4552388919401314,1,0-500m,213.00572049377868,-3.819603943623349,3.819603943623349,2026-02-18
909,17.76205922959212,-117.24416912494767,46.57258851797606,239.1682508006808,46.79201272137704,25.9157975688222,0.4865004254389358,1,500-1000m,248.83866983246935,-9.670419031788555,9.670419031788555,2026-02-18
634,6.182794124245116,-123.96542013345912,45.947695975586896,311.08927236438586,45.86841040454212,21.903697061128145,0.3509609458007889,1,500-1000m,288.4679920912099,22.621280273175955,22.621280273175955,2026-02-18
1172,20.47133404999154,-117.33731750203732,45.3878626838617,172.53319551795423,28.42294289332075,11.193882998179095,0.3927724757638233,0,1000-1500m,158.55746689253417,13.97572862542006,13.97572862542006,2026-02-18
557,20.22707385545958,-119.5261604352915,45.71612654976634,252.70846238913376,40.93691447762125,20.70750619366851,0.4414621891567948,0,500-1000m,253.30528814579452,-0.5968257566607633,0.5968257566607633,2026-02-18
412,13.758255199802027,-117.92457193835985,48.190056181185945,204.92456137581092,37.01515931018385,14.709646949501682,0.5226603296459702,3,0-500m,206.64448967550837,-1.7199282996974432,1.7199282996974432,2026-02-18
1193,3.2366838050107143,-120.816821010563,47.710183220735104,115.02419304003492,25.81226389517705,16.843998194820195,0.3241166828061577,3,1000-1500m,123.52020580181062,-8.496012761775702,8.496012761775702,2026-02-18
1041,27.70445370991245,-120.39082779994524,47.18771550394191,208.1218748849737,35.94961087637387,12.840535836055697,0.6467082325560446,2,1000-1500m,205.29664847137988,2.8252264135938105,2.8252264135938105,2026-02-18
1571,21.046720087436576,-120.57807393820156,46.90035949146707,79.92987062518047,24.55234182123164,18.63346920659109,0.3447593232606285,2,1500-2000m,84.502068417414,-4.572197792233524,4.572197792233524,2026-02-18
795,2.309851624048672,-119.33195019717726,48.6897371346245,259.5940078105879,48.12116596925736,26.1093635724312,0.5056083758737554,4,500-1000m,265.74485114366956,-6.150843333081639,6.150843333081639,2026-02-18
1388,9.514627313155488,-123.0224412167058,45.290939791114674,84.86800421414988,27.08379003854041,19.66032277659213,0.4004256202402728,0,1000-1500m,96.0341147213418,-11.166110507191917,11.166110507191917,2026-02-18
392,3.0926220417022705,-123.79018487089124,46.12240325295166,206.19340942743577,34.18153534969134,17.67601125667498,0.3219723832155035,1,0-500m,201.1128035833961,5.080605844039667,5.080605844039667,2026-02-18
429,41.19307954900762,-121.84449040886166,46.39975141428285,175.75570986775605,31.18006266700053,13.321059697146255,0.5364704543414163,1,0-500m,184.87340135014995,-9.117691482393894,9.117691482393894,2026-02-18
963,7.5511675346124765,-119.06723466084348,48.12970324885115,229.0916818606567,41.0073772912512,19.428601393811405,0.5161903691939204,3,500-1000m,227.36845582532945,1.723226035327258,1.723226035327258,2026-02-18
406,4.619663103635478,-122.58702583513936,48.970058480647886,240.37800182730888,40.76203235321356,21.54304630243563,0.5755131005044206,4,0-500m,232.82698983737498,7.551011989933897,7.551011989933897,2026-02-18
779,4.594354459431058,-119.28597296672558,45.96268205902861,278.41087465906924,49.921103857168944,28.41032462011866,0.6493060065084674,1,500-1000m,283.7584975793029,-5.347622920233675,5.347622920233675,2026-02-18
1794,19.57642466705825,-117.21061567724912,48.49722933654832,134.3458156085309,30.54411296810425,18.672876896835398,0.3310553855519994,4,1500-2000m,125.9261448534393,8.419670755091602,8.419670755091602,2026-02-18
1047,0.9274099368611016,-123.34269498947408,48.32249104172716,199.31277806427607,33.02752565717432,18.813681878668948,0.5257873512646417,4,1000-1500m,189.26714052953946,10.045637534736613,10.045637534736613,2026-02-18
384,8.384429392592429,-119.29178517242411,45.89862959056707,213.3612131260948,32.1653823756988,15.995741917037805,0.5331800240251923,1,0-500m,202.2438800094898,11.11733311660501,11.11733311660501,2026-02-18
494,7.73355267059139,-120.893748464868,46.59733032079689,244.77016898505613,40.80491998600377,24.74931268376281,0.5524791746057008,1,0-500m,242.4171185311045,2.3530504539516244,2.3530504539516244,2026-02-18
451,26.58500487103841,-117.92300421935748,46.63869147717008,198.47098289170512,41.97511345606128,25.472925339436863,0.4817173776686935,2,0-500m,212.95326153872816,-14.482278647023037,14.482278647023037,2026-02-18
69,5.547544894612033,-122.7599514738683,48.91288267410624,170.44052275670296,30.09129268030643,16.600890401298756,0.4548608760737085,4,0-500m,148.75229940299997,21.688223353702995,21.688223353702995,2026-02-18
859,21.69256429059822,-119.15161833441684,45.72356760551559,267.4022234952235,41.89183909304064,23.022633480235047,0.4180559663404518,0,500-1000m,262.1617729685833,5.240450526640188,5.240450526640188,2026-02-18
804,5.349510669708252,-118.13319297246323,48.196631884419126,246.30787573405956,40.81585790317319,20.92494764861809,0.4891378050543373,3,500-1000m,250.7589926800064,-4.451116945946836,4.451116945946836,2026-02-18
1066,8.002118096132358,-117.38770046368184,46.33677085669244,162.76284797351133,29.821847205869343,20.613568417020485,0.5153324595909154,1,1000-1500m,171.33150351267693,-8.568655539165604,8.568655539165604,2026-02-18
524,20.12487317727612,-119.21726380197248,47.92348138310464,253.5613689763161,44.5593251400999,23.67725884584817,0.5502069949399946,3,500-1000m,255.60630865580995,-2.044939679493865,2.044939679493865,2026-02-18
1427,14.74479742986999,-120.51977665194102,46.68004401718265,123.17188461512735,31.560169122514985,14.593130603780322,0.5460854119421343,2,1000-1500m,125.24366057825371,-2.071775963126356,2.071775963126356,2026-02-18
1523,27.718629567537416,-119.6750693185915,47.31343905246616,95.43194172039834,23.5089442369774,15.355409537408152,0.3633211492907703,2,1500-2000m,101.77970242206682,-6.347760701668477,6.347760701668477,2026-02-18
711,1.6614311724301958,-117.91766510864898,48.33044709330453,264.5647640074729,35.10484625389624,17.259076745790658,0.6033743957369947,4,500-1000m,249.9058710115067,14.658892995966198,14.658892995966198,2026-02-18
2494,28.55360162197135,-120.0057317735282,48.21666225993554,75.29754077562457,18.73827470794943,11.297545238045934,0.4620196806762721,4,2000m+,73.64532489432078,1.652215881303789,1.652215881303789,2026-02-18
0,0.0,-123.78729058212214,48.4656927341588,105.28583087258878,24.52623741035049,13.16162730239171,0.4037358067996265,4,,109.75658862738925,-4.4707577548004735,4.4707577548004735,2026-02-18
931,9.59703749849682,-117.48335913145117,45.23846930137864,258.7820643898256,41.49366371379545,20.921678210215248,0.5139050715242406,0,500-1000m,252.62671923065176,6.155345159173862,6.155345159173862,2026-02-18
786,8.705868373316772,-119.17331274277907,47.76820221215898,289.76832526222495,43.27960100382828,18.33608418011452,0.4429257232595393,3,500-1000m,279.7774093933169,9.990915868908075,9.990915868908075,2026-02-18
570,1.6512504883439496,-119.26440629955928,45.55994950688705,210.729743365771,37.47425367818274,16.174906364741982,0.467601814289214,0,500-1000m,225.64165265319792,-14.911909287426937,14.911909287426937,2026-02-18
1860,14.609504307426564,-122.49027393321596,46.66327427207364,84.29939161851429,19.245496210130483,9.44790535006309,0.2338019204929379,2,1500-2000m,76.45444941144324,7.844942207071057,7.844942207071057,2026-02-18
904,20.11204862480001,-119.3878017083714,47.19435366021875,202.2950595212416,36.09752877027999,14.088531086181328,0.5524543406279395,2,500-1000m,214.50427554817955,-12.209216026937952,12.209216026937952,2026-02-18
421,22.492776030564517,-121.24294916042088,46.610957938987326,178.44811268715685,36.484288235105495,18.96828759211983,0.489948589445994,2,0-500m,192.45888643852385,-14.010773751366997,14.010773751366997,2026-02-18
897,19.366324490982247,-119.44136916070956,47.07844670321203,248.76717538586183,38.10298013416458,21.27280716448878,0.3839735854703621,2,500-1000m,243.43942750668737,5.327747879174467,5.327747879174467,2026-02-18
635,17.35849881042494,-123.25384878784406,48.98610523519448,235.94432725605373,41.46076045618701,19.495736863536717,0.7781075037400742,4,500-1000m,248.8807751613884,-12.936447905334688,12.936447905334688,2026-02-18
63,2.6995354192209646,-119.39508286777875,45.540869254851415,36.67842537849131,16.283549608560808,6.623757106265201,0.2870598784823662,0,0-500m,53.31093811624319,-16.63251273775188,16.63251273775188,2026-02-18
698,4.827754500283615,-117.00410391960531,47.7018241813457,276.1259363512543,45.9452022753582,24.48810460309024,0.4490019254046469,3,500-1000m,278.24401810089705,-2.1180817496427267,2.1180817496427267,2026-02-18
243,1.8543341688295631,-123.66251572797611,46.58400386554246,190.12003195978804,33.9545494811889,19.010965098497977,0.5184624640949537,1,0-500m,184.90142358965844,5.218608370129601,5.218608370129601,2026-02-18
142,12.434098000226877,-117.15978071045078,45.53203919562932,182.77516315103955,27.638470468971946,16.374409481915663,0.5447542343185607,0,0-500m,163.8100981146217,18.965065036417855,18.965065036417855,2026-02-18
107,4.599851440540648,-121.15164427493993,45.63494705349724,114.18830503782996,27.57262100894654,18.95048311322316,0.4569654964069304,0,0-500m,120.1012715500569,-5.91296651222693,5.91296651222693,2026-02-18
881,15.371952072619704,-117.90472584763918,48.79709242498247,274.02838467878126,48.23796229666344,23.71924278004012,0.327496523162994,4,500-1000m,273.39950650133073,0.628878177450531,0.628878177450531,2026-02-18
344,2.2852130918654066,-118.52330161159207,48.51840598684705,122.89473914343456,32.61603187453798,17.31716669327223,0.4976897033309692,4,0-500m,149.64034665225296,-26.745607508818395,26.745607508818395,2026-02-18
618,3.704791833671086,-120.03088617309332,48.62816784166009,229.13825557177145,42.089691930305456,20.063644129601613,0.29753163716357,4,500-1000m,237.6591928405518,-8.520937268780358,8.520937268780358,2026-02-18
637,0.0,-118.83085553524072,48.96613110330954,270.1391189788746,48.09219069371507,24.383970611941585,0.7065056965322137,4,500-1000m,273.7363216176986,-3.597202638824001,3.597202638824001,2026-02-18
495,13.230279747577748,-117.85039107089057,45.83326156003408,243.93683133718943,38.8716732635757,23.566506255439005,0.5491714619021055,1,0-500m,237.50040619058893,6.436425146600499,6.436425146600499,2026-02-18
991,26.115664978992267,-121.17101774844276,46.42175734945625,241.29268966753585,43.10577801774691,19.640470758044227,0.6181464496673539,1,500-1000m,235.4582059765532,5.834483690982665,5.834483690982665,2026-02-18
533,2.896758146351611,-121.71076786905734,47.676876119699465,264.916671472621,39.53607121836376,18.594804904498552,0.555910631372029,3,500-1000m,251.9545911208987,12.962080351722278,12.962080351722278,2026-02-18
563,46.35942030047664,-119.3268463010549,46.93521015944259,244.94188599922,38.42129823304654,19.281586644129053,0.7367194207812595,2,500-1000m,243.9153335772869,1.0265524219331041,1.0265524219331041,2026-02-18
614,27.480234986852576,-118.3450784064112,46.67355813351333,292.9840747021436,45.18508836700181,24.28255144091448,0.5245898222055566,2,500-1000m,276.991115104549,15.992959597594563,15.992959597594563,2026-02-18
796,4.098113031660697,-118.66400405656368,46.431244997342375,270.6473627621607,40.95591076575455,21.660478609840784,0.4908468409406974,1,500-1000m,255.95639275623256,14.690970005928136,14.690970005928136,2026-02-18
1404,30.32306240250341,-118.41530445798956,47.37512252777381,147.71851995563944,27.06800688295881,12.45500897980452,0.5599272690797226,2,1000-1500m,136.8396740859503,10.878845869689144,10.878845869689144,2026-02-18
0,0.0,-120.95091679630949,47.302373714560325,85.24759094770776,24.74058537975541,16.78160393385683,0.3400472377203246,2,,94.06789541864966,-8.820304470941892,8.820304470941892,2026-02-18
931,20.403374612094957,-118.27516048677484,45.64583133625696,232.90987310486457,39.82807037829419,22.41610893865599,0.6535305638563581,0,500-1000m,229.98960437298334,2.9202687318812366,2.9202687318812366,2026-02-18
1349,31.911842346191406,-123.15853661240574,46.88695935007376,102.64664902533092,29.37523312046577,16.634809297099412,0.4862496443235801,2,1000-1500m,109.32326344691074,-6.676614421579828,6.676614421579828,2026-02-18
3,1.6649364307011594,-120.18857631427406,47.2138871048394,125.9309742549814,22.86325290978155,11.414462769557392,0.4805228333415268,2,0-500m,118.20132474590106,7.729649509080332,7.729649509080332,2026-02-18
923,20.78358291625896,-123.95968937651315,47.28114775492556,222.0425687374212,36.63456255383139,17.9518229342823,0.4906068360625366,2,500-1000m,221.26533376916984,0.7772349682513493,0.7772349682513493,2026-02-18
882,0.9274099368611016,-121.72789919069812,45.84042877164941,231.36685385923835,37.12951890520861,16.868866911576646,0.475427248750975,1,500-1000m,230.52898190958757,0.8378719496507756,0.8378719496507756,2026-02-18
850,20.682198379235142,-121.43476925590022,47.969085569009145,211.3453721544014,36.29442322895908,21.33912335668414,0.3943610160754364,3,500-1000m,224.50672802269918,-13.16135586829779,13.16135586829779,2026-02-18
319,17.045992946283512,-121.2267911587352,45.10079637928428,188.4219268034453,37.340092273933536,18.89254359897512,0.4732669909010539,0,0-500m,186.26956331205608,2.152363491389224,2.152363491389224,2026-02-18
119,8.081939697265625,-119.13172955317096,46.41932742217265,154.5390968253417,26.98314885131378,14.86631755751987,0.4962017546947729,1,0-500m,144.80120641749977,9.737890407841917,9.737890407841917,2026-02-18
1145,6.786569378158635,-121.28009329110758,48.12085059414253,186.7255800959376,38.385232076164414,18.651536330504225,0.4762787954661288,3,1000-1500m,185.74037692525536,0.9852031706822402,0.9852031706822402,2026-02-18
1341,10.787948663369708,-120.85914464164227,47.25557168422161,39.3927791132823,13.0339275943597,10.497755785935384,0.4236709674398846,2,1000-1500m,48.34734404163637,-8.954564928354067,8.954564928354067,2026-02-18
955,22.840308674996724,-122.3371910838797,46.04464973004344,178.28426486450434,37.787991735035234,18.707646280780438,0.3812788253376364,1,500-1000m,191.4362806407138,-13.152015776209453,13.152015776209453,2026-02-18
1073,6.067018340168424,-121.38723745859464,47.77981247737219,233.30498599825768,44.36234791935048,24.79352724172411,0.5914296286645482,3,1000-1500m,234.03006754862633,-0.7250815503686567,0.7250815503686567,2026-02-18
51,0.9274099368729608,-122.40911260915794,47.269563776624295,108.6958821450584,31.6526660969438,15.6977428869152,0.391636815826777,2,0-500m,114.55348008987603,-5.857597944817627,5.857597944817627,2026-02-18
1253,5.681757702652364,-123.48762853362088,48.184974437825545,129.24621159064495,24.376994290850725,12.79609836731192,0.4961664771104896,3,1000-1500m,126.23599638219159,3.01021520845336,3.01021520845336,2026-02-18
747,4.216287308059378,-119.77585984633036,47.94010074475929,287.5499121186637,41.90449696046907,24.287694288605955,0.4620506099488768,3,500-1000m,278.99366588341854,8.556246235245169,8.556246235245169,2026-02-18
1385,19.55996999345388,-119.32251041011487,47.44043168814494,112.46762880108663,28.33105504803756,20.2610611177541,0.5907953414528018,3,1000-1500m,117.7560550294604,-5.2884262283737655,5.2884262283737655,2026-02-18
521,2.276194871958432,-119.6635675779327,46.952710701243255,222.5328835442361,41.45446037724111,19.215266721464783,0.4128470347242089,2,500-1000m,226.33820909415897,-3.8053255499228555,3.8053255499228555,2026-02-18
826,2.7802885155287558,-120.755541693396,45.532728502670096,243.6784920609321,38.49682109639425,17.511207869883602,0.6393384446172389,0,500-1000m,240.88555540460004,2.7929366563320457,2.7929366563320457,2026-02-18
53,3.887432797099895,-121.3414995387454,46.04533207154154,161.163510381167,34.63491926127808,14.433776970702588,0.4864301190699573,1,0-500m,155.2126473890841,5.950862992082875,5.950862992082875,2026-02-18
1646,35.245210206785394,-117.95666445299722,46.67639789166834,50.484533063394856,16.776464480039238,11.309597703639804,0.4517382786118578,2,1500-2000m,58.53953336798021,-8.055000304585356,8.055000304585356,2026-02-18
2157,15.19932167445012,-120.36642750404648,47.39719714802556,112.56756172470674,23.798115897004784,11.23681750477695,0.3583268393754524,2,2000m+,107.11423973554862,5.453321989158113,5.453321989158113,2026-02-18
1398,9.2927150782578,-120.64572685659188,47.05483142086122,97.82986941330802,21.58058036164725,10.094799150895172,0.15,2,1000-1500m,93.78452302259606,4.045346390711956,4.045346390711956,2026-02-18
611,3.295305346281983,-123.82050553935495,46.15273810383812,247.605564255562,44.62968887762914,23.11616058683577,0.5772503105019926,1,500-1000m,256.4377475033772,-8.83218324781518,8.83218324781518,2026-02-18
245,1.3193292749862184,-121.6112652066169,45.02585743115884,205.2109694003168,36.15477926238471,17.49113527758251,0.4612903220664975,0,0-500m,192.26410880361206,12.946860596704738,12.946860596704738,2026-02-18
50,4.571135503835441,-121.338630668499,46.98495688760325,97.14167444574728,22.307209787232463,4.028567575824448,0.3897482531700205,2,0-500m,96.70050180126886,0.44117264447842786,0.44117264447842786,2026-02-18
933,12.284548684831089,-121.20824053372168,46.14250395424897,245.74125293828905,46.77966578595712,23.190342550063463,0.711139805516229,1,500-1000m,249.4947978293371,-3.753544891048051,3.753544891048051,2026-02-18
273,13.882411904605087,-119.93879341540868,47.93843320284214,157.72663487761747,32.070978341386336,14.336384370138877,0.4529664050994944,3,0-500m,156.49819242506067,1.2284424525568056,1.2284424525568056,2026-02-18
79,0.9274099368611016,-120.26478217291184,45.09578506108193,82.68810817143881,17.196155294920075,9.294337395010391,0.4617871190068586,0,0-500m,88.89499423423956,-6.2068860628007485,6.2068860628007485,2026-02-18
83,1.6207989585355365,-119.74466435044587,47.339311245223165,115.10929368995752,26.437612950808244,11.634783503991612,0.4236012658380868,2,0-500m,124.06850130788486,-8.959207617927333,8.959207617927333,2026-02-18
738,4.365794939896384,-118.6458171692051,48.76589695002426,288.18647618137703,42.486838588725874,21.859196881985923,0.6960405965611607,4,500-1000m,275.1889624868071,12.997513694569932,12.997513694569932,2026-02-18
902,4.54797113957939,-118.30909982898734,45.697637068446,228.24608093587509,37.47542630461732,18.496421601535747,0.3441846444934192,0,500-1000m,231.46900748367753,-3.2229265478024445,3.2229265478024445,2026-02-18
753,15.307140291239506,-118.97313846641454,46.88659796300238,271.7243855308416,43.22736092641759,22.45195712904268,0.5551242859036676,2,500-1000m,264.0251697858133,7.699215745028255,7.699215745028255,2026-02-18
446,19.13218892712663,-117.31133412831544,45.36568796726856,223.77207464898063,30.3355958579492,16.7085049903736,0.4951048870312204,0,0-500m,213.28965159963238,10.482423049348256,10.482423049348256,2026-02-18
665,4.248635354305638,-123.87237192126548,47.50272764904541,260.29094132478536,42.12446777964994,19.08950143062782,0.5217119755836147,3,500-1000m,262.57608981297665,-2.2851484881912825,2.2851484881912825,2026-02-18
1388,7.944318774186664,-122.62955410021516,47.2021267223849,96.66383149515865,20.040474421016757,13.108338075632052,0.2710423899776563,2,1000-1500m,91.50723560479535,5.156595890363292,5.156595890363292,2026-02-18
384,0.0,-123.947059875153,46.62946209685133,204.02168460121905,38.255497952004056,24.456580401641904,0.4186108370349962,2,0-500m,206.586864526806,-2.5651799255869605,2.5651799255869605,2026-02-18
262,18.01807870408561,-119.46767700091776,47.085508085894965,112.73899350129255,27.74739864705796,17.532468546794938,0.361247868613872,2,0-500m,124.55606478102769,-11.817071279735131,11.817071279735131,2026-02-18
278,2.7115390465063878,-117.71378615735009,48.58629863387604,157.0814288689099,21.94180511793008,13.460235933097216,0.5175668014277558,4,0-500m,143.9246518712482,13.156776997661723,13.156776997661723,2026-02-18
1184,4.820316791534424,-122.2956239239659,45.78517720924427,105.4239829258464,26.466888548101835,14.732641059336984,0.4877873974488593,0,1000-1500m,117.58432144203427,-12.160338516187863,12.160338516187863,2026-02-18
308,5.547544894612033,-117.51075818642585,45.09025804682139,184.0913145687744,36.60502468604575,17.493256778817344,0.5046339480214102,0,0-500m,181.38271273676904,2.708601832005371,2.708601832005371,2026-02-18
574,18.16692709147817,-123.57812826797309,48.4466595387964,257.79117793400303,41.92678521387052,20.788687360812386,0.5808663058235173,4,500-1000m,260.63282744325375,-2.841649509250715,2.841649509250715,2026-02-18
753,22.44093475844933,-117.4589478123614,47.30846832955162,238.0872086189539,36.856382628990566,19.87502690336301,0.422899615846534,2,500-1000m,242.63709781494615,-4.54988919599225,4.54988919599225,2026-02-18
79,8.202862548385665,-121.53864118932256,48.56263382184737,138.52247403659732,33.44913129227099,16.802671200052625,0.5476782057922296,4,0-500m,142.20913294841677,-3.6866589118194497,3.6866589118194497,2026-02-18
0,0.0,-123.29005420085548,47.38778089365269,115.2502795441918,29.064473762467426,15.097351319912285,0.3013227184675531,2,,111.90300852031034,3.3472710238814614,3.3472710238814614,2026-02-18
386,3.0934743816614407,-120.59889768569572,48.24064435983881,208.67642990035327,33.51311124504632,20.189477846619152,0.6028529683433349,4,0-500m,205.02375215299537,3.652677747357899,3.652677747357899,2026-02-18
665,17.675098931474693,-122.20256402595643,46.71869345342059,250.0850608614708,40.97339280504827,22.275153796058813,0.6255044735420371,2,500-1000m,254.187759544726,-4.102698683255198,4.102698683255198,2026-02-18
225,3.8422194297831367,-122.00588968626654,47.999439725153074,164.8196360035162,37.12008043932465,18.3456934189649,0.5150506595604182,3,0-500m,169.0648534487,-4.245217445183812,4.245217445183812,2026-02-18
1506,10.992984815350752,-121.848970245516,48.65216586755943,119.74389976670372,30.70709577792921,19.963520543143588,0.3927065252078343,4,1500-2000m,118.55311138872366,1.1907883779800557,1.1907883779800557,2026-02-18
734,2.310079279772078,-118.37881871517136,47.288491854888825,242.6585215922372,43.71549218136606,21.72223175558299,0.419974508682061,2,500-1000m,257.14072208853145,-14.48220049629424,14.48220049629424,2026-02-18
1324,7.7162878915583,-120.22587106327322,45.72314060224952,97.49791002539013,23.156038742245105,11.752299134008302,0.4374808018404278,0,1000-1500m,102.6701903068685,-5.172280281478379,5.172280281478379,2026-02-18
322,0.0,-121.82084610590798,46.0751904601208,211.36361143939803,41.25425068614366,15.276826949423397,0.5282930765082993,1,0-500m,209.67511186371314,1.6884995756848866,1.6884995756848866,2026-02-18
355,11.451825473490912,-119.72766351682355,45.79457830758962,133.85553267879598,33.95374070484526,17.980038519427307,0.4121691821951608,0,0-500m,153.93781192380231,-20.082279245006333,20.082279245006333,2026-02-18
2020,18.67901280917797,-118.98694528043764,45.98742811038293,14.736952831894158,17.780662550667444,10.18076026106583,0.2858394653973474,1,2000m+,29.325543643672873,-14.588590811778715,14.588590811778715,2026-02-18
362,4.1446841473271645,-122.09163199486528,46.22566179740414,148.60701939400855,32.733225873501105,14.71617356471594,0.2277126405884934,1,0-500m,159.27266103771922,-10.665641643710671,10.665641643710671,2026-02-18
952,15.493144664591282,-121.10515628932254,47.220535147012754,224.1658161395859,39.84220853139801,21.99838276684385,0.6659120512562174,2,500-1000m,223.83452507807652,0.3312910615093756,0.3312910615093756,2026-02-18
897,18.795464986328053,-123.14679734664136,47.35196651785533,237.9277109058468,41.42327635637548,20.109212149282317,0.4737852569429499,2,500-1000m,240.12795586192874,-2.2002449560819457,2.2002449560819457,2026-02-18
183,5.315770747449685,-122.73195455325724,46.70599898896744,154.20629094483672,30.70267775827622,18.3963538392789,0.3685569256343045,2,0-500m,148.33877435946596,5.867516585370765,5.867516585370765,2026-02-18
1622,14.895847875975068,-119.23217502224512,47.46168311928334,87.90460277711534,22.387467850596053,8.671710355632277,0.3959842651634086,3,1500-2000m,85.33373725608618,2.5708655210291624,2.5708655210291624,2026-02-18
1085,38.48258269145312,-122.72993156613062,45.32629970244546,217.92446676788583,37.79468564832133,23.65424218290045,0.5682730063266991,0,1000-1500m,212.18134362431226,5.74312314357357,5.74312314357357,2026-02-18
1036,8.029866404035566,-120.32385631433058,45.35115294823264,233.98599680991487,37.4188194738582,21.82900427586902,0.4828952188240451,0,1000-1500m,220.59286324223504,13.393133567679826,13.393133567679826,2026-02-18
205,1.668531426121044,-119.03667616794296,45.68731784143064,176.5245085028152,33.52054422504821,17.50614770067242,0.3612272020084289,0,0-500m,169.45349820345203,7.0710102993631665,7.0710102993631665,2026-02-18
605,12.834544588209376,-123.2518615383368,47.07230999216138,224.7228833826384,37.79132112273227,14.979062024898834,0.6637201667347989,2,500-1000m,238.068920251817,-13.34603686917859,13.34603686917859,2026-02-18
349,10.030943685492137,-120.02881446259768,45.85597871479325,199.05342640950505,37.48153203307229,16.570644546522683,0.3856581553748424,1,0-500m,199.60656189862686,-0.5531354891218143,0.5531354891218143,2026-02-18
506,10.782561421599256,-122.20406051409046,46.13313761397031,213.18811113408177,36.86227917812364,17.726632167100938,0.6127022331068683,1,500-1000m,223.1089395128438,-9.920828378762025,9.920828378762025,2026-02-18
962,25.261666917604547,-117.25951187333696,46.60125134469197,204.26320587659325,37.77216397223599,22.08795394165989,0.575449682516986,2,500-1000m,206.93459648343668,-2.671390606843431,2.671390606843431,2026-02-18
33,3.945679218233231,-120.61518047296052,48.24746449604152,84.78429202436706,23.419822729918643,12.032912586518972,0.3557088763563144,4,0-500m,87.52138239551746,-2.7370903711504013,2.7370903711504013,2026-02-18
460,11.310727972492623,-118.3580521515739,45.05544854365144,223.2266641366717,39.2078340326106,25.880105606999656,0.3699216627958017,0,0-500m,220.58531073246328,2.6413534042084166,2.6413534042084166,2026-02-18
146,3.271112588375454,-120.14841420490616,47.59751528094649,146.3388129180682,38.33758182561539,22.78633087095382,0.3899733689319133,3,0-500m,152.385649354244,-6.046836436175823,6.046836436175823,2026-02-18
733,21.20803590626319,-123.69611227001629,47.67550612416274,261.1849264953366,44.80916707266665,21.64401678756332,0.4866952607533591,3,500-1000m,266.94287295180766,-5.757946456471075,5.757946456471075,2026-02-18
619,3.0742689724499543,-119.56794037084184,48.19462312142655,225.50331129366276,32.8822180098993,17.278093484577905,0.5871140721832049,3,500-1000m,227.203718711482,-1.7004074178192354,1.7004074178192354,2026-02-18
770,3.951728801348126,-117.3401766045534,48.73101175624125,218.355469916872,33.32809809735368,16.37483725924816,0.500023334473673,4,500-1000m,219.0525761605535,-0.6971062436815032,0.6971062436815032,2026-02-18
997,27.409066991660747,-119.78871725897568,45.08055139579716,187.4325164563031,38.01287495481475,24.45038773535398,0.3186603029045749,0,500-1000m,194.4555036985503,-7.022987242247211,7.022987242247211,2026-02-18
100,21.34846691605061,-118.26567798401248,45.61513482205287,103.20603762838324,28.282847183843565,16.75682799709097,0.4157882418179943,0,0-500m,113.31291325157022,-10.10687562318698,10.10687562318698,2026-02-18
131,4.627367505919335,-117.81055475656116,48.54468517622397,148.90627553397508,29.33129970392951,16.445783974133693,0.5621196570173953,4,0-500m,145.82785615272286,3.0784193812522176,3.0784193812522176,2026-02-18
1122,5.931333911902414,-122.40344159635748,46.83407424874806,160.3074487908258,32.514941072978054,19.15725818819068,0.43308271124193,2,1000-1500m,158.90174610936376,1.4057026814620315,1.4057026814620315,2026-02-18
31,9.349533862922184,-122.5156861206424,47.258362555733854,105.32884007132748,24.58218437396801,14.032191155809691,0.2859266280667761,2,0-500m,102.71953147505036,2.609308596277117,2.609308596277117,2026-02-18
211,3.704791833671086,-119.72313307804306,47.65210881489259,145.2400945581347,29.32939212145568,12.73352031844919,0.3761353426412272,3,0-500m,144.48555519894063,0.7545393591940694,0.7545393591940694,2026-02-18
196,12.79876648050541,-121.12280071135308,47.71626641798255,172.58427066448854,35.80153116883524,18.537044854234225,0.4201476123094981,3,0-500m,173.25207343399583,-0.6678027695072899,0.6678027695072899,2026-02-18
390,21.429727774306905,-118.12097087993295,48.72696161326604,243.45750329054528,36.50822652567159,15.64483044940634,0.4854989171864676,4,0-500m,226.0710088042515,17.38649448629377,17.38649448629377,2026-02-18
352,0.9274099469184875,-117.69983813621393,48.98779766964668,201.56669983877927,33.65071818902671,16.184488958180086,0.5248508592956582,4,0-500m,194.1974114149194,7.369288423859871,7.369288423859871,2026-02-18
1856,3.9027053754742034,-121.52605034488096,47.88062984372376,74.65100995888601,22.73187478629192,13.985808614199286,0.5479739745950853,3,1500-2000m,81.39847528425645,-6.747465325370442,6.747465325370442,2026-02-18
1230,15.600192193224265,-122.34190608717864,46.148884836820606,173.58185199884824,30.68809273563322,18.87827189889689,0.4890871210181076,1,1000-1500m,163.01291370666758,10.568938292180661,10.568938292180661,2026-02-18
619,1.6759735340273871,-118.53632139329297,48.519009609177374,266.29356337817427,41.8632581445178,25.85338592723943,0.6012082349507425,4,500-1000m,264.7755623181339,1.5180010600403762,1.5180010600403762,2026-02-18
223,11.960065868418496,-122.07635775116304,45.196883658163046,141.9185339810654,30.69445061763802,17.169408035027207,0.291897206603683,0,0-500m,143.66136882173544,-1.7428348406700422,1.7428348406700422,2026-02-18
1068,10.579596423526226,-118.24169977040424,45.92432341149799,209.98127759839736,29.94548882836082,11.619131712567835,0.6255186561534308,1,1000-1500m,197.91760444554427,12.063673152853085,12.063673152853085,2026-02-18
976,8.379610721176938,-121.03383222445866,48.58954286985486,217.90223578728376,40.222000420476434,16.968574095588778,0.3337861692339809,4,500-1000m,217.2316666619423,0.6705691253414443,0.6705691253414443,2026-02-18
1221,9.423189623672627,-119.3271507049597,46.02476605775742,104.92510273000318,24.676975958148848,11.609312074036453,0.4409568228103268,1,1000-1500m,113.92247698293927,-8.997374252936098,8.997374252936098,2026-02-18
596,11.387586253039538,-123.33125280315733,45.88260423848699,268.0511939201715,48.5106041019469,30.357903644712525,0.5201189125517972,1,500-1000m,277.6798767661592,-9.628682845987726,9.628682845987726,2026-02-18
1444,19.572663461270487,-119.632984727264,45.55250117256099,107.1600881828994,33.738460974764905,16.43083173679512,0.2516802232904601,0,1000-1500m,117.48577500867727,-10.325686825777865,10.325686825777865,2026-02-18
1291,23.983816451195125,-120.8376262488394,48.43644703058767,78.09926001895121,15.477190301545557,9.053425219768808,0.2950471934809908,4,1000-1500m,73.40145154630606,4.69780847264515,4.69780847264515,2026-02-18
300,17.298433816003882,-119.89374075777168,47.00023303676435,121.1365574476498,26.97209066840593,9.087107674709674,0.4743226366490671,2,0-500m,133.3549265984219,-12.218369150772105,12.218369150772105,2026-02-18
671,17.87879526150625,-122.82390054578596,47.699572812216616,262.8030224777958,39.93726124996356,24.277138974293116,0.4771789975853343,3,500-1000m,255.55520302392418,7.247819453871642,7.247819453871642,2026-02-18
17,1.8543341688295631,-118.84188378539072,45.95626553630012,124.9385823407789,26.938573153521794,11.702071073385293,0.4250524197282525,1,0-500m,124.35156534991535,0.5870169908635461,0.5870169908635461,2026-02-18
293,11.883978202558998,-117.9604204571974,48.03216168404487,188.0065403845739,30.943060129975617,13.71634018924494,0.5407258700458535,3,0-500m,177.8586307125507,10.14790967202319,10.14790967202319,2026-02-18
903,8.13714497388968,-122.48282139936455,48.04002217984839,198.62140426291325,31.937162388350472,14.29114039661235,0.4460834776082794,3,500-1000m,202.29047156116982,-3.6690672982565786,3.6690672982565786,2026-02-18
54,4.356075765154351,-123.32999811135886,46.2503920996332,105.23417123823398,17.876437603602227,12.59467461613821,0.4231368485558116,1,0-500m,102.40140277862105,2.832768459612936,2.832768459612936,2026-02-18
904,25.412398200873536,-123.83452989767564,46.64273053204113,249.06234123869888,38.04720847466096,20.502970935339064,0.4989164334612231,2,500-1000m,239.17203308186745,9.890308156831424,9.890308156831424,2026-02-18
308,16.44737231619842,-119.50619949689714,45.83876110972081,138.95503817873282,30.822149359410183,15.545296775921624,0.3803457476578367,1,0-500m,146.9116238889417,-7.956585710208884,7.956585710208884,2026-02-18
1904,12.200386506072196,-119.75034174737854,48.90624409329162,82.67787211017239,22.915428726777755,14.698766087429895,0.375063724411839,4,1500-2000m,87.29277723720388,-4.614905127031491,4.614905127031491,2026-02-18
204,11.364839637398854,-120.17311811100151,47.58241030823365,152.61523907885885,40.3233126453486,14.196148043551752,0.6058324313110648,3,0-500m,158.72190982424684,-6.106670745387987,6.106670745387987,2026-02-18
1387,5.459953006157501,-122.37637032718816,48.73817552286207,130.34464397330703,33.133992847590015,13.567040714685158,0.3736163353103158,4,1000-1500m,128.60188798977975,1.7427559835272746,1.7427559835272746,2026-02-18
60,1.407716194188776,-121.2636580286614,46.21354217451653,53.625020323106185,13.435484038353357,5.2257627498663,0.3533495770063528,1,0-500m,56.559054855679044,-2.934034532572859,2.934034532572859,2026-02-18
832,5.34929656717263,-119.8386656536968,48.12756365198756,251.5065991038392,40.06766850885748,20.50283982535453,0.5065388119897103,3,500-1000m,247.86101019939218,3.64558890444701,3.64558890444701,2026-02-18
0,0.0,-120.52263198798582,48.06343457553897,155.8075620742972,36.22414711684588,19.21549153918317,0.3970328654862298,3,,149.59462506442642,6.212937009870785,6.212937009870785,2026-02-18
1110,11.285735537940372,-117.0855013584958,47.76662260746617,156.35656748383522,33.81708413545887,18.70376278383577,0.4665956752768376,3,1000-1500m,168.98994082971728,-12.633373345882063,12.633373345882063,2026-02-18
714,29.61851885245479,-123.04492173210286,48.8625559010672,251.9529521137806,41.44648095666881,21.64320833784514,0.3633429375241578,4,500-1000m,252.71153229624278,-0.7585801824621683,0.7585801824621683,2026-02-18
156,14.657369594153971,-119.13398812166685,46.57422134442526,158.95328458897208,27.70108984329483,15.343868303105053,0.6064897347194443,1,0-500m,154.71850963086507,4.23477495810701,4.23477495810701,2026-02-18
903,14.827795396508394,-121.16976862326996,45.52286929435903,213.5673335834602,36.865178293008775,15.906880100940633,0.5278028859366609,0,500-1000m,223.4664708457252,-9.899137262265015,9.899137262265015,2026-02-18
884,3.1114563935019435,-121.0026026955207,47.686835436976246,266.1260683550027,33.737864327871776,16.845999123793543,0.5403240125104306,3,500-1000m,252.9531150419208,13.172953313081905,13.172953313081905,2026-02-18
1190,7.636427208756324,-118.97681564039276,47.91723920190883,162.40648573176773,36.90103071504133,19.605984256178065,0.4087626590690323,3,1000-1500m,163.8641748112564,-1.4576890794886594,1.4576890794886594,2026-02-18
29,3.704791833718337,-119.1529469407294,47.30024229383526,70.37329540906025,22.122514334714744,15.51096812506252,0.3508588115232138,2,0-500m,77.61971465072314,-7.246419241662892,7.246419241662892,2026-02-18
533,14.718643963669434,-117.06120804408468,45.82727157253358,243.51426967381252,42.177285074900816,21.283056814126624,0.4867271678745854,1,500-1000m,250.7505357112047,-7.23626603739217,7.23626603739217,2026-02-18
224,2.8382280529070827,-123.10123997382112,47.017823766677424,116.24809815575055,25.39559272967889,15.841008579597426,0.3193059174207978,2,0-500m,120.91979475707798,-4.671696601327426,4.671696601327426,2026-02-18
1177,22.26957478588889,-123.27123245431083,46.24875894627652,176.2596515684981,29.143885020791892,18.427886733960264,0.4126776434984567,1,1000-1500m,167.27679975528477,8.98285181321333,8.98285181321333,2026-02-18
304,4.560669823529596,-118.9296282800988,46.70986611266676,134.11231231340906,28.176977081637123,15.910382581252792,0.3501093320127629,2,0-500m,142.11136172436198,-7.999049410952921,7.999049410952921,2026-02-18
543,1.616892403671236,-119.95129158095514,47.58087430337866,197.8057234926328,38.21524448673837,23.95937367759377,0.4306313543573337,3,500-1000m,212.94698556612337,-15.141262073490566,15.141262073490566,2026-02-18
837,37.01110454870224,-122.08087533408136,47.980858970763336,218.54852620865967,43.30218067001873,20.0270935987611,0.3698497090636949,3,500-1000m,236.40249388780308,-17.85396767914341,17.85396767914341,2026-02-18
1443,26.130783230596712,-123.4440644170771,45.928898763605375,79.70495422391036,19.532340889929397,4.268854735866517,0.3269812711053547,1,1000-1500m,81.78261817032148,-2.0776639464111213,2.0776639464111213,2026-02-18
404,3.896326165382791,-123.400392252825,46.62130144258781,239.65853394044157,34.38240343505797,15.298762460154784,0.6189297198231545,2,0-500m,223.13893560176513,16.519598338676445,16.519598338676445,2026-02-18
1680,5.329170345643526,-117.74066387735115,46.07664628396652,83.4062246550633,23.720704195546663,8.810415851342338,0.3246359824955104,1,1500-2000m,87.92257737338365,-4.5163527183203485,4.5163527183203485,2026-02-18
1249,46.55349771654277,-122.6569287269688,45.79452645544748,141.1871007953955,32.904407315025615,17.386974208303045,0.4080987035901115,0,1000-1500m,136.35374602191914,4.833354773476373,4.833354773476373,2026-02-18
403,8.660982795011341,-121.73639906519136,48.13354887998335,233.357130301059,38.9631486630288,23.15452554116292,0.5263244505265341,3,0-500m,226.79774498850563,6.55938531255336,6.55938531255336,2026-02-18
681,3.9473948660978535,-122.41340518441108,48.63701077774797,242.29502006877624,42.1194782267264,22.51000477335467,0.3499700907698571,4,500-1000m,250.18024702202342,-7.885226953247184,7.885226953247184,2026-02-18
96,19.973261110227497,-121.51502585917645,46.48092874273831,107.37516451244788,31.48625152846456,14.8687369286455,0.419010282365704,1,0-500m,122.37029305069737,-14.995128538249489,14.995128538249489,2026-02-18
239,5.334179357302293,-123.51403310077734,48.00511569749506,135.74191206217492,27.449874419404352,12.35845219574834,0.4885208802596297,3,0-500m,139.96879485960147,-4.226882797426555,4.226882797426555,2026-02-18
866,16.61084017475455,-120.3665814636421,48.58798115745765,260.8366445508658,43.53013241167392,26.85152044601686,0.4496429583015287,4,500-1000m,260.4129262775707,0.42371827329509415,0.42371827329509415,2026-02-18
864,27.157194237774178,-123.5267120548545,48.384496842120924,282.47210093389947,44.61449192847597,21.03546143476057,0.5608334186579096,4,500-1000m,273.5695975663472,8.902503367552242,8.902503367552242,2026-02-18
684,1.6639218493470271,-118.39750444524348,45.7312535541569,266.2843366974426,44.17203665374738,22.128758185897087,0.4497413695689339,0,500-1000m,269.22445122268715,-2.940114525244553,2.940114525244553,2026-02-18
0,0.0,-122.36401542662696,48.82516752605345,89.77251592300019,23.40473352510676,7.485872851827222,0.4106826620696017,4,,90.10179864832092,-0.32928272532073777,0.32928272532073777,2026-02-18
484,5.349565618993416,-120.21991659776845,46.50670576171785,216.34699417806613,41.257487815688336,22.374891628934805,0.4368492442445904,1,0-500m,222.63359436495455,-6.286600186888421,6.286600186888421,2026-02-18
687,11.360534188573286,-117.83944638706978,46.356962644695344,232.07050386341385,38.6617093638194,22.46946490492334,0.4122314869793647,1,500-1000m,245.43914549032849,-13.368641626914638,13.368641626914638,2026-02-18
0,0.0,-119.44385841666964,45.24972530911112,123.6331500047522,21.681583855478685,12.241171671003702,0.5545688335364541,0,,116.14713275408823,7.486017250663963,7.486017250663963,2026-02-18
856,26.07468668278468,-120.26929549414064,46.94469461641953,216.7306758413616,38.740644268221786,20.372930176706024,0.4065081128497856,2,500-1000m,230.26650182214897,-13.535825980787365,13.535825980787365,2026-02-18
1197,20.543121313354884,-121.72966372819238,45.43605446256372,140.64946661894425,30.72762229681881,17.154915944437295,0.3698276724021092,0,1000-1500m,139.35847197038976,1.2909946485544879,1.2909946485544879,2026-02-18
927,2.32517267340935,-121.66898660859262,45.994159283709706,197.2489282618584,35.422163660739486,18.52693064761778,0.429835528494018,1,500-1000m,205.2753498946868,-8.026421632828402,8.026421632828402,2026-02-18
1236,2.783224800150114,-119.31359131361268,46.26777048706913,89.55456758664633,21.198211340265736,12.06989156665896,0.4248342906788926,1,1000-1500m,102.9325915817975,-13.378023995151167,13.378023995151167,2026-02-18
641,4.504976467927376,-117.04102447145183,48.23530529396674,194.0121632117047,36.35783773250623,18.68275038777409,0.3161667073327601,4,500-1000m,207.1268858112019,-13.114722599497213,13.114722599497213,2026-02-18
1574,8.343772427349124,-119.36712567105435,48.501954601583584,66.22877808451712,13.899362770882972,1.967602675411169,0.3425369640875942,4,1500-2000m,61.14850163896689,5.080276445550226,5.080276445550226,2026-02-18
693,12.733679767738067,-120.09551607840984,46.20986526984588,265.41668590186833,46.32986442088708,28.698919297858566,0.4135938671191951,1,500-1000m,276.33086949588284,-10.914183594014503,10.914183594014503,2026-02-18
7,5.717820409445566,-118.88544642832528,48.434792484978296,98.41759341435888,22.765005722372383,7.454932716111743,0.4049607314358406,4,0-500m,96.7536480794951,1.663945334863783,1.663945334863783,2026-02-18
426,9.807456020077788,-120.74356071401397,48.42892374947917,207.71737612437977,35.74208346850499,13.450477481711935,0.5278278048914936,4,0-500m,209.54327032245817,-1.8258941980784016,1.8258941980784016,2026-02-18
1236,31.715713280516184,-123.5790036017945,48.05860380153949,110.25664806751509,24.22496106991578,12.132246897564835,0.4156668584532743,3,1000-1500m,117.90172988796223,-7.645081820447146,7.645081820447146,2026-02-18
516,8.396435982671571,-120.06392228885464,45.58678045606072,213.9101571860612,32.44458209794478,20.210476587704346,0.5752428964179572,0,500-1000m,220.9929029713769,-7.082745785315694,7.082745785315694,2026-02-18
258,2.7802885155287558,-117.29662300846232,47.76129138760292,135.70047183393262,29.885500271108665,16.909284679426328,0.4335984408524106,3,0-500m,141.95889948965012,-6.258427655717497,6.258427655717497,2026-02-18
1315,5.364277962657868,-122.77287940349638,48.780096258322274,124.9294895984405,28.0777728360306,14.206860543864112,0.4534640077671776,4,1000-1500m,123.87133520864823,1.0581543897922643,1.0581543897922643,2026-02-18
850,19.602388406198287,-119.16996576425534,47.73016191506863,295.69898427741003,47.1909727082686,22.36852319843969,0.4855082687399793,3,500-1000m,281.8516279188474,13.84735635856265,13.84735635856265,2026-02-18
30,4.460304319255484,-122.5934641793866,46.32646739643133,106.47569229511711,25.45430209717262,14.288322807162858,0.443360991020057,1,0-500m,112.69711242264194,-6.221420127524823,6.221420127524823,2026-02-18
57,9.54410890568092,-120.24920620868843,47.00231726972333,80.20599830788075,22.016683347744223,13.485862340015364,0.4051490965650123,2,0-500m,89.21987313246035,-9.013874824579602,9.013874824579602,2026-02-18
601,3.834420710663794,-123.32326485247296,47.58290017340421,284.89539904460315,49.80153214301503,26.3286957075493,0.6432291005623062,3,500-1000m,284.25043783968397,0.6449612049191842,0.6449612049191842,2026-02-18
806,21.534299209845205,-120.8474034461927,47.04228163491401,227.1250230846705,37.685865263605336,24.227391629881343,0.6233746038912608,2,500-1000m,230.94092588161354,-3.8159027969430497,3.8159027969430497,2026-02-18
350,1.6169084962161018,-118.70685669773329,45.47981176692388,204.21106698762796,37.00001891116179,18.597243748336364,0.5076713980240382,0,0-500m,204.59467169380713,-0.3836047061791703,0.3836047061791703,2026-02-18
331,0.0,-121.56699933032712,46.24825617860808,173.3422986354944,31.2387285516423,14.583404999236096,0.3744376571367633,1,0-500m,172.9500503155552,0.39224831993919906,0.39224831993919906,2026-02-18
551,1.6288408422874132,-119.34561792858948,48.20958412221453,246.7315623034156,38.97619216177088,20.21758651948701,0.3668192023424527,4,500-1000m,250.0448054329681,-3.313243129552518,3.313243129552518,2026-02-18
59,19.46523617335059,-118.4318502744719,48.44567218438207,200.61016453840372,35.934171898665284,19.02238717054056,0.450839355865003,4,0-500m,185.12436013825698,15.485804400146748,15.485804400146748,2026-02-18
1032,24.212400161634065,-117.50975526364384,45.54920013086228,177.13457540643506,28.41610136718436,13.219619855874049,0.437347327813211,0,1000-1500m,178.23628356801237,-1.1017081615773066,1.1017081615773066,2026-02-18
0,0.0,-122.35750542701184,48.8095470095949,90.6875047733517,21.85190834251916,13.738691950293727,0.5220923655281031,4,,98.33369659710517,-7.646191823753469,7.646191823753469,2026-02-18
885,14.900448690052938,-121.20478858933484,46.315290471394434,246.35122323021383,42.067659170241605,13.31940969536558,0.3283126995868486,1,500-1000m,248.46278161006433,-2.111558379850493,2.111558379850493,2026-02-18
1982,33.984591715656705,-122.93308790668708,47.64925495492288,79.70262303496301,25.00424754141724,16.054988060410963,0.1896521740360223,3,1500-2000m,78.55252667133198,1.150096363631036,1.150096363631036,2026-02-18
832,3.103787512826761,-117.05261548489138,48.007300583826726,237.7301433989243,41.55754251335438,22.542623325764325,0.4927867786856101,3,500-1000m,243.5639130240475,-5.83376962512321,5.83376962512321,2026-02-18
86,5.707608525292332,-117.51099322452993,48.24778493855153,102.63385212572688,31.26337582078876,10.503483283062504,0.5279675308896661,4,0-500m,116.99399523484718,-14.360143109120301,14.360143109120301,2026-02-18
236,19.59916572472432,-120.22030008803608,48.78299880890372,170.84139053726156,35.47291738376193,18.87331068474481,0.4280595743563645,4,0-500m,176.3850836417434,-5.543693104481832,5.543693104481832,2026-02-18
384,9.195145327361612,-118.10576693936504,46.25167819211529,227.6615412789405,36.590373469041005,18.877465734817747,0.5738975370053455,1,0-500m,217.2375024278785,10.424038851061994,10.424038851061994,2026-02-18
0,0.0,-120.35329415909573,48.434025818206216,81.5524139745676,20.776317290033507,12.297715788971749,0.2893231700000062,4,,79.12413534418006,2.4282786303875383,2.4282786303875383,2026-02-18
810,1.8543341688295631,-119.63490018398068,45.52674761374483,223.0846422316356,41.73272907171321,21.50914341025018,0.3592434598192263,0,500-1000m,238.65435819254049,-15.569715960904887,15.569715960904887,2026-02-18
749,2.7802885155642585,-123.37612897518788,47.82016362541437,304.0272107530324,50.52360394711615,24.662081510509893,0.5224901199599358,3,500-1000m,299.2636349091891,4.763575843843341,4.763575843843341,2026-02-18
1341,26.754876517430507,-118.71310705652236,47.96791091805594,79.16467443695527,25.36147438066115,13.449420954135793,0.2645627919246567,3,1000-1500m,89.6208823071597,-10.456207870204437,10.456207870204437,2026-02-18
684,0.0,-123.10600561455335,47.71089296480528,277.69911056725533,44.754790194691424,21.844602715685237,0.8389631492820431,3,500-1000m,271.6815276095944,6.01758295766092,6.01758295766092,2026-02-18
437,1.3580617249564453,-118.2175265882323,46.00925894454061,227.47221071138415,44.08539925970349,27.29063402485776,0.4993119100628194,1,0-500m,234.03214225874686,-6.559931547362709,6.559931547362709,2026-02-18
1016,23.381633186299823,-118.5258033863073,48.49217258806081,173.15288836517166,34.887972272282816,22.2361552531663,0.3124064043135588,4,1000-1500m,183.3916616353695,-10.23877327019784,10.23877327019784,2026-02-18
443,16.245059689916804,-119.03878711579917,45.67543385348158,237.19548551165437,41.0670297648688,21.835197141328948,0.6036915002978851,0,0-500m,234.5460170095752,2.6494685020791735,2.6494685020791735,2026-02-18
1116,22.264717523227247,-123.74687733632666,45.21453916608333,142.5027159571781,33.09220881596384,12.794468208022424,0.5494546696811773,0,1000-1500m,155.60539347458828,-13.102677517410172,13.102677517410172,2026-02-18
1404,10.731765719811287,-121.8781015083827,47.86985996244765,77.55252416765532,21.27387811401159,13.154372905158947,0.3095881103472508,3,1000-1500m,81.76829998158205,-4.215775813926726,4.215775813926726,2026-02-18
836,0.0,-122.1582120106241,46.90190286093093,212.42482352554376,35.85729783488936,15.79995067794662,0.5111459549824361,2,500-1000m,218.61875032281824,-6.193926797274486,6.193926797274486,2026-02-18
1002,3.704791833671086,-121.47904514769937,48.39639207983471,225.8354711977819,33.79282098699802,20.64143266504524,0.5303876268076364,4,1000-1500m,218.56857679579142,7.266894401990498,7.266894401990498,2026-02-18
184,8.330742117859492,-123.38650077265314,46.53358856423304,130.81587846282775,25.312151329238013,15.45166254922816,0.4411808904114662,1,0-500m,128.4336049131208,2.3822735497069516,2.3822735497069516,2026-02-18
1023,10.914371190664223,-117.44129523878256,45.67311435403085,225.71756941128743,39.360119972491816,20.77319110314636,0.4222644686921661,0,1000-1500m,220.32503021688078,5.392539194406652,5.392539194406652,2026-02-18
177,3.851105368797777,-120.12338431501335,48.34576876987948,120.01688396236736,26.134723913479068,12.28529391203815,0.4225322175688642,4,0-500m,124.32899062939066,-4.312106667023301,4.312106667023301,2026-02-18
595,0.0,-121.86132982539384,47.19563852656029,267.6010526882776,48.16872623073957,24.20022478599661,0.5897545399631968,2,500-1000m,271.0393107066364,-3.4382580183587947,3.4382580183587947,2026-02-18
61,2.3217286229335894,-121.22112938048002,45.756783169561416,150.33696028440292,27.538491087471968,16.752577359168082,0.4690433279381287,0,0-500m,141.44841199131702,8.888548293085904,8.888548293085904,2026-02-18
545,4.587996166658323,-120.86958221646616,47.88153599434578,241.3568335303398,32.24996810450805,16.849600324465282,0.6700810673489559,3,500-1000m,240.20667667440287,1.1501568559369275,1.1501568559369275,2026-02-18
1191,11.106952161564108,-119.79583966647569,47.044454553958005,120.48703100511744,22.210704343282817,9.97538263567089,0.3425168870674259,2,1000-1500m,116.48359735724985,4.003433647867595,4.003433647867595,2026-02-18
605,30.6695617067732,-120.39024400612452,47.41725192896128,245.0536166120173,37.77429816632499,17.574248362825834,0.3490555639361656,3,500-1000m,242.8793012403042,2.1743153717131065,2.1743153717131065,2026-02-18
316,12.15614255879044,-117.56425618749908,46.843593352826325,211.2149106580914,33.667394782152314,20.723087207477576,0.573774300523998,2,0-500m,203.14740798231776,8.067502675773653,8.067502675773653,2026-02-18
662,11.05092005627109,-120.5212556196592,48.31483593527203,277.44066272924584,40.82411470646056,21.61062301451037,0.4207935614077048,4,500-1000m,264.45748005377146,12.983182675474382,12.983182675474382,2026-02-18
700,3.3204380972303182,-117.0548938962368,48.3182508627322,250.35029766178135,41.29989008702972,17.163693063788006,0.5751005250890635,4,500-1000m,257.2153444635235,-6.865046801742125,6.865046801742125,2026-02-18
1151,0.9274099368611016,-118.04002529578432,47.83755528729755,116.17707364354882,25.210453539959328,12.23712347498355,0.333899055956292,3,1000-1500m,123.38296352142231,-7.205889877873489,7.205889877873489,2026-02-18
487,0.9274099368611016,-122.54042639949864,45.42160550958585,248.01530678309987,38.777877872477966,20.63049283170952,0.4777422056492584,0,0-500m,244.06396236021442,3.9513444228854553,3.9513444228854553,2026-02-18
766,12.554113771861568,-117.4858334974926,48.355415447616274,297.66350196514134,44.601903934747206,24.89943397508025,0.365273013883156,4,500-1000m,281.91817935616507,15.745322608976267,15.745322608976267,2026-02-18
1978,9.823261245209627,-123.18543521480169,47.68405192213164,121.47665068964064,25.5235423814841,16.40788478276889,0.5944389448209446,3,1500-2000m,111.39930380011863,10.077346889522005,10.077346889522005,2026-02-18
482,14.189889874282494,-118.27785204056164,47.7880966640172,239.6581099327252,42.12343112067623,21.38886213284109,0.3084833837747966,3,0-500m,236.9081738717109,2.749936061014324,2.749936061014324,2026-02-18
55,1.8543341688295631,-121.33563694566394,46.451931361615486,109.30925183449716,25.514920906006758,17.020340374603784,0.4073625162136475,1,0-500m,111.33939637520469,-2.030144540707525,2.030144540707525,2026-02-18
769,15.486717557427992,-117.85417975688452,48.51711822462803,236.95148267811007,38.62640613326559,21.90991691958777,0.3739935651931922,4,500-1000m,243.45180962012205,-6.500326942011981,6.500326942011981,2026-02-18
948,9.486370417111727,-117.92360316924784,47.90148640093943,206.4287031358277,38.34628333109914,22.46387430944345,0.5099763347335757,3,500-1000m,212.88076747772456,-6.4520643418968575,6.4520643418968575,2026-02-18
1003,10.894471786532204,-118.35852219917663,45.45036186611678,163.43255142643437,29.03955835671445,16.38379997682353,0.5043432306056613,0,1000-1500m,172.7164864537048,-9.283935027270417,9.283935027270417,2026-02-18
745,3.920264951724525,-118.46978694585056,46.63111213762465,311.9116779618194,43.05868092449937,19.336945230787588,0.449624492089705,2,500-1000m,289.4234750754031,22.48820288641633,22.48820288641633,2026-02-18
1138,30.57393756531439,-121.86724602631372,48.54552144784056,162.88722006921176,28.433650611341477,16.01812429162163,0.502531165857226,4,1000-1500m,157.04816507183554,5.839054997376223,5.839054997376223,2026-02-18
822,1.8543341688295631,-123.43356501864125,45.18878680678952,309.2064189317617,43.24016373774843,20.77050694741635,0.6417379919495338,0,500-1000m,288.63504554870366,20.571373383058017,20.571373383058017,2026-02-18
1074,27.23900208647957,-121.17913874864388,48.8456664785682,181.00620630316,31.72940919088149,22.277356088969317,0.4118139717367564,4,1000-1500m,177.52619080544068,3.480015497719336,3.480015497719336,2026-02-18
483,16.54377792861279,-122.78532839509444,47.71665027327825,188.63961083145043,34.46539915341593,18.0804507777468,0.5336132899673878,3,0-500m,202.90710731355242,-14.26749648210199,14.26749648210199,2026-02-18
861,20.31471206756952,-119.13534237768278,47.52550391057351,288.8109508878724,39.527611807594106,18.60534419869875,0.5775661460532289,3,500-1000m,266.2108750668312,22.60007582104123,22.60007582104123,2026-02-18
223,0.0,-121.5773019142355,46.08223702595197,130.9502805110231,24.09255171763513,15.429410483461922,0.5866368783760336,1,0-500m,131.14292609977497,-0.19264558875187276,0.19264558875187276,2026-02-18
816,6.563980243699071,-117.1707285939806,45.99516715495671,239.62009118551455,45.38263795200638,23.12894699132585,0.4916162784727576,1,500-1000m,248.6303497316584,-9.01025854614386,9.01025854614386,2026-02-18
1961,34.09482069875218,-119.51319545858269,48.76823287795438,121.52491263205096,34.756493777208846,14.623060913593616,0.4696439069690913,4,1500-2000m,123.39207414054927,-1.867161508498313,1.867161508498313,2026-02-18
229,13.709965160625238,-118.24263605455948,46.19308981693649,190.5824707415307,40.51429113822354,23.385653017805208,0.5786966124793637,1,0-500m,194.10004008289326,-3.5175693413625595,3.5175693413625595,2026-02-18
588,16.158884480507577,-123.07232729080708,48.102021186876,200.5360037178337,36.546348522981965,18.4339029081055,0.5908474634569172,3,500-1000m,225.39373716156078,-24.857733443727085,24.857733443727085,2026-02-18
161,1.6566448062126446,-117.96589862409164,46.57248719282832,136.33640932008953,21.76160672601404,10.91496980914989,0.3739357936163051,1,0-500m,129.52544962475224,6.810959695337289,6.810959695337289,2026-02-18
280,1.3411395118400309,-117.54069966640624,45.557016283138815,141.64782051846538,32.70049168472472,11.040561498761996,0.4971703005941549,0,0-500m,153.38615537994744,-11.738334861482059,11.738334861482059,2026-02-18
767,13.21065676644742,-120.59056656826743,45.04286119078144,270.27522026276864,41.885330511946464,20.555241716983364,0.5673618095588253,0,500-1000m,268.18934746128934,2.0858728014792973,2.0858728014792973,2026-02-18
563,1.3631805954469307,-119.75622943574317,47.177029348061005,292.2855637803879,42.06639171402521,20.07934251819104,0.5203444209532759,2,500-1000m,277.70408454954645,14.581479230841467,14.581479230841467,2026-02-18
639,2.8273193887865924,-118.64633139367903,48.90311527419573,244.4034738973569,41.87345602764865,22.087599705754943,0.6297445315161635,4,500-1000m,256.57586618873995,-12.172392291383062,12.172392291383062,2026-02-18
1221,13.435648227975244,-122.77612960917712,46.47654477523682,178.10644097015663,35.67947301569797,18.782003708447363,0.5254602693527343,1,1000-1500m,177.76183084422271,0.3446101259339116,0.3446101259339116,2026-02-18
1300,22.363117802228807,-120.4820374647559,46.42876933597218,99.4308896782981,29.38877105762707,10.63064835411316,0.3440391860199491,1,1000-1500m,107.84815215449572,-8.417262476197621,8.417262476197621,2026-02-18
22,2.7802885155642585,-121.2093588055938,46.376366471397766,162.93005658197194,39.329068489779374,24.527011605492795,0.5589956891284319,1,0-500m,158.4941035041587,4.435953077813252,4.435953077813252,2026-02-18
91,3.887274723962092,-122.97538205486426,47.08217534921943,100.18929562296086,25.182878842679525,9.111064530058018,0.3626844883228112,2,0-500m,107.95594005092265,-7.766644427961793,7.766644427961793,2026-02-18
535,15.801835202734758,-121.42725904395928,46.762659533697175,229.8441679083733,36.60006082307693,17.106016155290614,0.4570011354140637,2,500-1000m,237.33767948001645,-7.493511571643154,7.493511571643154,2026-02-18
794,7.787773567442039,-123.52279383430154,48.51965850690806,261.17312911567035,42.048728998263,15.712664487155797,0.631060901362669,4,500-1000m,264.1921642976358,-3.019035181965478,3.019035181965478,2026-02-18
420,16.46147863388215,-123.8193166513536,47.02208316689397,176.53117179288444,28.9095525372754,12.88246505484326,0.5948796784662855,2,0-500m,181.74319955527167,-5.212027762387237,5.212027762387237,2026-02-18
525,17.0186474817222,-123.05383597591624,47.03103135275428,277.9872842201086,41.3009807768678,18.624517910464164,0.526076773084625,2,500-1000m,263.1760294419501,14.811254778158514,14.811254778158514,2026-02-18
736,1.6639280319213867,-117.2581942188758,45.55348637888223,232.3188718698011,35.30903080932559,19.14597589103869,0.5032875999970136,0,500-1000m,238.59289851243946,-6.2740266426383755,6.2740266426383755,2026-02-18
413,24.998174622548905,-120.15329324873488,48.93095816364154,224.82288777531136,41.64529854431318,20.546650000330605,0.5562477672929804,4,0-500m,230.71527690770716,-5.892389132395806,5.892389132395806,2026-02-18
616,27.78105206887192,-117.23924487192744,45.99989156347532,222.76245272922444,42.63387189747499,23.320506114039212,0.4704046936723273,1,500-1000m,242.66505379550935,-19.902601066284916,19.902601066284916,2026-02-18
970,19.791031917476957,-120.97251485168908,45.29345626983841,217.216688217504,36.78046326212403,17.83745644089274,0.5143556888933538,0,500-1000m,214.53244083276553,2.6842473847384554,2.6842473847384554,2026-02-18
675,37.3284004853397,-121.8172870684032,47.65258499590084,259.28740764601747,42.93643649297056,21.67076792527193,0.6465081575743592,3,500-1000m,258.6810859225248,0.6063217234926697,0.6063217234926697,2026-02-18
513,19.767528421045736,-120.45700696011828,47.38146548062749,226.79786497597144,39.90343677389316,22.80886424211312,0.4876281670341592,2,500-1000m,232.70901216410184,-5.9111471881304,5.9111471881304,2026-02-18
1198,9.279610631048106,-120.92341817956962,46.66058261597098,158.97958230340427,34.338790035901965,15.01687097416356,0.5419010401397144,2,1000-1500m,165.2626846636548,-6.283102360250524,6.283102360250524,2026-02-18
1605,13.865829502659944,-123.2603472101678,46.68876893552271,58.8787464070123,17.768430017041855,10.84522527813068,0.3460708882116708,2,1500-2000m,62.35845984018616,-3.479713433173856,3.479713433173856,2026-02-18
502,10.85090696382876,-119.51421579716856,48.140255684185725,271.921685156776,45.95806461888154,24.32957716879244,0.4529339743383903,3,500-1000m,269.93917048376125,1.982514673014748,1.982514673014748,2026-02-18
173,9.28651605069158,-122.4877327224328,45.78285056039859,144.32748411394255,27.97387591936411,15.03961043954284,0.5510036500918395,0,0-500m,143.73942535231166,0.5880587616308901,0.5880587616308901,2026-02-18
207,6.561083688582355,-119.6628843157152,48.28101327577956,78.29916637554534,24.54527651980549,14.3094026554078,0.4531267621798908,4,0-500m,98.09158718108925,-19.792420805543912,19.792420805543912,2026-02-18
8,8.715421285320982,-119.44859235321292,47.59498845558007,156.64847820206134,35.56807792655177,14.333342861825503,0.5073684363832461,3,0-500m,152.42783981950157,4.22063838255977,4.22063838255977,2026-02-18
815,1.3202231378602831,-122.93582602809948,46.6758790951181,262.0433144965179,41.317639183996505,23.02641916322508,0.4383931998996575,2,500-1000m,255.02622830802414,7.017086188493749,7.017086188493749,2026-02-18
815,16.426667219642816,-123.57055261022532,46.83211446633548,289.56460447966145,44.93765938639909,24.31424136941963,0.5255668720661051,2,500-1000m,270.0628333507182,19.501771128943233,19.501771128943233,2026-02-18
769,5.552193671131769,-118.53466889752092,46.02658882874438,252.18110050348,40.99828876977716,18.21432119560876,0.5551495271365771,1,500-1000m,251.5589572203439,0.6221432831360971,0.6221432831360971,2026-02-18
0,0.0,-120.78139703361477,48.0084573307879,48.78913260714801,18.399965465225687,9.293752322219778,0.15,3,,63.27446787049408,-14.485335263346066,14.485335263346066,2026-02-18
648,17.457006420585255,-123.59285343146166,47.05149896922107,247.5706641220695,42.671836696014125,22.398935229819863,0.5949169514404883,2,500-1000m,252.87778460694634,-5.307120484876833,5.307120484876833,2026-02-18
949,24.43738021751201,-117.03593577981162,46.283418170999376,189.81247890101784,35.87214179714715,15.89507779259516,0.4054161537779834,1,500-1000m,195.32816172572151,-5.515682824703674,5.515682824703674,2026-02-18
1126,17.444918420937483,-123.59553607302544,47.38420046304381,166.13758717205454,31.600358303938503,16.81340043402482,0.4606919325301462,2,1000-1500m,163.40121438224082,2.7363727898137142,2.7363727898137142,2026-02-18
1571,38.805028017105776,-119.13475339799012,48.98293780820529,76.58904148062254,23.500367246003368,10.798988586264366,0.2902751860392189,4,1500-2000m,77.25278089724353,-0.6637394166209845,0.6637394166209845,2026-02-18
1341,4.100831272751136,-117.11424752315612,46.741049118626215,120.01888574526566,28.340590695952333,14.168948950392329,0.4179060148775584,2,1000-1500m,120.73910261494063,-0.7202168696749709,0.7202168696749709,2026-02-18
1495,19.645321413441327,-122.32573927048853,48.68276560311448,50.2556909182464,24.88057888981148,11.109108865692976,0.3131225353163868,4,1000-1500m,68.84055017105531,-18.58485925280891,18.58485925280891,2026-02-18
767,2.274325077169397,-123.00425441918962,46.380067359698266,258.1413248216816,37.36851972071891,23.186904230708944,0.3412766788191121,1,500-1000m,252.67134380937196,5.46998101230966,5.46998101230966,2026-02-18
741,4.253106597103682,-123.150305424043,45.21893082769994,247.3041941616411,47.09510371178605,22.826150251310917,0.5769229736177941,0,500-1000m,264.8621379493393,-17.55794378769818,17.55794378769818,2026-02-18
1174,38.98631141698497,-121.87707396702685,45.81696842547372,169.11516657883746,34.18780421580128,19.1141881590469,0.5958671834035487,1,1000-1500m,170.2939845595018,-1.1788179806643484,1.1788179806643484,2026-02-18
565,16.962085027256943,-123.29267932292548,46.674780573310734,205.03731933499216,39.31718948522542,22.480002638601523,0.5148739720142503,2,500-1000m,227.8290034662016,-22.79168413120945,22.79168413120945,2026-02-18
197,5.704581174182748,-119.15487060814108,45.87853971437828,134.7992987467729,26.477526732630995,14.297554302393904,0.4425478739930379,1,0-500m,134.27325162215627,0.5260471246166389,0.5260471246166389,2026-02-18
1237,26.52830529311702,-123.56395741308955,45.00090815287302,178.25683261186066,32.32497436608815,19.525285852079595,0.4388543812338625,0,1000-1500m,161.38208353046932,16.874749081391343,16.874749081391343,2026-02-18
329,4.1493135619101045,-120.43404510295149,48.66000615099011,154.26583799447644,32.27917480561735,13.745861020766114,0.4760580345633343,4,0-500m,167.8960766526141,-13.63023865813767,13.63023865813767,2026-02-18
831,28.9163654921356,-117.02312202302916,48.37551764492372,266.50996276872985,41.875311695385165,14.045202776054982,0.4652524635832945,4,500-1000m,263.5020529971729,3.0079097715569674,3.0079097715569674,2026-02-18
914,3.319744568146756,-118.30220811345788,47.96916892594779,263.133342168552,36.68767910076426,18.238971575691075,0.5245316243619743,3,500-1000m,247.67421786125772,15.459124307294303,15.459124307294303,2026-02-18
883,10.304161777669794,-119.69346393238293,45.671258382584114,237.1808943253894,39.7234479890916,23.600288956731305,0.6060075370681444,0,500-1000m,235.30582417181893,1.8750701535704764,1.8750701535704764,2026-02-18
633,9.184744515051555,-121.85622465449372,45.48145430483994,281.5095307664831,43.1324380656103,22.0581833759145,0.4867809507993401,0,500-1000m,273.41409654538575,8.095434221097378,8.095434221097378,2026-02-18
50,6.242651543936637,-119.63272914595854,45.270418997889536,139.24950517816663,27.5850691584484,15.136939923119566,0.409454625460693,0,0-500m,127.65677150444306,11.592733673723572,11.592733673723572,2026-02-18
0,0.0,-120.31070975261844,47.89611675509168,144.59840351359296,33.45488574752788,16.008504919120227,0.448915441194084,3,,136.8612818966598,7.737121616933166,7.737121616933166,2026-02-18
136,6.135872250773294,-121.0174163127674,48.71523184275154,121.23351995481391,31.16300787739956,15.34940674158018,0.4201961359122618,4,0-500m,125.78309944045972,-4.549579485645808,4.549579485645808,2026-02-18
1006,9.422263160234376,-123.0850273628186,46.722143283652144,200.9610186657464,33.24620146760779,17.964848762134245,0.6224195621611303,2,1000-1500m,196.9368949508059,4.024123714940487,4.024123714940487,2026-02-18
639,10.243493270396996,-117.79377049331671,45.47656268798419,277.44379073441814,41.48975181870384,17.039821278571488,0.5960250549899647,0,500-1000m,267.378387925464,10.065402808954161,10.065402808954161,2026-02-18
423,29.188291696635137,-120.85150745825074,47.049571282928426,193.7871304258161,33.42524502688501,20.27421094270738,0.6181069417769938,2,0-500m,196.05539641574003,-2.268265989923947,2.268265989923947,2026-02-18
1989,26.19923742302532,-122.63764241725464,46.39532762983452,81.43510556423182,21.961497908895584,11.779482478390667,0.4147073128305546,1,1500-2000m,80.23267379105067,1.2024317731811465,1.2024317731811465,2026-02-18
679,2.750063679513804,-121.42568454385898,46.49929969739999,242.21849333679532,43.47144694004251,25.874068060830787,0.37585459354393,1,500-1000m,252.16202153684256,-9.94352820004724,9.94352820004724,2026-02-18
968,24.198723689023844,-121.1010917322975,47.48532249662283,156.82610178261598,32.86245907842359,17.9626748709534,0.5047960708392557,3,500-1000m,170.69553923139185,-13.86943744877587,13.86943744877587,2026-02-18
453,11.784945622708454,-118.20723473103187,47.87487245304881,229.39557585300665,38.18925644942327,21.42397260164785,0.435447825598575,3,0-500m,226.10784309606532,3.287732756941324,3.287732756941324,2026-02-18
361,1.6166779110514495,-118.8646993360702,45.44241439549264,236.22772045167065,37.58596925951337,22.679620732552067,0.5156793051660659,0,0-500m,221.90542800033055,14.322292451340104,14.322292451340104,2026-02-18
1677,4.627367505919335,-118.61486574451062,45.14236092322591,74.65283030081727,25.66015346602988,14.290075032739516,0.1733616965897215,0,1500-2000m,81.49534202947046,-6.842511728653193,6.842511728653193,2026-02-18
57,3.9591834908086567,-123.92278114899948,48.97732121074286,116.54544321097114,30.83327119433125,18.69757453345611,0.4239633628967162,4,0-500m,121.15366791581238,-4.608224704841234,4.608224704841234,2026-02-18
37,1.6110759615897297,-121.08692201274168,45.93091339566221,99.693886713586,25.68625437182741,14.47346320111905,0.5153477289954171,1,0-500m,106.44640572111766,-6.75251900753166,6.75251900753166,2026-02-18
1035,12.82763671875,-120.63059093855271,45.21532209963384,176.37530356395453,29.292030294635435,14.7095712561383,0.4212023580964831,0,1000-1500m,176.2673940056192,0.10790955833533644,0.10790955833533644,2026-02-18
1693,6.83015602088477,-123.8656540622386,45.75950131638368,86.88863217781785,25.581299800026123,15.343489888546472,0.385646719163356,0,1500-2000m,87.61944210519776,-0.7308099273799087,0.7308099273799087,2026-02-18
1240,15.825005671026,-122.18130753878476,45.15583138539386,162.8908071024531,32.52851655381998,17.957025381435166,0.5307652629376708,0,1000-1500m,162.68715400889997,0.20365309355312888,0.20365309355312888,2026-02-18
433,10.76783566055391,-118.67797123814506,46.56724357846869,270.73753426043163,38.66351452377759,19.287774924945804,0.4719733193178357,1,0-500m,244.34635675750226,26.391177502929366,26.391177502929366,2026-02-18
254,7.960600348780459,-123.040232059897,48.2096071378053,181.8925811386465,39.072625206182735,21.026112768640104,0.2897790408292884,4,0-500m,187.02983946591482,-5.137258327268313,5.137258327268313,2026-02-18
1454,5.281564746411412,-120.25282907983186,46.36497779903088,74.48667578537427,22.19451170644928,14.501754968012976,0.3660205538182616,1,1000-1500m,80.17593835411635,-5.68926256874208,5.68926256874208,2026-02-18
673,2.3054600632218416,-122.49358689587932,46.776733627513465,223.80049381394397,33.570158403064106,20.71815452592353,0.4385793075547115,2,500-1000m,228.0569825684421,-4.256488754498122,4.256488754498122,2026-02-18
794,7.842971571061404,-123.91515457749274,47.70234709426976,286.4199595659238,42.26788186927965,24.05847047364241,0.4912203555082856,3,500-1000m,273.5067469193841,12.913212646539705,12.913212646539705,2026-02-18
1206,9.574657601949625,-122.3115897968032,47.03557628027952,152.5565455889585,30.298135362799933,17.529910013800027,0.4959777551854437,2,1000-1500m,151.50049190252392,1.0560536864345806,1.0560536864345806,2026-02-18
967,13.895760743222468,-117.16888371562962,48.4457827440853,200.0798697781732,34.15084112783164,17.30949960504288,0.5632409784338057,4,500-1000m,202.24099953972774,-2.161129761554548,2.161129761554548,2026-02-18
11,3.940533258311828,-118.38924021681908,48.46414270018303,80.54811016569906,23.403999113139744,23.445256863565323,0.3429843621033589,4,0-500m,83.5688665452341,-3.020756379535044,3.020756379535044,2026-02-18
408,1.854334168853263,-117.28296348975276,45.039642781964616,187.790377036668,38.42891515456527,19.22326227960412,0.5896731809848675,0,0-500m,197.7829459246794,-9.99256888801142,9.99256888801142,2026-02-18
806,2.720155197254071,-120.58502169251548,48.1121852259328,282.9248061868822,41.638028116048055,23.177888293269728,0.503986315811456,3,500-1000m,265.6990950744733,17.22571111240893,17.22571111240893,2026-02-18
48,1.3218730813742523,-123.23184660925747,46.8429344009667,112.31037353154863,32.80726153135139,19.91749700650672,0.4247707920752127,2,0-500m,117.86345875148577,-5.553085219937131,5.553085219937131,2026-02-18
390,12.756895853974765,-120.16428357718416,48.95536216521465,167.54287580843646,33.480331967720026,15.943780290401058,0.3236125949222527,4,0-500m,170.53882123198062,-2.995945423544157,2.995945423544157,2026-02-18
200,15.01746519781332,-120.81935865808028,46.93292830350174,168.03277415415275,38.961937939876265,16.314359038279935,0.486840283059643,2,0-500m,167.72279344177466,0.309980712378092,0.309980712378092,2026-02-18
685,2.748474613746481,-118.08950042082267,48.94758378155319,267.59063778142746,43.52615562375424,19.506606593791656,0.264925251366121,4,500-1000m,260.2380544883832,7.352583293044233,7.352583293044233,2026-02-18
346,15.726697746120315,-123.31342193451027,48.01827744482295,181.7593038006277,37.7468946654842,14.833945730876472,0.480217363520128,3,0-500m,191.76736156106364,-10.008057760435946,10.008057760435946,2026-02-18
1014,6.599870798585068,-120.58231204084755,45.99441953845322,216.53000893095407,42.70091802923258,21.01498085820292,0.3979010591471429,1,1000-1500m,218.07757227055467,-1.5475633396006003,1.5475633396006003,2026-02-18
383,11.887364890518414,-122.94965934714212,47.15357991714783,179.72973373650814,31.87427708782144,15.712801578565175,0.6570821874577335,2,0-500m,186.58279612834812,-6.853062391839984,6.853062391839984,2026-02-18
1286,1.8543341688295631,-121.72726851176958,48.96854255791433,149.6732315848046,34.37169979281094,22.40792977905154,0.4460476729007444,4,1000-1500m,146.59330010047066,3.0799314843339403,3.0799314843339403,2026-02-18
463,7.843801909986304,-118.8385004582854,48.430122431007696,188.15797384627507,31.91295600729987,13.04704534452854,0.5518923909078333,4,0-500m,199.17691491457944,-11.018941068304372,11.018941068304372,2026-02-18
919,28.20005603856073,-120.66787309441864,45.389467575164886,205.9923445940968,36.46865854435035,16.0645239024724,0.4097060186389705,0,500-1000m,212.59026497983112,-6.597920385734312,6.597920385734312,2026-02-18
530,23.637526770897708,-121.36878200397962,47.82548798723998,205.9275912090288,37.019404015651965,18.15277536460152,0.5994933004584936,3,500-1000m,219.40591904508594,-13.478327836057133,13.478327836057133,2026-02-18
523,27.853135672062376,-121.23866605000975,46.38231834348325,228.38527747476024,41.68032530834221,17.614798047174126,0.4649617079080081,1,500-1000m,238.34486729962634,-9.9595898248661,9.9595898248661,2026-02-18
78,0.0,-120.7838726211581,45.02792904752139,99.36261174622464,17.852394473056012,11.638903418335428,0.2367494729130395,0,0-500m,91.68603358410027,7.676578162124372,7.676578162124372,2026-02-18
613,3.950937690501224,-118.5048841931406,46.613923876108,245.56584298804643,40.79087240573877,25.699611836046092,0.4940699248338134,2,500-1000m,251.74437134183637,-6.178528353789943,6.178528353789943,2026-02-18
0,0.0,-117.75540717741836,45.93901768689989,105.47371156019592,24.69130771648881,11.233019594143146,0.4779235576765813,1,,111.43388984988165,-5.960178289685729,5.960178289685729,2026-02-18
626,31.221606617736786,-117.31265719447252,48.275477082081885,269.9564606096161,36.34164276480991,16.72417388257734,0.3625025928228249,4,500-1000m,256.7387193318006,13.217741277815492,13.217741277815492,2026-02-18
67,3.934599222788462,-118.49167629621292,46.34932243538306,119.90465612291892,20.65519757287627,13.68697655816176,0.3972429407831852,1,0-500m,111.90067261396385,8.003983508955073,8.003983508955073,2026-02-18
368,3.107113227189492,-121.79215172976392,48.31009477581527,202.11922470226267,35.248911943994514,19.137908927481806,0.4673285686250212,4,0-500m,203.15335428301415,-1.0341295807514825,1.0341295807514825,2026-02-18
381,1.650758720466045,-119.1830570573942,45.00239175533918,239.91878104617527,34.41928619430357,14.036266482813332,0.4248806585289805,0,0-500m,221.70817333799835,18.210607708176923,18.210607708176923,2026-02-18
742,38.80314665502496,-120.93677813161226,46.23127660010448,252.07212629921125,41.72679230217333,20.51441945238703,0.6111088064582826,1,500-1000m,257.7681534718673,-5.696027172656073,5.696027172656073,2026-02-18
585,5.512009209961926,-122.21730564567764,45.964660857231046,214.2670754565097,33.612123262032256,20.8023979246642,0.3531182065338837,1,500-1000m,221.5857317780059,-7.318656321496206,7.318656321496206,2026-02-18
384,9.638588367620622,-118.11389894401854,45.93426944427444,224.5116724002796,36.79527959390852,16.07093352053083,0.5224432931578864,1,0-500m,219.1609160672112,5.350756333068404,5.350756333068404,2026-02-18
786,1.8543341688295631,-123.73101555726372,45.27274647906185,300.6496167556059,41.9112903268336,19.00083169410297,0.7483367692649141,0,500-1000m,284.79203209307803,15.85758466252787,15.85758466252787,2026-02-18
433,2.3007663739370097,-117.68766605505203,45.74849708164201,220.02366821772503,38.75765260815013,22.1827486095164,0.6040489703081691,0,0-500m,222.09347805108155,-2.0698098333565156,2.0698098333565156,2026-02-18
750,16.898109202572844,-120.76965774762688,47.22219827954248,279.1973256445056,44.11741534114788,27.387069777100272,0.4763880074081914,2,500-1000m,278.2952738813645,0.9020517631411167,0.9020517631411167,2026-02-18
1329,17.179545434474406,-119.53958966234204,46.16544429135098,100.59016063581242,16.747750366957945,6.400186094159292,0.318274983333166,1,1000-1500m,93.80668146999707,6.783479165815351,6.783479165815351,2026-02-18
1060,2.2750200880324405,-119.38452254455952,46.66957912931659,191.8269414470407,27.799676990394676,12.593017766353032,0.5852010469081512,2,1000-1500m,184.45401788924636,7.372923557794337,7.372923557794337,2026-02-18
847,12.195035688987216,-117.73417581505424,46.50746752138876,261.02059749074056,44.11543609978299,24.052090801447576,0.3413957021385785,1,500-1000m,258.7828551753968,2.2377423153437803,2.2377423153437803,2026-02-18
156,6.862036004718243,-119.54331222482956,48.503619699999575,144.5678682534091,26.23334875905805,16.168496142926987,0.5266018218398031,4,0-500m,139.74896609525433,4.818902158154771,4.818902158154771,2026-02-18
1397,11.44695925987298,-119.70246490667957,48.62119599604206,92.29070025118702,24.454878664991917,13.43248866000424,0.3684394727839691,4,1000-1500m,96.23053184320557,-3.9398315920185496,3.9398315920185496,2026-02-18
898,37.35689820237294,-123.53343571607518,46.97182788662344,274.6407857935645,43.57576306657981,17.85827768654513,0.3230804204334306,2,500-1000m,264.91885535372666,9.72193043983782,9.72193043983782,2026-02-18
259,25.042007374566868,-120.37114384638356,46.320623801262414,167.0049592253925,33.12937798986246,19.27834001087423,0.4928178382472082,1,0-500m,164.8612591152352,2.1437001101572832,2.1437001101572832,2026-02-18
470,3.2271272440677925,-122.9488169942807,45.427202816009455,248.92685780934943,40.59379922862789,23.30122527818379,0.4624156740375559,0,0-500m,238.06346352375922,10.863394285590203,10.863394285590203,2026-02-18
1604,6.248471734902815,-118.8379636189496,48.81361151752838,96.99340750936824,25.07006249358364,11.374404206966776,0.4177227096461613,4,1500-2000m,95.61528757431533,1.3781199350529079,1.3781199350529079,2026-02-18
1277,2.7829846967997565,-120.41444655431128,45.24090777960119,149.3661409156079,26.36563265143473,16.430017116555792,0.5712568245854702,0,1000-1500m,144.4984470651373,4.8676938504706015,4.8676938504706015,2026-02-18
543,28.499415708392867,-119.23840554554153,46.19060111027312,266.4308987752612,42.21630239049704,22.11459759597561,0.4160154243776479,1,500-1000m,260.08056629985475,6.3503324754064465,6.3503324754064465,2026-02-18
820,1.3184565845813792,-123.70828969578332,46.192264804680015,244.5210681902221,41.54658596575938,24.363727937441336,0.6041724718891618,1,500-1000m,249.43456740459177,-4.913499214369665,4.913499214369665,2026-02-18
1278,24.613658905029297,-123.40645588767936,46.28160514456086,148.14719988069268,33.05853191060062,17.357959958222814,0.4601915768911068,1,1000-1500m,146.75659228403165,1.3906075966610274,1.3906075966610274,2026-02-18
141,3.9056972850902,-118.98573628356122,45.65714737308964,185.5861761408776,36.897747103131,25.0672598243918,0.3917215227948608,0,0-500m,172.46494784987866,13.121228290998943,13.121228290998943,2026-02-18
357,0.0,-123.49540964800929,48.13264572369479,242.408178371976,39.24457975368399,15.59969414213512,0.3590626603203584,3,0-500m,224.04511571776393,18.363062654212058,18.363062654212058,2026-02-18
739,3.096944938260027,-123.50120290564318,45.48999144786396,278.00924011051814,43.28039690669652,21.426252486724533,0.5184253752684534,0,500-1000m,270.8383948192646,7.170845291253556,7.170845291253556,2026-02-18
761,21.379975975011323,-123.91524067335578,47.53962663661265,299.52210003778634,44.70202195222486,26.72899272515925,0.5907389331472462,3,500-1000m,287.2066502325558,12.315449805230571,12.315449805230571,2026-02-18
251,1.6675131049550111,-117.30449021190364,45.49538410682327,127.66363440880298,25.22365671880016,15.659463264354304,0.5349557470401121,0,0-500m,129.9599867727701,-2.2963523639671166,2.2963523639671166,2026-02-18
895,3.937299554382879,-118.83744148378696,45.28214255037182,271.4123371856268,42.60922317580642,22.59506784034397,0.4566395394250777,0,500-1000m,259.3979558265595,12.014381359067329,12.014381359067329,2026-02-18
252,2.8234749299621043,-121.52724014048556,48.63771801474351,162.5236805024431,32.77645296127198,24.229721951007992,0.4606897564352016,4,0-500m,161.36451687272017,1.15916362972294,1.15916362972294,2026-02-18
1320,0.0,-121.92425093098642,45.76051506527482,74.00793702230243,18.88702522826693,8.601446392236392,0.3958529439638498,0,1000-1500m,83.05350289837418,-9.045565876071748,9.045565876071748,2026-02-18
133,0.0,-121.55207739177904,48.28500061823882,133.87978643298894,28.9858747415766,17.333984357840528,0.3377847850307255,4,0-500m,131.8605480468513,2.01923838613763,2.01923838613763,2026-02-18
294,2.698954469021218,-118.57742528173172,47.17852348442855,197.5016974882685,39.84563206300985,23.47873754855428,0.4958469565973467,2,0-500m,197.9589296703802,-0.45723218211171,0.45723218211171,2026-02-18
595,4.810941725646973,-119.3704057225071,45.31142607843508,234.83379625273983,37.24610379981256,21.71962896855194,0.5845913901969452,0,500-1000m,240.10900751633838,-5.27521126359855,5.27521126359855,2026-02-18
1307,27.647947348472467,-122.70363102492772,48.82179276575227,169.6580711691728,41.04382464717377,15.233035668872136,0.4475719201260053,4,1000-1500m,174.79445846823035,-5.136387299057532,5.136387299057532,2026-02-18
0,0.0,-122.7812346526614,45.98784466796757,139.08520772235588,29.739118629854826,17.38068636399676,0.5596110018330164,1,,142.78323135281371,-3.6980236304578398,3.6980236304578398,2026-02-18
0,0.0,-123.3112304520062,48.43858138141043,73.47666914903402,22.35537403580873,16.133823870081745,0.464607531529589,4,,84.14224922710626,-10.665580078072239,10.665580078072239,2026-02-18
1000,18.29045383298905,-119.37788096209064,45.67524002313826,230.80899525958932,42.4052251313987,17.59591625014262,0.4853935845453047,0,500-1000m,226.72908522051824,4.0799100390710805,4.0799100390710805,2026-02-18
114,9.566446661799334,-118.64939136444784,48.41577152856741,128.37493383616885,28.99291859981438,18.878495374861444,0.4020355736661871,4,0-500m,129.33790507192998,-0.9629712357611311,0.9629712357611311,2026-02-18
517,8.057725884385164,-122.14467500172498,45.05291525162117,223.64113243902733,36.08319909859341,19.426150957371167,0.3843691041439919,0,500-1000m,229.33656965351113,-5.695437214483803,5.695437214483803,2026-02-18
1175,24.342962331879917,-123.8533852727836,47.04712182627792,145.0840198467612,29.32668907766649,16.538502587122675,0.3854176854325443,2,1000-1500m,151.04895213109378,-5.964932284332576,5.964932284332576,2026-02-18
1167,17.9870063639365,-123.424798327665,48.07777031768623,144.10894395345355,32.18835204842475,13.596968066582315,0.5076019073792674,3,1000-1500m,151.38144159449263,-7.272497641039081,7.272497641039081,2026-02-18
699,2.8901715293161114,-117.2249797560848,48.739182069971136,229.5925044368865,40.46018007489148,22.93716976740508,0.4412009702560158,4,500-1000m,247.855293065611,-18.262788628724508,18.262788628724508,2026-02-18
716,8.415917069694128,-121.93188655765806,48.636808544825946,248.60769667157143,30.868444713664413,16.00079514327452,0.5298281929078611,4,500-1000m,236.4573204279164,12.150376243655046,12.150376243655046,2026-02-18
11,4.512386818425402,-118.61543796513308,48.27849947819058,124.26963636670712,33.23313851501597,21.11481434383977,0.4316441183350554,4,0-500m,124.74439048714312,-0.4747541204360033,0.4747541204360033,2026-02-18
230,1.6264036155267232,-119.62735501802015,48.552765398645214,190.04117868610075,33.954015160363085,15.244776664708487,0.5783509371327178,4,0-500m,181.2667211826826,8.774457503418148,8.774457503418148,2026-02-18
1697,27.32637874146688,-121.32642252242972,45.79687874334831,119.83523253710392,24.48382813952413,12.780197674071267,0.3582139075681524,0,1500-2000m,112.6096402126029,7.225592324501022,7.225592324501022,2026-02-18
146,9.143577294292614,-122.56018916463113,46.13673718284692,118.40169259695116,28.57579071333844,17.906754965062667,0.4731276400078874,1,0-500m,125.66926225054847,-7.267569653597306,7.267569653597306,2026-02-18
443,40.02820238633953,-123.15029507288416,46.15587409968423,215.276953758538,34.86907566204464,17.605584404538792,0.4606014490999888,1,0-500m,208.7025788801939,6.574374878344116,6.574374878344116,2026-02-18
1378,19.90097359488186,-119.69490922372792,46.5082157240068,87.13901076348859,23.862187517273,9.621553701464926,0.2894369935253805,1,1000-1500m,88.84741934318652,-1.708408579697931,1.708408579697931,2026-02-18
551,0.0,-118.57756353553548,46.57328268154075,270.4545443726352,38.93320121047451,21.862521239423693,0.3742467707903235,1,500-1000m,257.37503390003485,13.079510472600361,13.079510472600361,2026-02-18
2,17.98727104338028,-119.49267022521208,47.1782212986187,64.43584932790385,18.505350785013,11.372766644740723,0.39298739757471,2,0-500m,75.3281845017511,-10.892335173847243,10.892335173847243,2026-02-18
502,4.466570525198563,-120.28788506725589,45.63951905346577,199.79312706396013,35.947864631577026,19.024251766988076,0.3204561617354547,0,500-1000m,209.54864816714377,-9.75552110318364,9.75552110318364,2026-02-18
342,4.627367505978261,-123.70634143597854,47.76498665514396,171.90633270677046,36.38961138940401,20.37507177436145,0.3615489217617504,3,0-500m,184.81831768972106,-12.9119849829506,12.9119849829506,2026-02-18
691,1.6137374225065568,-117.22057855683931,45.67026615721802,266.22852555859976,44.06459581933731,22.9367729104759,0.3897258919353997,0,500-1000m,264.47328160924377,1.755243949355986,1.755243949355986,2026-02-18
785,4.161679779222122,-118.40900065841798,46.24123392841819,246.84375047332085,39.21591962945843,16.44486678195734,0.5766943137469106,1,500-1000m,252.7888714653924,-5.945120992071537,5.945120992071537,2026-02-18
909,22.239334106445312,-121.95024574309323,47.01338052242462,231.9705713621982,31.655466752487342,13.938040839555349,0.3924119530627582,2,500-1000m,220.573642801805,11.396928560393206,11.396928560393206,2026-02-18
1257,33.72140638706441,-117.14020769448804,48.18576224609391,133.2256698086286,25.6784593837205,15.170733688782274,0.4602696658338372,3,1000-1500m,129.26448720503578,3.9611826035928175,3.9611826035928175,2026-02-18
98,7.694854477394703,-119.78682887254574,47.95787693295491,128.07086164498787,29.277544776098683,12.752933874110504,0.3872354485246338,3,0-500m,127.55482214766356,0.5160394973243143,0.5160394973243143,2026-02-18
53,2.273001194000244,-119.92304139254928,47.58213742564209,87.87291866652126,24.89293463307541,15.445874839282556,0.3933464761741544,3,0-500m,98.57201685637204,-10.699098189850787,10.699098189850787,2026-02-18
108,1.3658145117513052,-118.76348774399328,45.62309304232068,115.82115253549722,22.541008991184324,12.305360916687686,0.3790532717826209,0,0-500m,115.4139029444613,0.40724959103592084,0.40724959103592084,2026-02-18
0,0.0,-118.31761148336903,47.18818138246231,119.79482416008092,27.18779791907525,15.357793227774152,0.4518222365536031,2,,118.80272169605092,0.9921024640299976,0.9921024640299976,2026-02-18
274,4.8299194686327205,-119.40464974867947,45.34978600719954,174.1053776220657,32.34498285899598,15.193229843607975,0.5091755224492361,0,0-500m,170.8458447707353,3.259532851330391,3.259532851330391,2026-02-18
162,4.126543639219783,-123.1033297754366,46.50945270718661,163.88581282594808,37.285250375194266,22.19037096530714,0.3377629609388428,1,0-500m,162.83200113797608,1.0538116879720008,1.0538116879720008,2026-02-18
463,1.6549994104089163,-121.63212745803852,46.65406612115984,205.123889502302,40.83003755574161,23.035802338048168,0.5950862622635299,2,0-500m,218.54070887394573,-13.416819371643726,13.416819371643726,2026-02-18
782,4.613911984796713,-117.50341451771766,45.15924575778301,277.87978107982866,44.05371664079317,18.6479165253518,0.5857098687758634,0,500-1000m,272.87281344624,5.006967633588658,5.006967633588658,2026-02-18
1602,32.605788143360535,-122.42769071709304,46.09595239787989,123.6142230265637,20.32681353594061,9.837179093282328,0.558686753328286,1,1500-2000m,108.79948090515374,14.814742121409964,14.814742121409964,2026-02-18
637,4.130053588965284,-121.3948308331374,48.82259786906596,253.6001273979248,40.036216667445366,18.028773563395887,0.6135996484377984,4,500-1000m,256.07140168491173,-2.471274286986926,2.471274286986926,2026-02-18
349,13.823682645402736,-120.97546181939065,48.81453043131876,196.61223286895023,34.19442504301494,14.730880742543768,0.4389757961860195,4,0-500m,191.84278692852618,4.769445940424049,4.769445940424049,2026-02-18
742,7.1302357235189895,-120.92416507213883,46.40930821701016,264.3641261793548,41.80045103187329,22.11045936216512,0.678722702975117,1,500-1000m,265.7433382413821,-1.3792120620273067,1.3792120620273067,2026-02-18
1008,9.9466849255017,-119.70942292253832,45.17240043579329,216.55380031909175,32.557953726636754,20.357062344988908,0.5165718858237228,0,1000-1500m,204.04710681966426,12.506693499427485,12.506693499427485,2026-02-18
659,16.682510375976562,-117.39846913578704,45.71637975731272,268.4917678634583,46.05449781779634,19.148228449149887,0.4378068757588753,0,500-1000m,269.3712364772502,-0.8794686137919143,0.8794686137919143,2026-02-18
611,2.3038849068478044,-122.31515101717248,46.56887117373416,291.12347482872843,48.93174075877874,26.858613811267904,0.6962317925481295,1,500-1000m,287.9976309149766,3.1258439137518508,3.1258439137518508,2026-02-18
438,8.393591720693342,-123.14949036589356,48.79111879187692,229.61508840676092,38.01977606123689,21.214544411841107,0.4538539714090906,4,0-500m,222.66918998288392,6.945898423876997,6.945898423876997,2026-02-18
915,6.233394294122077,-122.61770657098045,45.56479625414874,251.2262743065748,39.72002503890963,23.009412244257344,0.2912558335287505,0,500-1000m,242.22183400281904,9.004440303755757,9.004440303755757,2026-02-18
1502,20.430909432994444,-117.79152569853512,48.05406337467285,102.02582667274798,22.86702280511922,10.951221073572034,0.5784564397538628,3,1500-2000m,102.74459697128238,-0.7187702985343947,0.7187702985343947,2026-02-18
448,3.081202129215084,-119.47932431141356,45.43473015749877,193.57803334331544,35.341462788092805,19.739137364097388,0.4510677906872684,0,0-500m,199.92711235597082,-6.34907901265538,6.34907901265538,2026-02-18
508,3.338492048221492,-121.99865247532588,48.92503030956511,246.15608172131863,42.29175193444819,21.219959972096312,0.4196641967430449,4,500-1000m,245.36435832123897,0.7917234000796611,0.7917234000796611,2026-02-18
177,3.082894737018979,-118.28837142721969,46.52646599643654,134.5214841623129,33.96569015542296,20.12828450800849,0.4192348031497201,1,0-500m,139.6307609713721,-5.109276809059196,5.109276809059196,2026-02-18
175,5.619358301414133,-117.97041002545596,48.10093815559623,123.89000468335898,27.40701879627566,14.642802747358848,0.4617904079201272,3,0-500m,129.61477968764842,-5.724775004289441,5.724775004289441,2026-02-18
668,1.8543341688295631,-118.07439962916806,46.37036433124453,236.90496179474272,39.43361125592237,23.891564794999788,0.5756244091679156,1,500-1000m,247.05045565278016,-10.14549385803744,10.14549385803744,2026-02-18
829,19.817647559596058,-117.56751426452313,47.51067550863524,246.64861934789727,45.15081203162142,24.33423681826157,0.6338130910275512,3,500-1000m,256.09272881167163,-9.444109463774367,9.444109463774367,2026-02-18
696,2.304928111860081,-122.23431285878648,45.768064338960144,244.8018778203131,35.986029644709205,18.82620622020665,0.5664290393150214,0,500-1000m,241.78071035028526,3.021167470027848,3.021167470027848,2026-02-18
738,6.893121279673508,-118.71470649877604,45.58408407718785,309.9551234658459,48.07466852136036,21.300625027203505,0.5317919422583759,0,500-1000m,300.804472137376,9.150651328469849,9.150651328469849,2026-02-18
1116,23.721522030485705,-120.776223519081,48.75225655827253,210.00242206454655,40.50216221836511,19.047089620786853,0.4339350570596605,4,1000-1500m,203.38200834730156,6.620413717244986,6.620413717244986,2026-02-18
630,13.804062455684775,-118.10601012976956,48.67058911161774,249.8330922251935,42.785549826326815,19.30372792858657,0.4342801210696498,4,500-1000m,257.28230656274206,-7.449214337548568,7.449214337548568,2026-02-18
436,12.162561876668974,-118.90056525986871,48.54987576085153,233.93552932394184,37.00156851975445,18.833326903805883,0.5348106801856289,4,0-500m,221.14979521725215,12.785734106689688,12.785734106689688,2026-02-18
844,5.704724875078254,-118.56486787450191,47.50173380066637,274.59654632540696,44.51673325027329,26.27821390494943,0.4806129529014226,3,500-1000m,269.07128337251874,5.525262952888227,5.525262952888227,2026-02-18
1478,35.875195510477425,-119.4068671362325,48.23307284486511,91.6667344768242,24.88377628678945,13.038591880059087,0.370832108407613,4,1000-1500m,96.62661634698628,-4.959881870162079,4.959881870162079,2026-02-18
501,3.2766417963597942,-122.75799861371203,45.2761477476455,279.83671553826576,48.799976374530274,22.611285509716872,0.5646545791093505,0,500-1000m,278.9995120607828,0.8372034774829444,0.8372034774829444,2026-02-18
906,2.956218161088537,-120.18481156772144,46.33915616756272,254.95130724217407,40.29816297442964,19.76965977910661,0.445713044399018,1,500-1000m,245.15755739521424,9.793749846959827,9.793749846959827,2026-02-18
659,1.854334168853263,-117.10731182332844,46.254812499028624,256.2510121469216,43.33123876454753,25.56453393894718,0.5954728796655508,1,500-1000m,261.2246380664404,-4.973625919518781,4.973625919518781,2026-02-18
769,3.2587454852683377,-117.43828353452017,47.54258128781045,211.62203619532968,33.255724786222274,14.886631599170784,0.4385588288795763,3,500-1000m,216.19737542190472,-4.575339226575039,4.575339226575039,2026-02-18
57,1.408691118559945,-123.69778384942092,46.42383109388256,90.2891282324016,23.5139593626133,12.901588943226836,0.3339292877252048,1,0-500m,92.67628272791693,-2.3871544955153325,2.3871544955153325,2026-02-18
717,3.099741904199666,-122.84629628989394,45.59402712657472,267.75935379342087,41.75545328135776,20.542903455423694,0.4427697544617945,0,500-1000m,262.61922479253263,5.140129000888237,5.140129000888237,2026-02-18
91,12.96359985577336,-123.07789858581806,47.38586830165418,109.87404417070336,23.28697760213081,16.13022027532135,0.37708642925473,2,0-500m,110.54913763813448,-0.6750934674311253,0.6750934674311253,2026-02-18
747,7.189454946868268,-118.91814063010293,48.25753568267633,257.8976945502229,39.9859628662843,22.699308843225005,0.3914447086511317,4,500-1000m,252.66660502878017,5.231089521442755,5.231089521442755,2026-02-18
177,3.246555350979033,-118.27550269100138,46.52849397783989,120.5875461792523,33.5153250294328,20.421547100371065,0.5783068036274013,1,0-500m,133.34208325020737,-12.754537070955067,12.754537070955067,2026-02-18
796,6.197864427708154,-122.5054204358253,45.529074860393926,259.65836503733846,42.993105371412256,18.31725566350266,0.3439744374220738,0,500-1000m,260.37072379555934,-0.712358758220887,0.712358758220887,2026-02-18
224,14.327310543306211,-120.4590311493372,45.786752789251295,141.26509618030613,29.851673175001743,15.751648940362076,0.4110418802959586,0,0-500m,140.439563483717,0.8255326965891356,0.8255326965891356,2026-02-18
0,0.0,-118.1150788039216,45.949933220677536,66.53686889649433,15.22729643079262,6.109491578349109,0.4736521483734285,1,,69.02058992230424,-2.4837210258099134,2.4837210258099134,2026-02-18
9,2.7802885155642585,-118.87038918663625,46.19959037197815,98.1154141213842,21.995838143142816,10.977710896023249,0.5067373387923292,1,0-500m,103.91238922780684,-5.796975106422636,5.796975106422636,2026-02-18
672,7.826252991346228,-120.20433956155706,47.57118028202524,245.13575699980825,41.20142103853536,22.55411178166544,0.5463519980697711,3,500-1000m,251.9508790071668,-6.8151220073585534,6.8151220073585534,2026-02-18
972,34.79919705132764,-119.8675661667886,47.40378193815088,175.09886476920332,34.17745089844468,10.766178858296737,0.4445889303709918,3,500-1000m,186.22189970740368,-11.123034938200362,11.123034938200362,2026-02-18
630,2.308142476519955,-120.44147617158605,47.78431944626816,292.0857792745813,48.633501243407,27.01547599252737,0.4675664554923924,3,500-1000m,284.46403637913727,7.621742895444015,7.621742895444015,2026-02-18
353,2.7233285107018896,-121.91716084076826,46.45000793812605,189.2976660121735,34.99528211237653,16.173260396659717,0.3851345777884807,1,0-500m,193.8030594697688,-4.505393457595318,4.505393457595318,2026-02-18
78,5.732026083009489,-120.04484604998687,48.29599060751991,110.12723561341495,24.91153024067383,13.280621155084726,0.2223867794172255,4,0-500m,109.42373237947555,0.7035032339394007,0.7035032339394007,2026-02-18
240,3.2749498476787244,-119.17780288564936,45.81635064462304,175.97152204954557,33.42219147394695,18.315082746194797,0.4121471378557382,1,0-500m,170.64359635837457,5.327925691171004,5.327925691171004,2026-02-18
157,3.704791833671086,-117.88673958897436,46.876162990072615,133.27870940967202,28.777173398298856,8.709366008245421,0.4074100082403331,2,0-500m,136.1330136928545,-2.854304283182472,2.854304283182472,2026-02-18
1413,8.08484389162482,-119.54596052214526,48.20375488616572,122.74070311313416,26.86381988330589,13.783131439667226,0.5068866003183854,4,1000-1500m,118.65932601877913,4.081377094355034,4.081377094355034,2026-02-18
48,15.485409297166033,-118.67214924069788,45.72063459093048,75.85299235011317,21.089592934312076,8.579018846018844,0.2500987029477551,0,0-500m,77.41255114443146,-1.559558794318292,1.559558794318292,2026-02-18
1386,34.112764649567275,-122.879498555318,45.43945245496313,81.48442087054731,23.627929268651677,11.407655616481232,0.4942854185413948,0,1000-1500m,87.70483287443172,-6.220412003884405,6.220412003884405,2026-02-18
429,0.0,-120.76909767906147,48.53473587075196,227.81212131586625,43.18500875168604,26.65389156719105,0.4760294413213522,4,0-500m,231.90680611715064,-4.094684801284387,4.094684801284387,2026-02-18
349,3.091067555112597,-123.93467866121034,46.37171865103679,227.26141328212535,37.141911570805,15.134713298446195,0.499220253556845,1,0-500m,217.84288284031325,9.418530441812095,9.418530441812095,2026-02-18
697,15.474332261527838,-122.27324794834864,47.735480499636125,260.74380827093046,36.67762429511778,17.06540473905156,0.5256733452929221,3,500-1000m,250.09798047987832,10.645827791052142,10.645827791052142,2026-02-18
327,11.38932738847808,-118.91476799420896,45.10139441705575,188.58732946832453,36.99340872436118,15.748055799554772,0.5723488054097767,0,0-500m,194.93069744077263,-6.343367972448107,6.343367972448107,2026-02-18
0,0.0,-117.05733034055446,47.7601875536378,84.76841816095413,27.31333380665528,14.05644004109014,0.4269626992653147,3,,99.82817782992623,-15.059759668972106,15.059759668972106,2026-02-18
1340,34.09485940193412,-123.30575330288949,46.26440524618789,114.22392166050662,25.663580434943448,17.203935025631743,0.3101096330685831,1,1000-1500m,113.82343875839864,0.40048290210798143,0.40048290210798143,2026-02-18
398,9.288360591846928,-121.18953978897098,45.22296341434976,187.2549732254736,37.07959256531736,25.0871047811008,0.5809264673699925,0,0-500m,199.14035197611403,-11.885378750640427,11.885378750640427,2026-02-18
408,20.62280876546729,-118.39950321910588,47.43925104619247,203.97748330930236,33.85437410930571,18.79463751096826,0.4665897737968725,3,0-500m,198.66922617044617,5.308257138856192,5.308257138856192,2026-02-18
720,3.1069559328365304,-122.57175055759772,45.96321526429269,277.7692333680371,43.28271164458689,18.80150026501534,0.5764451963233519,1,500-1000m,272.8837069857103,4.885526382326759,4.885526382326759,2026-02-18
645,1.340793304043433,-120.114405354884,46.54722896820752,207.86602530921752,35.22300435568617,18.69614625673948,0.4026539437215642,1,500-1000m,214.26075943631358,-6.394734127096058,6.394734127096058,2026-02-18
931,21.591672456870587,-118.86850092779228,45.32232324914605,230.72917435673128,37.77777815938508,20.37657770316455,0.5589024550072337,0,500-1000m,227.78169079046103,2.9474835662702503,2.9474835662702503,2026-02-18
436,10.802998605646373,-119.68810184817876,45.58865300437978,196.0930603932795,33.46646280201865,20.31948882800562,0.4105462103398873,0,0-500m,193.40267375374373,2.690386639535774,2.690386639535774,2026-02-18
95,1.8543341688295631,-122.68382685769208,46.19190894198338,105.46693456664453,23.33508117460296,12.825741981989063,0.3114418178095154,1,0-500m,107.55394422424098,-2.087009657596454,2.087009657596454,2026-02-18
235,1.6588302138733677,-121.51230801919982,45.35903800224063,184.25117801185104,33.08349424366776,18.75968057674976,0.3502857230536065,0,0-500m,173.55045173558025,10.700726276270785,10.700726276270785,2026-02-18
365,23.039707640020342,-118.51345750860222,48.64330505874526,202.2853787455795,36.85979319653945,16.602281848368136,0.4367463726150133,4,0-500m,201.3276130426474,0.957765702932079,0.957765702932079,2026-02-18
455,27.70446709918401,-120.12041440107588,45.02418817273591,244.91959710364404,40.561166603603866,20.21433958894416,0.5329553812887684,0,0-500m,236.41415217270367,8.50544493094037,8.50544493094037,2026-02-18
441,6.976528619806761,-123.9633927051996,46.935440875457246,173.54443050888523,36.604640592946765,18.62847880666709,0.4401005705074995,2,0-500m,187.14876129920424,-13.604330790319011,13.604330790319011,2026-02-18
1154,31.054075714335365,-118.67306467980336,45.492989832530206,148.66917040728146,30.009837210791986,16.355120267750387,0.5334949574770373,0,1000-1500m,156.89653604837548,-8.227365641094025,8.227365641094025,2026-02-18
569,5.357155625320656,-123.75282051541832,46.2307163579118,236.7169425166723,36.08536929598849,17.645761341467892,0.6743304779760468,1,500-1000m,237.473803082381,-0.7568605657087062,0.7568605657087062,2026-02-18
195,2.7802885155287558,-118.77986352088138,48.70423823927306,130.16485706547792,27.22107301438517,12.021982036702012,0.4436899239910246,4,0-500m,130.59124625649204,-0.426389191014124,0.426389191014124,2026-02-18
468,30.134871714460623,-122.58263607884334,45.64677821309595,236.14035567279848,35.53294518416236,21.42925998837512,0.554564842253832,0,0-500m,225.91206318409306,10.22829248870542,10.22829248870542,2026-02-18
824,2.798902316657452,-117.29348563916436,48.86332927887333,271.6608902096042,45.62914922814308,25.944672438314186,0.5389622745135408,4,500-1000m,266.21077715172754,5.450113057876649,5.450113057876649,2026-02-18
1762,20.22097848272249,-121.4244147408854,45.82317750795769,54.30752885931307,20.98817640270336,12.58571789837212,0.3550573979722203,1,1500-2000m,66.68138508923582,-12.373856229922751,12.373856229922751,2026-02-18
70,12.178153862222414,-121.71147868563344,47.96626443386732,92.72824766658763,18.424786784244265,11.1317806930149,0.3874021072410721,3,0-500m,91.11805619812635,1.6101914684612808,1.6101914684612808,2026-02-18
789,5.952336851081316,-122.95778364767288,47.18670905958925,223.08734632338536,33.63719772525037,17.91770239435071,0.6689095034198081,2,500-1000m,232.89603057474488,-9.808684251359523,9.808684251359523,2026-02-18
526,2.2969186166724413,-121.8607704915685,48.53791491038704,268.1596938986343,46.02576590756037,21.5857076662905,0.6175958306894992,4,500-1000m,266.16728225105095,1.992411647583367,1.992411647583367,2026-02-18
61,8.405191794948246,-117.8634446672026,47.21597302201253,102.28332236624767,22.8152986360525,6.475605170596811,0.4228004650945369,2,0-500m,98.38917566419178,3.8941467020558918,3.8941467020558918,2026-02-18
310,0.9274099368729608,-117.02565963660926,47.13823687662524,175.42524720851944,33.71020649413924,20.19283264538757,0.565017507898924,2,0-500m,179.34253270379858,-3.9172854952791454,3.9172854952791454,2026-02-18
208,4.871338547147236,-121.42183328645206,45.7818320014736,140.04878545054737,21.7977542600698,8.245590049510694,0.4405906460658452,0,0-500m,132.60123825280436,7.447547197743006,7.447547197743006,2026-02-18
182,5.339713841120986,-120.8597255833182,45.66491744820664,117.44695341962628,30.74573180173483,17.61824775842093,0.3301760073261602,0,0-500m,130.63080596697506,-13.183852547348778,13.183852547348778,2026-02-18
660,45.33266933069237,-118.94550343258084,48.66595660446205,268.1832028895079,48.20712196869893,22.84512628755393,0.3952700063416807,4,500-1000m,269.9416978040701,-1.7584949145621636,1.7584949145621636,2026-02-18
1133,2.7802885155642585,-117.79662953674448,46.31135279540014,174.60539246271688,34.44065004040523,17.095598812434854,0.3447780034475737,1,1000-1500m,173.85587513114547,0.7495173315714112,0.7495173315714112,2026-02-18
1318,2.7802885155287558,-119.84868966069251,46.488329019851584,142.59946493359166,26.2005087034622,18.15647888381604,0.3453824539844862,1,1000-1500m,137.1572127704109,5.442252163180768,5.442252163180768,2026-02-18
268,2.690201244636918,-121.2593201127552,48.03929463371355,159.68893105194527,37.40757081051336,17.679491375316793,0.517234533892466,3,0-500m,167.8998052610611,-8.210874209115815,8.210874209115815,2026-02-18
511,5.585101669061641,-121.11164711405964,46.35529392969123,228.60664574526385,39.20938700358913,21.693997695809877,0.6647435098465774,1,500-1000m,232.02808719061625,-3.4214414453524,3.4214414453524,2026-02-18
31,1.6474701570295731,-119.13067297452235,48.80824978655601,95.40745487451262,22.50432914426361,8.142469573262634,0.5923183845365452,4,0-500m,99.57334534662043,-4.1658904721078045,4.1658904721078045,2026-02-18
1718,47.16138041925716,-123.97747215477006,47.9517110759952,120.05451362721736,33.8111807061761,20.354465732135765,0.3238932350356908,3,1500-2000m,122.38455455532171,-2.330040928104353,2.330040928104353,2026-02-18
1173,8.485151804147554,-119.66287463778112,47.38971697029368,178.74472079668675,30.579296934965303,19.37795456133839,0.5588892917421541,2,1000-1500m,173.17484767721825,5.569873119468497,5.569873119468497,2026-02-18
1200,29.46716574129819,-121.51154892691048,48.52358064217901,145.20866921376924,32.18311966439301,16.156608458340433,0.5141565665120256,4,1000-1500m,146.51717754643107,-1.3085083326618303,1.3085083326618303,2026-02-18
1161,12.157747387928133,-118.4406186810604,45.19842363339793,173.15256565891897,28.97137494120111,14.236435501349954,0.5322463660784308,0,1000-1500m,163.80858552015178,9.343980138767193,9.343980138767193,2026-02-18
493,19.846505122306805,-123.34906552123807,46.028250768756834,217.00172511233583,40.38564986247807,22.82692900763942,0.5645308599532813,1,0-500m,224.48633405234168,-7.484608940005842,7.484608940005842,2026-02-18
326,23.47220515638385,-119.88258413136128,46.86014533688364,234.23051073712236,37.30602874612589,18.928042208185325,0.4787443276411423,2,0-500m,218.49678735323516,15.733723383887195,15.733723383887195,2026-02-18
1124,41.15027574381213,-120.63318977079712,45.90791415788608,152.90478839999923,26.58710340058081,10.161041016670604,0.4833545761390449,1,1000-1500m,148.91692327412073,3.9878651258785,3.9878651258785,2026-02-18
1348,8.667599750707888,-119.5037213186634,47.97562074920861,104.0679764437546,31.611205316957943,14.115281907505576,0.4868377208104388,3,1000-1500m,114.66420706566602,-10.596230621911417,10.596230621911417,2026-02-18
1417,24.579911047290235,-123.54602483861922,48.6768321242149,93.7496787453015,23.462008875247527,17.057651671045143,0.5385001113899066,4,1000-1500m,99.30337591183724,-5.553697166535741,5.553697166535741,2026-02-18
1118,9.739489925008009,-119.94011348800308,46.69508047972369,212.01496473980157,33.87362473964625,21.852674659002144,0.3570493972940796,2,1000-1500m,196.06939243846108,15.94557230134049,15.94557230134049,2026-02-18
317,15.390274382580015,-120.06960788428331,46.36853040044758,183.7931805216412,28.98828842504993,14.72869252435516,0.533613763485866,1,0-500m,176.34880062794193,7.444379893699278,7.444379893699278,2026-02-18
96,3.704791833671086,-120.0753793390868,48.84620292855026,148.9437715237645,27.743920593493822,10.20153342591002,0.4982749428548305,4,0-500m,142.5103669892896,6.433404534474903,6.433404534474903,2026-02-18
402,11.928508588570631,-119.77558633382482,46.77940973131016,203.43153714014792,40.3768774307855,19.17420585119024,0.6063471611181986,2,0-500m,211.27331532500412,-7.841778184856196,7.841778184856196,2026-02-18
674,2.3067391241381148,-119.26472443941546,46.95619360179713,229.1895631733065,38.42369805468618,22.342399613467062,0.5177145684538256,2,500-1000m,241.28323089329515,-12.093667719988645,12.093667719988645,2026-02-18
493,1.3709452959415522,-118.3650770022346,46.40659948936762,251.03482314347676,36.69219301052599,15.406346726803172,0.4700557456235923,1,0-500m,243.04021229521095,7.994610848265808,7.994610848265808,2026-02-18
664,2.8587532586549798,-122.1112549591025,48.63819389204856,243.4078808147776,45.400689217935295,23.293151668829708,0.4916678868970013,4,500-1000m,256.5665200338241,-13.158639219046478,13.158639219046478,2026-02-18
937,22.978598297631702,-118.22465412873956,47.2758219331274,190.81643360252053,31.468299701228126,15.109778531411518,0.5102304205872046,2,500-1000m,192.7256197011735,-1.909186098652981,1.909186098652981,2026-02-18
1329,6.417616522711724,-120.51221022415582,48.04869834872658,106.57868921046652,24.66136434381348,16.054178928191615,0.4976874825890592,3,1000-1500m,111.00284286975187,-4.424153659285352,4.424153659285352,2026-02-18
1017,15.523562257962269,-123.46059204605967,48.24722687340355,216.21326019310504,39.128090548826165,23.39823339900412,0.4037571282107195,4,1000-1500m,216.13345342098663,0.0798067721184168,0.0798067721184168,2026-02-18
222,3.8521050092772766,-123.59014349529214,46.36739616766904,196.2768669334617,35.198407498196005,19.21645869892357,0.5314545835914339,1,0-500m,183.9152036500574,12.361663283404283,12.361663283404283,2026-02-18
1138,15.54224125011656,-121.66033176912758,46.73477732528152,128.87438143891416,28.543638861861357,16.043187418503262,0.4672917887620696,2,1000-1500m,138.94479519616547,-10.070413757251316,10.070413757251316,2026-02-18
665,28.307494670966022,-118.50572116021972,48.39388709762506,204.1437076006293,28.458379757403883,13.283510589272966,0.5823949165602922,4,500-1000m,205.34086179345238,-1.1971541928230636,1.1971541928230636,2026-02-18
348,4.5580286944081,-119.0462334568136,46.45302140670324,212.90911983913367,27.056836698159294,12.180645305450302,0.5861072542173293,1,0-500m,198.5066209131476,14.402498925986066,14.402498925986066,2026-02-18
957,11.57572329425204,-118.47969524729317,48.17574053380741,225.70942716051044,39.80702093710162,21.160280234313053,0.5650589340705328,3,500-1000m,223.00128479951707,2.708142360993378,2.708142360993378,2026-02-18
702,3.947959899902344,-120.37911660490872,48.76396929029775,245.9102972587027,36.08939392213407,20.00110998745888,0.4541473328774365,4,500-1000m,242.51111408299718,3.399183175705531,3.399183175705531,2026-02-18
1068,30.73299209964173,-120.91860701431156,47.49284149227203,195.17598273179885,38.354441691761465,17.855061836894265,0.3671522544850951,3,1000-1500m,197.56992584620116,-2.3939431144023047,2.3939431144023047,2026-02-18
1144,11.288752851213282,-122.967832313056,47.96650914980756,180.0471702723099,30.555123217272897,14.397691004663358,0.5605736630402177,3,1000-1500m,176.519453425073,3.5277168472368885,3.5277168472368885,2026-02-18
598,2.7543627866566127,-121.70265072473482,48.22038924816454,300.464568972536,38.539969930718,17.989240109457434,0.4393362937636102,4,500-1000m,276.3262259563874,24.138343016148553,24.138343016148553,2026-02-18
486,5.464106421281927,-120.96186443678288,48.38015859558657,226.6121409816305,37.98775700858047,22.42691430442497,0.6619864908032367,4,0-500m,229.34993846950866,-2.7377974878781686,2.7377974878781686,2026-02-18
1925,29.38170471352576,-123.37979699224267,46.58021335142718,112.4400656372234,24.19732495784513,14.253677609536172,0.4395608187084343,1,1500-2000m,104.91021088428384,7.529854752939556,7.529854752939556,2026-02-18
320,0.9274099368611016,-122.45571633102152,45.205053836704,169.72997401990506,32.664573544674,18.12516940224681,0.4332779186247161,0,0-500m,174.76526279811944,-5.03528877821438,5.03528877821438,2026-02-18
548,3.704791833671086,-119.81242294155383,46.60750508494696,231.36892417327917,44.23496032733145,24.687233292142075,0.5424832262202947,2,500-1000m,243.94014314928387,-12.571218976004701,12.571218976004701,2026-02-18
18,8.905410124421703,-118.85035820032569,47.69502491913636,118.60151421490926,23.81902791295562,12.821733993425967,0.4193748344932934,3,0-500m,117.37699833401744,1.2245158808918148,1.2245158808918148,2026-02-18
378,0.0,-117.01156742024936,46.80140154312317,171.01844643458986,31.98266775567598,14.242089258775597,0.6116328893676122,2,0-500m,177.92849389271058,-6.910047458120715,6.910047458120715,2026-02-18
443,1.6154526226573984,-117.4682066805951,47.99585260344159,185.6591700363779,38.093546197884216,20.44299511194997,0.5174279248953367,3,0-500m,198.61853134778266,-12.959361311404763,12.959361311404763,2026-02-18
0,0.0,-119.50204360325364,46.427929717874655,129.43434319429866,26.424179212326983,14.518462920818685,0.3768968053012275,1,,123.93855353915401,5.495789655144648,5.495789655144648,2026-02-18
142,4.892874987319446,-121.05126362694148,47.53897656441612,82.72885796286056,17.968283777491198,10.688417463884946,0.4515988555222068,3,0-500m,92.09388112220438,-9.36502315934382,9.36502315934382,2026-02-18
1010,19.46381076613558,-119.54675844704236,45.7456792194159,205.3883316158787,37.18371144346996,22.854082144639385,0.5094179031134897,0,1000-1500m,205.1277421599799,0.2605894558988098,0.2605894558988098,2026-02-18
1204,9.24244274022678,-118.50043867343838,47.99747774657983,137.0445103670608,30.8828079884689,15.577624365650005,0.4865526469073615,3,1000-1500m,139.19514712241246,-2.1506367553516554,2.1506367553516554,2026-02-18
446,1.854334168853263,-123.1716466635363,47.182783875252106,209.7327369591002,28.48792147558301,17.879513543355106,0.5054060366373178,2,0-500m,201.5227184996477,8.210018459452499,8.210018459452499,2026-02-18
1034,4.041872026804783,-121.13066577212598,45.8162575541864,161.89963731424783,29.3907662864734,18.33304619764644,0.6035730916630857,1,1000-1500m,171.589665823669,-9.690028509421182,9.690028509421182,2026-02-18
65,2.277990295878555,-118.12138400055068,46.16764469399123,64.97801947259333,20.86426345039445,8.607729015648324,0.3603962123180503,1,0-500m,75.41355530502508,-10.435535832431754,10.435535832431754,2026-02-18
1131,4.39082937185592,-121.31316933646868,47.99443483432733,149.09677011391244,32.07402577607284,17.102192666348415,0.4427556836967445,3,1000-1500m,154.40586925456344,-5.309099140651,5.309099140651,2026-02-18
639,1.3155920766224396,-119.9968941014097,46.930404942646085,228.21026940815537,39.9572580270188,23.27494968779352,0.4969073254271885,2,500-1000m,238.97793611462805,-10.767666706472681,10.767666706472681,2026-02-18
601,14.606834718740451,-119.8856144739646,45.86412576157229,242.4443401421168,39.31556192714845,18.240861072050876,0.5629637097397442,1,500-1000m,251.0848465518355,-8.64050640971871,8.64050640971871,2026-02-18
200,2.685759981242779,-122.70866622806452,48.86908476148119,148.41920181398163,25.75102693546494,13.384266607362123,0.5752889769054699,4,0-500m,143.5624794264902,4.8567223874914305,4.8567223874914305,2026-02-18
663,28.256173314859296,-121.46435190843398,47.86050007926755,240.4730080848184,39.047283986976446,23.322043437243885,0.4677068187106098,3,500-1000m,251.4297190667477,-10.95671098192932,10.95671098192932,2026-02-18
1304,10.534555382972624,-121.65842097880648,48.82853933015919,95.02017488816854,29.110450390476352,20.37056368830494,0.4818808926651892,4,1000-1500m,107.12332912425627,-12.103154236087732,12.103154236087732,2026-02-18
1620,9.18901218209574,-123.81662304027554,46.708420181441376,93.34535204315178,26.09998581976558,16.81032773219421,0.437122097974077,2,1500-2000m,100.22871419850019,-6.883362155348408,6.883362155348408,2026-02-18
742,1.6589876858571768,-123.83065765276052,46.900401362766885,239.68852305740236,32.600727903578075,18.08714739890338,0.3760460097946803,2,500-1000m,227.10271179864552,12.585811258756848,12.585811258756848,2026-02-18
675,30.823299795407383,-118.17812069426958,48.59182086474008,235.56226645916945,35.814124399041475,11.96117870412236,0.5332738896652368,4,500-1000m,241.6860288818576,-6.123762422688145,6.123762422688145,2026-02-18
116,0.9274099368729608,-122.08850433019032,47.10019736098154,118.5253753233058,22.90503686763764,7.88138130316619,0.4537287168907066,2,0-500m,116.37736040417577,2.14801491913002,2.14801491913002,2026-02-18
697,11.956145903438198,-120.37344863632828,47.82911564762267,267.1308060206842,44.89009526838492,21.579377038208925,0.5522802361533102,3,500-1000m,271.401198936983,-4.2703929162988175,4.2703929162988175,2026-02-18
1259,41.17135450995719,-121.9089209848786,46.00869150998212,184.2934937193613,36.87377740619675,21.25254756458991,0.4937908303400388,1,1000-1500m,174.60131879808483,9.692174921276461,9.692174921276461,2026-02-18
539,7.066115043825871,-117.41524528419262,46.78690587481056,282.6108621082423,49.09883041753872,25.87250002299437,0.4253317895383536,2,500-1000m,277.4796783019548,5.131183806287538,5.131183806287538,2026-02-18
114,48.29047829964963,-122.1849226879396,45.49379946324142,93.99109312209444,27.51296229978534,15.72310341189949,0.2928196805734464,0,0-500m,106.99917868167967,-13.008085559585226,13.008085559585226,2026-02-18
0,0.0,-120.99240231082746,45.82392014350785,72.24828533628016,15.888038927721642,6.456096732653426,0.329631539619067,1,,70.03741351596452,2.2108718203156457,2.2108718203156457,2026-02-18
102,0.0,-117.8908882466078,45.003773661070525,124.67562458319628,27.548319961068948,19.42222714110518,0.5015237247494351,0,0-500m,124.19182833233158,0.4837962508646996,0.4837962508646996,2026-02-18
7,3.2361767974592133,-118.10646503245734,45.15706020659464,120.28795607654092,24.74038353968905,8.510108933953624,0.3759549058131659,0,0-500m,114.6603787873741,5.6275772891668225,5.6275772891668225,2026-02-18
65,15.728480429716123,-122.69729007507604,48.90913529270772,112.5829412834108,20.154667949314927,9.866601960144212,0.5804362737559424,4,0-500m,105.51585012687154,7.067091156539263,7.067091156539263,2026-02-18
598,4.216774456633645,-118.38149683143004,45.96941478054705,306.9711702154942,46.91345034816906,24.51956756295152,0.5350795216766311,1,500-1000m,293.54395295158736,13.427217263906869,13.427217263906869,2026-02-18
374,10.562982543094163,-120.79269179283476,47.653242838016006,227.09307889488457,41.79948150211789,21.529014090392373,0.5155274790639904,3,0-500m,221.55034348820152,5.54273540668305,5.54273540668305,2026-02-18
1426,31.885329987225884,-120.61921789540251,48.35639879519845,142.8613110791536,28.351650962547883,12.622258179679587,0.3984013273827546,4,1000-1500m,132.79811570630284,10.063195372850771,10.063195372850771,2026-02-18
515,2.7892267853834767,-123.0656401930884,47.202641836946256,226.5235715081018,43.8373575989274,24.278774003423184,0.4244203530466918,2,500-1000m,236.17317827394854,-9.649606765846727,9.649606765846727,2026-02-18
2152,35.83025837851788,-123.43578940370011,45.61257800033582,57.61716408672247,22.249983382074475,12.643100566861852,0.3490557762773763,0,2000m+,64.55529470325769,-6.938130616535219,6.938130616535219,2026-02-18
795,12.048723653894095,-118.90442485118363,47.91246574934466,226.8606828799248,37.65446969618706,20.14235226290631,0.3617791140053904,3,500-1000m,235.67484482316053,-8.814161943235717,8.814161943235717,2026-02-18
466,3.256941277824184,-120.52477193351292,47.40100564039833,221.7498998516305,36.74175884505463,19.3665551657951,0.4721680439011506,3,0-500m,217.19104607335638,4.558853778274113,4.558853778274113,2026-02-18
435,3.940225711837278,-120.94204508169376,47.9250023573895,184.45994364394969,37.80344441015494,19.90499951578903,0.4619429506774521,3,0-500m,198.39086547340102,-13.930921829451336,13.930921829451336,2026-02-18
579,1.8543341688295631,-118.89344239943324,48.078986491428346,233.91641686387925,42.9055758097334,26.024482286341577,0.5491880885444678,3,500-1000m,248.5219260867517,-14.605509222872456,14.605509222872456,2026-02-18
331,0.0,-118.64140970706224,48.90164147073898,173.63944039244151,31.31951662562671,17.349393425517388,0.6050043648795818,4,0-500m,173.56145955524013,0.07798083720138038,0.07798083720138038,2026-02-18
0,0.0,-122.88764282631452,47.29425312010684,128.96163399577034,27.66612486687759,20.46835735927044,0.4628609171232926,2,,124.4779229129525,4.483711082817848,4.483711082817848,2026-02-18
1375,20.4212410648796,-119.72842395365652,46.36656445076241,97.26992566802224,26.74466493604056,13.008315984453148,0.4448050293923986,1,1000-1500m,103.51063836997172,-6.240712701949477,6.240712701949477,2026-02-18
534,0.0,-123.0525214240562,47.59385822760095,206.03742560374343,43.02915842321906,26.59453901558598,0.4930187608050996,3,500-1000m,224.3299584471573,-18.29253284341388,18.29253284341388,2026-02-18
649,44.74257322898359,-118.74037439779669,45.273762836970505,246.9501563740184,42.3005270428696,22.715187858493543,0.5592275872738873,0,500-1000m,252.68395706223188,-5.733800688213478,5.733800688213478,2026-02-18
1759,14.210326325825283,-119.40131390613004,48.58958927328634,86.74253785749092,27.72471506577805,13.349192671487598,0.333562100085022,4,1500-2000m,96.16260407923627,-9.420066221745358,9.420066221745358,2026-02-18
409,3.1085826519965547,-117.3036976524158,45.47752404535279,222.30519330957404,40.114160762843085,23.7626457244753,0.601004137515641,0,0-500m,223.2827644097918,-0.9775711002177729,0.9775711002177729,2026-02-18
1446,13.323432518850083,-123.51729388550504,46.31137135154327,76.38997292634564,17.86715227136352,11.171778836748532,0.2481324843272133,1,1000-1500m,77.34108262591458,-0.9511096995689456,0.9511096995689456,2026-02-18
54,0.9274099368611016,-123.60061695194122,48.26298152250448,130.09379786230878,31.829114775614546,17.980709989593407,0.4962233829183505,4,0-500m,127.97638767435814,2.1174101879506395,2.1174101879506395,2026-02-18
1419,2.798559563043119,-122.0246904771476,47.389249513322845,137.433103561408,36.80735016362777,21.95698975253301,0.1551044651862153,2,1000-1500m,138.31437093801648,-0.8812673766084913,0.8812673766084913,2026-02-18
756,28.327488862819504,-122.16806021384866,46.57454208110977,269.9940980983365,38.78293156343695,13.95320709355331,0.6389178372379216,1,500-1000m,263.66114905085,6.332949047486522,6.332949047486522,2026-02-18
252,27.56283468138069,-122.271148406496,46.89374263750008,166.6216744933002,36.39045956054815,15.467874846800056,0.4352791246297303,2,0-500m,175.2259398405731,-8.6042653472729,8.6042653472729,2026-02-18
31,1.3522737365079964,-117.65621793635276,48.41818957280872,98.84270339161756,19.88694116768975,15.460857338557329,0.393009157910096,4,0-500m,96.82038216217391,2.022321229443648,2.022321229443648,2026-02-18
384,23.332814339541358,-122.25317660105344,46.36001754423957,185.45725201707063,31.966845220637214,12.88636662585591,0.4972816730045629,1,0-500m,184.73895346892306,0.7182985481475725,0.7182985481475725,2026-02-18
1251,15.441381960532263,-122.09635191709958,48.47859873924868,82.69101638116715,23.699321341320488,14.02486690517428,0.3435946799631248,4,1000-1500m,100.71704112143408,-18.026024740266934,18.026024740266934,2026-02-18
1485,9.222827237198713,-118.68421216307424,45.35253772390677,110.50178651480748,30.481075232335204,14.958120841084767,0.2665852158702045,0,1000-1500m,109.72696502196914,0.7748214928383419,0.7748214928383419,2026-02-18
40,4.835687239952187,-120.85182110284622,48.107193748834526,102.66521612602816,25.33120603210013,11.371224682321944,0.1597970508901424,3,0-500m,101.46227555184363,1.2029405741845238,1.2029405741845238,2026-02-18
623,4.627367505919335,-118.56302610131374,48.39019053221895,259.59587982251185,39.48361265257779,25.414205038863468,0.4725194426590945,4,500-1000m,257.52030862133233,2.075571201179514,2.075571201179514,2026-02-18
1008,24.34821700958109,-123.5424368970493,45.72727061134936,215.69390681086728,41.393479424992606,20.13466429762676,0.4066307941620452,0,1000-1500m,216.48254949273397,-0.7886426818666905,0.7886426818666905,2026-02-18
359,1.41325504871139,-120.5870016442863,46.7213861294888,173.390230560406,35.6239714575307,9.510895262169209,0.5123874630860938,2,0-500m,185.20941951943414,-11.81918895902814,11.81918895902814,2026-02-18
547,26.892002688896177,-123.76470479871702,45.66199909865463,269.3354419278457,43.25786665674444,22.34283378632987,0.5021081600135923,0,500-1000m,262.5385806699269,6.796861257918806,6.796861257918806,2026-02-18
1422,12.083663524267964,-123.56142757581252,47.82641651597688,105.20000334530656,19.32998580804016,9.74054019178267,0.3264826091856742,3,1000-1500m,97.73005223039829,7.46995111490827,7.46995111490827,2026-02-18
1218,30.619356132375195,-117.65493782658912,47.14139107224663,178.96324923368405,34.219484575345525,17.377073430711278,0.4827125999303694,2,1000-1500m,171.81555722653167,7.147692007152386,7.147692007152386,2026-02-18
938,9.448834025853644,-123.02528240217684,47.54129338683328,227.7300163986096,35.79897325452155,16.297554834061156,0.676011527498948,3,500-1000m,224.33834160060488,3.391674798004715,3.391674798004715,2026-02-18
479,5.275737130776352,-120.27305522407347,45.785947867824845,236.02195351710415,33.85018786198915,11.545291652956418,0.5977270695999741,0,0-500m,227.52327875392623,8.498674763177917,8.498674763177917,2026-02-18
1120,20.511811340554917,-121.12233078179506,45.84698344820968,162.05176718611182,30.86790463838905,17.64883975519456,0.460369248540259,1,1000-1500m,158.16874302546833,3.8830241606434868,3.8830241606434868,2026-02-18
2171,30.327403146278165,-121.5685967161881,45.16598930203963,116.94170401799688,33.056385588740106,12.987811527730036,0.5758985163807441,0,2000m+,121.8571980009207,-4.91549398292382,4.91549398292382,2026-02-18
400,4.113644124371294,-117.7011665801891,46.28827014078292,152.9944191477399,33.71988136898557,17.445062520245628,0.543154941267808,1,0-500m,173.25836622845975,-20.263947080719845,20.263947080719845,2026-02-18
0,0.0,-123.84723622257157,47.2389786453347,92.03371673777428,23.01379029230641,8.95778313870408,0.4291808489629679,2,,96.91487663184976,-4.881159894075481,4.881159894075481,2026-02-18
703,3.1013523397448166,-119.35347219677088,48.43173965598932,252.36717026793747,40.89472988602843,21.929714004261008,0.5964355753448138,4,500-1000m,254.06801065815307,-1.7008403902156033,1.7008403902156033,2026-02-18
257,2.2960924857986127,-117.25623896050514,47.66770978983472,123.84135635062508,27.056526585790127,15.806925815525029,0.3012764064037113,3,0-500m,127.81626116683874,-3.974904816213666,3.974904816213666,2026-02-18
1104,0.9274099368611016,-120.0788227157671,46.74158529359901,153.8319335035771,32.35188687413465,19.775863496824968,0.5970793111684957,2,1000-1500m,162.050285111784,-8.218351608206916,8.218351608206916,2026-02-18
605,30.27671542344653,-117.44224276576836,48.81248045757655,199.31482240820145,34.997381268957795,20.02200520909799,0.4725880214234895,4,500-1000m,216.33151435448872,-17.016691946287267,17.016691946287267,2026-02-18
288,18.938338946497304,-123.63419484499784,47.87698080230333,176.04416702840606,29.765527211616178,18.64387260944481,0.5223006555645403,3,0-500m,168.38538476479735,7.658782263608714,7.658782263608714,2026-02-18
480,7.378860558873837,-121.06844676648087,48.7206608114502,193.18704939779985,33.130869171138784,16.735061822786093,0.3985299721049855,4,0-500m,199.14054968811763,-5.953500290317777,5.953500290317777,2026-02-18
446,8.39600904107267,-122.17889546326565,47.11035189308866,228.3047536099856,40.873930092882645,19.42903284511323,0.3637094569360131,2,0-500m,230.41162506608012,-2.106871456094524,2.106871456094524,2026-02-18
113,2.68227661117632,-118.88425324513489,46.03561709917256,118.81773434321474,28.25266827830547,11.83093657464735,0.2971969685625013,1,0-500m,122.89886977373166,-4.081135430516923,4.081135430516923,2026-02-18
560,11.830796914544106,-117.13092036651928,45.21130674545888,225.60917483721823,34.674430568651275,14.978962190650218,0.4326726085510747,0,500-1000m,229.36916762699613,-3.759992789777897,3.759992789777897,2026-02-18
142,4.95564116288598,-122.20428956289028,47.9043394059354,92.96116941164676,22.58281505637131,14.411854578393054,0.3789819741464511,3,0-500m,104.98305510030431,-12.021885688657548,12.021885688657548,2026-02-18
387,7.587447125889633,-119.42077778968148,45.48521199202214,184.57062705254785,36.4877473302455,19.93847218790236,0.5267983263096726,0,0-500m,198.09736093619867,-13.52673388365082,13.52673388365082,2026-02-18
403,1.654317039846446,-122.61331657068182,46.21110051308787,214.25023209281812,34.59649669497316,15.092314349032552,0.5816114680764596,1,0-500m,215.27392725990848,-1.0236951670903522,1.0236951670903522,2026-02-18
161,26.75591532965431,-120.04268821799872,47.12988363153559,133.17386022487958,34.13994302850772,20.36368611672628,0.3988460287803342,2,0-500m,153.32910614447297,-20.155245919593398,20.155245919593398,2026-02-18
217,3.932323919621446,-120.75247259318164,47.25766635111899,167.45197809534164,29.414437439739665,19.35975090636615,0.4830963972948915,2,0-500m,157.88855509532786,9.563423000013785,9.563423000013785,2026-02-18
338,3.944833060440219,-117.19596269257924,47.40233278794855,166.85948452320883,31.190087088548275,16.228601796789015,0.5501393660123579,3,0-500m,170.92874748003516,-4.069262956826321,4.069262956826321,2026-02-18
786,3.086779877156606,-119.74030909112471,45.6650213213988,294.90271615624465,49.57568883317325,21.29767591069718,0.5692550948012443,0,500-1000m,286.4404969228352,8.462219233409428,8.462219233409428,2026-02-18
397,1.6155274003002402,-121.55345539539226,46.5189496192866,198.727473617688,34.443955602391334,22.00227335997082,0.4503434857288185,1,0-500m,205.35489463162583,-6.627421013937834,6.627421013937834,2026-02-18
875,19.77306981827494,-123.20132950578449,47.468776908467866,218.11717716322104,32.572184809280394,15.253220293117446,0.4086831394417071,3,500-1000m,208.7115296718658,9.40564749135524,9.40564749135524,2026-02-18
701,37.73930497685728,-122.94127219885546,48.87927545853514,292.75326078622646,40.71763288028739,22.311907061117303,0.495240935043322,4,500-1000m,275.2950787298252,17.458182056401256,17.458182056401256,2026-02-18
157,5.384554396352527,-122.42278149034136,47.91052455079876,169.28275233278802,30.269601541179448,13.928299658284455,0.3441464313960416,3,0-500m,155.07414691854143,14.208605414246591,14.208605414246591,2026-02-18
749,4.485022224058963,-122.24323337061792,48.69041502837583,256.02532187461765,44.14378311230882,24.91751679149645,0.4646192803382738,4,500-1000m,269.0213581332046,-12.996036258586969,12.996036258586969,2026-02-18
610,9.347588035367403,-118.04568759511204,48.04884823325671,242.15391332831845,40.87064492471353,18.39439644824919,0.5192909399868555,3,500-1000m,249.6380420974091,-7.48412876909066,7.48412876909066,2026-02-18
858,8.346579779896064,-120.07144048202233,47.3668678755696,265.6460562944639,41.1934951319291,20.442895585570128,0.476196690180962,2,500-1000m,257.59749689020396,8.048559404259947,8.048559404259947,2026-02-18
1962,30.696366135648866,-120.33626362037944,45.76809347654538,57.95458699096344,17.500814286620372,8.377028384304753,0.2672221711184224,0,1500-2000m,56.456958699764684,1.4976282911987582,1.4976282911987582,2026-02-18
197,3.94020011836031,-123.19661789691548,47.66674260757005,168.80586168548265,33.295857413214385,17.121056433199623,0.4576174518319055,3,0-500m,166.07314696575665,2.7327147197260047,2.7327147197260047,2026-02-18
1392,11.49455956286875,-117.97902214655396,47.493518263839626,71.8299258058421,24.562382376035384,10.980519170142298,0.5471724463793743,3,1000-1500m,86.3276335290252,-14.497707723183112,14.497707723183112,2026-02-18
646,32.794246628187395,-118.9402998775406,47.40987668182907,255.82784511032247,39.60890239789173,23.78841556260574,0.3334239883282722,3,500-1000m,255.68001873361595,0.14782637670651866,0.14782637670651866,2026-02-18
468,1.6355269019566223,-123.52632146669998,46.95914347195296,225.4283807431233,35.676269958965335,22.18363283074264,0.4622725083453203,2,0-500m,222.630000776374,2.798379966749309,2.798379966749309,2026-02-18
799,9.693475613821596,-119.0451543193916,47.11462641595711,283.2823022907545,41.94479625358943,18.26421584037675,0.3539420545506433,2,500-1000m,271.12884044337056,12.153461847383937,12.153461847383937,2026-02-18
834,1.3204695904923154,-120.19523247860148,46.33777010847242,201.7945522153724,34.79953507787456,18.09009311759442,0.5686939950334983,1,500-1000m,212.748674160141,-10.954121944768616,10.954121944768616,2026-02-18
376,1.6175582184168722,-123.42792257977256,47.077250770569215,204.1406999299519,37.486479735801225,20.61304730161588,0.4379382945600979,2,0-500m,209.39699483029463,-5.256294900342738,5.256294900342738,2026-02-18
1778,41.20217561403986,-120.7918955092994,45.79022362271391,78.70619295318724,19.59587679967807,7.585491223211481,0.3023500870991897,0,1500-2000m,75.77320221794288,2.93299073524436,2.93299073524436,2026-02-18
1267,0.0,-120.60712599008968,48.22069758944151,129.8222289487098,26.880638930341213,13.300847580483891,0.5720380074779925,4,1000-1500m,134.82244019568034,-5.000211246970537,5.000211246970537,2026-02-18
327,17.141588670582035,-122.83957821885708,45.74310781879483,161.073834214548,29.327095843360443,13.364865951453778,0.5190829711727758,0,0-500m,164.77274238550564,-3.698908170957651,3.698908170957651,2026-02-18
10,2.7382736673675563,-117.38011297099804,45.33986515955787,74.25678257794146,17.658051803360745,6.249921642469307,0.363784461169762,0,0-500m,81.48494363218245,-7.228161054240985,7.228161054240985,2026-02-18
177,8.602370967294322,-118.05017239963536,46.74498410542863,128.6919581846933,26.17679937791036,15.442678415535976,0.4801533564969279,2,0-500m,130.68929366728304,-1.9973354825897331,1.9973354825897331,2026-02-18
1623,2.8118735662649623,-119.31684363869624,47.63322975802425,79.91942087383065,22.045239562471384,13.229996661690246,0.5138178519945436,3,1500-2000m,83.46170550132712,-3.542284627496471,3.542284627496471,2026-02-18
432,6.97628260010966,-120.76393107299576,46.75086729973417,251.9317168010117,42.88562083134742,24.2642685408934,0.4950268242471924,2,0-500m,242.63458072780725,9.297136073204456,9.297136073204456,2026-02-18
329,20.3469934466461,-121.11764120890844,46.10701652780524,186.57695152620764,35.53541501156306,21.571621575674392,0.4193885226884526,1,0-500m,193.00651342299187,-6.429561896784236,6.429561896784236,2026-02-18
1560,26.49871491411817,-119.44318572994332,47.23268473556176,89.23543451791586,17.351280147327877,7.395315729631088,0.4981926857431853,2,1500-2000m,83.47151847407552,5.763916043840339,5.763916043840339,2026-02-18
711,25.375741481183532,-120.18197691415166,46.3880093416488,277.37155839499883,46.61917258058966,23.9326997726579,0.5929417947771892,1,500-1000m,275.6710587822338,1.700499612765043,1.700499612765043,2026-02-18
1708,10.540958991407711,-123.5640882588268,48.73147076050653,42.79527136931925,25.327346081237284,11.62827546306325,0.404988199188609,4,1500-2000m,63.56437145748154,-20.76910008816229,20.76910008816229,2026-02-18
1334,22.10026639170856,-120.41248145860769,48.69058055841429,134.12230893647637,27.51479389020822,17.223365003414813,0.7170612143938537,4,1000-1500m,134.4404074750089,-0.31809853853252434,0.31809853853252434,2026-02-18
1039,33.12936601260497,-118.35517467937012,47.00948727988838,216.55137281165895,33.950206823763715,15.38690441108692,0.5484072540246876,2,1000-1500m,204.57015147142943,11.981221340229524,11.981221340229524,2026-02-18
695,4.507244290655369,-120.7853208568213,46.31153597607303,282.66059758883546,43.70124190480337,22.58052220493791,0.541922038596345,1,500-1000m,270.690541318524,11.970056270311431,11.970056270311431,2026-02-18
1547,24.122857022524997,-123.63630395712012,47.94852965582656,81.88467081723884,25.478120418951463,18.123531041376676,0.4308184639243309,3,1500-2000m,90.02031391008066,-8.135643092841818,8.135643092841818,2026-02-18
237,6.873514990242933,-118.49605260431176,45.14685177393227,125.4804187411869,25.775418057726924,15.398390828909845,0.5025655530149796,0,0-500m,132.7964548526653,-7.316036111478411,7.316036111478411,2026-02-18
1650,22.147895328356395,-122.59045352504818,46.899076024174605,60.24611979607805,20.618181965690912,11.801392746599577,0.3802540106955977,2,1500-2000m,68.16142874393549,-7.91530894785744,7.91530894785744,2026-02-18
698,17.75552074005329,-122.18965415578371,46.345293577081335,266.18346674670784,41.85378254284363,18.36290392903228,0.5340707315472164,1,500-1000m,264.0320638376941,2.1514029090137115,2.1514029090137115,2026-02-18
2052,32.30583903947859,-122.84705552597391,48.682143540410216,93.53931381190948,27.671224745269875,12.265220188632304,0.3097317813518223,4,2000m+,99.44942729722355,-5.910113485314071,5.910113485314071,2026-02-18
321,18.32780562956133,-121.68849454589952,45.04801210909073,213.24479147972275,39.18923880511,22.472568747832863,0.4027302825372811,0,0-500m,211.16444950410474,2.080341975618012,2.080341975618012,2026-02-18
1284,51.38994638031858,-118.70273946017956,47.2112595028734,164.0400582201895,33.44666586923497,25.393921286335164,0.6730384804264115,2,1000-1500m,162.2994872797733,1.7405709404162053,1.7405709404162053,2026-02-18
152,8.39055123937642,-120.36429898347244,47.9626543242665,155.93027984371972,25.67603946339808,12.437083157824214,0.5178218541835968,3,0-500m,143.83908735909907,12.091192484620649,12.091192484620649,2026-02-18
314,15.738846250729486,-122.56583108094502,46.94007195009617,180.03183710340528,32.53776853990326,12.750874916851972,0.4172276131103536,2,0-500m,179.7905507083664,0.24128639503888394,0.24128639503888394,2026-02-18
1444,17.080867428141318,-117.85518945293572,45.341612120650886,106.28745705627216,26.111776700973564,11.434695838261693,0.4660646204988082,0,1000-1500m,106.22359591938397,0.0638611368881925,0.0638611368881925,2026-02-18
1484,6.174228499351022,-117.8429270153393,48.88984556011161,89.51665702402734,30.428524668642417,16.523372996192613,0.4889377024541209,4,1000-1500m,100.72281299533137,-11.206155971304028,11.206155971304028,2026-02-18
705,3.881887435913086,-117.90595102467796,47.07204172550439,286.35371220425725,46.0268663162702,20.1240172066697,0.4683044988356961,2,500-1000m,280.8818301606464,5.471882043610833,5.471882043610833,2026-02-18
585,27.738814537204554,-122.32842652032924,47.456744977276045,265.58226267401227,43.42973131701108,23.46919784823907,0.3149411746761057,3,500-1000m,257.0434269441184,8.53883572989389,8.53883572989389,2026-02-18
721,27.707166741029827,-120.84132459073308,45.94643913083003,265.07925169705686,37.70202665316155,20.309471672548497,0.6181014576767302,1,500-1000m,250.07366590396575,15.005585793091115,15.005585793091115,2026-02-18
324,17.46270896217903,-117.10507240701388,46.93399234042722,150.8632643241955,29.897126203813567,15.358130396517744,0.4592765873543082,2,0-500m,156.76206471346163,-5.898800389266114,5.898800389266114,2026-02-18
785,14.790086158957974,-118.59591266583008,46.71659796783329,281.03898459859823,35.65060337049489,17.023953147427534,0.5648425606602836,2,500-1000m,258.5368233333752,22.502161265223037,22.502161265223037,2026-02-18
1510,19.773138425919687,-123.80982805142108,45.29958336800794,54.87482296684973,11.873298831942908,7.45004607124004,0.3368225830768719,0,1500-2000m,49.21816087616856,5.656662090681166,5.656662090681166,2026-02-18
62,2.806010297242225,-123.54356786117656,45.42464141418987,146.12626432758944,26.357778523500794,13.708430991151513,0.4589117703488292,0,0-500m,138.18875098336142,7.937513344228023,7.937513344228023,2026-02-18
1617,25.115925887389928,-120.75248036231368,48.3498900784751,110.8458903489969,22.52287475156085,13.916856107793889,0.5358252137420704,4,1500-2000m,103.10407446131681,7.74181588768009,7.74181588768009,2026-02-18
801,20.212420556284364,-117.63545855896908,45.95927980882636,213.12638897892128,35.54668374073761,17.163177547377828,0.5694854034923954,1,500-1000m,228.34663763221945,-15.220248653298171,15.220248653298171,2026-02-18
557,29.77558850923848,-120.229087414331,45.779833085994525,244.65117672139783,36.12036634323693,17.880602323377932,0.6671689637083327,0,500-1000m,240.12445259875824,4.5267241226395925,4.5267241226395925,2026-02-18
1418,16.40880228516335,-120.51531244375995,47.01964580500056,71.85882260785182,20.2214417811511,13.512349115380148,0.3408241311756216,2,1000-1500m,78.92585774236079,-7.06703513450897,7.06703513450897,2026-02-18
415,3.095326749826983,-123.26168410030358,48.07498852545005,206.4524468014156,32.36152002089431,13.484787187099972,0.630705403618544,3,0-500m,201.43983940752656,5.012607393889027,5.012607393889027,2026-02-18
1210,27.70062077778807,-119.40253926692996,45.247786074315954,157.4756484425257,33.7840400940044,22.636714614228328,0.4984889643421051,0,1000-1500m,165.0529518688331,-7.577303426307395,7.577303426307395,2026-02-18
1255,34.480869856116804,-118.24527787579842,47.30723167855302,129.08634082528093,25.01873309583061,16.494768335802842,0.3412294264538739,2,1000-1500m,125.66842531700848,3.4179155082724435,3.4179155082724435,2026-02-18
1825,18.099480120602497,-121.33705994744706,45.476841771362295,47.04264816143654,15.336238389612308,8.825593248355144,0.3955006281829622,0,1500-2000m,53.607644139079504,-6.564995977642965,6.564995977642965,2026-02-18
756,5.755261256293097,-118.5707170435227,45.14584420330248,264.2768645745236,40.58400499164812,21.88347191834558,0.5798564377248508,0,500-1000m,257.1447851343241,7.1320794401995045,7.1320794401995045,2026-02-18
1285,33.189282016726224,-117.24866342269432,45.21097580864887,132.27678624405323,25.204967493075923,19.789942286846625,0.5149385609112405,0,1000-1500m,127.26288834274264,5.013897901310585,5.013897901310585,2026-02-18
1693,4.577354476509586,-122.57363478610618,48.33665643283376,82.80515031666862,23.345307815728905,9.248174270064062,0.2721545697935547,4,1500-2000m,83.57733130236173,-0.7721809856931117,0.7721809856931117,2026-02-18
429,28.110973750935315,-120.3366925816368,45.47188993451225,188.05295717142485,32.007989321872266,20.11244764081661,0.279480669951121,0,0-500m,188.16186952971645,-0.1089123582916045,0.1089123582916045,2026-02-18
1272,6.550659415768872,-121.99003429340796,45.180605457649165,119.88449687218024,28.004333502185844,12.691459592109377,0.4271074419479453,0,1000-1500m,126.63098898379431,-6.746492111614074,6.746492111614074,2026-02-18
249,4.627367505919335,-118.45001906676312,46.75159954857165,166.4995622178555,30.389619041570818,17.179885132243204,0.3729023784073618,2,0-500m,156.26636074087813,10.23320147697737,10.23320147697737,2026-02-18
548,2.7325540909221293,-119.9568464388319,48.3759738877681,240.23439715608123,39.671246726196806,18.5617575495996,0.634465556810027,4,500-1000m,241.9322233668363,-1.6978262107550677,1.6978262107550677,2026-02-18
158,1.64050014426112,-119.55792307714788,46.04963350595721,188.39985651834616,32.79110214439876,18.52216588158248,0.4380883829468099,1,0-500m,176.63852670763765,11.761329810708503,11.761329810708503,2026-02-18
998,16.071848475809354,-118.41460088268876,46.686850470103664,212.58594703441355,42.94886802051837,25.47747741461535,0.463514073547841,2,500-1000m,218.3484339224816,-5.762486888068054,5.762486888068054,2026-02-18
149,1.6394321143823232,-121.2282066913628,45.15969013025501,128.27060975934012,30.9313946264961,11.84189917838782,0.4187763418961689,0,0-500m,131.6113023510176,-3.340692591677481,3.340692591677481,2026-02-18
1152,10.614899705449576,-117.5943695211507,46.7963140565395,171.56366322227723,42.552599860604616,23.069648455313207,0.3447234352409349,2,1000-1500m,181.82458930909976,-10.260926086822536,10.260926086822536,2026-02-18
15,1.6299043011677803,-120.268797929277,47.310452322548535,79.91568759622079,16.29625732902723,11.454203722376931,0.542387233090541,2,0-500m,76.1720769419849,3.7436106542358942,3.7436106542358942,2026-02-18
1878,14.090495773345058,-122.89431624015256,47.28362821500858,91.2181074792943,28.94268420208024,11.855310081787517,0.3160363898871163,2,1500-2000m,96.5113783103397,-5.29327083104539,5.29327083104539,2026-02-18
393,20.834813067260285,-119.12870617281838,46.32970676869746,243.88524284993036,41.439227959733046,22.980768497317374,0.5547243105201711,1,0-500m,233.78366042006144,10.101582429868927,10.101582429868927,2026-02-18
670,3.099828471525484,-118.4471705469322,46.26213272265255,237.2588820372452,41.628500562167964,22.19805539170895,0.5568658535642951,1,500-1000m,251.06690124359363,-13.808019206348433,13.808019206348433,2026-02-18
51,4.38226359736163,-121.78266826052732,45.4264944757464,120.85741634954996,26.8717306689866,15.480328224748382,0.3399189700820185,0,0-500m,119.99292732757633,0.8644890219736396,0.8644890219736396,2026-02-18
230,11.255755388972592,-117.99974520100874,46.46719328258507,173.5704554097825,33.468852984301385,17.919878204139227,0.5978412415702953,1,0-500m,171.00120923971247,2.569246170070045,2.569246170070045,2026-02-18
334,16.957804045317417,-117.65699721663964,45.397978675491856,142.99992383430325,28.591434491648464,12.37184113068535,0.3581817556020334,0,0-500m,153.15283729788078,-10.152913463577534,10.152913463577534,2026-02-18
877,29.53467529172334,-122.06166858835532,48.066383778848206,279.77147723957944,46.00622990441394,25.117859482533756,0.5454836702628627,3,500-1000m,273.22969620602754,6.541781033551899,6.541781033551899,2026-02-18
1923,13.994911498479542,-117.11534969099344,48.86509719099274,54.32890860891962,17.138397017747025,6.34386195341462,0.5767484049445806,4,1500-2000m,62.739014309474676,-8.410105700555057,8.410105700555057,2026-02-18
586,20.970257250480326,-123.01501930365868,48.880297826666826,242.5055786798151,42.69988823312403,25.216673975955118,0.4730171398445331,4,500-1000m,252.04109004677323,-9.535511366958133,9.535511366958133,2026-02-18
968,28.0782964565702,-122.58589032118256,48.46028439750157,224.568934284244,39.480356649596,25.16352704587984,0.576192277078712,4,500-1000m,222.0447664819285,2.524167802315503,2.524167802315503,2026-02-18
459,5.345039875066549,-122.7104261253338,47.40316859735847,216.868992966086,44.31833817006998,25.023646374299183,0.5507010753693483,3,0-500m,226.20359542601517,-9.334602459929158,9.334602459929158,2026-02-18
87,5.3228180030216965,-117.74207202994492,47.80346278897552,140.11349261156892,30.57183683761316,16.662295693690957,0.3665012418967613,3,0-500m,139.00172850018532,1.111764111383593,1.111764111383593,2026-02-18
111,10.61478042602539,-119.41995213372526,46.140823210721656,128.71064510432447,32.085136177562894,17.59632844278131,0.6083292827891031,1,0-500m,138.03603769429984,-9.325392589975365,9.325392589975365,2026-02-18
867,41.11396140392579,-122.93527001744408,47.52308168069048,255.2432165069361,39.78268339538442,20.15256179245412,0.5334524233861113,3,500-1000m,252.00385572407504,3.2393607828610698,3.2393607828610698,2026-02-18
1796,31.253351404791783,-120.91773607142156,46.82259819775951,83.34850224820418,19.22100991550881,10.529681100674953,0.5289046110520123,2,1500-2000m,79.56646206193345,3.7820401862707342,3.7820401862707342,2026-02-18
1649,18.78684413141185,-119.69291382451138,46.92806935910773,121.70650108402263,28.073817977363746,9.812866284884834,0.3319419320480597,2,1500-2000m,115.93246051349192,5.774040570530715,5.774040570530715,2026-02-18
1917,15.358234072202931,-123.41575140507432,48.03110624150063,30.09378497420289,12.836367403319732,12.094602705001112,0.3701257946574205,3,1500-2000m,43.08351362248679,-12.9897286482839,12.9897286482839,2026-02-18
342,1.6303953936388058,-117.82308542114863,46.12767342238901,196.90485633670664,35.26795133287507,20.13828929425438,0.5854074583578539,1,0-500m,198.6389801765065,-1.7341238397998495,1.7341238397998495,2026-02-18
340,9.987800918547167,-118.37477525190926,46.27215844677808,179.66967940805,32.80079385047514,18.924200515788588,0.5982936004609424,1,0-500m,179.74332347968289,-0.07364407163288433,0.07364407163288433,2026-02-18
402,0.9274099368611016,-120.46355258496354,48.69856716451454,182.2081456735966,32.633162122879995,14.242371369308772,0.3153953107590308,4,0-500m,182.7162309095879,-0.5080852359913024,0.5080852359913024,2026-02-18
217,9.10000186157642,-117.2301136931858,45.22489717940389,130.50563284886823,34.41514323970906,18.80923586428007,0.3592156036486807,0,0-500m,143.10929110331062,-12.603658254442394,12.603658254442394,2026-02-18
699,0.0,-121.0756731450743,46.942537193653365,245.6997805469536,37.31117315828242,21.328136538834254,0.6176016524961166,2,500-1000m,243.33595293801898,2.3638276089346277,2.3638276089346277,2026-02-18
716,2.9005460668118035,-117.11122776674452,48.651203201631446,274.27603775795603,43.2099994465899,24.60520933534452,0.646596847827241,4,500-1000m,275.0484417855213,-0.7724040275652442,0.7724040275652442,2026-02-18
740,17.0532856064772,-119.3245600083746,47.44145203127263,236.4484176420847,32.053290577646294,21.77690347670356,0.5192655163797061,3,500-1000m,228.80587056959982,7.642547072484888,7.642547072484888,2026-02-18
1059,24.378495080317588,-119.5573010872224,47.18562829684853,183.41417612892332,37.23181029234679,19.93616296824217,0.4889514802788308,2,1000-1500m,187.76941250354682,-4.355236374623502,4.355236374623502,2026-02-18
950,2.287117518898206,-122.8383157329295,45.99897671691742,227.06536270574767,40.360732214788456,23.24392462921745,0.5849469388065471,1,500-1000m,225.56580458819,1.499558117557683,1.499558117557683,2026-02-18
1000,3.0840994943924693,-117.8265056918675,46.37310195625779,176.68694741530337,37.08583636185457,13.275827721006245,0.3959095385185793,1,500-1000m,186.73935140781595,-10.05240399251258,10.05240399251258,2026-02-18
427,19.275705222732338,-121.0075721845557,48.408193663218775,241.40745911621332,37.48148069355509,16.297261827028468,0.7437568123120993,4,0-500m,225.12520506566707,16.282254050546243,16.282254050546243,2026-02-18
1598,21.471764817365305,-122.86436615952265,47.23687252707384,147.691366518522,24.773635504223865,13.688650771501496,0.3638309349061932,2,1500-2000m,129.12071677909447,18.570649739427523,18.570649739427523,2026-02-18
271,3.943810377953133,-123.91174736016968,47.05896877502712,149.36014240007685,29.28410333643328,13.503813749044042,0.5079631767694845,2,0-500m,153.68044495484463,-4.320302554767778,4.320302554767778,2026-02-18
38,1.398068737934874,-120.08171021453133,45.39831885416012,134.1725405819968,36.96032188054284,15.90447921426378,0.4834860103725616,0,0-500m,139.893358373434,-5.720817791437213,5.720817791437213,2026-02-18
137,16.657858365008074,-120.30820264514126,45.06411262582049,122.91518656035936,26.674689397432303,11.49717097498525,0.3277484964622369,0,0-500m,120.72178234827851,2.19340421208085,2.19340421208085,2026-02-18
704,2.3112868783869325,-118.96452464341588,48.8547407547482,273.3226667793061,43.52972218268328,21.241044742265775,0.6654905510673765,4,500-1000m,272.2943339777398,1.0283328015662505,1.0283328015662505,2026-02-18
660,30.97585323247636,-117.76819362887538,46.50794466914736,254.30904866108975,39.85204980692578,23.313333896388546,0.5474691042618903,1,500-1000m,255.13062272602133,-0.8215740649315819,0.8215740649315819,2026-02-18
759,7.890865569185278,-123.4441539074988,47.41285224839802,312.7275890438743,47.76357013726864,28.4849033784816,0.5070689611239952,3,500-1000m,302.2678940508184,10.459694993055848,10.459694993055848,2026-02-18
611,10.096576147615323,-118.87952456761748,45.31886029274914,246.2779867431477,36.73420000869323,20.372383887657023,0.610145481211823,0,500-1000m,247.2336649463523,-0.9556782032045987,0.9556782032045987,2026-02-18
345,3.892644317885441,-122.68811639131692,47.73245714289219,208.5770757174149,37.207687120596944,18.68295455294986,0.496363242876251,3,0-500m,208.1909873116636,0.386088405751309,0.386088405751309,2026-02-18
1128,6.129295029448987,-117.99276062789986,48.73026683482384,181.69076586452212,35.02434193986238,19.40146267016675,0.53106901088573,4,1000-1500m,181.3611832049133,0.3295826596088318,0.3295826596088318,2026-02-18
248,9.0143387203433,-118.2665554029684,47.30266101198968,132.3997110120571,32.7917702827921,19.3354896467568,0.4287459097302191,2,0-500m,143.24583478567763,-10.84612377362052,10.84612377362052,2026-02-18
219,7.615540116719877,-120.21444371510118,45.50446128950164,97.3372363505682,29.60645591596466,17.632203167615497,0.4437218143648411,0,0-500m,117.16583395083052,-19.828597600262313,19.828597600262313,2026-02-18
319,10.43679159599283,-119.0283004096368,47.32688610989391,195.19400385128623,27.66937695123413,11.1040770589363,0.3876045617761213,2,0-500m,181.36050195480442,13.833501896481806,13.833501896481806,2026-02-18
692,3.3039621771093346,-121.79954920771377,48.06538885241861,281.0668868871588,41.955950389108445,21.82812226152744,0.6553579516045629,3,500-1000m,269.9275107237375,11.139376163421275,11.139376163421275,2026-02-18
630,4.05391993078961,-120.7018247074703,46.62566614629608,243.08871416125533,34.610509782411185,15.138909732480954,0.5060520732392685,2,500-1000m,245.74299158588514,-2.654277424629811,2.654277424629811,2026-02-18
393,21.842894292389357,-118.2485417160267,48.51935099176587,187.6310204734032,32.165696788387315,15.901331230284647,0.5405098890051043,4,0-500m,191.42602861018426,-3.795008136781064,3.795008136781064,2026-02-18
572,0.0,-120.7851436197875,47.594731813429455,273.00184075320703,44.56891384734728,19.251217969615663,0.3376789957824858,3,500-1000m,266.56976758620624,6.4320731670007945,6.4320731670007945,2026-02-18
76,0.0,-121.4954121427219,48.59699567315681,139.23985629471483,33.22840431190207,18.511493271936487,0.3028148063385023,4,0-500m,139.08767485803392,0.15218143668090534,0.15218143668090534,2026-02-18
557,12.50448328500107,-120.5405128692479,47.49402124498935,269.7597013065816,46.33316234626302,23.210623752491525,0.5342762354114667,3,500-1000m,263.8747906030261,5.884910703555477,5.884910703555477,2026-02-18
1961,18.872186846585198,-118.20225523293948,45.525151888019295,86.84618627066627,15.540623579379387,13.650536765010765,0.4435509179626223,0,1500-2000m,77.31568883367801,9.530497436988256,9.530497436988256,2026-02-18
1617,16.613789162647436,-121.65354366840388,46.23876684442076,66.5232412215212,14.385009847569371,10.618408023567016,0.4039704319617824,1,1500-2000m,63.444110105513055,3.079131116008149,3.079131116008149,2026-02-18
366,15.438570270153736,-122.7836688480498,45.80717979300983,164.7579351597936,27.722944994360176,14.713827547723849,0.4924692780735447,1,0-500m,168.96617482933883,-4.208239669545236,4.208239669545236,2026-02-18
162,5.547544894612033,-119.01590185768454,48.63530599086745,86.72473335720795,19.365703296700524,7.86850523844914,0.5180527779448729,4,0-500m,90.49556458461541,-3.770831227407456,3.770831227407456,2026-02-18
107,15.459890606765525,-118.21815251104344,48.04160026914993,122.6535933862876,26.967118354201773,10.4747492755866,0.4443293846330666,3,0-500m,122.41016301571985,0.24343037056775074,0.24343037056775074,2026-02-18
694,4.366601343098644,-123.29553765033526,47.70559347564002,307.9533008359887,46.113587546828505,29.202863564542053,0.4665223798201915,3,500-1000m,296.6727892124355,11.280511623553252,11.280511623553252,2026-02-18
568,13.842698101607509,-122.3208812107084,46.203865278526486,259.82927982976986,41.07582280815296,17.99926744489121,0.4794404990356701,1,500-1000m,257.29285423203214,2.5364255977377184,2.5364255977377184,2026-02-18
223,7.020970012323236,-123.00619607167305,45.736179088200856,150.45245001921597,29.142404361213973,11.035240761735928,0.2365465553639846,0,0-500m,148.32613387645952,2.126316142756451,2.126316142756451,2026-02-18
454,4.070974131955291,-121.56441011892484,48.02580435195565,183.28241298573823,38.63105367076341,19.6067066381503,0.4300296153122353,3,0-500m,197.53634311076968,-14.253930125031445,14.253930125031445,2026-02-18
2124,38.43449740282677,-120.84754314766212,46.89663178351632,63.35578204674408,15.182373443178223,5.968346805303986,0.2133242434270611,2,2000m+,57.6050374993977,5.750744547346379,5.750744547346379,2026-02-18
89,2.3006990463672383,-118.75821564125684,45.90315820860252,120.55754361527278,25.816211325423467,14.373300390072975,0.4665131764904187,1,0-500m,122.9880661963574,-2.4305225810846167,2.4305225810846167,2026-02-18
579,14.855055871042856,-119.44196690582828,47.4664879126611,244.20573131434628,35.85724534049871,17.54289818183419,0.6002473859147472,3,500-1000m,240.55995993867214,3.645771375674144,3.645771375674144,2026-02-18
2238,9.153786477034142,-119.65350002765098,45.16133540855381,102.72249055753768,22.46974098365565,9.831712186788282,0.3126091769597852,0,2000m+,93.00098682200388,9.721503735533801,9.721503735533801,2026-02-18
392,6.806402221150674,-121.53337537373244,46.304681016513015,199.19686633750516,38.10396755735479,19.120903150688275,0.4942132375355099,1,0-500m,208.62863389493614,-9.431767557430987,9.431767557430987,2026-02-18
209,0.0,-118.10986712840668,46.87422797836454,166.00599954235628,25.922072020049576,8.832097756973235,0.4725605284726319,2,0-500m,151.94444892846352,14.061550613892763,14.061550613892763,2026-02-18
664,8.07574490795599,-120.70098982821284,45.59183333643762,256.2138379697444,38.6607411581816,25.05925467680724,0.5714656128824339,0,500-1000m,254.15371849518175,2.0601194745626685,2.0601194745626685,2026-02-18
0,0.0,-117.14626543389392,48.93861791036336,100.6103366046952,21.934055080249102,6.777791240779283,0.3482401595625123,4,,96.8782226235913,3.7321139811039075,3.7321139811039075,2026-02-18
1239,18.83973447303259,-119.56100503192984,45.83638945835845,167.78837831153783,31.077490799146783,13.03989018013781,0.4433139293641039,1,1000-1500m,155.43510944558113,12.353268865956693,12.353268865956693,2026-02-18
1610,33.173919736120595,-123.11614680904847,45.521412520173065,67.75771934818769,19.246714978548354,11.59875674626897,0.3930235140726968,0,1500-2000m,69.04873966307633,-1.291020314888641,1.291020314888641,2026-02-18
1401,21.320335700112334,-119.26675706547196,45.81413949554759,98.13650474569106,22.034610464975096,19.310740094136783,0.5166331259080913,1,1000-1500m,98.89931098514899,-0.7628062394579302,0.7628062394579302,2026-02-18
0,0.0,-121.7242718919781,48.076244532638896,73.03608070017543,17.80149277213927,10.46636718782744,0.271057853075433,3,,75.67146811670321,-2.6353874165277773,2.6353874165277773,2026-02-18
574,3.2368241096156645,-119.19570962319732,46.702022637087374,251.34314963902344,40.26415107140388,23.92608581027499,0.3463972599669483,2,500-1000m,250.8300224453456,0.5131271936778319,0.5131271936778319,2026-02-18
158,2.3055889437214327,-123.51251196286316,47.26166375901016,162.3218285615325,31.360863406953595,15.364474855025962,0.4494231462643046,2,0-500m,155.57715379834616,6.744674763186339,6.744674763186339,2026-02-18
623,5.019676987733239,-122.77582993976829,45.08403662794544,272.81639032281464,36.60599546941638,20.328815381544587,0.6072409476009677,0,500-1000m,254.80819872803878,18.008191594775866,18.008191594775866,2026-02-18
78,10.9145591118915,-118.0098391876595,45.13772523429326,136.6491828292763,22.635054048804697,18.56185613240068,0.4904684978357513,0,0-500m,126.45997433125629,10.189208498020008,10.189208498020008,2026-02-18
1493,27.603089982492605,-122.4097431008354,46.78330219930807,120.87562083049464,24.83146496402597,11.65883122432538,0.3285882176625903,2,1000-1500m,104.6198849093145,16.255735921180147,16.255735921180147,2026-02-18
660,8.289099835424986,-118.14071212329942,48.26662097280649,274.4821332224295,44.78850683444216,27.84855918457032,0.5844731291598895,4,500-1000m,274.68432477619075,-0.20219155376122444,0.20219155376122444,2026-02-18
0,0.0,-122.04506738081912,48.54095551483026,124.31100156951813,26.596863357011053,9.583318573756092,0.4721978786701712,4,,124.82252092261098,-0.5115193530928508,0.5115193530928508,2026-02-18
642,3.846061813571567,-119.49982662958904,45.34682627038256,267.6872448345116,39.23983008039676,23.960711841868275,0.563883800696128,0,500-1000m,257.57916755615474,10.108077278356859,10.108077278356859,2026-02-18
852,18.79705455617607,-119.1409459854312,47.15345240840409,219.72592905434425,41.176888913969975,22.38945288932531,0.4604323845397415,2,500-1000m,232.75354036576093,-13.027611311416678,13.027611311416678,2026-02-18
428,2.2956023665287715,-120.41141672798464,48.65291874511709,227.04268324067948,29.369102651567907,12.25061393972132,0.6123580913574228,4,0-500m,208.90904145310952,18.133641787569957,18.133641787569957,2026-02-18
280,9.808219280816468,-121.86282526312289,46.55189101759154,192.5333550166049,37.85376226376607,17.40320386351358,0.6116138548110663,1,0-500m,189.05406603290473,3.4792889837001724,3.4792889837001724,2026-02-18
482,21.36736503007361,-122.51148936540233,48.318263325713474,206.540613561394,39.00489048480947,20.58182915081015,0.3392188581571313,4,0-500m,216.31123507821138,-9.770621516817386,9.770621516817386,2026-02-18
0,0.0,-123.76767451806302,45.53478261759774,111.25426529159306,29.100201692408525,15.137073251190689,0.40912383485571,0,,113.44870437810471,-2.1944390865116503,2.1944390865116503,2026-02-18
1314,23.854580560756112,-121.87237519131492,48.74157795867119,146.91436749421956,29.845320058614774,17.166488364605673,0.3779284965765594,4,1000-1500m,136.18258159805734,10.731785896162222,10.731785896162222,2026-02-18
547,1.3293278612050743,-119.42786046628102,48.005693270125214,234.573638401317,38.44252947431818,28.703412453492284,0.3974956499511974,3,500-1000m,234.78623565369847,-0.21259725238147098,0.21259725238147098,2026-02-18
665,5.385400401340334,-117.43186627086062,48.7653375711476,226.0924930334526,36.21082877789306,18.808342420968955,0.361161280428324,4,500-1000m,231.11387491208984,-5.021381878637243,5.021381878637243,2026-02-18
438,9.640674693401186,-117.90156862415864,47.70646893421002,218.3193143130054,42.57410827663313,25.261005471280683,0.5704205507889137,3,0-500m,228.1932993652462,-9.873985052240783,9.873985052240783,2026-02-18
1765,31.107721196651276,-118.63754656425289,46.45361572799771,121.769317169509,23.75773692205387,15.666331976809149,0.372916830958966,1,1500-2000m,111.76173101261267,10.007586156896323,10.007586156896323,2026-02-18
862,7.15917353162416,-118.4808685972269,48.75272469009889,219.23866803220955,39.52883065431912,17.29624986438254,0.4910946788926888,4,500-1000m,234.99780835423113,-15.75914032202158,15.75914032202158,2026-02-18
68,1.326458593083058,-119.34510567566804,46.10226710523671,113.79044853452682,28.49091113795299,13.096683973440298,0.5073854058657083,1,0-500m,122.46935641951785,-8.678907884991034,8.678907884991034,2026-02-18
511,23.419627155867538,-122.17799199703798,46.32869008824693,217.25805759640232,38.47665527541957,23.79992203058164,0.373051115271568,1,500-1000m,225.2827174445045,-8.024659848102175,8.024659848102175,2026-02-18
128,0.9274099368729608,-117.6496347850592,47.80323367200696,119.65485607153649,23.500044089925883,13.709717843412816,0.3340822300026057,3,0-500m,116.35230359421278,3.302552477323701,3.302552477323701,2026-02-18
465,0.0,-119.30487381665915,48.061265198101545,230.1927161003221,47.52375993987206,22.89189975896735,0.7072679675947615,3,0-500m,232.26952536163677,-2.076809261314679,2.076809261314679,2026-02-18
664,8.217119748542343,-120.07691558313692,48.71761393539661,295.98963468868345,44.54932958851937,29.56311280758939,0.4330943159475303,4,500-1000m,286.3532122029298,9.636422485753656,9.636422485753656,2026-02-18
140,0.0,-123.22307371550563,45.81920963622484,113.42834946110597,25.36119798357655,11.673244130663738,0.3893554150440913,1,0-500m,116.81552071437648,-3.387171253270509,3.387171253270509,2026-02-18
401,5.360724750024104,-120.87061119335502,48.1919921408769,188.16661844188127,32.893233711934954,16.241143830807054,0.391305024324051,3,0-500m,188.72805940563964,-0.5614409637583719,0.5614409637583719,2026-02-18
339,11.302666463801216,-120.77749210158652,47.95418421358785,165.06382021253026,29.446202692277264,19.70767932645393,0.5410705686130017,3,0-500m,169.2450958251242,-4.181275612593936,4.181275612593936,2026-02-18
825,6.608802601308542,-117.94805473334132,45.25517822501439,221.7495901692301,41.3375459314615,18.994391433199468,0.4901870075233848,0,500-1000m,234.81358824444587,-13.063998075215778,13.063998075215778,2026-02-18
591,18.9519255677104,-120.17346245868548,46.54889256484083,213.2782641107606,42.693292185681344,22.441998647906555,0.7070392529679551,1,500-1000m,232.05535342952768,-18.777089318767082,18.777089318767082,2026-02-18
1458,21.351805842994956,-121.33719615720712,46.13106182824039,76.79653761170383,25.480089282329725,11.573734810550942,0.3613263606392939,1,1000-1500m,91.91620105522308,-15.119663443519258,15.119663443519258,2026-02-18
911,29.472417861299363,-117.1623977004254,46.21796169741612,227.99165045309687,38.05911789352945,21.6052201967329,0.6390333593185906,1,500-1000m,231.42432749424435,-3.4326770411474854,3.4326770411474854,2026-02-18
110,11.787688196020971,-123.2249558467158,48.931787518218805,125.74771798271289,21.667051461111285,11.289887899766851,0.4192912714195587,4,0-500m,119.62551896605146,6.122199016661426,6.122199016661426,2026-02-18
289,11.069733846567631,-121.04216100181638,47.57110965391971,200.89671949305475,34.14928907667104,21.809195535488776,0.3798169828957451,3,0-500m,188.02906450658276,12.86765498647199,12.86765498647199,2026-02-18
117,2.868358888891572,-123.70582727380015,47.870704631174,105.67944462102544,26.562063179370245,11.556330312972149,0.372362943069413,3,0-500m,113.08344454701748,-7.403999925992039,7.403999925992039,2026-02-18
0,0.0,-118.82067115463148,48.90647054926004,85.85606266598205,22.51350392217919,5.052198689838144,0.5156873164034548,4,,87.57803227187334,-1.7219696058912888,1.7219696058912888,2026-02-18
558,9.084872124782452,-117.57346413460594,46.50880712983056,227.13104550304277,37.262551843123546,23.269514811253234,0.5520609093559499,1,500-1000m,237.55551929641362,-10.42447379337085,10.42447379337085,2026-02-18
1255,23.88854588646328,-122.03973869314656,48.20736067381122,137.3959412943205,25.046079367980862,14.396226734143896,0.4199986066364459,4,1000-1500m,128.84460491385744,8.551336380463056,8.551336380463056,2026-02-18
1011,19.296189581899085,-117.99160826240616,46.73812385321799,198.2887669147947,34.33093947303178,16.063658744386437,0.3928237590600045,2,1000-1500m,197.912843297317,0.37592361747769587,0.37592361747769587,2026-02-18
533,8.156339366294072,-121.95447238676672,48.47813468725992,260.42965410959994,44.59976012316607,21.342824173739498,0.6411693533425177,4,500-1000m,260.97603150195073,-0.5463773923507915,0.5463773923507915,2026-02-18
259,2.690420442849404,-117.6246088684926,45.722630165245214,142.95603695239936,26.42231626014252,19.744816967468477,0.3992142320150678,0,0-500m,145.36518229782544,-2.409145345426083,2.409145345426083,2026-02-18
931,23.46408093032579,-118.7222666748225,48.79074470825712,248.23500251171055,38.80894645950112,19.83784904063153,0.5468408953611388,4,500-1000m,241.24444873740998,6.990553774300565,6.990553774300565,2026-02-18
384,0.0,-118.36565256210991,45.87508683364352,224.28995566362943,40.6932830934919,20.36272993099931,0.3386535722712516,1,0-500m,213.87794777335904,10.412007890270388,10.412007890270388,2026-02-18
1333,7.024410271293868,-123.87395411079682,46.304882027923725,109.6796617520852,21.70980515293914,4.877647867209732,0.3886106041435554,1,1000-1500m,110.97583973330015,-1.296177981214953,1.296177981214953,2026-02-18
1294,13.909259022563186,-117.26032750048182,48.02476893642712,108.32333115698935,19.02251455264656,15.890650428788048,0.3419300081316241,3,1000-1500m,99.14209041841968,9.18124073856967,9.18124073856967,2026-02-18
1182,8.516885554475486,-118.91330305550774,46.57502056626163,155.59891055340952,33.03510047045566,13.064747220966538,0.6031142132740878,1,1000-1500m,158.27344849160778,-2.674537938198256,2.674537938198256,2026-02-18
1217,18.63478814868129,-121.86674233229706,47.432845507065785,122.00532084889018,29.43331253603384,18.04377766979059,0.40006678968676,3,1000-1500m,128.98669087017635,-6.981370021286168,6.981370021286168,2026-02-18
727,14.982083767217436,-118.19423734598809,46.77829400427771,309.28100292367105,45.28454151657969,28.254801805478543,0.4732757665488252,2,500-1000m,295.9427461207399,13.338256802931141,13.338256802931141,2026-02-18
148,7.189477474454385,-122.02935161109548,47.96947974835913,136.726569340298,23.821028942330923,10.57578346477102,0.4739461195284711,3,0-500m,124.7585681418335,11.968001198464492,11.968001198464492,2026-02-18
1007,31.09187076899548,-117.8907231230371,45.91332500947444,223.27640637593743,37.77957503325787,24.58495180803011,0.485044634086585,1,1000-1500m,216.59191964208765,6.684486733849781,6.684486733849781,2026-02-18
1984,33.381747254955386,-123.21193726711644,45.23383194894751,48.56850367998136,21.78779780437675,16.35285220538814,0.2843335805522925,0,1500-2000m,56.9318356370384,-8.363331957057035,8.363331957057035,2026-02-18
593,31.10362030506217,-119.07419815777445,46.199717589892266,208.1736862927219,31.77612253906272,18.84934469279385,0.5385596818286382,1,500-1000m,212.3263812592483,-4.152694966526411,4.152694966526411,2026-02-18
981,15.62910713323211,-120.21511066348565,46.897234659473725,228.43282974602252,39.65223899620666,17.83557369636382,0.4106117321753384,2,500-1000m,223.8253639508569,4.607465795165609,4.607465795165609,2026-02-18
582,9.797827206358058,-123.32425870863192,45.67208020877072,263.1459602009472,39.54097154535462,22.393149869643576,0.3591502183296714,0,500-1000m,256.6850130277649,6.460947173182262,6.460947173182262,2026-02-18
146,0.0,-122.30674320218812,46.41918915862556,113.7205919055488,26.61904261317756,13.039186160360332,0.5407954522471149,1,0-500m,121.55967280257474,-7.839080897025937,7.839080897025937,2026-02-18
354,1.3568028966851862,-123.9131717460588,46.59993207317427,177.33822000359172,29.38626838415848,11.064219038687458,0.3880282278712001,2,0-500m,174.90883637414404,2.4293836294476705,2.4293836294476705,2026-02-18
666,1.8543341688295631,-120.71862424174846,45.229567374753096,242.17100634182967,33.96846863885194,19.432157158609005,0.4568694224355073,0,500-1000m,240.6862342571451,1.4847720846845789,1.4847720846845789,2026-02-18
228,19.75469885208117,-121.89114317468,47.33322899273682,159.52978515602376,33.5466974085916,11.818496661230256,0.4345779319640753,2,0-500m,159.49527203707743,0.03451311894633591,0.03451311894633591,2026-02-18
1486,1.608995868557349,-119.81149760991568,48.53737371188515,118.3035617628794,26.96130822817337,12.72918935057196,0.3130444011695597,4,1000-1500m,114.73490438943925,3.5686573734401463,3.5686573734401463,2026-02-18
1028,14.93750497495498,-121.91933534603967,45.60697165181221,158.4307956204772,32.31426119423214,16.309039827514415,0.4103908535427107,0,1000-1500m,171.94134911021035,-13.510553489733155,13.510553489733155,2026-02-18
3,0.0,-121.90056621945112,47.39123205360605,117.75176985069032,21.226797939006524,11.70580888181722,0.4769300697484918,2,0-500m,113.10162027855834,4.65014957213198,4.65014957213198,2026-02-18
199,14.578056955896598,-118.79764760887878,47.658956819643386,124.0994984169093,28.769368183865677,10.512693968654446,0.5040402681377062,3,0-500m,134.14637387683618,-10.04687545992688,10.04687545992688,2026-02-18
1318,32.62939260709437,-123.66300014815153,46.67733872167715,105.79302621229787,29.241792743379595,15.356320298956236,0.3688322979286688,2,1000-1500m,111.75085619905113,-5.957829986753254,5.957829986753254,2026-02-18
0,0.0,-117.67973503365609,47.80439034945708,101.34363556388745,22.296393427212145,9.19547437701308,0.3163044154932375,3,,99.33106485460134,2.012570709286109,2.012570709286109,2026-02-18
99,7.3264050670728995,-118.03415287926173,46.64292617396405,88.4062607130586,23.52771084080402,7.109515708994588,0.3096111710743518,2,0-500m,97.86643854669443,-9.460177833635825,9.460177833635825,2026-02-18
1129,14.38383384200342,-119.32536721741516,47.01854915190974,237.3090393237213,37.70083466979468,20.196732643807856,0.6538186273623336,2,1000-1500m,221.61574542316183,15.693293900559468,15.693293900559468,2026-02-18
143,7.13290536905521,-119.84744900924832,45.02941217821771,192.66174111783707,38.37245621378192,19.769114182674823,0.335106589355488,0,0-500m,177.05365033859513,15.608090779241934,15.608090779241934,2026-02-18
1119,0.0,-117.75388251302245,47.76688045653876,187.9917453054898,31.87759260219632,13.550858537419176,0.5320028828914726,3,1000-1500m,178.34673987661392,9.645005428875862,9.645005428875862,2026-02-18
0,0.0,-122.702688743299,47.645370715778895,121.75489530125148,26.51278670045823,12.311010891124662,0.4247432241330006,3,,118.94777342484798,2.8071218764034995,2.8071218764034995,2026-02-18
549,3.1014688921836537,-123.4472158646642,45.15360350930538,218.2194105562951,40.75476727936618,19.11788270134945,0.4781896747102734,0,500-1000m,231.5286142108156,-13.309203654520502,13.309203654520502,2026-02-18
2297,32.98340726436879,-122.32342881063325,46.47300042958053,139.44040161748865,30.826950171449727,12.330316086747423,0.3873998362396986,1,2000m+,129.82528204833187,9.615119569156775,9.615119569156775,2026-02-18
186,2.692203352875137,-118.43795204909868,48.916127363166666,143.02085666126558,26.33004608464065,14.919420153270584,0.4712740492813036,4,0-500m,139.62167551148923,3.3991811497763535,3.3991811497763535,2026-02-18
339,2.2992311826577594,-123.75730813291462,46.68294625027447,183.79149347225848,34.19065171832675,15.847589775821396,0.4495113023213662,2,0-500m,187.1332703222215,-3.3417768499630256,3.3417768499630256,2026-02-18
1651,35.89673772853516,-119.92035215441555,47.00778162052737,114.9322859274227,34.34931328584391,13.49082769020449,0.3492683728548299,2,1500-2000m,115.58512499174823,-0.6528390643255335,0.6528390643255335,2026-02-18
81,4.178521086754806,-117.03193738666084,48.63972063263888,125.39350421867836,27.079845245438232,10.437242430654871,0.3318867660507663,4,0-500m,122.50247711543724,2.8910271032411146,2.8910271032411146,2026-02-18
1413,4.809873193367702,-118.01012734313724,47.86904750346302,84.1432721707356,29.66727766651635,13.373020381027022,0.3967228849232898,3,1000-1500m,98.15620945123233,-14.012937280496729,14.012937280496729,2026-02-18
886,22.816492532362503,-120.34988017669488,47.3282805244969,231.2645299691385,37.51714380302914,17.146015019665338,0.4090929978186553,2,500-1000m,231.6855676497166,-0.42103768057810953,0.42103768057810953,2026-02-18
812,6.173074303237864,-123.5545136349935,48.19121872536429,241.789019632358,37.75170519940178,13.739942930529658,0.4976168735286745,3,500-1000m,241.09856134168191,0.6904582906760766,0.6904582906760766,2026-02-18
779,4.217410124461039,-118.18038539930004,48.4574650658239,257.1784966213331,42.20733904654848,23.90084512178593,0.4016106360514996,4,500-1000m,261.5548179630471,-4.376321341714004,4.376321341714004,2026-02-18
1028,5.700310707092285,-119.80715044275952,46.82755228694906,210.9137393408577,41.19795201515676,23.838533426546974,0.6476272779415001,2,1000-1500m,211.7912771109907,-0.8775377701330171,0.8775377701330171,2026-02-18
882,29.20959909149478,-123.19546902058303,46.90043345972734,250.9821313865613,37.33273287522137,22.74399550930621,0.3870910553332138,2,500-1000m,244.67901450785786,6.303116878703435,6.303116878703435,2026-02-18
321,9.844779014587402,-123.34299900623652,46.544203742607344,213.86109438652653,36.393189118457336,15.763138247714268,0.5286476122052655,1,0-500m,200.37801138153478,13.483083004991755,13.483083004991755,2026-02-18
1099,5.597355484509112,-117.63261226394386,48.86682456007384,175.1138857634671,39.80222926574264,21.818178317950096,0.4531660932677661,4,1000-1500m,189.04856377350328,-13.93467801003618,13.93467801003618,2026-02-18
755,10.610938152992038,-119.31559815943343,47.7886650171614,281.7868368702024,41.97563921084634,20.077773978373965,0.424603874426604,3,500-1000m,273.14963702192114,8.637199848281284,8.637199848281284,2026-02-18
1764,20.200613271980018,-118.19499240478272,45.33289226483229,124.61020614836228,31.56031167441837,17.336763313907248,0.5548815252103642,0,1500-2000m,125.78913959969442,-1.1789334513321421,1.1789334513321421,2026-02-18
391,8.70417445718083,-117.84714769802412,48.45183849325208,172.20788126915085,40.31314711795599,21.82980494447718,0.344803299504379,4,0-500m,188.13172435633248,-15.923843087181638,15.923843087181638,2026-02-18
820,1.6122585035256047,-119.99759353566176,46.92223976334508,267.7392110124732,34.89352885339249,19.18878892459655,0.5034879506680789,2,500-1000m,251.44077155718233,16.29843945529089,16.29843945529089,2026-02-18
4,1.327459108531896,-120.37787553771471,45.27501562568995,79.11890347293955,21.309786527035705,8.58035903675756,0.4088080812745328,0,0-500m,87.0424337084081,-7.923530235468547,7.923530235468547,2026-02-18
826,2.309209242034893,-120.98700812775309,47.19886902065324,211.2477760064013,28.782076649836803,8.94983845823594,0.5430082791239144,2,500-1000m,208.732418313886,2.5153576925152947,2.5153576925152947,2026-02-18
756,9.856707244621596,-121.78137388546216,46.66865711590281,297.3727336344777,37.477214316215615,19.240447791334,0.4432583604478097,2,500-1000m,269.1966785750918,28.176055059385874,28.176055059385874,2026-02-18
374,15.8233583908165,-120.95782827398902,48.5109976194505,226.05342260927904,37.65749319305658,22.13055708489796,0.4471542282956698,4,0-500m,220.20225211832027,5.851170490958765,5.851170490958765,2026-02-18
363,7.893713598329914,-118.58284240988893,45.81597841443755,207.36766902552455,41.12475055227102,25.549325523488346,0.5941038692227095,1,0-500m,211.18560455227384,-3.817935526749295,3.817935526749295,2026-02-18
222,6.152750385888381,-119.78653598289408,48.30585843796873,140.24645552203893,27.132451279274115,12.457401405678276,0.4349345380228863,4,0-500m,138.61067431197569,1.635781210063243,1.635781210063243,2026-02-18
1235,16.245059690113617,-117.75233697031608,47.23075476474181,174.87506412196416,38.575859885970765,21.30040219710459,0.4191495528152727,2,1000-1500m,176.58890729114978,-1.7138431691856226,1.7138431691856226,2026-02-18
310,13.516129052614554,-120.89633989934568,45.21844121285388,143.78057361256634,29.482066365203263,17.703440926792517,0.4413752704069787,0,0-500m,155.79904141714024,-12.018467804573902,12.018467804573902,2026-02-18
584,18.85844942653272,-119.75037294896872,48.887381205301935,252.2526194563741,41.68485189847848,22.882846244704428,0.4806158439701219,4,500-1000m,251.6418349477594,0.6107845086146995,0.6107845086146995,2026-02-18
0,0.0,-119.58084712835608,47.0504609764128,117.48395460735176,26.35087912365135,12.28599521593441,0.354540085832811,2,,113.52672914475669,3.9572254625950762,3.9572254625950762,2026-02-18
549,3.2955992717603246,-119.85811986385572,46.16350741692633,276.4878387010221,46.51004470541242,25.320069872625275,0.3700074539978075,1,500-1000m,271.14455874151577,5.343279959506333,5.343279959506333,2026-02-18
738,2.8608609853096847,-119.08156358840138,46.87762736795703,220.8026243388412,37.712305158349125,17.762391298254983,0.5369839281123291,2,500-1000m,238.04257032305821,-17.239945984217,17.239945984217,2026-02-18
1204,12.769178384018852,-122.33796572137636,48.43143113406995,68.55953306545747,23.83749532471401,13.415214816579368,0.2571409289858282,4,1000-1500m,91.16913572167506,-22.60960265621759,22.60960265621759,2026-02-18
292,11.34982231024006,-120.41345355717948,46.219612497540254,175.374287458932,30.38437271391648,10.349725876760672,0.4628723139729182,1,0-500m,169.74837541750665,5.625912041425352,5.625912041425352,2026-02-18
0,0.0,-123.27042638034156,45.7707055859468,113.29019464939726,22.81414392989763,12.85332151200456,0.4175372843552488,0,,110.42065377314749,2.869540876249772,2.869540876249772,2026-02-18
1023,30.581383220632077,-121.30842070648632,45.51628498772352,202.92829321896596,35.68265255784657,18.23465527298741,0.358102871526438,0,1000-1500m,200.3482183565155,2.5800748624504592,2.5800748624504592,2026-02-18
716,25.47186778011192,-120.58633051965114,46.19143759356084,237.8846028068457,35.50849938478034,12.42689137789596,0.3653448512277425,1,500-1000m,239.89337759744944,-2.008774790603752,2.008774790603752,2026-02-18
689,2.648011314964003,-119.43443018318168,48.120192348160174,258.8088810836348,37.24409662564232,22.228026689958156,0.6227798885274936,3,500-1000m,247.55299350332717,11.255887580307615,11.255887580307615,2026-02-18
745,1.854334168853263,-117.34628263189656,46.886505460781045,220.0459122054658,39.96924870404646,18.49924082845746,0.4926658313097442,2,500-1000m,233.02670851449392,-12.980796309028108,12.980796309028108,2026-02-18
149,30.34949886411025,-119.79544253416152,45.90992641477416,143.95447790292718,30.507636911670136,19.699121860861474,0.3868282615282,1,0-500m,143.4620296524933,0.4924482504338812,0.4924482504338812,2026-02-18
400,3.935793253889879,-118.79484258676408,45.664739998439,227.8964485885469,35.02835411735705,20.57761543352917,0.4400333194889096,0,0-500m,218.0224165000684,9.874032088478486,9.874032088478486,2026-02-18
209,1.619769294955316,-120.45613758353358,46.33091790604151,130.32255254624272,32.211420552852005,15.509057161270546,0.4578091613309288,1,0-500m,139.4041636078064,-9.081611061563677,9.081611061563677,2026-02-18
0,0.0,-119.56127178036569,48.75969749154284,55.255971570160696,15.35488567852648,9.009429232903363,0.2117411748556099,4,,60.38311797367478,-5.127146403514082,5.127146403514082,2026-02-18
91,7.846035865913018,-123.50347448706358,46.3721068503601,117.58610013984573,27.27223291136988,13.634471301635816,0.4654809691149439,1,0-500m,122.98883139881636,-5.402731258970633,5.402731258970633,2026-02-18
361,0.0,-122.21925893410707,48.95249630381854,188.7044612939546,30.71918533930629,12.544986695485678,0.4929449281135846,4,0-500m,186.69423582471526,2.0102254692393444,2.0102254692393444,2026-02-18
1017,9.850218025278734,-121.46702834756402,46.94092182306142,198.4066578101771,34.18290862475536,15.523829872689836,0.4238039398776639,2,1000-1500m,199.08561787402104,-0.678960063843931,0.678960063843931,2026-02-18
929,9.774762362893728,-120.6925465149544,45.7166556731606,258.5289882433292,44.8929602684197,25.48350462580008,0.5996374332042212,0,500-1000m,253.9614367718046,4.567551471524581,4.567551471524581,2026-02-18
886,43.77243815009796,-123.68045878148332,48.56456036717404,240.20245270953956,44.133266409223936,24.04850595228304,0.5158983764494619,4,500-1000m,246.64923630150315,-6.4467835919635945,6.4467835919635945,2026-02-18
100,8.883632605929758,-123.01983131712676,46.84142149253931,174.75006775505443,29.573441989770043,15.049135172256957,0.5680209675457526,2,0-500m,158.9743334126006,15.77573434245383,15.77573434245383,2026-02-18
1480,21.831193735386755,-122.06229984546086,47.8386853740181,105.30827089310984,23.00140082632717,12.070602402723376,0.3509795443756028,3,1000-1500m,100.35986224178812,4.948408651321714,4.948408651321714,2026-02-18
7,17.607298348042484,-117.19927116369264,48.93484633283661,79.18214080554694,19.377734135390984,8.182866394599717,0.4950462653586079,4,0-500m,82.49363648681887,-3.3114956812719356,3.3114956812719356,2026-02-18
743,0.0,-121.68057095027864,45.20070140127989,287.01396741579265,41.0709071764274,18.77139107395281,0.4540104740575187,0,500-1000m,268.86741633571904,18.146551080073607,18.146551080073607,2026-02-18
1427,11.883978202558998,-120.62571259321544,45.38677823915027,99.474586585084,26.79879624044048,14.959378660720574,0.4789271156862625,0,1000-1500m,100.80078429471145,-1.3261977096274506,1.3261977096274506,2026-02-18
767,29.241954406892862,-122.62731601083124,47.88182696585103,244.577493277712,38.72714595823421,19.590394949537945,0.6087435700887793,3,500-1000m,253.43357404201092,-8.856080764298923,8.856080764298923,2026-02-18
98,2.754787879019214,-119.72453950246964,46.12730001318189,129.22390224912846,32.52708866795837,18.32695557567626,0.584758681533106,1,0-500m,133.74285781386004,-4.518955564731584,4.518955564731584,2026-02-18
0,0.0,-122.03521749138818,45.7372055878004,108.22411105080394,19.41884730407807,12.57206476168247,0.347217461552472,0,,102.43354413037167,5.790566920432269,5.790566920432269,2026-02-18
0,0.0,-122.551051950931,45.15744751927892,66.38966094536053,20.740492552498743,9.032202172140725,0.304929985721848,0,,71.43123768824289,-5.041576742882356,5.041576742882356,2026-02-18
709,21.102936254691294,-120.38399160087816,45.087386847944806,238.70372003644948,42.99872920827188,21.82155824929285,0.6912871397522423,0,500-1000m,249.71599727691694,-11.012277240467455,11.012277240467455,2026-02-18
187,4.900908128842558,-123.96145940587704,48.09794241247916,171.62062640496765,30.15227936267461,16.75430981370152,0.4195824526059055,3,0-500m,159.28026080767773,12.340365597289917,12.340365597289917,2026-02-18
859,1.6302837194858837,-123.94635177145544,45.5377337094782,247.0859686965046,39.1681242842016,18.627387202598072,0.5649993016028056,0,500-1000m,247.0874953337722,-0.001526637267602382,0.001526637267602382,2026-02-18
705,15.34477603053496,-122.466518336287,46.870882463884605,275.9566497423002,38.44589907835972,18.55951004451614,0.6099782106125284,2,500-1000m,258.9735397875231,16.983109954777092,16.983109954777092,2026-02-18
1212,9.26290238185462,-123.74295046249424,47.42358726071793,168.58237089065187,29.922238409825123,16.544787123743806,0.5505005489657939,3,1000-1500m,161.69229684458662,6.890074046065251,6.890074046065251,2026-02-18
0,0.0,-123.24381972108516,46.71340720227538,150.16984255660077,26.96786547567961,12.822119253397045,0.4767203765907626,2,,136.1701841846854,13.99965837191536,13.99965837191536,2026-02-18
1431,22.429043490362805,-121.62797545462874,45.10842660934493,85.2546591171142,25.64258967449448,11.620303320715326,0.4516236825472383,0,1000-1500m,88.88950122339286,-3.6348421062786542,3.6348421062786542,2026-02-18
651,31.906459795708567,-118.38190024294131,48.134006010351634,240.6946783387038,36.75672566877414,17.39225985211595,0.5143750351462572,3,500-1000m,243.5565333578219,-2.86185501911811,2.86185501911811,2026-02-18
360,18.77511516902169,-119.99565949641487,45.04205289816662,170.24592878847227,38.89756818112231,22.02941052434633,0.6577142921562374,0,0-500m,189.98184150420454,-19.73591271573227,19.73591271573227,2026-02-18
130,9.225702456041253,-120.41132591830508,48.047559577509936,114.06408542130671,30.02888951825924,15.557527385221212,0.3875995489091455,3,0-500m,125.06340773855469,-10.999322317247973,10.999322317247973,2026-02-18
1324,4.843957037180895,-121.94557823754316,48.57321797515249,95.1043514936562,21.15752166615548,11.790091991551956,0.419866431182256,4,1000-1500m,97.64094855226627,-2.53659705861007,2.53659705861007,2026-02-18
731,4.999950214732682,-117.47772396397028,46.73135968422869,258.9343898554239,40.55747775776033,17.56965075324759,0.4721379638679472,2,500-1000m,259.3443015531751,-0.4099116977512267,0.4099116977512267,2026-02-18
145,0.9274099368611016,-121.22089471133964,47.1421698923912,129.79647409492378,23.321245224792516,14.738685278275817,0.2605919691559392,2,0-500m,118.7760909951729,11.020383099750887,11.020383099750887,2026-02-18
1216,27.31275047071318,-123.3903506324296,46.90793357047062,156.58048144466028,25.165762115567727,7.815155892612515,0.3136962019443737,2,1000-1500m,146.5964511934061,9.984030251254183,9.984030251254183,2026-02-18
1644,28.35935737466583,-119.68053438717538,46.55683447449376,55.32949969433734,20.203265942052877,3.857558800739536,0.2617361367104523,1,1500-2000m,64.03449572365061,-8.704996029313264,8.704996029313264,2026-02-18
443,11.315780802906886,-123.20313124566378,48.54969814148144,201.8625326039454,37.852365640071646,22.517862275426427,0.5085543580611542,4,0-500m,209.64679717566403,-7.784264571718637,7.784264571718637,2026-02-18
8,2.2767375584398306,-121.58343800038816,48.57573404267996,115.495965446144,26.944184064737136,12.411463881827713,0.370917259263925,4,0-500m,117.52275867043033,-2.0267932242863367,2.0267932242863367,2026-02-18
1030,21.638777223697257,-120.44811642897534,46.34326545856614,213.90395589679363,42.35215622979586,22.064371689886723,0.4468286775334034,1,1000-1500m,214.35632209448403,-0.4523661976903952,0.4523661976903952,2026-02-18
398,3.0938079192826486,-117.88044232720377,47.46027901605879,147.0629583060324,30.297771999774227,17.801932946098894,0.4111394152589608,3,0-500m,160.28790311106823,-13.224944805035818,13.224944805035818,2026-02-18
429,20.516368549981067,-120.54517393761915,48.707630248583456,199.1296659823637,35.46868452510363,22.960211007675,0.4142404948979228,4,0-500m,205.15167551105517,-6.022009528691484,6.022009528691484,2026-02-18
507,27.07020055915132,-119.08418863777835,48.848233995765405,228.74255127296644,38.830121660368455,12.108919878592998,0.3915701980762218,4,500-1000m,235.15693862147782,-6.414387348511383,6.414387348511383,2026-02-18
193,2.7802885155287558,-117.05028212700653,47.03583616168819,93.34843034858488,27.206801105133167,14.853354148695788,0.3810659171407931,2,0-500m,110.76856643309617,-17.420136084511284,17.420136084511284,2026-02-18
760,2.32442330806639,-123.07957616071413,46.8112992211373,268.64408206136875,37.33867103347831,23.88032710811956,0.4209841536083281,2,500-1000m,258.89224797989647,9.751834081472282,9.751834081472282,2026-02-18
1068,34.78703551777761,-122.07687932136336,46.1147772637141,214.82012297242912,36.78427808423064,15.668740443648836,0.4140818371891865,1,1000-1500m,207.8191175852633,7.0010053871658044,7.0010053871658044,2026-02-18
669,15.35314631872493,-121.23796747081649,48.83548749276165,210.7319228602962,43.94279965460672,22.54051465839751,0.4117841634886635,4,500-1000m,234.57316413666297,-23.84124127636676,23.84124127636676,2026-02-18
0,0.0,-121.04720275022818,45.57125721789147,66.23129656647251,19.56954519566539,12.111431576123936,0.2669421447932996,0,,74.16014539589848,-7.928848829425974,7.928848829425974,2026-02-18
620,2.6822222878800823,-121.12285247314118,47.3193183041909,279.25503545683324,40.83500434509317,20.13303034990215,0.4658709396600314,2,500-1000m,266.6528226129565,12.602212843876714,12.602212843876714,2026-02-18
603,23.5696302493241,-117.64672298210412,46.13020107007456,281.73489849667726,49.08370213511726,25.50255233616297,0.5633066393693572,1,500-1000m,279.94947338054914,1.785425116128124,1.785425116128124,2026-02-18
955,36.45044788555176,-119.001771488732,46.11603316139119,186.95601627339187,34.77324989681871,17.01017053115473,0.5473916749015433,1,500-1000m,194.74690094608127,-7.790884672689401,7.790884672689401,2026-02-18
234,1.854334168853263,-119.74466350136508,46.61987434950476,130.8245983903998,32.049920402333086,15.214193839866583,0.4758795773192153,2,0-500m,140.08606976375881,-9.261471373359,9.261471373359,2026-02-18
146,13.250719895202735,-121.83439097496051,48.99517174326262,149.22118099677138,29.12633752469917,15.241781585261666,0.4361246027799011,4,0-500m,141.13082159247014,8.090359404301239,8.090359404301239,2026-02-18
643,18.846288681030277,-118.23346731045092,45.219865227359286,251.6002617133115,43.35696336713425,25.20311172533259,0.6370378799898546,0,500-1000m,258.5965738410924,-6.996312127780868,6.996312127780868,2026-02-18
1105,28.86057578502224,-117.31457641960507,47.314167272814124,160.3638675144308,30.27789143986944,18.786356085301943,0.3943472010773562,2,1000-1500m,161.90723157606664,-1.5433640616358275,1.5433640616358275,2026-02-18
1311,9.15231415614611,-118.2516120221484,45.33028863214111,160.28750871552018,33.53743080532873,19.587125707270538,0.4542934248881827,0,1000-1500m,152.39690335309646,7.890605362423713,7.890605362423713,2026-02-18
1270,21.508212254942368,-123.9890442636597,45.61808331996208,136.5203249217261,32.14714684211054,17.522388171342783,0.3371679805435967,0,1000-1500m,137.07095009887442,-0.5506251771483335,0.5506251771483335,2026-02-18
436,2.280303164331706,-119.54519040871617,46.75825176709159,170.72037897200386,28.63487261477108,17.853639513699317,0.4768912710370522,2,0-500m,178.54668744461583,-7.82630847261197,7.82630847261197,2026-02-18
549,26.98998642850129,-123.6420523299053,47.041840525385766,250.642513014014,38.21969891675616,20.38958434009094,0.6791353740671807,2,500-1000m,245.6910433537387,4.951469660275308,4.951469660275308,2026-02-18
1347,27.224763870239254,-122.19674945766394,46.035169633458096,78.60305169626999,22.566356474049236,13.1421878419236,0.5669463529838465,1,1000-1500m,90.39537211999827,-11.792320423728285,11.792320423728285,2026-02-18
514,24.803442228711656,-123.5833270975656,46.26582852349767,255.2889802244769,43.2320421658568,21.411392142565024,0.6361876548236283,1,500-1000m,257.88774977026986,-2.598769545792976,2.598769545792976,2026-02-18
612,33.09511131189998,-119.77343182935428,45.34786808102373,279.0596327813974,41.38879902077026,25.274709372147736,0.6070213826665883,0,500-1000m,267.832231310367,11.227401471030419,11.227401471030419,2026-02-18
998,11.733736388844209,-119.19387060555177,46.212879135377,217.14801105034047,40.72481847867854,19.08456161403245,0.6213136641990071,1,500-1000m,217.71442873244504,-0.5664176821045714,0.5664176821045714,2026-02-18
967,2.283056825352045,-123.19858653353866,48.866233757522174,238.5369471877232,45.48585504734672,25.62835720468508,0.422088000742644,4,500-1000m,239.65926113395537,-1.1223139462321683,1.1223139462321683,2026-02-18
342,2.718163136859797,-121.31312781868516,48.778829526689925,236.90948660275592,38.10122699519077,19.671642292345048,0.4807398375942852,4,0-500m,220.39434465429431,16.515141948461604,16.515141948461604,2026-02-18
848,4.063588644073183,-120.8063444373112,46.33951316054794,263.0672665075398,38.29131934856038,23.153693427941825,0.5517121932099018,1,500-1000m,251.0625314804881,12.00473502705168,12.00473502705168,2026-02-18
813,14.383915615883575,-121.41662884767358,47.28341574511504,241.73816285663543,41.2152923941872,21.198867444109595,0.4208147148699367,2,500-1000m,248.1561096728745,-6.417946816239066,6.417946816239066,2026-02-18
0,0.0,-123.15282499660366,48.638381564443776,78.0219180465631,20.574317593052413,13.185229510356166,0.348218199321627,4,,82.550192590331,-4.528274543767893,4.528274543767893,2026-02-18
908,17.900615737193,-121.06736546868768,45.024735290563584,237.00756060961703,40.14545371226825,17.74397042045544,0.5638168044677526,0,500-1000m,235.8122634407047,1.195297168912333,1.195297168912333,2026-02-18
822,20.672821569054182,-118.74175366534108,48.242734281350366,223.7203362132959,42.22173005594005,22.41375424851473,0.5220451808668105,4,500-1000m,240.9997715742685,-17.2794353609726,17.2794353609726,2026-02-18
743,43.423393186907,-123.50294634826722,48.79347821115567,222.70499913156925,37.1171119004154,19.730127618008645,0.5088337366539,4,500-1000m,236.96055278906107,-14.255553657491816,14.255553657491816,2026-02-18
755,4.5686828566731785,-123.43873990142669,45.36530293733423,246.28888629002472,43.51089037715396,20.776322674777397,0.6179341380404129,0,500-1000m,261.7054168884873,-15.4165305984626,15.4165305984626,2026-02-18
628,1.854334168853263,-121.51660095714811,45.64579074413169,211.84799912223588,40.54673272917615,15.923985417449693,0.5548994558177323,0,500-1000m,236.02577413599886,-24.177775013762982,24.177775013762982,2026-02-18
899,8.341922221256981,-117.40792001866753,48.84298521108542,201.11903676591876,34.08942392160647,24.51323032477397,0.5477474977430432,4,500-1000m,210.61610977952077,-9.497073013602005,9.497073013602005,2026-02-18
480,12.615044549375352,-119.3199914729396,47.15016057456138,240.8466477746466,34.036023901205525,18.24033826453473,0.4949678999744968,2,0-500m,230.30966472255662,10.536983052089994,10.536983052089994,2026-02-18
708,20.65454609137633,-119.24931030329203,45.05678653788689,248.0725440636212,34.24429510926754,15.089192518571124,0.3621105836427236,0,500-1000m,243.41222232651114,4.660321737110053,4.660321737110053,2026-02-18
174,7.4996292784822,-121.46656006413494,46.03052799505412,131.85059678887814,33.18413077717327,14.26868823082742,0.3178439406055097,1,0-500m,138.7672560930729,-6.916659304194752,6.916659304194752,2026-02-18
151,1.343106289615197,-119.84437446154024,46.79977469707544,133.26408476968174,39.3977760491343,14.912972018781277,0.4210688211739197,2,0-500m,141.3338676155045,-8.069782845822743,8.069782845822743,2026-02-18
60,13.389562935816018,-123.9290817118058,47.77163564409907,66.11752318825161,20.650193485377955,11.44113037835832,0.3823642814383176,3,0-500m,74.67288139845701,-8.555358210205398,8.555358210205398,2026-02-18
66,27.044421158744303,-119.5473276751332,47.9326415125472,120.71374139565604,28.754843291997027,11.289063166266738,0.4340800957143168,3,0-500m,123.23074929401902,-2.5170078983629764,2.5170078983629764,2026-02-18
12,14.62901621584822,-117.60699136696634,48.98168605170182,107.00552848685082,27.768215006765548,14.925734487253203,0.3193059045941054,4,0-500m,109.1196767908231,-2.1141483039722857,2.1141483039722857,2026-02-18
872,4.540889692200918,-119.71198572158626,46.15004479753504,238.78138841932045,38.68976558283818,20.013876956481333,0.6842740391104621,1,500-1000m,237.64158892003618,1.1397994992842655,1.1397994992842655,2026-02-18
1428,4.8218372842815125,-117.88410984573558,47.1528804074739,110.17823370555412,25.711150650941995,12.283266236577914,0.3173405844759683,2,1000-1500m,107.81806114837921,2.3601725571749057,2.3601725571749057,2026-02-18
455,3.255974326015265,-118.93218861173736,47.13329419143842,167.45566716326684,30.220409181734723,15.448155043288091,0.5681554345638833,2,0-500m,183.6662071937072,-16.21054003044037,16.21054003044037,2026-02-18
339,1.6204463462618808,-123.15609108517415,46.62258103778895,234.67211902326304,41.15027733800511,19.577560881086384,0.4176315231039443,2,0-500m,225.63323303968653,9.038885983576506,9.038885983576506,2026-02-18
129,8.617518825149826,-117.68282684899911,45.67664757536968,121.26810154353514,29.588834458184788,12.869000298114448,0.5519860684535002,0,0-500m,129.51741262187906,-8.249311078343922,8.249311078343922,2026-02-18
638,11.82517765058725,-123.53489308950958,48.90982625273537,221.3981463605871,40.469963401687046,19.275028303641623,0.2972739165875849,4,500-1000m,235.30019783190426,-13.90205147131715,13.90205147131715,2026-02-18
366,4.417756199567485,-120.26222769216564,48.41326874666635,197.9955166156539,31.91371700096655,12.777742563961224,0.4321657828354708,4,0-500m,189.31714275460183,8.67837386105208,8.67837386105208,2026-02-18
1231,32.1021730714751,-123.0050401334458,46.99333211317695,106.49229106313692,29.56267060937279,14.333831015904227,0.4079028166062735,2,1000-1500m,113.36383985245443,-6.871548789317515,6.871548789317515,2026-02-18
964,12.206911520932142,-123.91805372488368,47.41298169073612,217.86641752325784,39.99356371703853,17.74267832360586,0.623112245542869,3,500-1000m,219.5874412082727,-1.7210236850148704,1.7210236850148704,2026-02-18
593,4.254368040415796,-121.04576017910652,45.90904421423865,265.45768171475186,41.68671117420055,22.295823030242587,0.5940619999016907,1,500-1000m,259.67887726283675,5.778804451915107,5.778804451915107,2026-02-18
570,9.586104203424975,-121.9347150464209,47.17514828156699,215.2617447673103,37.93039623761799,15.713328896443066,0.4456961866307288,2,500-1000m,228.34052105570441,-13.078776288394124,13.078776288394124,2026-02-18
1113,18.365244411273807,-120.59799654341678,47.77988053248591,192.1194045182477,31.07594272965564,14.458218498941502,0.6379453832327534,3,1000-1500m,183.15999228321297,8.959412235034733,8.959412235034733,2026-02-18
703,1.6575427262151057,-119.95960079285814,47.06066811354636,263.2708251085129,41.26707845420414,23.17191279354917,0.5077636037144271,2,500-1000m,259.5689675640881,3.701857544424797,3.701857544424797,2026-02-18
790,1.6093521083073024,-123.69382649383736,48.96114068233977,262.98855835034766,41.34334391530455,24.00019506047484,0.5928281929548997,4,500-1000m,258.97007132667625,4.018487023671412,4.018487023671412,2026-02-18
981,10.30710632357471,-123.13897693413378,47.4453666249909,221.35287724512415,42.4433084221711,17.808849941955472,0.4653313638931269,3,500-1000m,225.56043842936396,-4.2075611842398075,4.2075611842398075,2026-02-18
776,6.627351958149633,-120.08950322484702,46.48389485036868,268.69980734690904,42.12228283915348,25.22703322081191,0.5298705429790034,1,500-1000m,270.5618496368286,-1.8620422899195432,1.8620422899195432,2026-02-18
1156,6.537823277059917,-121.5978285277914,48.08860811046336,186.3611512292972,34.15885068553361,18.367882125855605,0.4047631097253503,3,1000-1500m,177.68797341537942,8.673177813917789,8.673177813917789,2026-02-18
1139,9.53266526658312,-118.89578558715388,45.681850046326566,184.7800714056534,34.604506891089954,24.049731476293573,0.4814604324018659,0,1000-1500m,180.04973466401253,4.730336741640855,4.730336741640855,2026-02-18
1126,9.377833327314098,-119.43395845985644,46.53806325482507,179.2724075660186,34.01794936873316,16.700848430624024,0.3819741036849958,1,1000-1500m,175.14690520453433,4.125502361484251,4.125502361484251,2026-02-18
129,9.592216095049883,-118.08076945907064,46.38783580151034,109.7433887562219,23.23609397579076,14.574048472985927,0.5245317939933102,1,0-500m,114.2246601290374,-4.481271372815499,4.481271372815499,2026-02-18
77,0.0,-119.15255021331542,46.72722838043111,125.26691080936818,28.92982348451521,16.211994709946204,0.3769823868825518,2,0-500m,126.14958238685477,-0.8826715774865903,0.8826715774865903,2026-02-18
327,18.11567431338724,-120.99048245826896,48.127119303714906,169.23062399944652,30.10335182661949,12.055250788597773,0.5940752476738642,3,0-500m,168.44841345342056,0.782210546025965,0.782210546025965,2026-02-18
122,9.498753696723885,-119.28923364323896,46.93669212865363,91.08642271734024,21.425436021525485,11.790955131387374,0.3046549124382525,2,0-500m,97.44622237355885,-6.3597996562186125,6.3597996562186125,2026-02-18
590,3.108444255088045,-122.07233178021208,48.17605780106385,250.4610478843023,35.02312686652964,20.35957735569179,0.6131368305888957,3,500-1000m,242.92347625387066,7.537571630431643,7.537571630431643,2026-02-18
204,0.0,-121.8558055085525,47.305955612559465,124.46175492514848,28.37111555164448,16.23370495529755,0.3632360016957358,2,0-500m,132.52475112171354,-8.062996196565052,8.062996196565052,2026-02-18
0,0.0,-118.47710388055444,46.36827773863022,133.73305041045157,28.76632957237135,16.36016571762374,0.499196847507166,1,,132.39909590882684,1.3339545016247314,1.3339545016247314,2026-02-18
202,5.413294342660492,-120.87506338518892,48.23991497473389,145.80637260448128,26.4720522367786,12.448196013456933,0.4309405378696413,4,0-500m,141.4822303088986,4.324142295582675,4.324142295582675,2026-02-18
127,4.038813900183655,-118.41133761637153,45.95315868221237,129.53839089832735,26.406634353019783,12.488164306922616,0.4481074020115577,1,0-500m,128.6495773985046,0.8888134998227599,0.8888134998227599,2026-02-18
1536,14.783486302777083,-118.24304338432204,45.89753191919918,110.37440782466096,29.494888417470985,15.281431564777074,0.4727438331595144,1,1500-2000m,108.41280658633747,1.961601238323496,1.961601238323496,2026-02-18
346,7.116436994930268,-117.997063636371,47.01801169621935,178.58451002256623,32.82491055692439,20.63709793262424,0.4103744596328774,2,0-500m,175.8873380104707,2.6971720120955354,2.6971720120955354,2026-02-18
626,14.674424335631754,-117.58355334911155,46.04339698384835,249.68527565163637,34.65412277092779,19.919163305982067,0.3229168543702435,1,500-1000m,236.9117590387221,12.773516612914278,12.773516612914278,2026-02-18
11,1.854334168853263,-120.98310345640692,45.03634813980487,136.06919263331767,34.51594432189677,20.604900533854657,0.544183223384574,0,0-500m,141.49652043583296,-5.427327802515293,5.427327802515293,2026-02-18
736,5.642724083394154,-121.76793227175204,47.593190109195206,224.47732943383087,42.94810572888156,20.829224778574567,0.3638034294035466,3,500-1000m,242.5076978434186,-18.030368409587737,18.030368409587737,2026-02-18
581,37.21120946872509,-119.9246087738412,47.04437528588959,228.41359238868085,38.3682694954137,21.83554449806507,0.5421496254880025,2,500-1000m,240.18828458353084,-11.77469219484999,11.77469219484999,2026-02-18
67,6.896918112136002,-121.4017930359366,46.782071257972646,112.89900749780846,24.020942586937355,17.30829208694882,0.3773682158396002,2,0-500m,111.61329898740327,1.2857085104051862,1.2857085104051862,2026-02-18
581,15.843045895583035,-119.79248083239835,48.86787405847326,269.70720262599247,38.724214167625455,25.04140164200657,0.5116309050842616,4,500-1000m,256.0104062918621,13.69679633413034,13.69679633413034,2026-02-18
142,0.0,-119.06089896149322,47.28479673585166,138.050546510298,28.619356124004582,17.156801966564615,0.4441174370685607,2,0-500m,135.10475090783402,2.9457956024639884,2.9457956024639884,2026-02-18
1336,17.881153319086728,-119.18116487055504,48.45372631115754,86.75573080851709,21.80338585465677,15.770690181817743,0.6051987289417445,4,1000-1500m,99.89513341918195,-13.13940261066486,13.13940261066486,2026-02-18
405,1.6520161504232111,-121.37812979085916,45.55780094482064,184.09073931117328,29.18537194200098,15.799298194279483,0.3842848532037264,0,0-500m,178.58685797184467,5.503881339328615,5.503881339328615,2026-02-18
1165,15.8973833022482,-122.83197858810873,47.27682585251771,198.15835927477252,36.25349834292104,18.51877412019931,0.5192811829185673,2,1000-1500m,189.70545779720206,8.452901477570464,8.452901477570464,2026-02-18
132,10.432969850552912,-120.98629463076456,48.471918506923615,137.43090290928495,29.645525089008423,13.61752583509344,0.4102320425834644,4,0-500m,134.07896943635927,3.35193347292568,3.35193347292568,2026-02-18
97,0.0,-123.00184099142665,47.33242302911959,106.57473642999564,28.015460349687423,10.62722353864763,0.4636397656695118,2,0-500m,115.28867085675328,-8.713934426757646,8.713934426757646,2026-02-18
677,11.922920729421786,-117.76932075371334,47.872056712508005,247.51258467263827,40.34850158922966,24.839325167426978,0.4830992493166154,3,500-1000m,255.15713729036685,-7.6445526177285785,7.6445526177285785,2026-02-18
0,0.0,-121.578857774835,46.48817427124883,198.86073835840284,28.55548191172572,15.277079167337977,0.556718537028986,1,,172.05446981248434,26.8062685459185,26.8062685459185,2026-02-18
17,2.329816532471725,-122.91878176943672,45.36979806814826,141.3614737345298,28.09912685241116,18.421005616056316,0.3574338446695526,0,0-500m,133.6231751719836,7.738298562546191,7.738298562546191,2026-02-18
215,10.183791555003404,-123.82186568065974,46.83160118050829,109.3379068498023,20.358462964287213,11.846320792836218,0.4583124055732379,2,0-500m,108.70184195450885,0.636064895293444,0.636064895293444,2026-02-18
837,27.989826654758684,-119.4792432959946,46.57791756335543,235.51176210196112,39.56650428860142,20.432973125181384,0.5497359010081839,1,500-1000m,240.8254157552443,-5.313653653283183,5.313653653283183,2026-02-18
479,0.9274099368729608,-119.5416837778168,48.46824072951579,246.12690321911043,38.74341381979085,19.628467308280587,0.4269729226053375,4,0-500m,239.6418194295653,6.485083789545143,6.485083789545143,2026-02-18
245,3.266799870556049,-121.61577083393097,45.97598120940989,151.75111508186188,32.39928546920709,12.07460546976638,0.5172606928648027,1,0-500m,155.50213372352843,-3.7510186416665476,3.7510186416665476,2026-02-18
552,3.313387747477535,-123.49801677806644,48.86693691014043,273.3765997441631,44.59193889384625,22.961409816797776,0.4557009821046777,4,500-1000m,262.8239276401887,10.55267210397443,10.55267210397443,2026-02-18
731,1.854334168853263,-121.13259773573336,48.83255247921799,303.4156476438335,44.56979000152728,16.49456085279137,0.4722533568060209,4,500-1000m,293.238173833744,10.17747381008951,10.17747381008951,2026-02-18
0,0.0,-121.82147753455624,45.99052657228575,105.54352564172098,19.29767954408324,10.880810304325786,0.3768916619819983,1,,100.81447557538644,4.729050066334537,4.729050066334537,2026-02-18
300,2.2923105568055853,-119.26015552185494,46.39220782190928,182.28112419929727,37.52057068950027,19.64329138395566,0.4949845787047283,1,0-500m,180.7234714215292,1.5576527777680553,1.5576527777680553,2026-02-18
418,26.764570326840307,-119.75954525383116,48.58222296349554,206.739372373328,31.26795037337897,18.33243460679701,0.4663863292347073,4,0-500m,200.58646829889477,6.1529040744332235,6.1529040744332235,2026-02-18
0,0.0,-121.44784390261722,48.86648888358443,127.42449241845128,26.57594790666544,19.86091071197594,0.3665412846004446,4,,121.55010768499932,5.874384733451961,5.874384733451961,2026-02-18
207,21.393107854094445,-122.47475212021509,46.77375641134417,185.58339641114333,29.53707749369832,11.753424409647211,0.4884859239777698,2,0-500m,168.28822279099276,17.295173620150564,17.295173620150564,2026-02-18
795,4.93871577542477,-117.08374823691084,46.28398818256359,276.97777451937304,41.91926896700038,25.225383446802084,0.5503020912111962,1,500-1000m,271.24948464260336,5.728289876769679,5.728289876769679,2026-02-18
1189,4.113663752086261,-120.8219886516272,47.10437605300617,122.0890310899102,32.11040074045965,17.975390670265647,0.4454621075248066,2,1000-1500m,129.96270247866534,-7.873671388755142,7.873671388755142,2026-02-18
300,2.8238534927368164,-119.18208034953834,47.75107682546294,193.77171307335135,37.99436465607833,26.75750058355963,0.5542924920256357,3,0-500m,191.77974490818357,1.9919681651677763,1.9919681651677763,2026-02-18
104,5.709023394165924,-123.01612922695148,46.09389806149992,109.00209957911306,26.42789647704236,17.672030858077157,0.4032146932196898,1,0-500m,116.80984877135786,-7.807749192244799,7.807749192244799,2026-02-18
611,14.592825016993269,-120.60087210238422,47.94589269847629,298.0953312874364,42.781896173523066,24.49195379466392,0.587244580914918,3,500-1000m,276.37112304664,21.72420824079643,21.72420824079643,2026-02-18
709,7.08223305596328,-123.80724296091374,45.20662942845856,271.8487848394944,43.80246059968289,22.641403270212464,0.5148100201862418,0,500-1000m,269.8061629083423,2.042621931152098,2.042621931152098,2026-02-18
582,22.33314561515577,-120.46181417462684,45.19717797105766,276.70201058495945,36.385075545521374,21.354886097240456,0.6687399312416357,0,500-1000m,258.9638490173548,17.738161567604664,17.738161567604664,2026-02-18
269,7.137765576539122,-117.25187815017608,46.54515082058218,165.09299736331835,27.7915967262773,15.3925760255305,0.4774971593180601,1,0-500m,157.99529489492633,7.097702468392015,7.097702468392015,2026-02-18
77,0.0,-121.3105530090994,46.41389276824288,117.30018544163606,29.00922675435222,13.495295025661608,0.3817520603902766,1,0-500m,122.38551936969435,-5.08533392805829,5.08533392805829,2026-02-18
724,32.507102966308594,-123.72702791197564,46.26253286146861,270.3551982097787,40.54350295303527,26.151700956574583,0.5042243130718242,1,500-1000m,263.0524589776063,7.302739232172371,7.302739232172371,2026-02-18
485,1.347622647331942,-123.7833094635646,46.96407905067564,228.84369891697804,43.205626447494296,19.611237437490946,0.5746984883222437,2,0-500m,235.93316600462305,-7.089467087645005,7.089467087645005,2026-02-18
108,23.0914899845005,-121.28409268037193,46.28293432924629,163.77799442356795,27.46744485095176,15.405780937846624,0.4646145673568747,1,0-500m,146.91679509698608,16.86119932658187,16.86119932658187,2026-02-18
897,4.107827628027881,-122.87982544475764,45.76903167387237,205.56344820008516,41.39776567417068,23.220013046941038,0.5000537472662521,0,500-1000m,219.60512937760913,-14.04168117752397,14.04168117752397,2026-02-18
54,0.9274099368611016,-123.8365353257027,46.2378781963544,131.04483115816316,29.187361752458656,12.428281250401504,0.5913204934966932,1,0-500m,134.51878396863313,-3.4739528104699673,3.4739528104699673,2026-02-18
645,5.547544894612033,-118.70650470234877,48.89961709124094,243.1686290025512,42.3559760069816,18.83618377902529,0.506155487513994,4,500-1000m,253.5957678804928,-10.427138877941587,10.427138877941587,2026-02-18
585,3.950793221666225,-120.79033893782676,46.64445366797939,272.2516300007606,43.33878894355887,25.17587253603236,0.4507019914393833,2,500-1000m,266.28231907171505,5.969310929045548,5.969310929045548,2026-02-18
1313,21.78179079853141,-121.97528659619142,46.77885110743334,75.11217362480201,30.936464515966197,15.414293804170526,0.4612891230572221,2,1000-1500m,98.69670955961031,-23.5845359348083,23.5845359348083,2026-02-18
1552,11.220678329467772,-117.69941771888465,47.30617995980456,122.0215869808442,23.140991749481906,11.115407248066926,0.443972774877154,2,1500-2000m,107.76533198250019,14.25625499834402,14.25625499834402,2026-02-18
1041,30.23241366574726,-123.18702727859632,48.933363073656906,185.316080367824,31.78591489068737,19.09335793661325,0.3320209526077502,4,1000-1500m,184.4515879319397,0.8644924358842729,0.8644924358842729,2026-02-18
1935,27.56038084075612,-117.30856819731277,45.96640510574305,49.56152419635623,13.931649583014496,8.511313852545035,0.230293621630962,1,1500-2000m,49.43999963516091,0.12152456119532218,0.12152456119532218,2026-02-18
124,3.704791833671086,-121.80223297835852,47.72512844212974,145.66108132106956,35.97539306018807,21.96400946527284,0.3633590960833222,3,0-500m,147.53504689314522,-1.8739655720756616,1.8739655720756616,2026-02-18
773,19.459514991285484,-117.78117429383924,47.8639387741669,251.4093033623745,42.30925078522971,16.467006670512337,0.6539575159392368,3,500-1000m,258.74954057461696,-7.340237212242471,7.340237212242471,2026-02-18
985,13.377553445411008,-119.77939986464376,47.42929766717226,216.99640058762924,37.78458688454359,16.36933554975893,0.4975551439931631,3,500-1000m,213.0871497666963,3.9092508209329253,3.9092508209329253,2026-02-18
224,5.702835463120152,-118.2130484818096,45.35431335854658,183.4203645848071,28.42013279392812,16.265517630169693,0.5187279510851689,0,0-500m,170.86853960211886,12.551824982688231,12.551824982688231,2026-02-18
1693,36.02079092016106,-117.11190785752676,47.70748910331031,56.20625666182609,20.59458729482061,11.774233888232503,0.4091221022113094,3,1500-2000m,66.33686942523833,-10.130612763412245,10.130612763412245,2026-02-18
1205,18.4700227122456,-121.98116193526876,45.2563788441447,126.49117047315592,30.91502251987644,20.42876568139025,0.4432763743498822,0,1000-1500m,137.25263623733167,-10.761465764175753,10.761465764175753,2026-02-18
680,17.34141273741604,-117.27205160214685,47.38457059819959,261.7224085369144,47.87898113309943,19.85180612695865,0.538974405541974,2,500-1000m,269.78482448410625,-8.06241594719188,8.06241594719188,2026-02-18
114,4.813417352044092,-121.27362673568304,47.95832470888697,139.76350161172527,28.256561739824075,13.12764138397112,0.431321991641482,3,0-500m,136.25690630781534,3.5065953039099327,3.5065953039099327,2026-02-18
213,1.341336491464676,-121.30141666684156,45.8438795624798,132.11523898834054,25.50952097660506,6.9893874012545085,0.4206902105262114,1,0-500m,134.4290921847657,-2.313853196425157,2.313853196425157,2026-02-18
596,5.543376225379841,-121.61729027021846,48.3664880301711,232.54990339354785,39.43262860155607,21.6919102530167,0.5381626499731981,4,500-1000m,244.186300817299,-11.636397423751163,11.636397423751163,2026-02-18
1288,16.010196552068912,-120.2101467485669,45.121415222132015,144.4329565900577,28.82955958901529,12.146730710249578,0.4572107864239056,0,1000-1500m,138.1649882196394,6.267968370418288,6.267968370418288,2026-02-18
197,0.0,-122.92098469775058,48.37525145463322,170.01703919605555,28.724451479082923,21.154449391535064,0.5477802386899467,4,0-500m,163.13586972340997,6.881169472645581,6.881169472645581,2026-02-18
117,1.6215542616557064,-120.12401960249392,46.84131620257106,161.15128819809445,35.7483999695962,15.93877292133789,0.6941506132360298,2,0-500m,159.88739012405057,1.2638980740438797,1.2638980740438797,2026-02-18
970,26.618267791112544,-120.20806631312998,45.870351759726574,207.09373141508243,43.60774109796719,25.032244799190835,0.5051281367951678,1,500-1000m,221.16713355733984,-14.073402142257407,14.073402142257407,2026-02-18
1306,10.096576147615323,-118.66668731176593,45.53511257997587,56.87444471248793,20.33307478758381,11.287077745116228,0.3821774757723187,0,1000-1500m,74.01165643579114,-17.13721172330321,17.13721172330321,2026-02-18
1031,22.925996139657737,-118.1644502664369,48.81322867032949,209.2150587826964,36.05318244527353,20.99704910715265,0.6235707978046638,4,1000-1500m,208.2494303990349,0.9656283836614818,0.9656283836614818,2026-02-18
450,7.885231926316564,-120.91691054781305,45.290662350324624,239.1824435160925,37.06296691453528,21.43420166271055,0.3539953023739389,0,0-500m,230.70656227484918,8.475881241243314,8.475881241243314,2026-02-18
1297,20.116581772712056,-121.88366725453956,45.7963736797437,86.59341997689816,23.252669108567872,12.31177894541523,0.2797884775066538,0,1000-1500m,93.55240429507322,-6.958984318175055,6.958984318175055,2026-02-18
766,36.43989879349766,-122.18465571878032,46.39128938973219,259.1503517742587,37.33499940423629,20.37564284710682,0.5173952085416267,1,500-1000m,252.88860486507738,6.261746909181312,6.261746909181312,2026-02-18
0,0.0,-122.6376331430659,47.48093939584448,112.23722275444312,28.016355212416435,16.112518535175305,0.5085520549447672,3,,118.06027939879837,-5.823056644355248,5.823056644355248,2026-02-18
0,0.0,-123.59646692460684,47.1792043411044,113.86338982212204,25.07873086980742,14.840182753461283,0.4520407612725733,2,,112.93671423627973,0.9266755858423181,0.9266755858423181,2026-02-18
137,11.35150820848708,-121.602864148157,45.502573969649255,119.03981185023709,24.15899288054729,8.412655777922849,0.523483206709509,0,0-500m,120.71415684675696,-1.6743449965198778,1.6743449965198778,2026-02-18
525,22.672938070813835,-122.10826615508452,46.15891193495286,241.3328927589069,40.98780794755402,22.67966315568993,0.5371095345600304,1,500-1000m,246.27532742209885,-4.9424346631919605,4.9424346631919605,2026-02-18
479,6.991683953827918,-117.23507829893516,45.955007084344096,243.0661985369839,39.819492517881535,20.699183418744955,0.5697500373553095,1,0-500m,239.68577811519802,3.3804204217858853,3.3804204217858853,2026-02-18
909,9.080851677553746,-120.0960382162497,45.85417141796137,186.73963766541303,33.23893631673547,17.632442464780908,0.485137135996739,1,500-1000m,191.8713294553388,-5.131691789925782,5.131691789925782,2026-02-18
0,0.0,-121.56906072678645,46.64457734591995,128.13157662413852,30.164425825607456,15.069187026760371,0.331804207525198,2,,124.68513758986707,3.4464390342714495,3.4464390342714495,2026-02-18
41,13.820266398616798,-119.93672679304412,47.81612581036663,102.538749949422,22.19216077571045,12.13195691587486,0.4543694305704654,3,0-500m,101.77628265407976,0.7624672953422333,0.7624672953422333,2026-02-18
0,0.0,-123.02562309058013,45.86981172886895,124.46706874570728,23.871773581356365,14.077298690066296,0.3115283454399773,1,,114.97931842869801,9.487750317009272,9.487750317009272,2026-02-18
778,3.1003906501851266,-120.89169375558458,46.46671551881192,238.10688497949545,33.6707331919022,17.28921572454613,0.7915909336719464,1,500-1000m,239.50944407362502,-1.4025590941295718,1.4025590941295718,2026-02-18
3,0.0,-119.61635975005257,46.563669707364646,62.98901994500533,28.42076134465303,16.89616391855696,0.3073554837999379,1,0-500m,83.44307107901095,-20.454051134005617,20.454051134005617,2026-02-18
62,0.9274099368611016,-120.57771517745284,48.90582611774164,144.860177853709,26.102546054770745,10.2175687367644,0.5849279293972621,4,0-500m,136.20087123568948,8.659306618019514,8.659306618019514,2026-02-18
192,13.219687206184496,-121.18754839541973,48.81866542751627,185.14484756566137,35.941761468155384,18.244329387517315,0.3422330893275964,4,0-500m,177.709116417523,7.435731148138359,7.435731148138359,2026-02-18
285,9.220244873755645,-117.04306127770212,48.2005503310083,123.86979070479067,31.437629406988822,18.836395836948896,0.4337888437549647,4,0-500m,142.44509963774547,-18.575308932954798,18.575308932954798,2026-02-18
1643,45.4401468991016,-117.83779666495752,45.96663568327674,52.82747347569609,10.535404132117378,2.2351443746533484,0.4010457504540696,1,1500-2000m,53.110589125654926,-0.2831156499588374,0.2831156499588374,2026-02-18
332,16.434325699193774,-119.63615829288392,45.27214925636668,187.07126376212344,32.96284490414643,15.952331417364409,0.4166598275344149,0,0-500m,181.99158717673018,5.079676585393258,5.079676585393258,2026-02-18
919,21.538421394828887,-120.01435847172402,46.2676165508825,202.3444047124163,40.27502246423644,23.85496227625538,0.4727765374964433,1,500-1000m,217.20515921058475,-14.860754498168461,14.860754498168461,2026-02-18
472,13.094584182332706,-119.65537664122792,46.06717819773532,245.21291720821543,39.11488613660746,18.586996966728552,0.5156160952605477,1,0-500m,236.51973580189198,8.693181406323447,8.693181406323447,2026-02-18
1359,25.67805791604487,-122.59081524524296,47.02370320058557,91.7580688253018,26.90217032911581,8.415256336443225,0.3468741996977722,2,1000-1500m,103.10000786877154,-11.341939043469736,11.341939043469736,2026-02-18
1512,9.19039117708386,-121.23403579714976,48.11091164027117,79.93926498684293,20.637830963107177,8.52335587455416,0.544230319730897,3,1500-2000m,85.84269053701287,-5.903425550169942,5.903425550169942,2026-02-18
871,30.41089111837397,-123.7237832697637,48.43329175551544,245.41697361001863,41.157339710082255,20.011977071324097,0.6214162370961567,4,500-1000m,247.79788553802948,-2.380911928010846,2.380911928010846,2026-02-18
307,18.966708939326725,-120.67117773759222,48.37945634164203,122.58802000553686,32.11937748922603,17.29886705090025,0.5644144645804234,4,0-500m,141.81384304169563,-19.225823036158772,19.225823036158772,2026-02-18
96,18.64001060781181,-120.19882791229637,46.43870224489227,113.83524275974204,21.54618417683212,14.19114130465341,0.3673266781485873,1,0-500m,109.9242278102478,3.9110149494942448,3.9110149494942448,2026-02-18
504,15.962556513092451,-122.40575184727751,47.74893737384273,284.72704215528995,36.69140790916164,21.38381638363364,0.5146130485543637,3,500-1000m,263.853498357915,20.873543797374964,20.873543797374964,2026-02-18
1037,11.434071521292111,-117.2517980698414,46.25133679009688,208.955464061618,40.50921759283156,16.2652169451328,0.5523742844553031,1,1000-1500m,206.51531674499688,2.4401473166211076,2.4401473166211076,2026-02-18
1019,5.547544894612033,-117.63381772343932,45.24362217294073,174.83294464623518,40.69235604154111,16.58098603425763,0.5144902427687682,0,1000-1500m,194.18242533021933,-19.349480683984154,19.349480683984154,2026-02-18
1389,26.68470853163412,-118.94499735180868,47.80626106241177,133.1027915970866,27.71458193618556,15.271649092287094,0.4284116022930488,3,1000-1500m,125.85206242044433,7.250729176642267,7.250729176642267,2026-02-18
292,32.19852457012012,-120.26629359864246,45.039310210279154,224.06966559638389,38.78514737174918,20.065546546242665,0.4064045105565781,0,0-500m,211.41139479431877,12.658270802065118,12.658270802065118,2026-02-18
187,5.705871138587816,-117.9102158824662,46.636730349833954,174.68717408403575,31.28055336093854,17.279481063798634,0.5031864712551563,2,0-500m,165.48465364683267,9.202520437203077,9.202520437203077,2026-02-18
107,7.123455808509605,-123.08543359323576,46.3175170772083,109.48036640186018,28.066182856834555,17.431258755021517,0.4530646979048215,1,0-500m,116.20060257777413,-6.7202361759139535,6.7202361759139535,2026-02-18
1075,10.641397853293803,-118.4664314400758,47.77351015407541,166.1210049563287,34.696915772018485,14.940674482185916,0.3776312412737972,3,1000-1500m,172.4665783672301,-6.345573410901409,6.345573410901409,2026-02-18
99,9.296007422918173,-123.12625430223206,48.06498189104151,113.18069035759228,27.884810213354644,14.816809824077144,0.5323612030821895,3,0-500m,121.84192898447516,-8.661238626882877,8.661238626882877,2026-02-18
422,11.16652867287171,-118.44052536215416,46.216378543885135,185.9082329254776,30.34370387330585,20.214975035369736,0.5083616691798296,1,0-500m,188.94459086793918,-3.036357942461592,3.036357942461592,2026-02-18
587,2.302256825468348,-122.0696270222405,48.246508057779415,251.767556159267,39.03387560746536,21.75107564623153,0.4938458667767459,4,500-1000m,248.23800982643567,3.5295463328313303,3.5295463328313303,2026-02-18
1220,9.60514796818384,-117.86036593287268,46.17566704201973,115.88723629083498,27.09093764968148,12.90459315315228,0.3482273066874471,1,1000-1500m,122.56383352017707,-6.676597229342093,6.676597229342093,2026-02-18
830,15.443938904240172,-117.3917053432222,46.78530543994624,226.35318077451785,43.36477020826682,23.605249514097515,0.5342571259214426,2,500-1000m,240.7305312538299,-14.377350479312042,14.377350479312042,2026-02-18
125,3.704791833671086,-122.9584282141642,47.90807410805654,135.98476290166448,25.460233264898957,15.5993891149001,0.525191825698787,3,0-500m,131.04235088450622,4.9424120171582615,4.9424120171582615,2026-02-18
586,4.811974313628465,-120.76127076454225,47.77168091689916,236.79137866611987,32.64745118948909,16.024802597700532,0.3772799018950141,3,500-1000m,231.09939885610416,5.6919798100157095,5.6919798100157095,2026-02-18
2,5.397514416890925,-117.1330883528612,48.9494738892488,100.53005193395292,26.58046010149093,13.1630759644533,0.4035567717383539,4,0-500m,107.61843621206866,-7.08838427811574,7.08838427811574,2026-02-18
476,5.441913121646023,-120.61614794818796,45.90064409686373,280.97227859016493,45.25042826673352,25.04032537560409,0.5981241451851802,1,0-500m,262.0306162726571,18.94166231750785,18.94166231750785,2026-02-18
1520,21.59320847335803,-117.95516734239818,47.649271654158326,101.42894471800967,23.261483145908688,9.75344535049958,0.533052976941413,3,1500-2000m,101.74685783563721,-0.3179131176275405,0.3179131176275405,2026-02-18
1024,5.3549133510286,-119.87887934508076,47.43872763310311,228.037862716772,34.9069519311149,20.33272271011552,0.4317073266729917,3,1000-1500m,215.33748115228227,12.700381564489732,12.700381564489732,2026-02-18
2348,28.220312202918937,-121.37269064456278,48.66039381796012,90.95139889788744,12.759538830268944,10.452108014399304,0.4820239539870948,4,2000m+,75.47329622123632,15.478102676651119,15.478102676651119,2026-02-18
1075,13.71387607033276,-121.99951511131891,45.6254485665795,197.63538389065877,35.558232670338995,18.938489865074924,0.5746355008106049,0,1000-1500m,197.32329354101887,0.31209034963990234,0.31209034963990234,2026-02-18
407,4.205781199856369,-122.5774383623974,48.00719265434773,173.95492490913753,34.36767816583998,15.78823518084625,0.5835859814841935,3,0-500m,188.08936695025292,-14.134442041115392,14.134442041115392,2026-02-18
708,4.941659303997802,-118.66741266035612,47.27307446507508,246.2796280717638,37.80660535709789,17.805403633961355,0.4993557389403873,2,500-1000m,244.11125097415731,2.1683770976064807,2.1683770976064807,2026-02-18
0,0.0,-121.2942164522388,46.098663479151625,98.79816892567382,23.087678093438814,14.135718255468142,0.4109449901855772,1,,98.80387744840594,-0.005708522732120969,0.005708522732120969,2026-02-18
857,49.96147959101326,-120.42107176459474,46.8977396565887,231.93390009931704,34.90093780753077,16.221917792246067,0.4547137371778504,2,500-1000m,233.26911835456497,-1.3352182552479235,1.3352182552479235,2026-02-18
712,1.6616202835894052,-120.55372163999172,46.33510638827919,254.8236372395156,39.45669153218458,19.40001784911191,0.4436488622389413,1,500-1000m,252.73492032604048,2.0887169134751105,2.0887169134751105,2026-02-18
947,27.941839215624668,-119.95904679536808,47.317253611153845,225.0202408408153,37.20832516982394,15.966802978674284,0.4512995904778318,2,500-1000m,219.22623490102384,5.794005939791447,5.794005939791447,2026-02-18
1035,38.125271084789226,-117.94095998062814,48.55600244325866,189.33407689291752,31.65525145057159,12.347412106186436,0.4936803034613286,4,1000-1500m,190.3867218294417,-1.0526449365241888,1.0526449365241888,2026-02-18
528,25.00881808618216,-117.134824594916,47.27721993764881,257.15137058502484,39.36298025585742,22.59742084751675,0.4327329942982125,2,500-1000m,244.96320058876387,12.188169996260967,12.188169996260967,2026-02-18
829,40.48149385495604,-121.14691053998328,47.526889673306336,242.21360870957596,36.85281151490672,18.57002277548095,0.631328862191528,3,500-1000m,237.85178943161083,4.3618192779651395,4.3618192779651395,2026-02-18
634,15.0454095804072,-118.20736754525588,47.07499138845884,283.9896450681248,46.08324258708876,18.786355089969742,0.5871125287443819,2,500-1000m,276.24037724241225,7.749267825712536,7.749267825712536,2026-02-18
906,34.47451336524014,-118.64830543741698,45.2046620257819,231.5711627550307,40.67688910413055,21.85625104122783,0.6168678531213304,0,500-1000m,233.60942270627783,-2.038259951247113,2.038259951247113,2026-02-18
633,11.315747414416707,-119.98529733981098,45.931434227504376,241.92985826801515,36.27871634563225,16.349458822902886,0.438839284083371,1,500-1000m,243.4431887283703,-1.5133304603551494,1.5133304603551494,2026-02-18
902,41.0220674169282,-117.30766999471646,46.96800691772833,201.608616454706,31.426935755099127,19.10838862417375,0.4910368951084036,2,500-1000m,198.24592892124244,3.3626875334635713,3.3626875334635713,2026-02-18
145,12.838380224494884,-122.59667839130118,46.24094113497882,113.26770270722136,28.895018624601256,12.874665484787965,0.4063122932719529,1,0-500m,122.48272119697164,-9.215018489750278,9.215018489750278,2026-02-18
1213,2.7989880278131496,-123.23515052783264,45.72705439104477,136.46269426156488,31.38969599908602,16.919306984002876,0.4663836293148474,0,1000-1500m,135.95316826656105,0.5095259950038269,0.5095259950038269,2026-02-18
201,25.92801195320852,-118.02226623131205,47.01653136767375,176.5349209028181,32.26660148094507,16.37237666421623,0.5072132727174143,2,0-500m,170.24792548233538,6.286995420482725,6.286995420482725,2026-02-18
1418,30.50417017038936,-120.92595128356376,46.2912391737914,71.09683964570385,15.589190416440768,9.817220056478048,0.3225832186601851,1,1000-1500m,70.69365861609631,0.40318102960753777,0.40318102960753777,2026-02-18
1274,5.698893172022203,-118.07121802055056,46.032430572693656,154.18906333826257,25.8665927288046,13.46023123482717,0.4341594288829883,1,1000-1500m,139.1278853771027,15.06117796115987,15.06117796115987,2026-02-18
1,0.0,-117.7483685636321,46.85594166976152,103.20269253468864,22.03221419559956,10.204700859787229,0.2749577939258584,2,0-500m,95.73241366541666,7.470278869271979,7.470278869271979,2026-02-18
584,10.606206531281584,-123.5627968446665,45.533137032328696,229.78166945213877,38.4596605126008,19.231693222640335,0.3307408579017882,0,500-1000m,237.24402949145838,-7.462360039319606,7.462360039319606,2026-02-18
713,16.258883466379128,-117.81574665909756,48.71098293230163,226.90108036836236,36.95724411988162,20.639627898765188,0.5464662224045118,4,500-1000m,240.9909339861722,-14.089853617809837,14.089853617809837,2026-02-18
475,24.477194919036524,-120.86176661241404,48.47080839167696,240.7284449973656,41.99698998015733,24.23739183993661,0.6356674092994228,4,0-500m,239.76545523874904,0.9629897586165725,0.9629897586165725,2026-02-18
506,1.3661009054247095,-120.42697257697036,47.83048234296214,187.1873570094283,32.89879231738547,23.432338774470107,0.4453000676450799,3,500-1000m,197.29512772128578,-10.107770711857484,10.107770711857484,2026-02-18
1038,9.34055313348114,-119.61385242234752,45.42485531035383,182.43737232007427,32.92987206509736,14.252744127373733,0.2816769889809043,0,1000-1500m,179.82375430895846,2.6136180111158183,2.6136180111158183,2026-02-18
468,25.81139348407219,-117.5153217528894,48.10350901787877,214.12544478129405,45.04799537186574,23.384848632332133,0.4012608047646898,3,0-500m,221.5022124180728,-7.376767636778737,7.376767636778737,2026-02-18
65,13.785872447269286,-123.86618733899164,48.23182931243608,111.79745519244683,23.646754701915988,14.261815132231366,0.2872264883374713,4,0-500m,104.45631472407494,7.34114046837189,7.34114046837189,2026-02-18
1663,31.224842421039416,-120.66209572177527,48.07105847085735,98.9378871216508,24.88154532031574,15.214974238733031,0.4229362317513533,3,1500-2000m,98.57960251221917,0.3582846094316352,0.3582846094316352,2026-02-18
610,21.22187104788064,-119.18594570298607,45.45586354847696,238.89544312205857,36.7680462639949,24.327400731949176,0.5741622638542165,0,500-1000m,245.23916616913903,-6.343723047080459,6.343723047080459,2026-02-18
317,16.372225389735707,-118.9410512961124,47.57563182827106,183.1116803221668,37.85082063481885,17.40458552830825,0.3842956213433025,3,0-500m,184.1670277699921,-1.0553474478253122,1.0553474478253122,2026-02-18
296,27.524818181997013,-119.15227297924024,48.3372991829976,143.25334852857034,26.48374979351761,11.942540685052506,0.5553184136553604,4,0-500m,147.15724452285463,-3.9038959942842837,3.9038959942842837,2026-02-18
1748,3.2138094325025,-123.05895409414316,47.30941360487867,83.66726657070969,21.68192018089016,13.908961922383112,0.3457660479641108,2,1500-2000m,80.60528932950564,3.0619772412040476,3.0619772412040476,2026-02-18
1580,10.10937473933804,-121.90423088139823,47.585629500912354,103.33722547576376,24.62336950188344,14.568065358183963,0.3806883911015547,3,1500-2000m,100.26535620594406,3.0718692698197003,3.0718692698197003,2026-02-18
935,7.888561131024088,-121.4889913220809,46.83345391770523,215.53113717096,42.26478040989534,23.2164330839496,0.5734281559484264,2,500-1000m,229.6019930355838,-14.070855864623809,14.070855864623809,2026-02-18
452,1.8543341688295631,-118.36893954624348,47.11482927953621,229.96039089349065,35.017759649067656,11.922377770465822,0.5145923495714353,2,0-500m,224.1073657985598,5.853025094930842,5.853025094930842,2026-02-18
1155,36.99622198514982,-122.04868089309812,45.1375074334069,161.25395023949133,31.221382697363047,11.694032872750457,0.4579706686074105,0,1000-1500m,160.77446185775128,0.4794883817400546,0.4794883817400546,2026-02-18
666,27.36697911086073,-122.52506525292958,47.555852087893136,250.5623726292336,35.597216801980615,18.70407968630541,0.4717031753635559,3,500-1000m,240.94470152163547,9.617671107598142,9.617671107598142,2026-02-18
149,7.378860558780502,-117.29786386673332,45.32578885156464,131.91920624741152,32.78333738174638,12.377417542966716,0.4712868554527699,0,0-500m,136.28177093115468,-4.362564683743159,4.362564683743159,2026-02-18
125,0.9274099368729608,-123.93795700420571,46.740058377360896,123.08877169045724,30.966551190009135,16.088462246215734,0.4755344754550855,2,0-500m,130.11306640155783,-7.024294711100595,7.024294711100595,2026-02-18
0,0.0,-117.01525401022616,46.17062039066963,55.99832169983932,20.126258257929237,8.741020654949606,0.2917430806104645,1,,66.15643593261785,-10.15811423277853,10.15811423277853,2026-02-18
1055,2.277039655299377,-119.26225090799824,47.181711800846855,151.24974394438556,26.608292937388416,14.295375125567976,0.4835296820297503,2,1000-1500m,155.72696360189923,-4.477219657513672,4.477219657513672,2026-02-18
123,7.823708045802536,-118.20071490385618,45.53366534209283,138.3455910333901,33.46122057261706,22.278304616329056,0.5737455030860263,0,0-500m,141.88161273514464,-3.5360217017545494,3.5360217017545494,2026-02-18
716,15.772440533992642,-121.93766422557664,47.76657360789327,207.6070982975266,38.01924484535584,20.09918602232198,0.2938019814071253,3,500-1000m,218.45472329019285,-10.847624992666255,10.847624992666255,2026-02-18
953,11.357626240685487,-123.89979305633058,48.18004614771388,248.30008290790283,45.93899993711639,29.09244299920974,0.5735823974249575,3,500-1000m,250.87902616977172,-2.5789432618688863,2.5789432618688863,2026-02-18
53,5.328192710876465,-118.83491337006927,45.65341779897263,78.48521474722091,21.654040197091547,8.572723911332034,0.2996424986770269,0,0-500m,81.92304564678878,-3.437830899567871,3.437830899567871,2026-02-18
1073,11.66519545819653,-118.16098782099527,45.417252349407526,183.9396050568709,38.19310558489632,15.843653077975809,0.4135657903609448,0,1000-1500m,187.72498342366322,-3.7853783667923153,3.7853783667923153,2026-02-18
628,9.462204751131472,-118.81666707632536,45.58206193114944,268.1093501480568,40.97954971373006,19.503097359407747,0.4773308625358284,0,500-1000m,258.7313431538554,9.378006994201428,9.378006994201428,2026-02-18
306,7.649669478971647,-123.00004798889412,48.508510247594,160.82025877421574,33.06615975903905,14.459008064707426,0.5398423630332009,4,0-500m,168.90277020302662,-8.082511428810875,8.082511428810875,2026-02-18
185,11.209507061382096,-118.72600454420122,47.11275704702543,171.370658936591,32.35039682931567,16.478637120680464,0.3878329775865428,2,0-500m,164.6083022977172,6.762356638873825,6.762356638873825,2026-02-18
533,17.510911329552844,-118.61754052524653,46.86904398403001,206.72809551210983,34.134847228011814,18.524236207755724,0.5741530455132425,2,500-1000m,217.73459520891632,-11.006499696806486,11.006499696806486,2026-02-18
751,16.22596923733307,-119.39021639030962,45.42684727640942,280.80614762547174,45.287228392989526,20.15432487412641,0.6275034895314104,0,500-1000m,276.0450313859596,4.761116239512148,4.761116239512148,2026-02-18
1041,36.17238652709116,-118.6371884704309,47.59822402702785,196.76421355988825,38.55826376482597,18.841255513477726,0.5286752699007476,3,1000-1500m,203.10845845885092,-6.344244898962671,6.344244898962671,2026-02-18
560,12.769178384018852,-118.07854992225587,48.47199836758036,242.64736710982316,29.454050649754365,18.541591660494348,0.5199504608561395,4,500-1000m,227.44384431942524,15.203522790397926,15.203522790397926,2026-02-18
461,18.01730447942076,-119.7047712003378,48.31274347729381,248.52542385104908,31.98096216751014,13.244428644836855,0.4192636813939845,4,0-500m,229.14426883521443,19.38115501583465,19.38115501583465,2026-02-18
646,3.0963660724790096,-123.37976700221223,47.5042188359232,271.39402250108503,48.411593302513445,20.41091374622029,0.4740009021117262,3,500-1000m,273.1977836554576,-1.8037611543725802,1.8037611543725802,2026-02-18
1588,21.90860055948929,-120.58660533232953,45.301114866606696,57.56930299819669,22.980971314233084,8.638323662435722,0.3352010932441908,0,1500-2000m,71.66793835042584,-14.098635352229152,14.098635352229152,2026-02-18
73,10.992984815487926,-123.45645465729876,45.44958810870405,152.64929691033817,31.473348961790705,9.830384202130343,0.4772393791711302,0,0-500m,143.73438175528665,8.914915155051517,8.914915155051517,2026-02-18
342,2.848929098452682,-121.147198782773,45.1972359484393,212.90241025443007,37.26969053666878,19.37777380838692,0.5642839654436982,0,0-500m,210.3971416681839,2.50526858624616,2.50526858624616,2026-02-18
561,15.20229317981246,-121.1502545761206,46.02991686596988,249.20804090750485,44.8048249610658,23.14588471297378,0.4012388897406478,1,500-1000m,253.5879967496712,-4.379955842166339,4.379955842166339,2026-02-18
461,16.623008345215457,-123.53793109101832,45.54264586864152,226.9752134261948,38.31185122168139,13.621908933925734,0.5559064899261994,0,0-500m,221.3970304629988,5.578182963196014,5.578182963196014,2026-02-18
1191,8.133411407470703,-121.55825626221365,46.040192161009735,182.02926761146009,39.89441078461501,16.408631872884886,0.463508145932173,1,1000-1500m,180.36948111201403,1.6597864994460565,1.6597864994460565,2026-02-18
417,4.152280764690896,-123.2230133084608,46.54023222287584,252.1146096810297,44.298075823492056,26.24417829630709,0.5754820010135437,1,0-500m,245.53764772703727,6.576961953992424,6.576961953992424,2026-02-18
1331,15.367711067199709,-118.34235352993544,48.77193113628454,131.92614819276662,30.965914128185485,17.515696600437668,0.4550623460987608,4,1000-1500m,129.99511053541343,1.9310376573531869,1.9310376573531869,2026-02-18
100,9.980869159597932,-117.3661838182487,47.44150423912677,93.58146070313131,21.23666041905828,12.149045343755676,0.2400283062208967,3,0-500m,93.99990122962599,-0.41844052649467756,0.41844052649467756,2026-02-18
793,24.26720373942392,-123.49378467319444,48.33989514273185,256.8854616009956,43.76961557911389,21.74894083189227,0.5367022943562924,4,500-1000m,260.2029135671283,-3.317451966132694,3.317451966132694,2026-02-18
770,22.23595558057074,-117.31419354895807,47.841406002849325,277.00684725460616,38.49325753586466,22.677939031859424,0.5516607169285026,3,500-1000m,261.69259964111717,15.314247613488988,15.314247613488988,2026-02-18
413,3.942267258097316,-120.3419638046428,45.450012522106526,188.6116402869206,37.3360298358265,16.222539448954105,0.5678524149903176,0,0-500m,198.5766784172548,-9.965038130334221,9.965038130334221,2026-02-18
312,27.244510654852544,-121.90304025432287,47.9436816254958,148.42469686499925,30.15293316215618,20.730837372067143,0.5193682667332421,3,0-500m,157.00566467595903,-8.580967810959777,8.580967810959777,2026-02-18
650,12.047727484392777,-123.46196547306684,46.1003955262365,258.3534298674826,36.982810056259176,23.758685829027357,0.5445659042908961,1,500-1000m,247.98402296568617,10.369406901796424,10.369406901796424,2026-02-18
558,1.6490752721801802,-120.49563012350708,47.556431387978826,248.8610726574829,36.31737840973986,21.89578215514244,0.4241926515424554,3,500-1000m,242.74675156382273,6.11432109366018,6.11432109366018,2026-02-18
331,0.0,-118.43839118856476,46.363847894571954,193.8544286596972,35.879370097204614,16.756315864043053,0.5383705347735649,1,0-500m,195.64852757673327,-1.7940989170360808,1.7940989170360808,2026-02-18
1150,2.66437606552316,-119.05039465913312,48.99068905305864,190.83193554054031,33.78477160020426,19.49708464801324,0.5362732375097777,4,1000-1500m,185.37096713136037,5.460968409179941,5.460968409179941,2026-02-18
790,19.751619228627614,-123.64841791975218,46.05420591798711,199.70083125725216,37.72771507046469,17.590464232254277,0.4673436636144068,1,500-1000m,223.96077721481643,-24.25994595756427,24.25994595756427,2026-02-18
1677,19.592204328476843,-123.48968715242468,46.11652188309708,86.45098352665495,23.031805984241043,13.567351286527249,0.463817986417972,1,1500-2000m,89.08818477666982,-2.6372012500148685,2.6372012500148685,2026-02-18
700,12.832546386524577,-121.17988702157156,48.7226890222496,254.85805690604656,37.53770609574172,23.175533245971984,0.5871209963042371,4,500-1000m,248.57721260037633,6.280844305670229,6.280844305670229,2026-02-18
44,10.805185295904897,-121.9329665416644,45.09857761854529,112.58234718068594,25.191265148525247,16.936189994980854,0.4917168565538787,0,0-500m,109.07927468264566,3.5030724980402823,3.5030724980402823,2026-02-18
694,8.35409209682281,-122.37330973860766,47.78675595149279,264.1599132356818,43.88966884196129,22.538798977469863,0.5634598356248438,3,500-1000m,268.5366316821771,-4.376718446495261,4.376718446495261,2026-02-18
163,2.2884043703467225,-122.032968507639,47.90130556294351,162.44058781182855,32.80362650319657,14.897273678281415,0.451898618217156,3,0-500m,159.9658749742016,2.474712837626953,2.474712837626953,2026-02-18
1942,10.298356671212067,-118.3756207969218,48.3455143096416,94.34964452113093,22.91911903029049,12.761704436839512,0.5010532350187861,4,1500-2000m,90.84883628928388,3.5008082318470457,3.5008082318470457,2026-02-18
806,5.514651451684878,-117.49540362457702,48.8977572425539,250.94668537384956,44.20058261789754,23.94543435076804,0.4635963176231119,4,500-1000m,259.4823932879297,-8.535707914080149,8.535707914080149,2026-02-18
1625,25.100488451940684,-121.16428113830705,48.90240767662661,88.10147433021086,26.43477859436173,15.99146718878382,0.3954431359336582,4,1500-2000m,94.88425649019278,-6.78278215998192,6.78278215998192,2026-02-18
235,0.0,-117.65722298507252,45.261107030265855,158.4307935779529,34.367386474318266,14.706363506308266,0.6597627761838656,0,0-500m,165.5051302372438,-7.074336659290907,7.074336659290907,2026-02-18
1189,13.037127965963206,-121.74953009126484,48.28735729101161,145.8393266862018,25.995726831271565,18.2643163446693,0.604788727495225,4,1000-1500m,142.9373135094271,2.9020131767746875,2.9020131767746875,2026-02-18
253,1.854334168853263,-120.66494109559346,47.585239734629525,193.99137348316097,34.492504405635,12.373143435687446,0.4119875200799359,3,0-500m,185.45056022962476,8.540813253536214,8.540813253536214,2026-02-18
456,14.183575267120627,-122.417797015288,47.58936853749236,174.05009850478663,34.65478891028117,19.149167824117388,0.3600632971692386,3,0-500m,189.3530345318473,-15.302936027060667,15.302936027060667,2026-02-18
143,1.343720498019165,-119.51666770476908,45.51339970645878,96.99989955174826,17.4118011927846,3.878776544889112,0.3500843468670616,0,0-500m,96.14830859471313,0.8515909570351283,0.8515909570351283,2026-02-18
402,31.111984778043794,-117.14713219377634,47.60074866578261,246.12488516925728,41.86493656794136,25.97829465623565,0.6401068867845496,3,0-500m,237.78578525376375,8.339099915493534,8.339099915493534,2026-02-18
7,4.821297019464582,-119.77554832769636,48.92993032240499,120.70431617857751,25.766594366619778,12.869252664577449,0.3959494885179754,4,0-500m,115.26930285590537,5.435013322672148,5.435013322672148,2026-02-18
1181,2.789565587610189,-121.49530141120516,48.64727427815779,167.11001348993804,38.23097296829635,21.996029859178,0.4304535580455228,4,1000-1500m,169.69227062147286,-2.582257131534817,2.582257131534817,2026-02-18
417,9.298717517289894,-119.4652778780663,46.756522643219405,239.61497464312907,41.76589972594495,22.93956321514078,0.3404755205026869,2,0-500m,231.3483947218697,8.266579921259364,8.266579921259364,2026-02-18
55,7.060023995901394,-123.13955525074228,45.15979189314438,63.62610482711718,19.06821345307235,14.912260409567294,0.2273962227906953,0,0-500m,71.89292323771576,-8.266818410598582,8.266818410598582,2026-02-18
589,3.8241571058261674,-117.7793864381422,46.44917396000082,287.32231982099563,44.73307180273777,21.801540779217632,0.4836274460590234,1,500-1000m,275.7875806962677,11.534739124727935,11.534739124727935,2026-02-18
1179,8.46048688751155,-120.47841234454114,48.30556124640222,122.73239906698213,24.8650761036466,11.590747531996248,0.3727328810446772,4,1000-1500m,122.79033520243402,-0.057936135451896575,0.057936135451896575,2026-02-18
243,1.347498700779216,-120.85455180572252,47.80599640586066,133.49801195625142,31.16925096775122,21.319200866495763,0.6061757668852826,3,0-500m,144.35819664727677,-10.860184691025353,10.860184691025353,2026-02-18
1258,6.515629768371582,-119.89894648082536,46.83737462237583,157.71180405559303,37.91272570309912,19.66063219002801,0.3751705709802058,2,1000-1500m,158.50125264131415,-0.789448585721118,0.789448585721118,2026-02-18
1232,35.46082292916805,-119.6265129604742,45.220406140635326,109.13134095087403,32.269173514093914,17.51284980030905,0.4290129561243846,0,1000-1500m,120.57340639410542,-11.442065443231385,11.442065443231385,2026-02-18
387,5.575853157724644,-123.4975693564144,46.70757891129321,214.9148534835058,37.92669870025312,19.80460811465788,0.392672259099593,2,0-500m,213.74009948984065,1.1747539936651492,1.1747539936651492,2026-02-18
376,6.6052723092322045,-119.2216794514362,46.87609975887153,233.9630165541759,37.603987154158055,18.89710794034204,0.4146221118655079,2,0-500m,220.58588411064218,13.377132443533725,13.377132443533725,2026-02-18
1195,23.871314147797616,-122.3064782377913,48.71422213157654,131.3094038272638,33.120202575095426,13.037100121842371,0.4752891360484606,4,1000-1500m,138.96341333702046,-7.654009509756662,7.654009509756662,2026-02-18
30,1.3264783185477016,-119.00233157245388,47.56434441432864,95.15800125694672,23.319111814940012,17.59207305545086,0.3408261265241299,3,0-500m,92.14433580097285,3.0136654559738645,3.0136654559738645,2026-02-18
54,1.6151910348659118,-118.24225643931062,46.2466116666186,130.7101341655729,28.48860318107832,12.521817960802974,0.3853842916953559,1,0-500m,129.87400480829183,0.8361293572810666,0.8361293572810666,2026-02-18
616,3.090545657209964,-118.37229044713236,47.101273057802885,277.3987448878192,39.95754826263841,16.026633273952775,0.6358739385932601,2,500-1000m,267.8804134029409,9.518331484878274,9.518331484878274,2026-02-18
516,18.43474742113711,-120.13249322814478,45.26422123128864,245.7453267731388,44.46897400836218,22.60619113014253,0.5207114411203083,0,500-1000m,250.00293104459305,-4.257604271454255,4.257604271454255,2026-02-18
26,8.602859315914618,-120.35881075382474,48.89027294259895,69.71501823913223,11.968599974113776,2.931861550304179,0.4914528849965016,4,0-500m,66.83979398146316,2.8752242576690747,2.8752242576690747,2026-02-18
879,20.36833591424004,-122.99986827062412,46.4402396077229,278.6027376787269,35.55107000187883,21.757292548364703,0.5333556092435908,1,500-1000m,255.58060115149095,23.022136527235944,23.022136527235944,2026-02-18
509,18.875374579864932,-118.57257694717804,46.91146941965254,251.1225819695474,38.31043915511919,17.42605232915122,0.5666979424233822,2,500-1000m,243.9031825107738,7.219399458773609,7.219399458773609,2026-02-18
1179,13.199648812803126,-122.100134336873,46.42113589694769,92.97238010099242,22.513806597183383,14.359591737118444,0.495888470837813,1,1000-1500m,101.4790850038674,-8.506704902874972,8.506704902874972,2026-02-18
350,2.278172578757019,-120.52313204027438,47.7300469204648,167.77806362592315,29.30369136000968,14.426621065928362,0.427632844741195,3,0-500m,169.4153297344592,-1.6372661085360392,1.6372661085360392,2026-02-18
0,0.0,-122.0100813495074,47.64892863331837,78.85365923898624,18.06950406768523,10.54264266263018,0.3056878139477854,3,,81.38183447893542,-2.528175239949178,2.528175239949178,2026-02-18
154,1.636685309510769,-123.06320145900214,47.86128924211654,115.18262494800165,27.57938930639163,16.090133942714694,0.371276184830318,3,0-500m,119.82361794087174,-4.640992992870096,4.640992992870096,2026-02-18
1581,16.72825237216743,-119.59309612175784,46.07257291844768,94.47259586042024,29.204005976552487,15.311677304325606,0.2823381888048526,1,1500-2000m,102.33020014057864,-7.857604280158398,7.857604280158398,2026-02-18
231,3.261292870352184,-123.61967575623969,46.26267392465626,136.79176859607966,23.435780502897583,13.203708385537873,0.5022017770981249,1,0-500m,129.85158433949877,6.940184256580892,6.940184256580892,2026-02-18
276,24.396010316608056,-118.7594833611166,45.50100492438483,198.31762001486615,37.90100360493013,20.66582921566977,0.4168213610683475,0,0-500m,193.89351068313255,4.424109331733604,4.424109331733604,2026-02-18
44,12.24017472501744,-121.77689243317218,47.62203988738445,139.9070641810036,30.53268396637809,23.465591663841,0.5620524649857195,3,0-500m,138.77091364335794,1.1361505376456478,1.1361505376456478,2026-02-18
328,5.031624062863587,-123.9990571489686,45.15918850934261,185.3406643808832,39.20903678066146,15.799972966749245,0.5969382933282283,0,0-500m,193.81872285200188,-8.478058471118686,8.478058471118686,2026-02-18
567,12.227401571810146,-120.4220960253394,47.39072934209384,221.37338104302088,34.6262503590184,18.49299601912056,0.534831906018635,2,500-1000m,227.92212754456588,-6.548746501544997,6.548746501544997,2026-02-18
435,22.895815584957948,-123.67203664030676,48.478783539406535,215.90336644915016,33.794861764910785,23.00950926197359,0.5833198083240545,4,0-500m,210.28329031577923,5.6200761333709295,5.6200761333709295,2026-02-18
1179,13.954490088137677,-122.0668130952537,48.56332859315853,162.06299593901727,29.47362325845385,20.66408752932652,0.4105284235438496,4,1000-1500m,159.39976851468882,2.663227424328454,2.663227424328454,2026-02-18
536,15.46401309967041,-119.05116458781,46.796151041479845,270.7016303683485,39.13983606092578,20.915975978228065,0.5063628704764856,2,500-1000m,258.17106654751746,12.530563820831048,12.530563820831048,2026-02-18
687,3.906565197201594,-123.56117264864696,46.8372147528523,248.27100855995715,39.30585471221245,18.27851533980603,0.4745449407781463,2,500-1000m,249.98677989814863,-1.7157713381914732,1.7157713381914732,2026-02-18
279,3.8624128018431114,-118.12463055350798,45.30787673203207,170.58073390425525,35.27324867284927,14.89414823974408,0.5765514874705021,0,0-500m,171.8034705693548,-1.2227366650995464,1.2227366650995464,2026-02-18
298,2.8075061994997195,-123.97326054138992,47.68306010177214,149.3871319411463,28.681484118215565,14.75535313674406,0.604881045242904,3,0-500m,156.49321556871666,-7.106083627570371,7.106083627570371,2026-02-18
254,0.9274099368611016,-122.27223291558668,48.28503768149138,149.7061078850529,28.852564584455926,14.090520746051856,0.3591793749574992,4,0-500m,150.1860462859892,-0.47993840093630524,0.47993840093630524,2026-02-18
1136,10.721799947709911,-118.8136716069355,45.97862021841885,193.3560921227345,39.551760223665255,20.08039509393285,0.5235378224224697,1,1000-1500m,189.839088603622,3.5170035191125066,3.5170035191125066,2026-02-18
699,10.73835832815517,-121.78610895189485,46.685203526533456,299.90436698416534,39.50397047511349,22.80115962720545,0.4107409090333143,2,500-1000m,274.40834746479044,25.496019519374897,25.496019519374897,2026-02-18
0,0.0,-123.2867532835379,48.35535734706108,96.73016275568142,22.55944225223791,18.77588302469708,0.3982784709037039,4,,94.71248143407047,2.017681321610951,2.017681321610951,2026-02-18
195,2.678928152139654,-121.478362568397,48.50848187064915,138.29712527454635,26.319133771012364,15.236153738145052,0.5446996907991611,4,0-500m,139.7641450596627,-1.4670197851163493,1.4670197851163493,2026-02-18
680,2.310351001833661,-122.10724699530832,45.97271992105691,240.6956761396385,33.645790134989404,22.458854137251645,0.323096097236812,1,500-1000m,233.34629003425806,7.349386105380432,7.349386105380432,2026-02-18
449,3.266495268606392,-118.10101668487611,47.202282538165456,181.66354375295148,33.41787401668279,21.258894110955744,0.377998834325651,2,0-500m,189.79780916381853,-8.134265410867044,8.134265410867044,2026-02-18
704,9.71345076540234,-121.806564576904,45.769972602543305,269.3074924283394,40.14824170841703,20.992386846466268,0.4901547460148568,0,500-1000m,259.7117498980794,9.595742530259997,9.595742530259997,2026-02-18
699,23.32166934201512,-118.47747269756796,45.40751505655823,271.8165379279431,41.33697656790877,28.890700636548942,0.5650993297024753,0,500-1000m,265.6654453254745,6.151092602468623,6.151092602468623,2026-02-18
657,13.556997299194336,-117.75689498632484,48.64448200556783,273.7848079716501,42.28250547390284,24.68577360706191,0.4239971667851464,4,500-1000m,271.42127136866156,2.3635366029885176,2.3635366029885176,2026-02-18
127,2.819535217030801,-120.96327806296428,48.28203001692844,129.06012616857498,22.82271179004524,12.069867033901556,0.3878638903731627,4,0-500m,121.29048830243191,7.769637866143071,7.769637866143071,2026-02-18
863,0.9274099368611016,-117.63039799301926,48.04013960721269,255.08204200949763,39.78384329405512,21.901323874575148,0.5292817505984115,3,500-1000m,248.44290364022186,6.63913836927577,6.63913836927577,2026-02-18
97,2.7802885155642585,-121.35877362225764,45.19506527525256,126.17031448943328,25.121627617091917,10.545178711175394,0.2961702427906584,0,0-500m,118.89355273541808,7.276761754015197,7.276761754015197,2026-02-18
331,0.0,-117.25145108456924,48.37491517084103,215.52016042797143,34.754832960520055,23.07075480201276,0.3033459361469776,4,0-500m,203.36597852321657,12.154181904754864,12.154181904754864,2026-02-18
1496,16.05962026687143,-123.374973328321,46.75217630362153,103.63916148703184,25.384452739736854,10.462717832484682,0.5201542428822767,2,1000-1500m,99.58387297901258,4.0552885080192596,4.0552885080192596,2026-02-18
601,4.129395036363908,-119.1908651344773,46.36958049318344,289.3631936562542,39.04371386242472,15.03066689773202,0.4307875049214084,1,500-1000m,278.62769558263795,10.73549807361627,10.73549807361627,2026-02-18
669,1.664924115964669,-120.5433017168015,47.18590544410151,286.1184549319918,41.25193874735415,21.250390071697986,0.6761909103723006,2,500-1000m,273.5207874410524,12.597667490939386,12.597667490939386,2026-02-18
868,2.296356519694533,-121.28645836181047,45.36541297089423,249.7592530675549,37.90228834632031,21.818207738438552,0.3906836266188682,0,500-1000m,244.87736609222964,4.881886975325273,4.881886975325273,2026-02-18
689,6.826345138219713,-119.5710168487598,48.02658619740959,228.8553882879676,38.85083851879171,21.71656612101113,0.4245743363065444,3,500-1000m,243.86074224348604,-15.005353955518444,15.005353955518444,2026-02-18
454,4.161486366242501,-119.07300035855968,47.32974030755318,234.2328761758091,46.32480725043726,26.10675237010681,0.5385222806187292,2,0-500m,240.79353333262614,-6.5606571568170295,6.5606571568170295,2026-02-18
307,9.278242155109108,-123.96945711244784,45.74636038749267,185.0626969550648,33.34368088983918,17.290762333837595,0.5472737988924616,0,0-500m,180.7044954791027,4.358201475962119,4.358201475962119,2026-02-18
1031,12.269450181120677,-122.8313283787696,45.75292879907618,244.09578982348685,41.67481436292169,18.645856075104856,0.5103412053452949,0,1000-1500m,230.14122752907693,13.954562294409925,13.954562294409925,2026-02-18
1312,31.03010865585068,-119.00867764555976,45.73699460629069,138.79529311680625,29.177689840673715,18.71028057095777,0.4775942063427025,0,1000-1500m,130.3847379906114,8.41055512619485,8.41055512619485,2026-02-18
520,3.841501518826021,-119.33530210495256,45.22800955020774,209.83863287570583,32.61834608373423,19.695411534884084,0.4118172845125921,0,500-1000m,217.00837090220077,-7.16973802649494,7.16973802649494,2026-02-18
724,19.780220928689,-117.23766746409926,47.35119379748674,239.76416402324253,35.88039359218173,25.751168639536107,0.5486594513571894,2,500-1000m,241.13640633668237,-1.3722423134398412,1.3722423134398412,2026-02-18
895,17.69715702242206,-118.67273546824453,48.36139271035403,258.70085261013554,44.428716542721126,23.293892875551155,0.39516549362942,4,500-1000m,255.0425195548065,3.6583330553290523,3.6583330553290523,2026-02-18
1489,39.58201708240811,-117.34459104588063,45.06999285594956,90.09473387997242,21.84545502758082,11.417934321206497,0.4867305610385534,0,1000-1500m,87.7117861885769,2.382947691395529,2.382947691395529,2026-02-18
612,2.3096416746028097,-119.08221648925635,45.19601857988509,224.4375410391352,35.53865355044727,21.182395691143693,0.5011133353373016,0,500-1000m,236.05954619290992,-11.622005153774722,11.622005153774722,2026-02-18
349,26.51665266096825,-121.9136345395239,47.29108110674778,202.23301379728375,36.757471821966085,20.83759743032736,0.6012182516200073,2,0-500m,203.31980302809458,-1.0867892308108367,1.0867892308108367,2026-02-18
1723,7.734402114774033,-123.262445544244,48.27798274154421,95.0781718670413,19.67550485727941,12.383819660396597,0.3836175132588763,4,1500-2000m,85.21278456042396,9.86538730661735,9.86538730661735,2026-02-18
212,13.477380093420193,-118.52723295658544,46.30695556227453,146.47074716253942,31.217506402258763,19.968114048356966,0.3460945932347943,1,0-500m,148.8361655796006,-2.3654184170611643,2.3654184170611643,2026-02-18
241,0.0,-119.4909554496686,46.39845759523089,179.03641188845432,32.65111739225932,15.449392687689382,0.6470355890234939,1,0-500m,168.98896837128802,10.0474435171663,10.0474435171663,2026-02-18
633,19.594538336452324,-123.66269791324692,47.38538598998711,254.19091657573375,41.09115681066956,19.939505541303745,0.5551917451642325,2,500-1000m,255.2819036631673,-1.0909870874335468,1.0909870874335468,2026-02-18
618,2.9030065400931573,-121.47964673869316,46.09685155649659,301.8436293171883,38.16163852942448,16.123515308801935,0.5786018313002151,1,500-1000m,280.14626089518583,21.697368422002455,21.697368422002455,2026-02-18
676,7.631000364972099,-117.30240129161,45.10643346431074,232.14801232456747,39.7138998013224,18.670966852147025,0.5192334957059993,0,500-1000m,243.56581626412282,-11.417803939555341,11.417803939555341,2026-02-18
777,9.060738416183904,-120.4971919800286,47.94091407240639,278.47939474229514,47.8159568253756,27.79068055681319,0.3980042125809857,3,500-1000m,278.62158189067014,-0.14218714837500102,0.14218714837500102,2026-02-18
424,5.428486190117538,-120.97089604786208,47.50259965176581,237.49614141284,43.53460981754376,26.265664490861145,0.3651930217773245,3,0-500m,236.49557354355957,1.0005678692804167,1.0005678692804167,2026-02-18
728,2.3118908405303955,-120.79610276388496,47.32302399622264,291.1080682900901,43.78096448471156,22.350970581048983,0.6329117030632989,2,500-1000m,277.4616664459144,13.646401844175728,13.646401844175728,2026-02-18
601,4.061607529962227,-122.53782093196384,47.96673651596729,249.94845978970704,38.65385372360338,24.09749192932249,0.3823709631013458,3,500-1000m,250.92698572378114,-0.9785259340740993,0.9785259340740993,2026-02-18
124,3.292091893519992,-121.41904980394644,47.70092335024815,117.41911511226442,25.118857835457185,13.46362583513107,0.3050077873107744,3,0-500m,117.21887893196416,0.2002361803002657,0.2002361803002657,2026-02-18
12,0.0,-121.41130720808977,45.823527952713285,150.61815366440072,26.89328206592908,13.870555297145028,0.3775282340841436,1,0-500m,138.52987856565528,12.088275098745441,12.088275098745441,2026-02-18
756,2.3070372835451147,-123.63351485868768,46.409924187773406,271.42041021130126,42.7185774985774,19.336020384955955,0.6143284805828355,1,500-1000m,270.8243962097209,0.5960140015803859,0.5960140015803859,2026-02-18
636,5.705215707312585,-118.62702660037458,45.5044405667145,242.44652579409328,35.61179830111263,15.170396808334312,0.7467799374603384,0,500-1000m,244.77828608845067,-2.3317602943573945,2.3317602943573945,2026-02-18
104,9.288826509611123,-121.08446897667284,45.519428053671525,144.27974329829277,25.65064509732641,11.807513468333422,0.3947943978483123,0,0-500m,133.91267035038257,10.367072947910202,10.367072947910202,2026-02-18
935,8.346793174743652,-118.24474079228504,47.70478298542616,264.0004971225219,41.0768593233882,20.436945162449828,0.5880533080873999,3,500-1000m,252.93365858087404,11.066838541647854,11.066838541647854,2026-02-18
381,2.30549012894974,-118.04756399216072,48.43440042793,216.470208871412,39.412512948221256,19.829101213912978,0.5049044274010834,4,0-500m,215.83384034250363,0.6363685289083776,0.6363685289083776,2026-02-18
470,18.96989650724052,-122.5160416171094,48.85093033544456,207.5224012870284,39.04549638387622,22.71641598626315,0.4151194302900882,4,0-500m,214.03647389904904,-6.514072612020641,6.514072612020641,2026-02-18
1148,13.0958701353594,-119.3985256248091,47.513388470197775,185.13740270422517,34.310427630168604,25.28532545491228,0.5509455542110812,3,1000-1500m,185.25450893064547,-0.11710622642030444,0.11710622642030444,2026-02-18
834,3.9458764295265336,-120.69402737085912,45.73640529344383,209.08667202873283,38.66879162379277,21.947590616342733,0.4219649117467556,0,500-1000m,223.4506436656115,-14.36397163687866,14.36397163687866,2026-02-18
923,13.987595915207551,-117.8389028345496,45.42260138179572,246.9518550230452,43.64622778277949,22.52351358788529,0.4241659132320386,0,500-1000m,248.45621787321997,-1.504362850174772,1.504362850174772,2026-02-18
232,35.56018889691731,-122.48981524576482,48.25140388614703,179.41115861821962,31.63835543435112,22.434868509350537,0.5595228342155256,4,0-500m,171.55170174911956,7.8594568691000575,7.8594568691000575,2026-02-18
437,4.819760799407959,-119.25530759782968,47.31502590544,210.944803888149,35.66324259895375,19.549871478855465,0.534164205176145,2,0-500m,209.0343845261474,1.910419362001619,1.910419362001619,2026-02-18
770,3.094018277664118,-119.74573514423092,47.47314008405488,263.4345121304659,38.22011337902569,22.493421145842127,0.5038803188318584,3,500-1000m,255.3391173659928,8.095394764473127,8.095394764473127,2026-02-18
1016,2.678887557580814,-121.93288965699718,48.12584835501884,204.48413476511752,34.82465148786156,14.775843868789728,0.4131663472631732,3,1000-1500m,201.00153501866748,3.4825997464500347,3.4825997464500347,2026-02-18
786,2.3093969690302405,-123.0437936744418,47.813108910929806,241.3579865667578,43.58779567101288,24.255030234919357,0.3966416822912714,3,500-1000m,252.35007622925966,-10.992089662501854,10.992089662501854,2026-02-18
1444,9.50491928695294,-119.43852167665906,48.33783301142439,78.2244501334445,16.406413683430575,8.561734741571858,0.477304701223204,4,1000-1500m,82.56718358916227,-4.342733455717763,4.342733455717763,2026-02-18
146,7.724933918078724,-118.82981779307369,45.22485562183952,125.76867713689266,34.56340125795725,14.73991763184273,0.3304293156654359,0,0-500m,136.937695889229,-11.169018752336328,11.169018752336328,2026-02-18
35,4.495692149445992,-121.79060859365654,47.99008254698602,95.14337861794534,18.393180009303748,6.04325991523582,0.3719392859443881,3,0-500m,93.7406211849942,1.402757432951148,1.402757432951148,2026-02-18
994,17.916100744180646,-119.4861717718438,48.40341102928838,245.2308727412477,41.09760339345926,23.971458496703637,0.3287550833135182,4,500-1000m,233.07965337525457,12.151219365993143,12.151219365993143,2026-02-18
151,10.641072990619836,-121.23408364671948,46.144540169833256,100.03020062869489,27.89715093999932,10.90104308619296,0.344510314533102,1,0-500m,110.95273093424274,-10.922530305547852,10.922530305547852,2026-02-18
1868,29.441098393664827,-119.00755181702168,47.56178909597301,125.74831554651448,31.892057240711026,12.374576414811198,0.4342369422309253,3,1500-2000m,125.61317944963784,0.13513609687663575,0.13513609687663575,2026-02-18
1073,12.913945659728066,-122.60549307574163,46.25664825534789,177.29119890867494,33.5861805549254,16.15156010113044,0.5794509825158856,1,1000-1500m,177.68673863830347,-0.39553972962852413,0.39553972962852413,2026-02-18
559,9.308381592252733,-117.76849498154678,48.831884265929816,226.96409095197535,44.59419853939896,24.9377706550444,0.6520539848535918,4,500-1000m,246.43979805354113,-19.475707101565774,19.475707101565774,2026-02-18
0,0.0,-121.98813282474094,45.13369428974202,91.74836799644991,22.69928383017489,14.349165468794798,0.2487624011218455,0,,89.85460972379029,1.8937582726596247,1.8937582726596247,2026-02-18
1055,0.0,-121.42549808570692,47.31917137533182,162.70474430574984,37.23207163635732,21.22168066102089,0.381159016239989,2,1000-1500m,171.43991578649235,-8.735171480742508,8.735171480742508,2026-02-18
1485,25.57518470610685,-123.59335633543756,45.66601418819806,44.49893876908727,17.826854511021146,8.818712758521862,0.2435254847922542,0,1000-1500m,54.88636359308921,-10.38742482400194,10.38742482400194,2026-02-18
67,9.537962781415244,-123.21941451375106,47.84888082070864,136.64108314909623,31.474143933152654,18.49317620422212,0.3383594626332014,3,0-500m,136.4667502688975,0.17433288019873316,0.17433288019873316,2026-02-18
508,0.9274099368611016,-120.3889666810137,45.70356113367465,231.4808897951708,38.16024215079688,16.187632783091786,0.4627502249147958,0,500-1000m,234.6516355600947,-3.170745764923879,3.170745764923879,2026-02-18
0,0.0,-122.1268512629042,45.94153304759343,84.39325849997553,23.127191203714418,4.951351534255346,0.2995081604929968,1,,87.5719176627601,-3.1786591627845695,3.1786591627845695,2026-02-18
1357,4.627367505919335,-118.15163841980464,46.97748324418304,79.37418075336302,23.502829099496225,7.712082460322344,0.5772638254214709,2,1000-1500m,94.60261938774333,-15.22843863438031,15.22843863438031,2026-02-18
471,3.1155794044249503,-123.89714627941532,48.65933979998752,211.86887584599955,37.18566606960122,15.011196911443974,0.5824503196541675,4,0-500m,214.37518149668944,-2.5063056506898818,2.5063056506898818,2026-02-18
751,5.508602988942323,-121.34634165929644,45.84685748859188,226.8495031037577,32.52289961683812,22.28783808590841,0.5561125306529316,1,500-1000m,224.58569888928105,2.2638042144766644,2.2638042144766644,2026-02-18
0,0.0,-121.63858117261636,45.57696008447241,137.81880631013755,28.10139882807651,12.43328719219484,0.5160951651527007,0,,130.02859320736036,7.790213102777187,7.790213102777187,2026-02-18
1779,43.204252574478986,-123.8647065835768,48.035907327416126,34.30219606499133,13.294777672076014,11.003488779382431,0.2606394677090367,3,1500-2000m,42.65076220987384,-8.348566144882511,8.348566144882511,2026-02-18
812,1.8543341688295631,-123.12942120699644,47.00247812933572,227.2358437193732,36.18073129836591,21.35056148156033,0.4116113074135256,2,500-1000m,231.54978301846833,-4.313939299095125,4.313939299095125,2026-02-18
456,8.289099835320444,-121.10450127556956,48.647140449527086,199.78051239485885,45.127068417919226,25.849816232131985,0.5841667829197239,4,0-500m,216.15826127236141,-16.37774887750257,16.37774887750257,2026-02-18
111,5.649659817649475,-120.54994790886788,45.58645822863937,136.81694449916955,27.707060373120484,14.089171454958898,0.170699660754452,0,0-500m,132.7807613714427,4.036183127726844,4.036183127726844,2026-02-18
786,27.49144775593599,-121.16997176921592,47.58371157209216,261.0972483048828,35.793353230248215,19.90807397052364,0.5683069604301475,3,500-1000m,250.81537636661645,10.281871938266335,10.281871938266335,2026-02-18
487,5.329399389570067,-120.28343625111536,45.93151658460726,226.50705929476692,38.76018828196605,22.296249411366908,0.6489831187877364,1,0-500m,228.92162811373495,-2.4145688189680357,2.4145688189680357,2026-02-18
1102,5.980896128272611,-119.83407827566025,45.62704171460656,170.0000015028538,28.855312698698874,14.90838997855043,0.32534567799412,0,1000-1500m,158.15691687885206,11.843084624001733,11.843084624001733,2026-02-18
8,23.42342934506093,-123.93053325210516,47.73371766062908,116.46123350188066,26.14117816751142,8.12507900329653,0.4041109267769985,3,0-500m,113.56837369780403,2.892859804076622,2.892859804076622,2026-02-18
647,17.2816753143781,-120.75133388382548,47.374738479634935,238.10286648778745,40.84545726454085,22.75348830456996,0.4716547648112935,2,500-1000m,253.78939648055422,-15.686529992766765,15.686529992766765,2026-02-18
708,11.552320579577602,-117.25550531378688,48.01930983344933,272.0455442318601,36.35244351501849,17.033098917458666,0.5070653275777981,3,500-1000m,254.94822501699332,17.097319214866786,17.097319214866786,2026-02-18
2,3.341742801574747,-120.36677403909316,46.23785030578473,72.57061179894933,14.29210136787286,5.277158192361815,0.2224707554937838,1,0-500m,65.90278459379131,6.667827205158019,6.667827205158019,2026-02-18
688,1.331716316591864,-119.25720412778732,46.79188662552876,273.4039877608632,43.3436720949632,26.393702452628045,0.4741825055248187,2,500-1000m,270.9304614243236,2.473526336539578,2.473526336539578,2026-02-18
258,3.9346702510386296,-121.8169529945818,46.62188670532167,149.71160033909973,34.76245132033337,20.45029412810909,0.4718338663654626,2,0-500m,158.209332464723,-8.497732125623259,8.497732125623259,2026-02-18
0,0.0,-118.58206035293068,48.936357855866056,133.5639793216996,27.958529226742574,14.283350327253194,0.4304521356787244,4,,122.52301193560523,11.04096738609438,11.04096738609438,2026-02-18
1609,20.259172876377868,-118.5895496268672,46.16899582695755,56.02127476510681,13.908273585769717,3.970782727220049,0.3377640861198036,1,1500-2000m,55.50067526680087,0.5205994983059412,0.5205994983059412,2026-02-18
14,7.257781321408045,-120.35092766642104,46.179268953387066,96.06323958675044,24.92406871445944,12.277485682841707,0.2945015634872398,1,0-500m,99.03005016769653,-2.9668105809460883,2.9668105809460883,2026-02-18
706,4.815470893150897,-117.16790323704552,46.41819283531443,239.45144758023085,36.48629222811206,19.118417464584965,0.5764306716938248,1,500-1000m,245.60391647498648,-6.1524688947556285,6.1524688947556285,2026-02-18
275,15.43952134431268,-123.12114849666142,47.25837632516129,190.9021137556966,32.550109515054835,18.1012471926395,0.5926110024441857,2,0-500m,180.17606874940103,10.726045006295578,10.726045006295578,2026-02-18
1216,30.03368612412076,-123.88136634577292,46.00929097705498,106.76718798066528,30.721224530904507,15.270472891267628,0.15,1,1000-1500m,116.30723406332261,-9.540046082657327,9.540046082657327,2026-02-18
168,2.808707378590346,-118.60889251770033,48.6611597615171,160.1279346816553,31.73025064798459,19.941678784532797,0.5289640426600377,4,0-500m,157.13278658454155,2.9951480971137414,2.9951480971137414,2026-02-18
673,24.118832320367027,-118.34991123844584,46.062742259465054,271.0563151036494,42.61182138152651,20.38287268157402,0.3376700363648204,1,500-1000m,261.5050689807164,9.551246122933037,9.551246122933037,2026-02-18
38,14.60132539782779,-123.15854939615596,48.58326292624078,125.33569110735624,28.98101141858446,11.833297328049072,0.4111575257970889,4,0-500m,122.2778329988299,3.0578581085263465,3.0578581085263465,2026-02-18
1149,7.016009669702014,-122.14092016928976,45.41390025458634,143.1589353197462,30.852284654078648,17.53502077948574,0.3896782978943594,0,1000-1500m,150.32650303590367,-7.167567716157464,7.167567716157464,2026-02-18
957,5.547544894682542,-123.8771334564336,47.62625080959861,230.09165861881252,36.71889217190424,24.38058767537289,0.6856587989679487,3,500-1000m,224.96352843267502,5.128130186137497,5.128130186137497,2026-02-18
1402,22.92667122794454,-121.94683972453603,48.627942073752976,148.8397734745092,32.56435361008505,18.10215554916772,0.5915414283046874,4,1000-1500m,145.87090955905748,2.9688639154517205,2.9688639154517205,2026-02-18
671,7.5971418094990515,-118.5880068825693,45.67499775359292,242.11278388397503,37.6986276906522,21.638364248809346,0.3654901902253163,0,500-1000m,242.0387108302053,0.07407305376972317,0.07407305376972317,2026-02-18
1957,36.47578109684416,-120.37427630601196,48.87330784039702,86.65366503827138,24.342169003620047,13.88442028467212,0.3125392058869168,4,1500-2000m,84.4904585882234,2.16320645004798,2.16320645004798,2026-02-18
872,4.809673563339261,-121.563330847822,46.81153344166205,233.3345188386414,35.05675771983562,17.31210272446459,0.6893846424425701,2,500-1000m,233.65152611245728,-0.3170072738158751,0.3170072738158751,2026-02-18
302,1.3411870509068224,-121.39782493565568,48.7828604337641,148.01183692065985,31.277028062854605,18.58585784069585,0.3318175066906159,4,0-500m,157.58142827193532,-9.569591351275477,9.569591351275477,2026-02-18
972,15.81690747457684,-123.99052461999172,47.707280174520186,193.2696159000908,32.929620109821286,15.416905057156844,0.636016213950235,3,500-1000m,189.19389628822992,4.075719611860876,4.075719611860876,2026-02-18
283,0.0,-121.90139630704334,46.206347479494205,182.9047407806179,40.1169758138576,17.541123360759805,0.6172203995023766,1,0-500m,187.88732701025828,-4.982586229640361,4.982586229640361,2026-02-18
1281,22.835506439208984,-119.47478880853448,45.75321009966842,125.51729855556042,20.797799461270348,6.761847518398968,0.4928105012360351,0,1000-1500m,121.35578817392847,4.161510381631942,4.161510381631942,2026-02-18
1381,17.44736147417919,-117.1806388932855,46.2149401849004,46.83729403143237,14.859840690121896,4.1506846047442405,0.2260073869808904,1,1000-1500m,49.35134149126744,-2.5140474598350693,2.5140474598350693,2026-02-18
1775,18.775115168798383,-118.0705742111127,45.3720696370507,95.07627956340632,22.989348238185556,10.172373990107353,0.3139584256120361,0,1500-2000m,87.41057090990988,7.665708653496438,7.665708653496438,2026-02-18
1405,9.894125872390816,-123.8348352474813,45.57547186537332,96.71223766042844,27.358166763936502,20.167262976076117,0.3075629001559901,0,1000-1500m,99.72031729012843,-3.008079629699992,3.008079629699992,2026-02-18
590,3.215562458398143,-117.71007576727612,45.41864176138593,274.4391475614281,44.20865818335239,27.24140119524987,0.4533984076188496,0,500-1000m,270.0195168253366,4.419630736091506,4.419630736091506,2026-02-18
1255,21.9974541935952,-118.5176111069096,46.69177417496624,116.41143914539974,28.112796538214635,14.276802523011098,0.3760824320550357,2,1000-1500m,121.67613736185235,-5.264698216452615,5.264698216452615,2026-02-18
0,0.0,-118.53736713500314,48.18231350503034,163.02769761506744,24.709712045667867,13.912790698798492,0.4397287068714855,3,,141.99852351675642,21.029174098311017,21.029174098311017,2026-02-18
1980,25.995413853631973,-120.794029686975,45.56553421686536,56.53776445864702,21.203124671416123,14.35100637458725,0.4594738256887548,0,1500-2000m,69.6604188906321,-13.122654431985083,13.122654431985083,2026-02-18
696,1.854334168853263,-121.21396294931849,45.52128173268935,279.1441351358177,46.59404650093214,25.73015127432212,0.4841967276859706,0,500-1000m,278.46469907688345,0.6794360589342432,0.6794360589342432,2026-02-18
264,36.844986645746346,-121.87958989816764,47.57371579806932,137.26114255055788,33.00524190931757,13.731707999324776,0.4120433218034394,3,0-500m,145.36110572281407,-8.099963172256196,8.099963172256196,2026-02-18
819,34.79819181553912,-123.54013598731945,45.78873192787226,254.9613632192324,42.84186487676393,32.39494535575005,0.4597207734998799,0,500-1000m,259.60663238209867,-4.645269162866271,4.645269162866271,2026-02-18
376,5.4388410715704,-122.4023524555441,45.39044015243597,169.59203043889968,30.42647706480848,18.33882438654237,0.3946766584049319,0,0-500m,168.6196774102569,0.9723530286427717,0.9723530286427717,2026-02-18
390,1.6168494939621152,-122.27377455515382,45.66739431282231,233.92584407434555,37.44238972578874,21.961235098044057,0.5693094702052842,0,0-500m,228.10240063460284,5.823443439742704,5.823443439742704,2026-02-18
532,7.622878988722267,-120.6114605120286,48.69492558350711,240.256243985787,36.42737192097929,15.944572811989175,0.466241875261203,4,500-1000m,238.76732177247314,1.488922213313856,1.488922213313856,2026-02-18
692,12.674939933828592,-118.76788915382316,48.28588501110476,297.32315546095265,44.544628028524855,23.618446557806475,0.5538538211776177,4,500-1000m,280.2098074108761,17.113348050076524,17.113348050076524,2026-02-18
990,1.6779132029874977,-120.68333120121436,46.41625824942037,206.14857033993215,40.257702995064406,20.540369248372485,0.4998313966023215,1,500-1000m,210.86309771643198,-4.714527376499831,4.714527376499831,2026-02-18
488,6.7979918688585546,-123.59508885386988,47.62328306930957,189.7733458420342,35.868839943419566,14.800041358608963,0.5132950237272969,3,0-500m,210.96481374711075,-21.191467905076564,21.191467905076564,2026-02-18
442,3.099146773687126,-117.29547139308258,47.14910269467215,196.84579670312337,35.158712711025444,18.23723930151188,0.4080009732215384,2,0-500m,197.29423536627587,-0.44843866315250125,0.44843866315250125,2026-02-18
137,7.853619533942428,-117.40092976634122,47.70849705393026,120.85294918799686,29.172267639972933,15.371847379555392,0.3414127670851089,3,0-500m,124.1506281177581,-3.297678929761247,3.297678929761247,2026-02-18
132,5.4810566902160645,-118.50367319796116,47.73068460985104,164.06165626414503,39.04051874348238,16.01277277984633,0.4753332773189508,3,0-500m,160.29219665358457,3.7694596105604603,3.7694596105604603,2026-02-18
1643,25.10401222328893,-117.06070468905044,47.514936060239975,153.37094239604193,28.905682639205555,14.2611392711047,0.5195478606829076,3,1500-2000m,141.31068981098096,12.060252585060965,12.060252585060965,2026-02-18
956,17.42418087409888,-120.18862367039816,46.06440547414923,215.63811327757944,38.3607092337013,20.49353575016612,0.241471720475855,1,500-1000m,212.28505541441325,3.3530578631661854,3.3530578631661854,2026-02-18
599,3.2511932536344057,-117.26062154822756,45.15602568305128,260.75353100481334,41.46505977851141,20.52753897215651,0.7128699840771053,0,500-1000m,257.55821121949157,3.1953197853217716,3.1953197853217716,2026-02-18
298,0.0,-123.47076471568276,46.82226712796044,205.55843187925024,28.55379307312452,19.10284971182307,0.438437370594431,2,0-500m,187.83412863692317,17.724303242327068,17.724303242327068,2026-02-18
1191,5.663807415071428,-121.4402347621704,48.563895538762814,120.09064161495589,32.10582488407395,12.447707301073422,0.4719318843193817,4,1000-1500m,127.20602657347821,-7.115384958522327,7.115384958522327,2026-02-18
1442,4.548099517822266,-122.42233112395265,47.2779890340743,92.00954403978312,27.388677388562915,14.313580920202332,0.4707375611194736,2,1000-1500m,98.86309456900497,-6.853550529221849,6.853550529221849,2026-02-18
455,12.23470910330686,-122.6291684110601,48.32956416680763,238.31867379621448,41.11783600956994,23.4691505139512,0.6361661922196011,4,0-500m,234.60053847083137,3.718135325383116,3.718135325383116,2026-02-18
1201,8.683496002969495,-123.01437935775128,48.96649737184491,154.7820228005782,31.93607829695393,16.831788692905693,0.5428234270625605,4,1000-1500m,154.13740398164833,0.6446188189298709,0.6446188189298709,2026-02-18
503,11.430139453541493,-119.64310450903804,45.6544648165531,232.0102924054745,40.20160014044762,18.493464760786537,0.403344967404863,0,500-1000m,231.88557772860185,0.12471467687265658,0.12471467687265658,2026-02-18
1009,28.91869448039348,-118.53074700976886,47.76711055656793,178.4234287135253,33.92061260485089,17.509725116022505,0.4736550809919375,3,1000-1500m,189.2293196143413,-10.805890900815996,10.805890900815996,2026-02-18
434,24.207935381555856,-119.95191120405748,47.6971742948001,218.23505604514315,37.44594989897092,23.75875706799784,0.4547743921993222,3,0-500m,215.24150981788551,2.9935462272576387,2.9935462272576387,2026-02-18
275,3.0854661712075053,-122.97126103288254,48.91982178943312,185.21857361413484,30.97256668702521,19.941500053115327,0.3825290648658093,4,0-500m,173.99236934575362,11.226204268381224,11.226204268381224,2026-02-18
621,26.27758088097237,-118.3221336104657,48.9424029358112,237.6015803645388,40.4386117784063,18.991668200651347,0.5536866235472033,4,500-1000m,249.4397725668533,-11.838192202314502,11.838192202314502,2026-02-18
1304,27.01825811656927,-119.5483170498539,47.74671444689652,123.6952348110186,25.62581103955649,16.858590214002362,0.4459857046795623,3,1000-1500m,123.48330561201723,0.21192919900136076,0.21192919900136076,2026-02-18
539,12.139366069471942,-121.28284005711104,45.97445916792878,294.51534625717244,44.031969382907214,21.030464514601366,0.6412958484417127,1,500-1000m,277.972611355226,16.54273490194646,16.54273490194646,2026-02-18
428,2.825028272594187,-119.28108793124755,48.1942233525224,225.82372224125396,43.31255796466616,22.37945126060414,0.6406803125992293,3,0-500m,230.0660889041379,-4.2423666628839385,4.2423666628839385,2026-02-18
13,0.0,-122.18066514530015,45.42811653684415,122.07883390610816,24.48192720941163,10.89954504238396,0.4238232762523961,0,0-500m,121.11551644277482,0.9633174633333397,0.9633174633333397,2026-02-18
2027,10.992984815350752,-121.58365454054052,48.122797216686514,54.252403685358274,16.78542017940576,2.709655642936595,0.3376966414700226,3,2000m+,57.130394920121255,-2.8779912347629804,2.8779912347629804,2026-02-18
599,3.9524991174481183,-117.57759909807606,48.64078449657879,239.03121824098704,34.0204754730855,15.964323101541552,0.6166838068585918,4,500-1000m,240.67161839947866,-1.640400158491616,1.640400158491616,2026-02-18
199,14.190908524594684,-121.96646846030006,46.53133357907374,138.01703717391078,30.5033444964476,16.570529270434502,0.2221677040362465,1,0-500m,139.67851876682357,-1.6614815929127928,1.6614815929127928,2026-02-18
658,1.6274317555557622,-120.71008212289443,47.52254117993232,237.7674551275001,40.20621592342257,23.8666801886986,0.5121048144790467,3,500-1000m,242.73951202439812,-4.97205689689801,4.97205689689801,2026-02-18
665,7.023757759988197,-117.7690120382279,46.7205709283873,228.89264590881132,37.44496513455181,16.848828540279694,0.6010995183909631,2,500-1000m,240.191326406125,-11.298680497313683,11.298680497313683,2026-02-18
708,8.307214736938477,-119.04595054812732,46.751060219952514,220.80955477489067,35.46500186836355,21.230497869763152,0.4169520838600739,2,500-1000m,230.18838531130118,-9.378830536410504,9.378830536410504,2026-02-18
0,0.0,-123.56457741684709,46.24148355643248,100.15751982072376,28.79828021010214,10.743604003392914,0.3673288585898927,1,,109.86800981457671,-9.710489993852946,9.710489993852946,2026-02-18
950,1.6072153299935032,-122.9688786900472,48.048518481801295,241.00460954089564,39.95787011520677,17.25561278108971,0.4969098024952775,3,500-1000m,235.01246197143698,5.992147569458666,5.992147569458666,2026-02-18
607,4.0568912286644965,-123.94510886459658,48.74470625666602,269.29872202786146,37.22813327014696,17.16620134058849,0.5701986582324117,4,500-1000m,253.4880416128879,15.810680414973547,15.810680414973547,2026-02-18
387,3.329600691530487,-119.58354746839586,48.76300343693784,218.54886092973817,38.26395020532088,20.6050067835085,0.4192827781597735,4,0-500m,217.35883202007145,1.1900289096667223,1.1900289096667223,2026-02-18
178,12.449314370321622,-120.86628602212708,45.699125139499735,163.32501365894063,31.36575947654266,20.168327949817023,0.590948959450351,0,0-500m,157.51413307362932,5.81088058531131,5.81088058531131,2026-02-18
182,25.68344135251484,-123.06007604368408,48.49897459862626,120.06778927359711,28.705310859399965,18.114500071095826,0.4931902391205072,4,0-500m,130.39749219145796,-10.329702917860843,10.329702917860843,2026-02-18
583,8.342528149504853,-117.2944611526026,47.949725765708486,233.32713337088896,39.0074786486031,25.426187863882323,0.4197590384133789,3,500-1000m,244.49502995289748,-11.167896582008524,11.167896582008524,2026-02-18
1204,35.92014270007082,-120.29238193238066,46.01134960276116,139.2734256694166,30.33794066346322,19.042378504769665,0.5222846141473884,1,1000-1500m,142.4718190379505,-3.1983933685338855,3.1983933685338855,2026-02-18
677,3.900830667941477,-122.30674694120978,45.26913845168606,237.33808171416493,37.18734801467274,23.524576424517974,0.5561701291656633,0,500-1000m,245.4595888090337,-8.121507094868775,8.121507094868775,2026-02-18
470,10.42887720157297,-120.49577500191704,46.07198906753752,231.913678042678,41.19375844111898,19.47246601213405,0.44615527741915,1,0-500m,230.97693372848101,0.9367443141969716,0.9367443141969716,2026-02-18
649,18.67940487740089,-119.24265767085424,48.6488329471261,241.5580924098633,42.76218449221005,19.398109368884565,0.4456143529798548,4,500-1000m,252.32893311037654,-10.770840700513247,10.770840700513247,2026-02-18
597,19.72776773341941,-123.46632547418506,47.53271469958309,280.370143352262,50.56234465176169,29.0482643395554,0.427840965834478,3,500-1000m,279.17813804784413,1.1920053044178758,1.1920053044178758,2026-02-18
130,6.161736986451193,-122.07707329466476,47.88421864359149,107.1290603969806,18.45311936144576,12.984660844472431,0.4456137726633943,3,0-500m,103.24052484239265,3.8885355545879605,3.8885355545879605,2026-02-18
611,10.12797918084584,-118.35124156381204,46.02860940443638,268.4498267216911,39.84487540785496,20.482412054656763,0.6845775552472202,1,500-1000m,258.5662117591587,9.88361496253242,9.88361496253242,2026-02-18
715,7.357893733330009,-120.78234590718137,47.87755262229928,301.8070828654857,44.64676211357258,26.839434892383693,0.4531548629225178,3,500-1000m,290.5759019672376,11.231180898248112,11.231180898248112,2026-02-18
179,1.6206904226719965,-120.17396000577394,45.11248602511169,110.395235500527,22.34925520460769,13.696232651806646,0.4665486836086783,0,0-500m,114.40380570788798,-4.0085702073609895,4.0085702073609895,2026-02-18
658,30.735442317003415,-120.97028798453373,46.50128538309205,244.95131171074647,41.27509260398207,23.839183396572537,0.578460881210258,1,500-1000m,255.79009174233263,-10.838780031586168,10.838780031586168,2026-02-18
1098,18.5080728113368,-123.69270040149895,47.50701339416933,156.3165349149489,31.13019762639887,19.38430949701795,0.4433935472431451,3,1000-1500m,160.20992011312939,-3.893385198180482,3.893385198180482,2026-02-18
728,4.555572936022468,-122.8397515412589,45.58438626216528,232.9295587095029,34.602598062675064,18.090964992214147,0.4972528280824188,0,500-1000m,235.17016364281824,-2.240604933315325,2.240604933315325,2026-02-18
1046,25.26682422596137,-120.88120852880677,48.29201429778774,198.02482327141337,35.931832860696154,16.948969055407147,0.4491154186171431,4,1000-1500m,195.79483661088722,2.2299866605261514,2.2299866605261514,2026-02-18
587,15.44320947854756,-122.53570174214452,45.94012519524768,263.5451493647711,35.05598848947013,16.997806766278156,0.4908965941603538,1,500-1000m,244.337058699968,19.20809066480308,19.20809066480308,2026-02-18
800,29.628175926461125,-123.65014679938226,47.609124451273786,234.6219131169323,38.58704789710111,18.30984791611673,0.4728467370343855,3,500-1000m,239.519177720305,-4.897264603372719,4.897264603372719,2026-02-18
455,13.933789788416462,-118.09445235163724,46.62078857030132,208.76679076056448,33.729196586325266,20.209509032840444,0.4733608894155678,2,0-500m,206.39472678520715,2.372063975357321,2.372063975357321,2026-02-18
77,0.0,-117.13165229585118,47.38417438191059,124.168902058293,29.23686651982632,14.67180217356226,0.3130310895295297,2,0-500m,125.37954068770992,-1.2106386294169198,1.2106386294169198,2026-02-18
1148,8.346066380848963,-118.44799988202284,45.42980221051563,168.5008216291107,27.08566670202976,10.799804471597264,0.606799964485735,0,1000-1500m,167.00907987854734,1.4917417505633637,1.4917417505633637,2026-02-18
1903,47.36498246908143,-118.02350554806732,45.06765119968643,52.7667545655233,23.36735894000082,13.3781555674039,0.3440091334158173,0,1500-2000m,64.96671257605007,-12.199958010526771,12.199958010526771,2026-02-18
455,0.9274099368611016,-122.30616008778068,48.638257709521206,279.11971896794324,44.06681567432189,26.83625440621898,0.3866637475596458,4,0-500m,259.88691302127876,19.232805946664485,19.232805946664485,2026-02-18
0,0.0,-117.2756111714076,46.078520035068735,99.51848954500797,23.24466731176003,18.251506641813226,0.4545045594658905,1,,98.22548522387495,1.2930043211330116,1.2930043211330116,2026-02-18
190,3.939575338767231,-122.621520068826,48.27870801112184,145.79939171609792,31.915760621717443,11.393518439416898,0.3869564690429209,4,0-500m,148.2373096572205,-2.4379179411225778,2.4379179411225778,2026-02-18
624,14.983004279106016,-117.33999132746716,48.9974012018888,240.18722836029704,44.90300974046463,21.916427684979983,0.4311969749395425,4,500-1000m,253.49309107501244,-13.305862714715403,13.305862714715403,2026-02-18
1079,7.10510171761284,-117.03626494223836,45.84572503199564,174.86366118942806,33.64556812983315,16.637107081066663,0.4373542821788981,1,1000-1500m,175.6056082540758,-0.7419470646477464,0.7419470646477464,2026-02-18
994,36.44310807726502,-119.01794035977764,46.060682964733424,184.77763805942269,34.5404100716589,16.90328429223344,0.4220548115630405,1,500-1000m,187.7369650605103,-2.9593270010876154,2.9593270010876154,2026-02-18
0,0.0,-117.13199387745723,47.65143915053866,146.0604834662331,29.83882161205787,12.909763435870588,0.5082819942759259,3,,139.21908597545658,6.841397490776529,6.841397490776529,2026-02-18
245,0.9274099368611016,-120.01322154303028,48.861794538402485,112.45845438393332,24.783692845787076,11.090533213836402,0.4984732211740122,4,0-500m,114.71021211725125,-2.2517577333179304,2.2517577333179304,2026-02-18
1595,13.051730847836795,-122.18320751776736,48.66325739276297,82.68344168273306,18.308951551581146,8.912096199636203,0.4343024179987443,4,1500-2000m,79.21267614142114,3.47076554131192,3.47076554131192,2026-02-18
1106,17.2095931982308,-120.94102880034066,47.01150208026234,189.62215162305367,33.724296053794056,17.82445678049665,0.6053896746606182,2,1000-1500m,187.39328522217198,2.228866400881685,2.228866400881685,2026-02-18
713,2.2747433019992296,-119.8450734523485,48.1804411301069,219.94800501213007,38.45964373655634,15.975686636863603,0.4913307454757078,3,500-1000m,235.43223844631632,-15.484233434186251,15.484233434186251,2026-02-18
313,3.093141531170619,-123.48842906581088,45.54298341239961,190.4028141254094,35.1041318810283,17.21795396814076,0.2515243970453602,0,0-500m,181.84297531291023,8.55983881249918,8.55983881249918,2026-02-18
87,8.392360759569389,-119.64359714767927,48.909752736816046,152.95273600137608,30.881347042843093,14.312289615171192,0.3502205506565552,4,0-500m,145.39843383423008,7.554302167146005,7.554302167146005,2026-02-18
1231,10.652125247967389,-117.13175514266392,48.857412936143945,145.6807259348701,27.052714555836047,13.865925277275268,0.4107016477224036,4,1000-1500m,135.7873401818518,9.893385753018322,9.893385753018322,2026-02-18
1257,7.52044639024154,-122.66924645151391,45.65491583151668,132.03749206003226,25.23671338138556,13.38578220215468,0.4421380685226899,0,1000-1500m,130.0538127882088,1.983679271823462,1.983679271823462,2026-02-18
659,1.854334168853263,-118.45183418598133,46.19769249921243,257.93846998863506,44.311999418999406,19.733680644511608,0.5057846193090819,1,500-1000m,265.56387687977445,-7.6254068911393915,7.6254068911393915,2026-02-18
677,1.6581163922283195,-117.64470844354268,45.40061999002707,252.58203967319432,38.92506858188169,20.02794133797492,0.4750347855129376,0,500-1000m,251.7296467081238,0.8523929650705213,0.8523929650705213,2026-02-18
622,4.094858624542832,-117.39408885025846,46.08687039559272,270.1768330330892,33.59701825833851,15.130993727890322,0.5043846405175345,1,500-1000m,254.8719204912238,15.304912541865434,15.304912541865434,2026-02-18
590,4.835154114676586,-117.27905076916188,48.26382315766082,229.9073048516268,39.72798116878713,20.839370919750117,0.5947969173824427,4,500-1000m,245.18908525688235,-15.281780405255546,15.281780405255546,2026-02-18
304,10.587320561093811,-120.3497825289497,46.51326242866104,184.29950068213003,31.52467590561976,19.67002305509683,0.5619729853077444,1,0-500m,180.1494245813385,4.150076100791523,4.150076100791523,2026-02-18
61,6.0828515346918905,-117.15884464405949,45.35358786858704,106.68855228941614,29.241489174986626,14.255391073028449,0.4550522903790607,0,0-500m,116.27897125438916,-9.590418964973026,9.590418964973026,2026-02-18
478,17.232918454481602,-118.69882855005892,46.368902099115616,213.2536413598728,37.830181234761504,17.663957328380814,0.4220581529046858,1,0-500m,216.60095819541752,-3.347316835544717,3.347316835544717,2026-02-18
1370,9.515398780974618,-122.86829994634128,48.92553333696512,80.97561523167569,23.9056533614188,14.500941207233462,0.445876238316808,4,1000-1500m,90.32745088610099,-9.351835654425301,9.351835654425301,2026-02-18
595,15.654435654393303,-120.6616992547242,47.518734381036815,269.0976935186288,41.47952649755648,18.76557990224809,0.5781825370744671,3,500-1000m,261.50838520454437,7.5893083140844055,7.5893083140844055,2026-02-18
516,8.289099835320444,-118.97168177239595,46.66464378562464,222.43606177083944,32.08811280739998,17.52407885232111,0.6069168174355578,2,500-1000m,227.9036899864168,-5.467628215577349,5.467628215577349,2026-02-18
202,1.6264808935009043,-122.2686177892664,45.66615405398908,173.6871020145068,27.0108742557689,12.805324884460376,0.5857967503547498,0,0-500m,162.88827025577189,10.798831758734906,10.798831758734906,2026-02-18
162,6.095025748625256,-119.5156937151578,48.94470718913478,135.8520115274568,26.69598443762177,17.27990489486139,0.5266179362305539,4,0-500m,136.2567936098424,-0.4047820823855943,0.4047820823855943,2026-02-18
1021,23.25684961735377,-119.33379664667366,48.28339603705251,199.12151353097505,39.86508120398528,17.755693292929994,0.4965819464185818,4,1000-1500m,206.00508565597954,-6.883572125004491,6.883572125004491,2026-02-18
472,11.070957528425737,-122.86110179334004,46.12590920980368,198.7598058018473,37.99650274179536,13.03741570444819,0.4811089157034675,1,0-500m,209.31198279390898,-10.552176992061675,10.552176992061675,2026-02-18
958,13.534596076649748,-120.04440281283073,45.28027478288476,192.9208369567773,32.36359310096132,16.558190331704132,0.3577707558403685,0,500-1000m,186.4746080444105,6.4462289123667915,6.4462289123667915,2026-02-18
525,3.091450960756768,-118.59861162314976,45.22650222951023,252.92201863096352,33.83889934580696,16.797845557734323,0.5201331493476932,0,500-1000m,245.3396303081867,7.582388322776808,7.582388322776808,2026-02-18
741,26.42176046095461,-120.5077303482484,45.481512598022135,256.389047659975,43.58293957834662,21.99531127389727,0.379382812885848,0,500-1000m,261.5992811349767,-5.210233475001701,5.210233475001701,2026-02-18
1669,25.57545784401922,-123.91527818256723,47.32307433445769,85.677088378265,23.564775395067336,14.614331658186757,0.4472299390074206,2,1500-2000m,88.37436860111274,-2.6972802228477377,2.6972802228477377,2026-02-18
623,5.476446385642309,-123.93673071644496,48.71505368482197,272.0567052105156,39.279220576886985,23.026922488958785,0.5532823623215137,4,500-1000m,259.64665015894775,12.410055051567838,12.410055051567838,2026-02-18
150,3.088855224096068,-121.50079459220991,46.98697371202394,146.72163120856297,32.56845986170866,12.600159126223934,0.3882466395084766,2,0-500m,141.37595552909974,5.345675679463227,5.345675679463227,2026-02-18
505,7.885801110850931,-117.51664152097752,48.37178192982479,225.7066219231928,45.49051013254762,22.59963512105523,0.5302238187820268,4,500-1000m,241.61395595918094,-15.907334035988129,15.907334035988129,2026-02-18
590,1.8543341688295631,-122.39926254277474,46.78354647943923,323.8551245552507,41.12281574792868,22.12437591302953,0.5741339715691695,2,500-1000m,295.54126764306676,28.31385691218395,28.31385691218395,2026-02-18
721,10.189788355964357,-119.5594541778982,47.8343341830713,338.0589433902394,47.94716859561728,22.781759443778625,0.5249373929289322,3,500-1000m,313.99132884170984,24.067614548529548,24.067614548529548,2026-02-18
801,5.447187889255762,-122.44546890514675,47.927490949146005,263.8109372090075,41.9624907117427,24.05172995439903,0.5718578327150722,3,500-1000m,266.13622448821104,-2.3252872792035646,2.3252872792035646,2026-02-18
1059,17.880934882874023,-121.74831007238316,45.69585482361335,151.51390656185697,32.386863860120776,16.177937094144898,0.3989582788624211,0,1000-1500m,161.7117909411523,-10.197884379295317,10.197884379295317,2026-02-18
1171,2.272938247177265,-118.0637053727896,46.444864235903246,131.77288693888894,20.64989808381249,10.36651875276218,0.4384498718649141,1,1000-1500m,124.24044273955899,7.532444199329959,7.532444199329959,2026-02-18
187,2.309366398667924,-118.89796990411035,47.549208626152094,157.36394437884016,37.07081558443353,18.41693747359969,0.6394613522136616,3,0-500m,159.88656276605244,-2.522618387212276,2.522618387212276,2026-02-18
92,8.04771405882616,-123.33220505880752,45.28278643273747,106.61471887683656,19.87026266955445,8.288752923436842,0.4288787115553285,0,0-500m,108.86370849360672,-2.24898961677016,2.24898961677016,2026-02-18
517,5.701510931903923,-120.99908585309495,46.44616075105183,235.3905818240693,41.385501192410345,23.21208151501011,0.6481656702603928,1,500-1000m,237.68645611324536,-2.295874289176055,2.295874289176055,2026-02-18
67,8.408543214701151,-123.79581165448316,47.13919786512477,66.3227158308409,18.896508979254733,9.597485100598306,0.5677941826023034,2,0-500m,74.48130730951368,-8.158591478672776,8.158591478672776,2026-02-18
208,3.2410579526401,-120.63376897377894,48.98489797217856,159.2585903333295,31.557726852967345,19.012489137610704,0.3776935848717712,4,0-500m,154.03463143593947,5.22395889739002,5.22395889739002,2026-02-18
637,7.657609623528901,-119.36296191809252,46.89813425048976,287.37594979820415,49.75742148622136,20.677604751099764,0.671387450225966,2,500-1000m,281.7275669575279,5.64838284067622,5.64838284067622,2026-02-18
1827,9.568610600834552,-123.17048163481294,48.26422702845729,50.759671979831495,10.822791587769396,5.083513996693286,0.1752911893438073,4,1500-2000m,46.38026448277884,4.379407497052654,4.379407497052654,2026-02-18
629,0.9274099368611016,-121.97780542763584,46.72826914026647,247.81932746294984,40.16109243111725,19.226920596804035,0.6376398382584078,2,500-1000m,248.7428751902658,-0.9235477273159631,0.9235477273159631,2026-02-18
311,9.590602843593478,-121.2151436214849,48.18556289047884,169.28997025357108,30.895761090425868,20.820495302595077,0.4048787074798039,3,0-500m,169.88528882188203,-0.5953185683109439,0.5953185683109439,2026-02-18
0,0.0,-117.56328282740763,47.38165920648044,43.23213055191397,10.887562352729775,5.167107719787674,0.2507569833883581,2,,52.08047245923934,-8.84834190732537,8.84834190732537,2026-02-18
438,20.95535373229161,-117.04721489203924,48.5463817660096,204.8897130850005,33.25849035345317,18.361145836343127,0.6935824494681335,4,0-500m,212.6328692720419,-7.743156187041393,7.743156187041393,2026-02-18
762,2.312354665844925,-123.6856209070307,46.64377020940044,243.02437539167627,36.2445073586431,16.857862916459023,0.520458009186315,2,500-1000m,242.80402875673747,0.22034663493880657,0.22034663493880657,2026-02-18
133,8.711298068584243,-118.67294453553224,47.41721767928591,94.91059759544936,22.074818251280117,9.191810916946846,0.3816460343660204,3,0-500m,105.52112648382938,-10.610528888380017,10.610528888380017,2026-02-18
1265,23.42602569992177,-121.3979315351836,47.52007472247531,108.33858660113462,20.186106055719986,10.718139675711743,0.2485777454447951,3,1000-1500m,99.89944550098785,8.43914110014677,8.43914110014677,2026-02-18
720,24.25753515761591,-121.25279269639364,46.669531767201896,265.88356205431097,40.29612641029959,22.616306025703565,0.4146301153733951,2,500-1000m,259.4919322053684,6.391629848942557,6.391629848942557,2026-02-18
331,0.0,-118.72014518657085,45.577248174749926,192.94341005413256,30.01260804113253,15.338545171504029,0.4886108420154883,0,0-500m,180.83562110424558,12.10778894988698,12.10778894988698,2026-02-18
0,0.0,-117.57101497498212,45.37423762764934,113.47622957174522,23.094981210143292,11.740954007804794,0.4811670369179137,0,,111.30287709684534,2.173352474899886,2.173352474899886,2026-02-18
808,1.4022215649563865,-117.34349983848216,45.06668620239853,237.3960139165113,41.57948853869964,26.10248966912708,0.6679837732184422,0,500-1000m,248.30791104000892,-10.911897123497624,10.911897123497624,2026-02-18
266,16.436240803695576,-119.96014189773176,48.49413705698086,144.1127353965384,30.71820998515993,11.89571811332972,0.3204493757518777,4,0-500m,144.89303401046237,-0.7802986139239749,0.7802986139239749,2026-02-18
325,3.07986428219496,-121.50015188489648,45.94589964895478,186.1956078378249,32.23769690726397,14.391387013013484,0.599452486197112,1,0-500m,181.8626860066324,4.332921831192493,4.332921831192493,2026-02-18
762,0.0,-118.48715639898856,45.84602699712707,247.42493532132275,39.8870793559376,18.522747485924047,0.4046619273700224,1,500-1000m,248.5863828330874,-1.1614475117646634,1.1614475117646634,2026-02-18
701,6.080197607564968,-122.2429903171639,47.94414160170426,285.90970526608504,39.43752927065684,20.042576746143023,0.5780306787929324,3,500-1000m,263.49933829694163,22.41036696914341,22.41036696914341,2026-02-18
257,3.933814153245725,-120.05148179816536,46.28006445234956,191.20959090634813,38.08399375905919,21.3015665274418,0.341514802377333,1,0-500m,187.62707659761406,3.582514308734062,3.582514308734062,2026-02-18
869,6.182704802404263,-121.48995076932589,47.02417876964735,228.75192071365828,39.10661584983667,20.52775453925619,0.3933717491262972,2,500-1000m,233.94500682001362,-5.193086106355338,5.193086106355338,2026-02-18
933,11.291684264920962,-119.40358248404486,45.65004426118983,184.0276198378289,34.05416198035323,15.951374545027852,0.4353987035568227,0,500-1000m,194.13493966272173,-10.10731982489284,10.10731982489284,2026-02-18
449,5.709499317146379,-122.31720760974544,48.83898288584788,224.48748731570916,42.63927452021904,25.32800645136976,0.6363914579643959,4,0-500m,227.6757662014389,-3.188278885729744,3.188278885729744,2026-02-18
409,8.185875318756139,-122.65884937985622,48.40632560006895,191.559854358599,35.665999273048,19.754945271119063,0.404364027176333,4,0-500m,194.99548471315734,-3.4356303545583273,3.4356303545583273,2026-02-18
990,27.594750297142514,-117.57232639327194,48.45515849186001,229.1381432304448,39.38041594015823,12.617565468947248,0.4527838546979912,4,500-1000m,225.66096679390387,3.4771764365409297,3.4771764365409297,2026-02-18
74,0.9274099368611016,-123.28737421935324,46.62709499428802,135.0442080553999,30.710627786301576,14.7772059346619,0.4002312001469932,2,0-500m,135.00479362687244,0.039414428527464906,0.039414428527464906,2026-02-18
765,3.704791833718337,-120.45829464585547,48.04944485482869,230.71832672601408,35.25300228765639,19.04911959632642,0.4320503721753368,3,500-1000m,234.77053598293645,-4.052209256922367,4.052209256922367,2026-02-18
0,0.0,-122.45403051925894,45.57550462155912,131.56027974982365,31.38549953766712,13.321899370213352,0.4408487302236576,0,,126.92829673848115,4.6319830113424985,4.6319830113424985,2026-02-18
1584,25.023687080181087,-123.72749025672032,45.03447601036712,122.7090675168424,31.62565240170694,16.065291101825604,0.4293318653125559,0,1500-2000m,124.81547356097565,-2.1064060441332515,2.1064060441332515,2026-02-18
110,3.2507081858838527,-123.74786827196002,45.07989173031211,134.38168039197245,26.758940404146152,9.664513266184208,0.4403330487040446,0,0-500m,131.5373806001817,2.844299791790746,2.844299791790746,2026-02-18
1256,9.850617727423192,-122.7734475952592,47.34640694961824,147.52314171304636,29.825726171074564,20.050124183203664,0.480732871048686,2,1000-1500m,144.1341321651628,3.3890095478835462,3.3890095478835462,2026-02-18
377,28.12268732107211,-117.932607518458,46.82157962099176,185.5630852723818,33.22697528203155,14.533035513990283,0.4487489202458073,2,0-500m,184.7066873495174,0.856397922864403,0.856397922864403,2026-02-18
826,1.6110970973968506,-122.0226487921608,47.07206139563408,227.4456558199039,38.26014825925375,19.03949336329013,0.5985613755335976,2,500-1000m,233.42934662021108,-5.983690800307187,5.983690800307187,2026-02-18
1158,12.176972322567687,-117.34678580597291,45.02985256166888,189.15345689006563,37.10885924084912,13.31771923415242,0.4365113504037029,0,1000-1500m,188.0845963060482,1.0688605840174148,1.0688605840174148,2026-02-18
490,4.174879160636353,-119.92864394907564,46.690746478629706,236.9185965065409,37.76483289807589,20.046044723587244,0.6804043178316306,2,0-500m,234.64276615020898,2.275830356331909,2.275830356331909,2026-02-18
757,23.62586274709363,-120.94370067161864,47.872272644803445,255.383975014799,36.02861946336702,15.436962470361472,0.444550000520152,3,500-1000m,248.54609430987554,6.837880704923464,6.837880704923464,2026-02-18
1765,15.54789788576254,-119.9393781573138,46.77077480786974,80.20405269404732,20.74355389728195,8.03000734337971,0.395383970924672,2,1500-2000m,82.33276629785423,-2.128713603806915,2.128713603806915,2026-02-18
1308,12.782221419550472,-120.38311130341611,47.92887682524889,139.84892767502973,25.756922020106163,16.799236493232065,0.3595683668133573,3,1000-1500m,133.2959487526621,6.552978922367629,6.552978922367629,2026-02-18
754,0.9274099368729608,-118.68856622369871,45.932075857587336,252.5213952776796,43.67239949069248,23.550090161880643,0.5248349276315484,1,500-1000m,263.2968143301727,-10.775419052493106,10.775419052493106,2026-02-18
1493,32.04995377872372,-122.02252753819003,48.252568017926905,82.0888639027908,20.70105236149339,9.401601644426911,0.3774492058789255,4,1000-1500m,84.69942164844555,-2.610557745654745,2.610557745654745,2026-02-18
1068,1.611930762827507,-121.52864725879787,47.35372496181381,177.09834467067236,30.0462912995053,16.18006136521332,0.5227012304366858,2,1000-1500m,174.67690962560727,2.4214350450650954,2.4214350450650954,2026-02-18
560,7.542788575151894,-117.74133988226724,45.84305239771962,242.3645826312538,41.74496607575815,18.437465416173268,0.513913379592772,1,500-1000m,250.39038626424164,-8.025803632987845,8.025803632987845,2026-02-18
61,5.042517994991794,-117.37480440794717,45.94688190341533,102.98991161625028,18.00346786585765,10.20651640012706,0.4260151444323713,1,0-500m,100.97830344107255,2.0116081751777273,2.0116081751777273,2026-02-18
1063,30.04252940428395,-117.75209240759467,47.51212185827815,188.4662002378037,31.097703842031,13.728064853082744,0.2579094620429966,3,1000-1500m,183.71843715972173,4.7477630780819595,4.7477630780819595,2026-02-18
1480,9.021723964965554,-121.0638640422988,48.319758372849776,83.49971888844878,19.389940359466102,9.346312794653588,0.3775450204971837,4,1000-1500m,82.89764093427725,0.6020779541715342,0.6020779541715342,2026-02-18
1223,34.79823449621348,-118.53744147895183,46.66251112811662,128.8971886629058,25.3043054377345,15.41576705136281,0.3969868909516694,2,1000-1500m,129.4277456740668,-0.5305570111610223,0.5305570111610223,2026-02-18
764,3.0765084792975244,-120.66564986689232,46.03320171651037,306.73838773148924,46.7922402668053,24.34228540408731,0.5982775848170431,1,500-1000m,292.07818750339544,14.6602002280938,14.6602002280938,2026-02-18
0,0.0,-120.51722103497728,48.4680464276424,105.53602786543432,22.789275363440336,7.916771143678089,0.3576771361742982,4,,100.32774569034395,5.208282175090375,5.208282175090375,2026-02-18
482,3.927093958505296,-122.567239236599,47.67707316700334,271.5380094648318,41.53091015600035,20.54962783338266,0.5461764983861338,3,0-500m,255.26434662798908,16.273662836842732,16.273662836842732,2026-02-18
177,23.162282633458524,-119.8620878771904,46.79234194913231,115.15126952995244,27.49386104199417,12.430066591958768,0.4873906698644465,2,0-500m,124.60124382420932,-9.449974294256876,9.449974294256876,2026-02-18
66,9.226383606275531,-122.69704871572657,46.95160078111721,134.92856611472803,29.83187949803442,9.922627370032323,0.5201309904111172,2,0-500m,134.51790182025562,0.4106642944724115,0.4106642944724115,2026-02-18
164,2.282466825342174,-121.67904710652964,45.81702587174559,137.3240952553069,22.33392710481914,16.318850113269164,0.425108690400537,1,0-500m,129.67199961019477,7.6520956451121265,7.6520956451121265,2026-02-18
1044,7.108070893379774,-118.01478858866044,47.50721052025938,234.4000856916516,38.78418860612501,17.768137427338,0.4872060088955971,3,1000-1500m,221.26122259770855,13.138863093943058,13.138863093943058,2026-02-18
48,6.813675890546861,-122.550469335524,46.43497004217156,101.23969915393086,27.99642611848824,19.433794177896445,0.3821549122464396,1,0-500m,109.36316833343233,-8.12346917950147,8.12346917950147,2026-02-18
1698,13.854237983774205,-123.50189200378595,48.9825807066974,128.15800942638617,31.088571845877134,15.996233697304072,0.3722758700608787,4,1500-2000m,125.30184911830418,2.8561603080819964,2.8561603080819964,2026-02-18
704,10.230393610584755,-123.51694685171029,46.920734061047554,245.2723279061733,39.05248796132116,19.171585263610133,0.6807337645549526,2,500-1000m,254.2414736234376,-8.969145717264297,8.969145717264297,2026-02-18
95,8.289099835320444,-117.41450835647824,46.943542424758455,121.82217615650072,28.295457848026462,18.892223802877087,0.1901297185595486,2,0-500m,123.22054624887075,-1.3983700923700297,1.3983700923700297,2026-02-18
803,13.765627625393442,-120.45155693426716,47.26340714964269,223.6191764751044,42.88019850410501,18.27434614313845,0.5582988115076906,2,500-1000m,245.17633441767074,-21.557157942566334,21.557157942566334,2026-02-18
649,2.9148926675691893,-121.13411549728087,48.66702401247499,257.273209401728,39.45161063938922,22.346568559462856,0.490268240548234,4,500-1000m,252.70816130942632,4.5650480923017085,4.5650480923017085,2026-02-18
179,1.3292352316012064,-118.32384993294455,48.203272399439,135.60529336284932,28.3871724999791,14.92235769051782,0.5535657969167567,4,0-500m,138.3934626430102,-2.788169280160872,2.788169280160872,2026-02-18
1322,23.737927815951814,-118.1492185046264,46.804520279191365,90.5642420133862,17.307279562688006,11.717734482755112,0.4498474086603999,2,1000-1500m,90.98026734853693,-0.4160253351507208,0.4160253351507208,2026-02-18
878,23.71722047033724,-121.67466276819076,47.87479706389119,192.4240052530056,36.97832416521882,17.404495885441804,0.5096972886102468,3,500-1000m,212.1953915649245,-19.771386311918917,19.771386311918917,2026-02-18
845,10.096576147615323,-119.14467359768344,47.34494199512304,267.8912507207025,46.55828957352684,18.48999958879478,0.5116274160152078,2,500-1000m,270.6874369177725,-2.7961861970700284,2.7961861970700284,2026-02-18
703,0.9274099368611016,-118.6021402890368,46.969468194805,272.3719595720602,42.06280089010904,25.24557139430768,0.5501027444821982,2,500-1000m,269.6497329088969,2.7222266631632692,2.7222266631632692,2026-02-18
255,26.97061880305314,-119.41744519193831,45.76926309113741,144.11222689479808,24.80234503577253,17.027546648497008,0.6251626980945418,0,0-500m,143.56883485372353,0.5433920410745543,0.5433920410745543,2026-02-18
317,2.639732286144424,-122.93883447639932,46.85574505381956,177.43327871023638,31.93039915008946,16.48361026588143,0.2965698044061362,2,0-500m,175.24489933021178,2.1883793800245996,2.1883793800245996,2026-02-18
750,9.79474058548179,-117.8688184153806,45.9832743480903,240.0788739332561,34.47937171433846,17.23235649734831,0.4595503087512645,1,500-1000m,238.95837987407026,1.1204940591858303,1.1204940591858303,2026-02-18
1267,23.95422636230753,-120.22633813084794,48.65936859940662,126.29765536110538,28.993099228084823,16.309957787717597,0.3606160074831669,4,1000-1500m,127.3261247260447,-1.028469364939312,1.028469364939312,2026-02-18
1166,29.623372807209545,-122.02269301540996,46.341627253985386,161.76618342671887,33.07266307512457,17.72711125976429,0.4890887848386233,1,1000-1500m,161.0978553633398,0.6683280633790787,0.6683280633790787,2026-02-18
1414,1.3234964609146118,-121.02340270193616,48.80905605813349,112.25216579627904,24.20993476540671,14.650663018700817,0.4290693005219421,4,1000-1500m,105.26997437260847,6.982191423670571,6.982191423670571,2026-02-18
1234,4.536178494499663,-123.73700236720764,47.13222116037885,125.00709121935928,32.50315772485153,14.985984642232044,0.419630573882903,2,1000-1500m,131.22649263122662,-6.219401411867338,6.219401411867338,2026-02-18
1441,4.553940411991353,-123.10493239144309,47.52617751470464,94.77291023487544,25.32502993197797,12.333235598775875,0.4439723217030257,3,1000-1500m,92.10799496247077,2.66491527240467,2.66491527240467,2026-02-18
128,11.246897200047576,-118.64117274638896,47.17176177795732,141.5319605346288,24.09569640902315,15.852271605244448,0.3981025800482484,2,0-500m,132.02033163009762,9.511628904531193,9.511628904531193,2026-02-18
1579,13.179858135781537,-123.99991855671244,45.5175224678668,71.7025724619173,13.240242302944347,10.164745464926062,0.4799964927910639,0,1500-2000m,66.16637160655071,5.536200855366587,5.536200855366587,2026-02-18
232,10.18951713532301,-121.08403920062396,46.50328487603176,141.06404216671373,31.52433775645759,13.365495551884363,0.368779902436955,1,0-500m,143.21712565886276,-2.1530834921490225,2.1530834921490225,2026-02-18
24,1.3290235996246338,-120.34242873240088,45.3965844491105,110.98128171548215,27.875815862246764,15.348210367033218,0.5280621275752378,0,0-500m,116.22200090260037,-5.240719187118216,5.240719187118216,2026-02-18
243,1.6312565132701848,-123.6175590599932,47.49181617673353,170.43554242240518,28.201158725246938,14.408657823885475,0.4205001233224155,3,0-500m,162.16633247179496,8.269209950610218,8.269209950610218,2026-02-18
0,0.9274099368611016,-117.18845285919367,46.78749678080175,94.75577198478496,20.485001821264827,12.733420411350307,0.4703816100228056,2,,97.90792321290151,-3.1521512281165514,3.1521512281165514,2026-02-18
776,3.2674546577744543,-122.4171226812523,48.11193988628375,275.8022236430943,35.23504034830006,12.074485880642488,0.5243951092038708,3,500-1000m,258.8102902690887,16.99193337400561,16.99193337400561,2026-02-18
0,0.0,-121.87060896254604,45.88188192399748,103.6029128658865,31.07753531813996,16.487065424502564,0.4090907033772707,1,,109.55436580748412,-5.951452941597623,5.951452941597623,2026-02-18
564,3.889283576221623,-121.8724024142148,45.65826423371734,230.3450162297026,34.070491909063804,17.086241085177654,0.421803738140974,0,500-1000m,230.23388806464146,0.11112816506113177,0.11112816506113177,2026-02-18
1234,27.34887121082559,-122.38708336517855,46.62532892385507,139.89189824091517,29.053580715177795,15.419329517095338,0.5678290130002304,2,1000-1500m,142.23709984453816,-2.3452016036229963,2.3452016036229963,2026-02-18
934,8.396326732697561,-123.98968324539582,48.70634153287352,188.17718160877257,32.17139178522973,20.66271474681333,0.4590400006250419,4,500-1000m,191.861460272944,-3.6842786641714156,3.6842786641714156,2026-02-18
435,2.842618693279997,-118.89458644138402,47.841687260049646,170.02121554375273,32.098347702597465,11.647893057840834,0.5288054505803046,3,0-500m,181.96085841212312,-11.939642868370385,11.939642868370385,2026-02-18
1261,6.132953756054474,-117.232081501405,46.67569449917168,139.5903652379721,30.14580503161002,12.242985335174472,0.5899801770044316,2,1000-1500m,142.2611433106712,-2.6707780726991075,2.6707780726991075,2026-02-18
248,8.695382732926083,-122.42994561700468,47.06908867901724,115.09063093999345,20.19296854177249,10.061517944933748,0.4599918227177113,2,0-500m,113.08092708998794,2.0097038500055078,2.0097038500055078,2026-02-18
677,9.311128616333008,-119.35866965737604,45.3368520447084,239.5708456069199,28.47675698239837,12.201051371918211,0.654710481850814,0,500-1000m,230.50579117415566,9.065054432764242,9.065054432764242,2026-02-18
263,7.010343877804987,-118.806725711289,48.93830358550445,188.8210715888599,36.66855347465453,19.09469440476293,0.6465204875211616,4,0-500m,181.0976275222052,7.723444066654707,7.723444066654707,2026-02-18
909,7.775571316421461,-118.06102234636631,47.66562921877968,239.4363253254979,34.6587174160525,19.765940448761437,0.690841154686322,3,500-1000m,229.5320799624906,9.904245363007306,9.904245363007306,2026-02-18
487,4.606030630173068,-121.04159562090472,46.14161627385369,208.87771545511168,35.147637248220626,17.587692606980646,0.4808704911793887,1,0-500m,215.89348888186018,-7.0157734267484955,7.0157734267484955,2026-02-18
160,14.694132503307364,-121.879483660517,47.343233576860975,135.692768935985,31.00172028950783,16.80473283625304,0.4782561820376344,2,0-500m,140.8655366580285,-5.172767722043517,5.172767722043517,2026-02-18
131,2.855575162426181,-121.7229340618388,45.437929464275975,93.452053154223,11.66255948479431,10.042365038117364,0.2824087099446817,0,0-500m,77.59296946862038,15.859083685602613,15.859083685602613,2026-02-18
35,7.837030384305431,-119.0116506683104,48.86334667523033,82.21392462453619,23.51415124958618,15.961926485108783,0.3753415993117144,4,0-500m,87.98010024631594,-5.766175621779752,5.766175621779752,2026-02-18
725,3.704791833671086,-118.28254373446056,45.69913995153346,255.35510961727917,40.68853433582616,16.863627376499345,0.5164176280440289,0,500-1000m,253.938599159514,1.4165104577651562,1.4165104577651562,2026-02-18
265,2.2907269311246803,-122.72870222570378,47.59212127222086,179.1275584167044,38.737431170374286,18.45364537588286,0.4444158037124337,3,0-500m,182.65258655205437,-3.52502813534997,3.52502813534997,2026-02-18
15,2.868971138446098,-121.40341294289564,45.98181785015572,106.70825840189774,24.636970535946677,18.58927329482217,0.4813160204920075,1,0-500m,109.20773054566045,-2.4994721437627163,2.4994721437627163,2026-02-18
22,0.0,-117.68641862275597,47.87024553059414,106.51593700879484,24.244728944423084,11.50192524681684,0.3267816750970503,3,0-500m,106.65858030857834,-0.14264329978350077,0.14264329978350077,2026-02-18
924,2.7802885155287558,-118.35314536213684,48.10728546896112,211.00921424752497,38.20703524591843,19.029427613400905,0.493407222572722,3,500-1000m,221.35102427659976,-10.341810029074793,10.341810029074793,2026-02-18
1923,34.35665657693808,-117.10599118066268,47.69367891564573,82.31681939887774,27.607770682514083,15.359674486299337,0.5462288385698619,3,1500-2000m,97.12619547476186,-14.809376075884117,14.809376075884117,2026-02-18
865,13.0346985596119,-118.72026218222544,47.45799784102077,261.32806249112747,43.48324810137476,20.8481859979822,0.5624985965141043,3,500-1000m,260.67919210305587,0.6488703880716002,0.6488703880716002,2026-02-18
512,1.6703889900992874,-121.24763359280456,48.56987637580805,263.8630083846376,42.71779926775861,21.689914581068344,0.4932379227614192,4,500-1000m,256.1608151497262,7.7021932349114195,7.7021932349114195,2026-02-18
222,18.775115168798383,-119.86553516203752,45.31450684395903,160.73907573866893,32.581367655249835,22.055724869427248,0.5510662586048813,0,0-500m,163.64062294418986,-2.9015472055209273,2.9015472055209273,2026-02-18
552,18.12995429217019,-119.37290022026876,46.32365906312078,247.9497220801689,35.36171535396431,21.662167364760077,0.5291375810564374,1,500-1000m,239.8063152796741,8.143406800494802,8.143406800494802,2026-02-18
559,8.282369359277926,-123.45080928578014,45.993149918523386,255.11937073027423,37.09898059766277,23.10626236756622,0.5790229482723546,1,500-1000m,243.70556137299215,11.413809357282076,11.413809357282076,2026-02-18
369,0.9274099368729608,-120.18852128627294,48.952055848261686,209.26430686368508,41.434516448064166,21.66399942446393,0.4764659563787271,4,0-500m,208.96173941559366,0.30256744809142333,0.30256744809142333,2026-02-18
2023,24.23344077045041,-119.03475420069174,46.55755911866749,68.11951353762669,19.82541792051691,7.101109027359911,0.3227143670880095,1,2000m+,69.0863836596968,-0.9668701220701195,0.9668701220701195,2026-02-18
0,0.0,-122.82875087199258,47.9304507969616,96.12671786687584,18.66476025376525,9.301453933812478,0.360347546871533,3,,95.7162894934824,0.4104283733934295,0.4104283733934295,2026-02-18
1437,6.573312828023735,-118.5355779780211,47.73890065552402,83.91092313936099,21.146909433763984,6.959806020802116,0.3117200790410452,3,1000-1500m,83.24259906850133,0.6683240708596543,0.6683240708596543,2026-02-18
1216,34.35561100180652,-119.91359053640122,45.84832494990951,126.32953898988605,24.771824153863285,13.35016291011394,0.406186062264208,1,1000-1500m,127.23026339386497,-0.9007244039789271,0.9007244039789271,2026-02-18
830,11.88397820270667,-117.33444750011684,45.9559907208462,295.3099038612123,42.65251450407607,22.158856754828903,0.588399195381546,1,500-1000m,275.8632803293425,19.446623531869818,19.446623531869818,2026-02-18
787,3.847759130887841,-123.70304391255176,46.12513825421214,274.2554340146135,46.0352380806393,17.775988619963695,0.524999746034121,1,500-1000m,274.1841406620825,0.07129335253102909,0.07129335253102909,2026-02-18
70,6.147828747095637,-122.14271703711174,46.64450911303752,99.67631913424724,21.206805054836977,13.588821530282027,0.5218417236036641,2,0-500m,104.3774132871023,-4.701094152855063,4.701094152855063,2026-02-18
322,11.069716222773,-119.78912284490124,45.93730026260211,182.6962619939644,32.59120974572393,19.02721760184979,0.2872867736746435,1,0-500m,176.643546268749,6.052715725215421,6.052715725215421,2026-02-18
254,10.421780757257968,-121.92408061455848,45.07860593098739,168.91789727819202,32.71859347966641,15.372542456095324,0.5663301878176082,0,0-500m,167.28276858108234,1.6351286971096783,1.6351286971096783,2026-02-18
688,36.07398381228174,-118.9990308515013,48.51757222722878,257.64738904107617,40.56496363400246,22.028471262773024,0.5701804266530598,4,500-1000m,260.48832049107807,-2.8409314500019036,2.8409314500019036,2026-02-18
1053,12.96916479462069,-118.68696302234648,48.86243932552354,165.2525430083721,28.778430966923075,15.395544120504097,0.3485330648219045,4,1000-1500m,167.06379717241288,-1.8112541640407755,1.8112541640407755,2026-02-18
377,2.721159877255602,-123.28238825153468,46.366281548126274,234.74950246175248,39.6973028015119,21.1269000488981,0.6150684501897846,1,0-500m,226.77018919627466,7.979313265477828,7.979313265477828,2026-02-18
797,6.972269908110241,-120.40301875055265,46.35402751770189,223.64080266789745,39.58650758563833,18.561324135514784,0.4430404909443021,1,500-1000m,236.19743059303653,-12.556627925139082,12.556627925139082,2026-02-18
1074,21.01848991412956,-120.4377661108626,45.028367251097485,204.5771512164945,35.348660129671835,19.736193816742546,0.5545826327611184,0,1000-1500m,198.37946340841165,6.197687808082861,6.197687808082861,2026-02-18
686,4.969462912948512,-121.4150346084912,47.7210027533215,261.209859213198,50.2617271717581,22.819909584771253,0.4456498153208501,3,500-1000m,274.32125538058443,-13.111396167386431,13.111396167386431,2026-02-18
577,6.133595586001882,-117.4695259620123,48.301759582994514,229.09337239654008,33.36355507129932,14.93285858267763,0.3905666844221714,4,500-1000m,228.02253653538403,1.0708358611560413,1.0708358611560413,2026-02-18
810,22.858869782260356,-118.20745576088746,45.586433201440016,247.45786690085373,38.53799072486645,18.07004474041302,0.3862324251116431,0,500-1000m,242.20356495648693,5.2543019443668015,5.2543019443668015,2026-02-18
62,9.447866917731382,-119.11953432663256,45.6386653974686,69.06923132355047,17.9626079911319,9.316025227531451,0.15,0,0-500m,69.08870601169846,-0.019474688147994357,0.019474688147994357,2026-02-18
1284,7.378860558780502,-118.99971354985502,48.16033299988575,132.87852133083965,35.80165707389584,17.649291066459188,0.466281533048186,3,1000-1500m,141.1584782436495,-8.279956912809865,8.279956912809865,2026-02-18
1830,27.764745283270678,-120.76798699330816,47.46516299341658,99.30072080993506,21.1097126378562,7.869853971936443,0.4750718647759905,3,1500-2000m,91.99188415556067,7.308836654374389,7.308836654374389,2026-02-18
996,4.627367505978261,-117.55303835232397,45.17944223051087,193.5334903933741,34.17092781652498,14.548084759894069,0.3459715450838339,0,500-1000m,194.47090944763403,-0.9374190542599194,0.9374190542599194,2026-02-18
82,9.142490515991971,-119.137832009227,47.49018796184912,126.51277352002036,33.617101952369296,19.517906708759885,0.3868879965630737,3,0-500m,131.7264931658831,-5.213719645862753,5.213719645862753,2026-02-18
1675,21.05457324255589,-118.89713256840928,46.235670891375065,21.54432779208542,9.660104534378531,6.525933996932151,0.384579201674212,1,1500-2000m,30.726359152143655,-9.182031360058236,9.182031360058236,2026-02-18
106,6.194039682762324,-117.9681636734886,46.474900621883386,110.60187896130938,24.861376586116357,22.442639662987297,0.298499295640152,1,0-500m,113.54219948687548,-2.9403205255660936,2.9403205255660936,2026-02-18
254,2.29000753427791,-122.08149887460466,48.07892567318752,127.79562745864295,19.779439255069253,13.144832024257031,0.3942329802295157,3,0-500m,118.92341467480024,8.872212783842713,8.872212783842713,2026-02-18
1846,3.704791784286499,-118.35050367293309,48.24374077069045,104.07379040327554,30.79746425021436,13.874069666376096,0.520507460167929,4,1500-2000m,108.47461762180035,-4.40082721852481,4.40082721852481,2026-02-18
0,0.0,-122.63331577930455,46.60142650735932,110.2123454468134,22.90926732596583,10.501494183358703,0.4302218238313731,2,,109.1021410408315,1.1102044059819036,1.1102044059819036,2026-02-18
798,21.576988273585982,-121.5826063342858,48.78861174402542,252.03531694509752,40.08928801132194,21.10117857949794,0.4476387464586277,4,500-1000m,253.23777323340116,-1.2024562883036367,1.2024562883036367,2026-02-18
323,1.6455279145373194,-121.6507268201111,46.62585087180829,177.21503681433717,35.15238525884339,18.36842264409593,0.3260082363594466,2,0-500m,180.3856226548761,-3.1705858405389336,3.1705858405389336,2026-02-18
190,1.8543341688295631,-117.150321721276,48.08734414092044,137.52418945739032,24.638124877464055,15.223624697935875,0.5411569241808849,3,0-500m,131.93138695217482,5.592802505215502,5.592802505215502,2026-02-18
1306,17.543235189504383,-118.00423943376452,46.93550905825704,141.05687660751553,30.1971088847804,16.860665477773825,0.5734845367910282,2,1000-1500m,136.41647818063095,4.6403984268845875,4.6403984268845875,2026-02-18
39,4.084203551524936,-119.0918109688682,48.590129306088336,85.3080165341432,24.38150394690941,13.6056403930543,0.2305094878703925,4,0-500m,91.98562114045782,-6.677604606314617,6.677604606314617,2026-02-18
143,2.280510483964754,-118.91060266869226,48.63104497460071,155.34363243588476,24.714645575244308,9.217130153967318,0.620411892670332,4,0-500m,147.5257387260114,7.817893709873346,7.817893709873346,2026-02-18
479,23.638968422135235,-120.065490439182,45.34966723148433,245.5460585061188,43.30395200543831,25.41979716807589,0.5177787008882114,0,0-500m,243.930353207186,1.6157052989328236,1.6157052989328236,2026-02-18
1004,14.432899294361416,-117.37036533024036,48.7459733252409,230.142820422696,38.92303873152389,25.97051797906528,0.6405805218890255,4,1000-1500m,224.6042339742514,5.53858644844459,5.53858644844459,2026-02-18
638,12.936641349810118,-120.52618872982347,48.30213936608166,248.555072574628,36.45167432653039,16.70123633444762,0.5460988841988502,4,500-1000m,248.19217161355382,0.3629009610741889,0.3629009610741889,2026-02-18
568,15.504980836726157,-121.33637603091074,48.16524285725067,274.9190639415666,43.325509463636784,20.319125734541885,0.4834498752926931,3,500-1000m,268.3321191206324,6.586944820934207,6.586944820934207,2026-02-18
304,33.580250759835465,-122.85875264147886,45.80364535874209,201.14882227705343,36.413762093731336,23.47913775761222,0.541501323279309,1,0-500m,195.52727045936197,5.621551817691454,5.621551817691454,2026-02-18
1431,29.141953615509568,-118.4965604341726,48.22047683501866,112.47201391988295,23.32934524565965,10.790826971272557,0.3714223914051497,4,1000-1500m,106.04682065924798,6.42519326063497,6.42519326063497,2026-02-18
643,15.228203076856914,-118.85889247547088,48.40053093874015,285.7475986505348,45.07558065755891,21.642326829841007,0.4406135737571535,4,500-1000m,270.99528557760544,14.752313072929383,14.752313072929383,2026-02-18
206,1.8543341688295631,-121.30951473033106,46.1566013378166,136.78445551098872,26.362768620062365,16.53749993383765,0.3256715244908029,1,0-500m,135.81563929906105,0.968816211927674,0.968816211927674,2026-02-18
182,7.583007698750768,-123.8236461022854,48.809040313449295,139.7096707430605,31.35821823673628,17.73751783492132,0.399987885900735,4,0-500m,141.92027595331675,-2.210605210256233,2.210605210256233,2026-02-18
380,1.6478516682275288,-118.12701870597392,45.199440585596655,233.19482689110848,42.08586006729144,21.21068799049404,0.6822438566543508,0,0-500m,227.88199047222525,5.312836418883222,5.312836418883222,2026-02-18
1333,16.06304127322335,-123.92007411582148,45.59963701298856,166.6761138092873,34.254288879261644,25.12569418542019,0.5682122796518048,0,1000-1500m,156.9617945917353,9.714319217552003,9.714319217552003,2026-02-18
647,2.3045513339414194,-119.07410154259664,47.15032455220606,216.8229703168719,36.90561004168527,18.615264696203784,0.3847882978961108,2,500-1000m,233.00802371798665,-16.185053401114743,16.185053401114743,2026-02-18
771,4.869377713776131,-117.2082002319176,47.30316988448924,279.832914025273,42.615048765613736,21.862558194837977,0.327876492001297,2,500-1000m,266.3911718690972,13.441742156175792,13.441742156175792,2026-02-18
1938,23.85181963797745,-120.93637070296258,47.58060033320361,48.93866098162593,14.495384026974795,4.759716730607192,0.3583461185564318,3,1500-2000m,51.25402680450897,-2.315365822883038,2.315365822883038,2026-02-18
586,29.11945645323666,-122.35518616502831,45.067876517261865,256.1392176569872,41.700393472581816,19.156194132620254,0.6189317316509837,0,500-1000m,256.8016147814765,-0.6623971244892459,0.6623971244892459,2026-02-18
757,7.127098986980816,-119.06590292969634,48.84146709848852,242.97840244311547,38.76618806621966,22.05437168752724,0.5326892576143358,4,500-1000m,248.10991083518132,-5.131508392065854,5.131508392065854,2026-02-18
82,0.9274099368611016,-118.28010300589092,45.17835237093658,124.20855133779853,26.515770161420672,10.280844271281566,0.5265658881298633,0,0-500m,127.4390873718058,-3.2305360340072724,3.2305360340072724,2026-02-18
1063,6.464860749435276,-120.17498778745508,45.57224781089361,178.80317623626834,34.01770807864515,16.362827931211868,0.4610086749031703,0,1000-1500m,177.6589670850474,1.1442091512209345,1.1442091512209345,2026-02-18
1653,0.0,-117.23075307320698,45.05605807010423,94.61123268118168,23.49180039524861,11.677702549697202,0.3842426893656614,0,1500-2000m,93.93923129118151,0.6720013900001618,0.6720013900001618,2026-02-18
174,7.830426442279135,-123.63831894839429,47.267433733176375,155.76007357207945,33.8785310208155,20.23733389244093,0.5294943164147307,2,0-500m,152.8912323463653,2.868841225714135,2.868841225714135,2026-02-18
0,0.0,-120.4664308118683,48.72906753568389,96.65062037513528,20.724153966035164,16.060655723762526,0.3539734126253847,4,,90.3390483949473,6.311571980187978,6.311571980187978,2026-02-18
499,11.110857963562012,-118.97082236874216,47.66378866432186,249.85413317084064,31.04210995721189,18.03202085218794,0.5480813538415825,3,0-500m,237.95895507844597,11.895178092394673,11.895178092394673,2026-02-18
126,0.9274099368611016,-117.96151670195574,48.29062987392171,120.99585419428188,27.85326436282498,15.347984470427004,0.2797631797472585,4,0-500m,124.68658006981798,-3.6907258755361028,3.6907258755361028,2026-02-18
224,16.62075291141232,-122.74521071664547,45.05312481383432,169.84313355147395,30.42113269638162,17.494781788963493,0.5605591938156094,0,0-500m,162.3516868914352,7.491446660038747,7.491446660038747,2026-02-18
380,2.2906585080572914,-118.39997562765424,47.1680611939189,228.9411972476429,36.3201788331856,23.13172642824203,0.4715296904337423,2,0-500m,222.38847089974527,6.552726347897618,6.552726347897618,2026-02-18
871,16.875346119163655,-120.13105046997018,46.83825191002209,244.25822647973368,39.29684683413518,19.62443280852169,0.4009239197336264,2,500-1000m,242.23901614198476,2.019210337748916,2.019210337748916,2026-02-18
1486,22.35855944041708,-121.22412422607026,46.99587177688317,101.03507447190914,22.94370665558596,12.58551483466746,0.4065184440076521,2,1000-1500m,99.22837849136965,1.8066959805394873,1.8066959805394873,2026-02-18
552,31.33304158234474,-123.07799479994634,45.288852741340754,199.83221609603945,39.33471255128187,23.02351410598469,0.4516672803248321,0,500-1000m,221.31578852615814,-21.4835724301187,21.4835724301187,2026-02-18
947,46.92190933227539,-117.94292968763762,47.73774144427723,201.72543530223376,36.95806416639349,22.870455254800017,0.4675216486399484,3,500-1000m,207.7541865013651,-6.028751199131335,6.028751199131335,2026-02-18
526,3.704791833671086,-122.899087542742,47.01288165943454,223.9031125720739,36.60603473394436,17.60044318245248,0.6439199243356153,2,500-1000m,228.9126844818818,-5.009571909807903,5.009571909807903,2026-02-18
103,0.0,-121.8314849855363,48.060595399445056,119.49750836894216,24.23437924398133,15.377118671953417,0.3187377652300342,3,0-500m,117.8664188062316,1.6310895627105708,1.6310895627105708,2026-02-18
1483,28.636914882271263,-121.96968127626296,46.941162536246864,60.49572108883204,15.396724037380045,6.962797539544287,0.4044214705939976,2,1000-1500m,60.6438432118358,-0.14812212300375904,0.14812212300375904,2026-02-18
1385,39.91806459707646,-117.900101760664,45.597526544905726,75.02484445797688,21.30337276719618,12.086893103792583,0.2985656086948481,0,1000-1500m,78.09682875524038,-3.071984297263498,3.071984297263498,2026-02-18
