biomass,rh98,rh50,canopy_cover,elevation,slope,latitude,longitude
204.46294095795628,36.17243617836086,10.826672093462216,0.5496802988718428,1137,3.9387906815565956,47.69081197683559,-121.37821916806847
223.28000871536963,38.9469975459749,22.557184306825164,0.5665122484572489,878,29.183330605826633,48.18672558876549,-117.34499985513058
121.89918502692699,30.42165679175759,15.049979386442162,0.3813415715093869,156,1.3431949580629947,46.001871595169995,-118.87604240732017
223.10073137130615,43.217991872330266,20.54667183653526,0.3292659517944017,580,6.577201238126905,47.49949639842799,-119.80939061062074
120.60705115425253,28.648961798444063,18.033686476270354,0.35493415779916393,1450,4.128447803618047,47.286983932575,-122.90786951690295
202.44353347796292,34.95609726474076,18.88303053314159,0.5380454877263446,705,0.9274099469184875,48.331321507153085,-122.90803835764657
191.1695366366533,37.52238125481629,21.70256034055881,0.6074405391010005,205,3.9508388258467675,48.62434824192504,-123.5934147148226
161.9937000374047,29.116260617444087,13.451828782604975,0.5235339884081247,1080,31.745610856628733,45.048627085909544,-117.93676697957545
100.1194628739251,24.765083993441742,16.37435004328829,0.3458695061946201,1521,19.645811361335735,47.69607967623517,-119.79219491779754
242.34749997721835,46.14100360024671,23.31737428438124,0.5970563483363596,572,12.21578395712405,45.20734319647892,-119.04349195542768
207.53644221627505,41.899793391986556,21.46309150496937,0.6569699271313171,1113,12.00919365850351,47.195434660309424,-123.85590853992939
120.68474782356273,25.751944028865868,15.606921160886902,0.26271941120642217,1109,26.905782255150154,46.150530916174716,-117.21063103486604
171.7360437857204,36.41010710003778,18.168087162760695,0.4071948677603438,316,3.846254208971997,46.227106398088566,-118.17290151439705
171.72968822515992,31.655417145105538,11.739025147837083,0.432999596204812,1079,8.733541935842318,46.411834013809425,-122.51362622525207
153.4938103422718,28.763944862575016,15.718535885048542,0.4840484149855332,112,1.6216032252545878,47.48516979619844,-122.7272252295503
56.39576807881281,11.882460935723957,4.23614278898576,0.49805994301177103,1679,27.56674575805664,46.33619986267507,-122.71616843102596
144.85276604394443,31.756148692675733,16.357148993646693,0.4092135998696136,1189,19.77401942711974,47.93079620236112,-121.87030429928323
160.61444800353186,32.821993203720496,23.52109051404454,0.3602048674829496,1075,22.166743640501192,46.61810954229548,-120.32670497857434
120.89938437283152,30.284286018864822,12.72188023897002,0.36733895341057954,86,8.74180970141695,45.273412801239836,-120.9763848695052
205.46061675232036,39.3608255241964,20.224535700569074,0.5146934561862432,352,1.640132280070682,48.13503936993643,-121.96139601861371
229.82524002858324,37.75629384585047,16.214326749183037,0.643606220345541,761,6.192978431902313,46.143033298370824,-119.71702973694335
161.82247950850905,34.911598970848495,15.70715254110007,0.490401589815607,148,7.040301197077149,46.73106751839705,-123.0235429754357
178.6188118970738,40.353007789953224,14.240015809199578,0.48713789080913483,1164,25.889214743804512,47.74177553288761,-121.95498746025348
228.19266512087438,46.71479440533986,27.303017489619876,0.6029611632395604,434,24.287247616637202,46.32982462859485,-121.43546709694415
135.04912530252878,31.364784621439355,17.73132231702471,0.4586996166555403,46,21.965254851754697,45.22634262458686,-120.80751011048075
64.18670211404591,19.739285443801705,12.638666034422808,0.34157548491664663,1812,23.9517095879342,46.49568418805126,-118.50376827024891
121.86525404197431,28.325842003310502,21.836489709115476,0.5070411518607617,1289,30.911505907118205,48.77779433077721,-122.60228352489148
235.77536550476435,39.61342503536091,20.306076615681032,0.6714317068370552,666,4.054126079146886,47.56693758919423,-120.40035893110472
73.96977538773235,18.205762943979053,5.718078320073987,0.38442585260887013,1883,38.030971614099826,47.685916594668825,-119.8530980179657
141.8879250914173,35.033909765634334,16.847260585368232,0.41908013330916866,128,3.117483683158879,47.52912861455056,-123.67484711096002
173.289986208744,35.85508629844228,19.42901249546704,0.36608910008261436,351,1.6459306942722869,45.795968555837746,-119.74718603668993
99.01618832914936,24.3748112379513,13.12446825261315,0.5252985755437428,1376,37.18891179552471,46.67333545640912,-122.80633113418897
207.41512145648423,41.93718872961762,23.919454181242166,0.44271749792506515,466,4.811918736872867,48.00375919345327,-123.54463884910304
92.08337328127007,25.818197827718638,9.614261021376274,0.5809974331761649,50,6.938715596490761,45.405491590212634,-117.35780123922666
63.25410246121718,14.188548404914316,10.215925544993775,0.3626831255209661,2161,45.45426025373025,46.11141110435885,-117.24057576847808
202.54183149112274,40.5811266509364,23.610863882135984,0.6062348245010143,391,31.23993346072499,46.105276433863416,-118.34121856318477
230.27621135896828,37.41128192434384,18.040497186960323,0.49994795723362445,650,37.535701080567705,46.72807571037802,-121.86770361578641
203.52671583480577,31.73864690483643,15.687399950696818,0.5787741841464661,1026,5.9012701357056025,48.92147496376874,-123.31629520195531
146.84957019353487,31.13447128685597,14.933975401515843,0.5469902259620647,0,0.0,45.27001018673529,-119.2103688144149
111.01705305980681,24.432423185581346,17.537052555583234,0.427971888207914,1517,23.262214391152643,47.07480397752238,-120.91893254382279
156.14514006165405,28.624209440426128,13.78377679996244,0.3605627581890695,1147,13.714366765525934,45.71745872804884,-123.14573235608655
234.88418368618966,44.78745263518506,23.744947091471147,0.4329202496183616,636,1.378329975913937,48.88270618163898,-120.5337616292211
108.19006022237429,25.342220627870145,9.53903806604011,0.5159284652306841,1280,7.51561445848456,45.453214018909854,-123.75928035219347
254.15186400531573,40.645917566932106,23.788818619858965,0.6926291384809299,421,0.0,46.61440400944637,-117.63475718544852
116.96384562103184,25.437605965599072,14.555541664235998,0.40686182599403015,1336,2.2829557898413824,47.951539939338424,-122.18854012879989
142.14159504332122,28.169202334346053,14.493913919685587,0.6053563695596484,243,2.284636771313879,47.81821771210978,-119.36234400952213
262.2839354110332,42.11326303185249,21.373579817711796,0.3318984472407861,641,11.932575430782716,46.69091454757573,-121.81802246737412
300.2104337926422,42.88861407000892,20.117813018473917,0.4824425470312878,833,32.88782715908216,46.386096671810876,-120.35952385175533
217.18540535328583,48.993674092530554,24.22172272042051,0.4540252476734178,429,2.7802885155287553,46.590449514211485,-120.17302804459705
149.81684367103549,26.78770190558857,13.284426022134296,0.44335896563563987,153,3.2652894701871498,46.057105052634554,-122.70601881132131
219.34475697851775,38.26998291073219,21.35249479313846,0.48587082234073614,421,2.8252052604798004,45.8213317548272,-117.21290760564808
168.84797178062394,31.04475093414554,21.02169474531786,0.4629592126525748,1091,12.473302841186523,46.93215879023556,-118.5740702364722
86.94940668271403,19.679961443523993,10.028862414548431,0.38204768785649734,63,7.170865445855114,46.07413502427043,-117.42350740905067
96.62094770546616,21.186864272240356,8.327754517253956,0.470760546849615,0,0.0,46.149846659589,-117.73620854700646
237.46541555063905,39.56260277050585,18.153950707084842,0.576624349656396,541,31.927703281067984,47.62702425389823,-119.8147001483224
271.36690000994474,45.377224604917714,25.431289207479228,0.44521473292723185,632,1.6805878048142842,48.87414932679957,-117.54688035483818
134.7090785433826,32.799099413828124,20.86373967122227,0.21734804794742965,1347,11.883978202558998,47.4145488022375,-123.38055248563656
163.54793676104904,34.52728842979317,22.935824427766608,0.4022970293267788,177,1.6199966303246176,45.307917868259864,-122.62811996306598
112.63648049999664,24.254284945569616,17.733007405287175,0.4175111322854897,1,4.621586806723618,45.302334455416265,-123.68340897762623
282.05654350484843,49.58508267180117,24.794465882627286,0.5447210795960696,710,23.885088620887945,48.805692883382264,-121.72268768465715
156.9647869623794,37.54814037160275,20.008745201731355,0.4678475601136467,303,16.181191108903178,46.18916316122933,-121.27925897217362
178.3369971364165,39.91089656745162,19.461606712004034,0.4607622072319305,1197,3.958936577333471,45.3682679443299,-122.10055677758272
122.23048399182571,25.36334281619193,12.337720779633253,0.30491597063664433,27,2.318241552823721,47.396178348601524,-118.1988374359365
93.28752664435494,25.226263520095863,12.392855445245257,0.5291922455459358,1435,39.91625836527529,47.49459511316106,-121.50272671314488
215.98144941386732,40.03295358497364,21.698316945801512,0.4589883349640477,1006,3.2354223984479646,47.594019280474754,-122.03345843218834
215.4640638227141,39.54584349408145,22.408986042979866,0.4159541419854098,440,7.009187689387833,46.06960811143016,-120.20112741789227
190.1018281140709,36.981229836136485,17.64214637872651,0.4942680279889474,256,2.6673240667446407,45.0604427368579,-123.01353042517667
214.7340547895363,39.351566481915704,20.951984087700556,0.5024460491662189,306,7.678380106962892,48.86006147781789,-118.38462113472173
199.01666999534405,34.84296349896135,17.61139598885409,0.5444031841516868,193,0.9274099368611016,46.00357218276441,-123.4781454942416
203.43522871677195,40.56677231916061,18.61976458170726,0.4570107376301415,521,2.8253902384950567,47.70410515221019,-117.09179144379638
185.7532105182906,39.35656000653206,16.514265318172537,0.5319612320117973,456,0.9274099368611016,47.826519479514836,-118.59428661492339
203.88237980725285,38.61221716119446,19.61360324039605,0.46974670938186164,437,4.2617197128839885,47.44002966831794,-122.6089902292608
109.35544250198387,25.485797826642862,13.872980553950258,0.34021626083458867,0,0.0,46.25162957685459,-123.96134518013478
214.9545228556957,38.871084643997165,22.697228688686522,0.6773735911182468,1041,6.20418440393052,46.08438501505626,-118.29177000081616
263.1141194254037,45.88433401882674,26.597341057997753,0.3952758539417939,782,43.05587069489293,47.39067313081081,-119.05199859306668
206.04948403851424,36.15144351419822,20.46802556164184,0.48961309662023195,769,14.820878746880647,48.46438253444676,-118.89694982371309
97.69941545007882,26.124884458261274,16.717945451266168,0.3612332901742464,0,0.0,48.786934915693585,-118.60110757319838
180.19808049935443,31.368008236654354,17.103987732188042,0.5285925006398587,248,12.845523889423909,45.42362321761503,-123.48168743786137
262.5491330951142,42.79969084708461,18.621043634903053,0.5219405747871061,767,0.0,45.61931445039088,-121.49073990019009
134.38198915087648,24.115737873708415,12.210409070726818,0.3972405164913028,1338,13.932718678944415,48.77894503513232,-123.18891658332409
254.4389164577809,36.871974143515494,19.587927951089135,0.4604443032199252,702,7.378860558780502,47.94614091333917,-117.95827601887085
91.37074437839148,30.08669771838,15.768228269197888,0.383616715493319,1474,19.542192701306114,48.53197529931909,-119.6369131122071
250.71601129082129,41.01794222917277,24.473414102477008,0.4496053409514889,558,1.6664852176571385,45.81053053654137,-121.68371382603145
211.28351841166688,40.96589014672311,19.746797354287242,0.4275699229121651,385,6.464860749435276,47.35034348443761,-123.55509154799783
124.21728343549339,17.90417950035385,9.962042399039046,0.3637527515758311,83,5.45177874881619,47.80455837766989,-121.82312374799037
262.5947388321479,40.64390899448045,26.78152287430223,0.49887689606519137,677,7.107537292414755,47.72044754178789,-121.72371674581277
97.67145128098811,23.05767734235679,12.506033917127413,0.4430595249928271,57,3.9347925186157227,46.63260676346679,-118.89275675163356
122.82563553086203,25.13755215491773,12.530002678807188,0.37955745158263704,51,2.2784995610167993,45.06157956676523,-119.53709770051351
233.68251396479806,39.63014353590276,24.57626734185513,0.4764475296497827,489,2.2823699402954536,47.33170422721705,-117.78951080196572
277.8333881678627,39.53952317284819,19.52509451674352,0.5529372562782163,822,6.696121684817804,46.012406156718434,-120.69449552386635
151.00283803989618,35.01565342993272,14.029136300540305,0.5575024380602249,1308,5.45333054272083,46.80101698457156,-123.16284027843189
259.5013604117518,43.54831877098201,24.1801486787787,0.5117407728139682,615,15.818721153158398,48.83032406033527,-119.00728648943904
250.45594912588209,36.53118926215575,20.51956857734129,0.5265783069250745,715,3.1001655510035273,46.59614127056974,-118.67450465968172
192.61245628611678,36.9466219800458,17.123207987449092,0.3974442014918353,990,4.323593213841574,48.35920642665771,-120.07105961701353
123.80087317034088,28.319645591957553,14.05658857874166,0.28857878086450467,50,0.9274099368611016,45.754162422997005,-118.60322974031807
261.3699058888496,47.02182268996309,23.5315169792806,0.7028758315905104,672,0.9274099368611016,47.68984199210011,-120.54343082544926
182.91126935938115,37.928262100597266,17.65709662638542,0.4732726883382186,354,32.14018208762191,48.90802781775577,-120.34087019432604
82.0754598593378,17.51218712337802,8.01737968147596,0.5198238451236237,1841,30.17452788036328,45.40757240349175,-121.00721287149015
195.16028222591288,32.79123002215641,17.09712143053619,0.47229353376581323,417,2.296113102365126,45.03327976890877,-123.82206611279133
173.24765963162957,36.6621509283716,14.3072532722755,0.3986618400240357,235,1.3430790103879775,46.73433117053046,-123.24476001104686
71.96363918711496,15.292405156439791,8.93862118396755,0.45201855895942133,1706,1.3909640878680913,45.37050193220547,-123.77999570019286
289.78229398137853,45.46571448183898,23.76824546659858,0.5060869739406006,666,16.216221591509232,47.99353739870492,-119.54512712115354
119.02231754531878,24.216536508906838,17.683104488670182,0.4300095753003343,24,4.820048885560117,48.65819465539423,-121.79950813246572
94.94729094774455,25.068822513914018,11.03642420698655,0.3973923250353889,2062,15.618191362176443,46.73608389083503,-120.44000516184708
68.02667012437084,21.203201920405927,10.255064145177197,0.49741314210329435,1484,42.73263014200725,46.03484656862177,-117.64703468251734
204.96168791474764,37.802112921854395,18.114660063106186,0.39315783935801807,384,33.34766900366842,46.73761327602644,-122.25495439595788
148.71601089577882,27.73173123959369,10.780192113899153,0.4465970964350503,1265,7.53859368756333,47.893791271400005,-121.1273195387506
106.58680994376273,25.030858714681848,9.997890682810915,0.2748688037277164,136,17.02910510734643,45.036216646321485,-118.71114203019866
237.65420272085362,43.752631149545124,23.529954938626314,0.5854991182263463,549,0.9274099368611016,47.35781595793879,-122.39841284155864
109.28371102042234,24.6363826707273,12.94090660862177,0.4547530447352676,21,28.98361812711297,47.453166739549516,-123.46114063119845
86.70195803618961,23.666266809097767,14.652098360098393,0.4126718563935737,92,20.519488822418047,47.55075298758374,-121.97173982960362
256.11315025419805,46.75219518188825,22.948283272953525,0.5535081884181589,570,2.3020832176483363,45.96808831992351,-122.87145098922197
130.87914722702942,34.81572668552443,14.686305222686089,0.5088988524286476,29,3.089506965284076,47.856210893512504,-117.49211643360199
87.76131984810515,27.698040881751396,15.295856139318477,0.48530081814264003,1374,26.52445313430163,45.365565945327106,-118.34315734304909
248.6751996286811,40.8933868070591,21.446555609819445,0.41338533647721576,528,1.6682330904195652,45.797081345867205,-119.56617370442703
215.42708017220497,37.8549208058507,17.878739117495144,0.48838135527757737,830,3.827187429184299,48.50988018661793,-117.89977586868598
199.14896160976753,35.29665087206822,19.52248617563472,0.5610112256199103,382,16.245059689916804,47.95489260290626,-118.3742954617062
40.504893515959836,13.170515014652725,5.339023900538313,0.30418352780117336,1851,36.0979529884404,45.05498221604538,-122.69400958779775
280.4139789768057,42.174290548419236,17.837989068554087,0.5409469137975595,804,5.846255720973885,45.9935050414792,-117.75208701057015
187.5713568469508,29.78786054993034,17.21739237375268,0.5023406934103092,308,8.143114574813495,45.857625931972656,-120.22460430659045
169.16804325247165,34.74976971694397,14.652661305165342,0.5004575281496351,283,4.103827903062625,46.08322531214789,-118.34791891385156
64.96175165510824,17.852886427654436,10.550949998552868,0.46465386713240237,1665,8.48471474837022,45.99023908111955,-117.72736090053554
180.46724791534183,37.929846158534865,17.77084300140441,0.5468899389593651,209,6.917319425438424,45.25010518297138,-121.77397567519695
138.3920669574687,32.75511124691351,19.058995271910824,0.3871979402279858,1562,22.057704421815597,46.83576206638728,-123.22963652830626
193.6815527740594,40.23572585983875,23.519176564499787,0.6125829686714102,529,7.02092474456263,47.93093389914466,-122.40445386220641
284.2555185550219,40.28692050234846,17.78406332890217,0.5250461429236598,797,5.320118214496083,47.426926898869745,-121.0102454796162
150.09850731009814,29.71845517969812,15.25174592982833,0.3861648751934279,1373,26.17793549143322,47.69148667439232,-118.27389663854255
265.7037816996767,39.15123590469884,21.080952110435394,0.7179894338654117,638,34.88224899876807,45.32459671414496,-117.9748859172056
182.44653085919228,28.726195161485506,21.484422113242925,0.3843489190757887,977,17.940062698471746,48.805962840707146,-123.95133508628166
126.93814870438865,25.280497655629006,9.94989297524327,0.41989342081547315,0,0.0,48.3539673353721,-120.42476888195704
253.6859625228965,38.017567581338724,25.637429485046177,0.6329983044155268,750,4.826602862529488,48.220361273982654,-121.07812297795854
74.97391938275813,24.328205892145892,14.955584757008033,0.43931421237163276,1549,10.007279111489622,48.29193522016707,-122.44524532670489
49.48238450589618,6.830131849410186,1.2660491333700525,0.5170891459270843,1989,4.8127487819024966,48.730842032531044,-123.16094242866421
230.5444024158368,40.6539505613555,25.128277377296957,0.6616547747241631,438,10.183330207864874,47.17701586445479,-121.6366938001746
204.22885552523192,35.53164128579957,14.428071011046622,0.5244620108879534,331,0.0,45.8011280714705,-117.39963207261236
168.82041563525343,31.085788930406345,19.313779179539495,0.4471094168318835,331,0.0,47.467134431410166,-121.73757947585472
215.87285489092955,36.46576824603403,14.371668041778893,0.4964347275589999,391,5.5159833703089,47.971525974671756,-120.36846564779644
227.1728078288959,40.19975993098001,21.590375901324872,0.527373015556332,777,1.8543341688295631,47.951669573416105,-119.07886728773376
130.09202434073907,27.688862645021597,17.363336221598836,0.34880276659383874,31,2.7259431049144016,47.08579609666752,-121.45459278334494
257.2643295725007,49.39443094166239,22.480621193149283,0.546141203764901,626,36.73158961626552,45.27383487733431,-117.19752542095327
117.77836741908378,27.11471754562388,13.687557527086149,0.44602284118313523,99,23.047622680664062,46.48445175372051,-117.26286893540522
156.38094407584447,29.60961841507089,9.932072040131658,0.6585336124151564,246,4.812196952578102,48.683066433853426,-122.23752392922245
275.34004409497345,40.54491616976452,21.678998039699067,0.4276649038685598,605,1.6516360818101812,47.33779563902971,-120.51926045875331
167.65344769727764,31.79946999559496,16.838752874103207,0.4873727785548685,210,0.9274099368611016,47.15332777302285,-121.89385183128262
161.32190043240888,37.399939520705814,19.815628069310858,0.36485889206528993,1193,21.25511836532864,46.075414057528775,-122.00611653935772
192.7889331060701,37.169391438520734,15.509404846418795,0.465663799660433,347,0.0,46.47379567966632,-123.74179136851826
149.49477072905896,35.25895253445882,19.0044566705692,0.40328742914246896,205,11.068801879882812,48.58138435661267,-119.73304966214073
269.72097279494443,37.57515606103597,24.23376890930779,0.44214164487984836,790,14.411170674958237,47.665852190107344,-120.48124683739798
144.33167782117567,28.108377499719655,16.563799096987417,0.37532994703980693,170,1.6210161365113231,48.14954810700933,-123.63964874125007
171.73635728697818,33.25756890567535,19.559776149117084,0.5716084267856688,1169,28.771541164464534,46.81738169227062,-122.04947475034372
247.80918494913982,39.62199628067499,22.669411418771297,0.513853348910311,621,11.832122343536001,47.520988877824635,-117.64213879823342
141.3796332286165,31.911099136102006,18.63742673156824,0.3704593077555502,389,32.25459937622033,45.99353443497283,-122.32306676533119
285.9446969126358,46.79742401663197,24.000011481272633,0.5073200137951895,694,1.6570061163120537,47.82184332113395,-122.98573589536144
144.4758482274007,28.54956712636924,17.662625372193425,0.44744148538812445,1553,27.554011208069944,46.71040533481335,-120.57383067805706
261.6019075501163,31.349055876243582,13.052331727622517,0.6593657919145526,816,2.7802885155642585,46.770182059258985,-117.1004468212258
255.2523018127043,37.68479965506181,19.225708198503565,0.43020003801021584,644,17.859864756199514,47.59728929830753,-122.3056130994195
199.14350663914564,31.712424883970822,14.298950225603534,0.37719043978127603,1010,8.857924873359464,48.745122485875704,-119.29505116815885
126.5478161801549,29.61455890470471,12.884055337243668,0.3779674167772661,132,6.158395009984591,45.25602538643449,-118.66866269269897
105.78975097328822,31.956005822752875,14.657637083642546,0.49612842242183636,0,0.0,48.29897294938803,-122.3365371920532
222.9866931589321,39.39375356856851,21.841431892214775,0.44212838737175464,587,2.306678674318141,46.16953244164877,-118.90248555971698
246.96898840610203,46.6248874679661,26.124317481428115,0.5859094379866253,712,4.627367505919335,46.775677818025514,-121.42551807096523
98.33832803114505,24.949872884856752,17.345251247127152,0.3953440239623075,103,5.329008826670294,45.087653315100034,-119.57385918584494
95.49822810187109,27.296110390933567,14.636426716493332,0.4152388770251625,1561,28.615353739958913,46.20418431133725,-119.56529202467374
161.7689700206162,33.01897038972094,18.014981692082674,0.5033486333557803,1119,12.769178384018852,47.01052497052052,-120.24957721147669
92.52457121886667,25.586073733286188,12.008426212131468,0.4491138749028813,2035,31.476314544677734,45.22470430938976,-123.36797160961915
87.22796459489773,18.93481640645862,10.45409486490178,0.2657616638672963,1528,8.019110035605378,46.96438291753266,-118.15288253087533
196.2438695005672,34.536233525463516,22.445472574878735,0.45760803190515503,289,25.719174950417457,48.70844251543371,-121.75453954519784
251.20113265585562,45.87419256927794,23.965701446352373,0.5236281196302937,557,6.601824535574919,45.42157287243122,-122.69437042720102
311.84240101255386,47.93647778480786,24.891111329146412,0.32011770764400616,764,19.01881885993723,48.05776291230202,-123.71457400911665
33.3589972006748,9.038888462369716,-0.5413420907740303,0.15,1868,22.84050662914609,46.63868421350397,-119.86374939768231
226.72127311470035,42.29222694552643,20.70142891664478,0.48217121100953275,542,3.845055167538898,47.62069485809735,-119.25704946710403
128.32031386273442,32.11527861120466,11.563024157093437,0.45980408731691896,3,2.702029307271278,46.04094639194092,-123.88388519750501
199.5181827417038,34.98716392187132,19.30309651280221,0.4614824044946736,161,11.681822275987939,45.63796905016543,-120.41534859190503
76.77744370719923,21.810137186584917,7.012885720557296,0.32986094960223283,1712,12.84189308257074,45.64185045708491,-122.41452957361443
256.98067850622675,39.03949704260069,24.510174784614325,0.6644083451304552,776,0.9274099368729609,45.28196778257258,-119.48379046713384
81.75459269151021,22.45845441648829,10.715784852180082,0.4583869104159992,1593,6.06333614798899,45.74258681960497,-122.77943499696507
138.6409435804779,29.66101474659668,10.892215530808791,0.38445117787980865,0,0.0,47.65687753995587,-119.16343583328273
197.1912655592293,34.368988557121064,15.12732894541569,0.53196275689785,396,23.178907731219574,48.52676244737403,-121.29285257589623
108.1438696659458,24.98503131964845,8.702880452908705,0.38631573362804206,1534,2.6339207327315615,48.256502742364646,-117.44289007884286
228.03879130339422,36.74776358261793,20.415220181207523,0.6888468129367573,511,2.305374182443945,47.74053723949794,-123.03735339097804
48.84672335622342,18.726603974178282,10.219864484056597,0.5380456749479973,1884,4.815987104833078,45.44172745364441,-121.61253554264819
134.05814974693112,26.281357333078972,14.058977747854518,0.4146649534111799,117,12.228834631012694,46.1567497851838,-123.20568535131588
210.85940221663813,38.301503663498586,18.64551552064447,0.3306720750308775,376,2.302244118046864,46.239227501289875,-117.52714467205006
151.59043749563068,31.673182634852495,19.32780577530264,0.5353239781938933,83,8.261003118976928,45.99982778559048,-117.85862452633313
241.3494670281899,37.034471552453866,20.133710499764096,0.562507193324558,548,11.830264895221772,47.060022638838895,-122.19440860599391
243.7835736565104,38.599115533797466,17.113832653270308,0.4689471896268596,667,28.228767453654672,47.14221525951869,-119.38011167776075
264.95095753620495,42.745167949737066,20.34228275185393,0.5152992930911937,814,19.59080429358983,46.42754390068444,-118.27944459859148
215.19507774890047,42.28381609390274,26.005296104328135,0.4826694715093157,412,17.145599414023792,46.415156634945745,-120.11359431880376
266.89498804664004,39.552752322643514,16.025717017156914,0.5838204824820984,713,2.7802885155642585,48.31422239162433,-120.29244595150796
175.2158298449929,32.96523998631572,15.066770706494948,0.5316133705029863,307,3.704791833718337,48.157171393278745,-122.30703396369684
131.25176449942032,27.528028920414165,17.12133528723921,0.3838075613697428,1423,21.911133847204518,46.231183326722984,-123.34828062535871
266.128163522525,35.601305354427,14.831332120659141,0.5518438066432677,634,8.476653331828604,48.655153775493034,-117.71948969432671
247.4271501767913,39.77524371163829,20.991710692805043,0.5320221638636071,381,4.155700163883872,48.81126006801002,-117.69707359985668
207.87953708598363,39.40725937251577,19.094801039427246,0.6481274530555385,317,1.8543341688295631,46.306970168120166,-119.56828979908713
249.61629317304224,43.20388995811761,16.30817865309316,0.4721972348363275,499,11.883978202558998,46.41769979517222,-121.6267914626591
215.2029951613606,35.79395172632338,16.224006120803736,0.4595846450225391,776,7.621729338365451,47.02253661368783,-121.55553297771138
155.0764821790274,32.979007902480134,15.822728600109166,0.4272097558168479,1224,9.269897283025534,48.764483250134695,-118.91831024790832
153.06998013065692,29.995531284090436,16.314219023628574,0.395505811147153,1214,25.869759663077584,48.50527773256925,-117.72022818033196
279.7496763518235,43.95432662854387,21.00438517041862,0.3899570348309939,673,3.0959238654869936,45.41027185033436,-117.79039503014418
135.6769281437713,32.01611347764795,15.278559395075627,0.5668558163696632,28,6.203730622654702,46.570922973085665,-118.54087117899664
147.19019696750996,27.8381126196904,11.547120825531989,0.4617530562804583,240,2.289566603724759,47.21348475899909,-119.50577847691999
276.4890941380272,44.1578723265071,24.63456592092455,0.4514893348789599,624,11.383203752752435,47.01252989020616,-123.41102024503466
241.39284651284567,34.05717543832154,19.462125900630465,0.5670431418698375,780,41.29263613567988,45.77545227174757,-122.8685990013377
267.3639918528783,45.24250285136829,23.426144570631998,0.5890553748616789,444,2.8522129948829646,48.43526708467262,-117.71012068031044
226.6983283601087,33.116969723540215,18.989713954437207,0.537917253900621,698,0.0,47.70776313198735,-119.75499658238287
199.69217715759504,35.74614007327825,21.649524295009332,0.41329803765233947,546,1.362860378826817,48.351633499407214,-123.93562063868359
47.69521805374542,15.466419678408123,6.805796859691164,0.33758911742532716,1566,8.683686759281251,48.43505711739789,-123.28969919993777
84.09909296815222,24.73915161203655,14.953884329363984,0.3191822626855736,7,11.715077152999104,47.993423414662956,-119.35548761624361
127.8189738158309,34.00202626247419,16.67171597741451,0.37718599833498995,1165,27.10021972483268,46.75684240499887,-123.96456891307646
308.89909261563093,43.860053428091504,24.301672804810593,0.38760959331090183,698,25.08283903728853,47.442187020061695,-122.87434364007751
115.72428004526039,26.18200874632876,16.172673885029468,0.46190407724218274,106,1.6564462397708504,45.64146162447897,-120.1588634744339
213.9581483246839,33.65158441124774,18.07196679051907,0.44070578201487376,566,21.901829826948195,47.694581669899634,-119.15673361615114
195.5535190761622,37.52950915093371,19.413014969316933,0.48954620887991973,276,45.98051093301945,45.717013022957126,-119.4362711834818
179.31209811265035,37.338532286515125,16.890785742426484,0.41525072736580354,362,1.646573759756964,47.775798362040625,-122.43011483377609
203.68109510387765,40.48339792739422,16.02194952992447,0.3899990004030469,895,13.640628981646781,45.91839264301588,-119.01474545056725
137.95412094893317,25.53917732937012,17.00932478796366,0.445751981295664,66,9.95249240178149,45.47020520060088,-122.3392563875224
101.37120967189692,21.134381430242474,12.068941734104904,0.3359426662223744,1627,19.77349694858972,45.66113796057183,-121.72220211288513
154.15580364490603,34.1614106295958,16.261504926264504,0.4226539779030341,267,4.542732628293692,45.007968540876284,-118.77456016417383
151.2466477637314,33.936391257134545,19.639029926095255,0.5387674455955577,66,2.636382757559556,47.87495847141412,-119.4525697066695
262.9944105929258,34.33080560632799,15.02637032934122,0.5992688590830665,682,0.0,47.92960419623352,-118.05543612654076
287.0365888517206,40.330620197264274,19.26846437077934,0.38654722269555064,561,19.10375976065678,47.05973339965304,-119.3967097538976
117.92303781578572,18.762853972673817,12.074463473093854,0.32439774420886186,0,0.0,45.64545120422154,-120.0218397766517
283.47775186431755,42.28492561253175,14.404811238324754,0.4680219314766727,550,7.378860558780502,45.334217350042756,-123.34427662520335
255.39791771974427,41.42191756409174,22.3688969464208,0.5360797814718669,598,24.82702388580371,45.07651586574915,-121.42598937858396
160.396626484949,32.94794604346005,17.60586126171313,0.5263111792334595,1048,9.573726764060863,45.66299270786088,-122.14358342622792
212.30389954297394,38.782355035435764,23.995685490121204,0.4085506627258305,218,20.565197011589806,48.563422139932584,-122.29207249634642
96.56225810479722,25.816770613867003,14.18483132507858,0.3588983124219948,1368,30.3188956023741,45.96614736680673,-117.18892611673289
207.75054056477381,36.410493250416586,15.3340120358169,0.4917495753714871,976,3.8518178839958486,46.41708530886886,-121.24831592733268
91.58185202072968,17.51569992318629,12.701861574004289,0.3861663876878455,25,4.54961075793035,45.42138193792533,-117.75567411376021
254.59789866392774,41.61179457341194,23.182620409126315,0.5835795992960491,721,2.908351744598049,45.889445218992684,-119.58202961801916
265.68625871400627,44.334773730352246,26.489563886231167,0.6105967212292509,677,28.568392779985885,47.07689828312082,-118.43632087520847
85.21142087219852,16.942252549614373,14.595246640597537,0.426774507818915,2022,20.640872936914736,47.43101073238261,-120.48154034826365
270.91178932353586,38.69823907591863,17.26714346918475,0.49032025436456217,611,23.12614128335782,45.98140925666485,-119.96167280761549
143.21327140951774,33.880611233294076,19.15770719292036,0.37773665190001027,1455,5.320029427270724,45.23092863690047,-120.55237614326795
117.42245992997142,32.08396773517073,15.490292943343292,0.4716769605342705,89,5.588046446212296,46.564131476509594,-122.63329908541368
55.40213436341787,15.730799812556727,6.604976119321694,0.23856126478898343,1617,21.43483064247743,45.936813483705336,-118.94283519316946
83.8285877100982,17.118623067095093,9.694186052717845,0.7002883603892673,51,7.844401169471883,45.878215692919206,-122.034593462914
85.8578818004629,19.88585244764244,12.756162515187286,0.3617567950102282,1421,9.080372386365415,48.839451210853824,-123.82978823497983
157.03773884900409,28.43327909720212,11.159059426578535,0.3171808649672959,378,1.633813487447812,47.465201943702894,-119.48169392864983
136.8670999147667,27.289260495209234,17.134343298992015,0.4556397561841703,67,1.642628711732583,47.22751377268838,-122.76022524415066
207.44815414654119,39.61338405040584,22.292508764298407,0.5709215452224428,951,20.580545136746558,46.663100414093286,-117.4167899095296
230.79929459905026,32.16290486392117,12.521590120298821,0.40239371577095423,522,4.842417649396873,46.715777333720574,-117.32249996098189
121.18249458261496,19.723387685864594,10.111408182911358,0.39121035553550565,93,5.547544894612033,47.16362001535232,-117.59594926845686
77.95384721723406,27.616670667363124,10.693041548627672,0.3495883647455017,48,1.8543341688295631,47.78571922814443,-121.40888909821189
221.15486236560747,35.210454019890484,15.720077904572765,0.30803331574309056,859,12.18713517418116,47.80858438472732,-123.89180368429793
122.22230390798742,31.155158630950535,13.353835922758243,0.5994358045348227,0,0.0,45.6867756308218,-117.50177006188592
99.3261413040718,17.44719070133873,8.785758580961065,0.4626135357343558,1680,48.34165589898872,47.000451008306506,-121.0027109617788
216.4520746472594,40.596187086515584,21.947737043856215,0.4650393685875154,923,4.356945037841797,46.64783238013641,-117.23341626669432
299.39871945737536,39.01506036264218,18.998129687586268,0.4149171331720289,609,17.97670620889277,48.48210786507754,-117.25466016037522
148.38069949583883,26.84943143173234,16.749256117553955,0.5314992585572105,320,4.081022178192475,47.525675684873505,-118.02893381172848
184.11718766461425,29.472955342640258,12.991579045922506,0.4390769698540639,1042,8.489866423472,47.130016265663926,-121.9388577555129
179.25426203542048,35.74588948142224,20.22370072852961,0.48019787573105,1067,6.106232452549324,45.461578568715666,-121.30431589978653
28.805626222198313,9.374882436660304,6.861585474820977,0.3329937240967095,1453,11.356800191928594,47.422551557293644,-118.042043299382
207.36281122947508,33.23095963315915,22.25525405588226,0.5983916895710488,1154,30.14066801007511,45.46881562272093,-121.78154596390605
114.51281612928956,28.347456652462768,13.447354755249245,0.38087989198842215,0,0.0,46.34882630226301,-122.81355077319735
143.36935605852986,35.18316318084513,22.965508862788912,0.2795503817612201,282,12.004853023225445,45.57136785925733,-120.10239116279155
271.463477024289,43.62756613873469,26.498748502019257,0.5644077002000558,950,8.289099835320444,47.768294588097476,-117.44691658087453
261.0685626611475,42.27462707452474,20.17102615760492,0.4571526086675538,840,24.626422882080078,45.82500845534461,-119.12779142327518
270.4503837777183,44.781859977188724,22.852964808331862,0.5613729994861667,720,8.805755389415404,46.567437492752106,-120.00957180937445
235.55051398560764,45.1395074039387,24.75879173737993,0.35611314618070855,815,4.057598153849862,48.58269911047511,-123.31976454360462
165.6320196188305,31.4578538685085,16.239266291626365,0.32712154116482317,260,0.0,45.81726553359588,-119.69494941310582
215.3432888531356,34.06478113434717,19.23194316991584,0.3549464234653045,604,10.55508834650384,47.031220255835116,-117.06962304927016
125.23016812640923,33.8557420283668,18.61163121812794,0.4260998957689606,0,0.0,46.67708664466409,-123.01941189334433
71.7783908058669,24.841836905038207,10.659078847266809,0.29419761955335333,1825,43.425729754191295,45.07249616418292,-120.37169243345384
209.23419821145507,32.656913494003746,20.28354968634127,0.47205995027282976,401,9.108959197998047,48.17103245429125,-117.85838849650432
123.18312009602656,29.98456051450313,15.921338456581335,0.44704229925648287,1509,22.85874429328576,45.2761836252584,-118.81461967572056
171.2663407352007,34.38781546170199,17.260708842379955,0.5197625754063343,1136,4.561276233640745,46.89702008390781,-119.12088981303313
176.94474527181416,33.33962754935418,16.926339525409936,0.5003299724648902,1115,12.049088709490796,47.242713179755796,-119.08261141209023
112.26699838634269,21.65397188049999,13.88909935795605,0.32022907901096653,0,0.0,47.51370582645835,-121.48356194146172
66.2141422834606,14.10377132805865,8.94310771751552,0.31322363629392197,1659,28.923057650224713,47.754526517231504,-121.94485709014855
126.25463375164483,25.621315044777873,16.894439043622025,0.3821864823825847,0,0.0,46.01308953409086,-118.33447191165041
183.48457661686768,34.0417671597549,19.423650876604164,0.4515643424418152,1205,4.051579691518672,45.0399151066338,-118.32920623724573
229.3344430520188,44.50501459089723,25.477403720795213,0.6430516864578388,416,0.9274099368729609,47.89377464941965,-117.93049376993928
132.9800049231551,23.50342709100969,13.005349197383348,0.5453504800375147,1364,19.86196689906389,47.142626397390316,-117.6073161321047
108.04346030545409,28.676926047611374,12.047631451321465,0.4602440335496838,134,14.881324766234455,48.344470812828995,-120.42060320797344
83.65983519396497,22.40415748373731,12.022442052774068,0.2432144687349538,0,0.0,48.28555345160278,-120.48938593718961
223.52866142424682,41.097885838676326,19.29008907639749,0.4760654723570489,725,6.90570966506879,48.37330467115153,-118.41193374723258
142.3242649857313,36.646143626410975,21.100485455369345,0.3901303038692056,40,3.2946239081863085,46.94037863991816,-119.45025248455565
184.53573971924058,32.853243719495495,20.595448786073487,0.5863638388896933,1048,42.7521255618284,46.334513583347466,-119.08623185919608
156.02598960438314,31.698533154397218,15.924757359487039,0.43478537018249297,92,13.539112314000924,48.16623281036548,-118.4294513139473
206.92516981466923,30.79697827088353,16.565331442192015,0.5698043019840004,927,38.73880372618758,46.80517645211702,-117.76996260727704
204.1144052725766,34.06363113268718,16.130272168255882,0.49117943948342746,968,21.63658018167098,45.73376878561374,-121.63403390203925
141.153354603434,34.888770174809316,14.181895936122036,0.3120263124906907,1229,2.839204628588383,48.4198960782459,-121.3709193315204
282.3004796064528,49.961704833985934,26.699586373708378,0.46363301996954565,668,9.97939491283232,48.53023950708939,-123.34212642111392
250.4434206690927,41.120561231354586,18.78815270698607,0.6203796175964865,826,38.652396839020064,46.86523902456068,-119.95203901302678
177.76814850196828,33.495264261500694,10.295519568235925,0.478040292721177,292,0.9274099368611016,45.30279890923915,-123.7484040834228
239.66025207246744,41.26433953379052,21.528215695963734,0.582572239080811,525,2.2971711874474248,46.551304359667725,-120.74081387307278
248.9373063557201,41.45435174199459,20.78716519436479,0.5954570709761513,550,10.465440844061813,48.214150637850416,-120.20148755704696
172.81537664116235,41.01767262734688,26.28360604229625,0.5681247499345068,384,0.0,48.60709611418491,-121.99421123510201
261.287405414297,37.84107650849536,18.20979692948648,0.5470173975075419,668,2.7966648024200698,45.81389096999038,-119.86416717601692
243.56969061535412,34.079966069270746,19.850751252255115,0.6222648892417934,570,4.618699737734004,45.26789444810109,-123.78649825042666
124.79884471319913,24.741388969932956,13.427854145370059,0.4295058647401474,117,11.959412771067882,48.50940181253135,-123.7385626787555
141.16029331137807,24.601464275643902,9.885620339591991,0.5833605681788377,129,8.3961308448702,46.5576197559155,-118.2417960753824
235.5043712800197,39.695767568272586,22.408582746181803,0.5226967007404244,597,2.8970743337905,47.167043857070254,-121.47866551012116
221.39387401708706,38.24505087996039,19.43695556900026,0.60972858583774,462,3.9184265851714963,48.87226324820303,-123.11057641143681
106.30044612718238,19.64766324504275,7.988560975053722,0.4102827492761712,1347,8.748920901019376,45.26625891165689,-120.34429717961638
259.86271764331707,41.15426616190452,22.20269960106629,0.44331535955636675,577,9.83947646519833,47.59327202980838,-118.61004512830972
141.85813474397656,28.481498863139702,15.99842521881528,0.4161483686165773,98,1.615928284597016,45.29642169029947,-122.48925280752209
130.22750891303167,28.888661035172117,16.114759012543473,0.5586162399520059,1171,6.4648607495172605,46.501875713866,-119.639766669267
262.7063814123127,39.240938993793854,26.017513980683315,0.5164350830326061,831,2.275053776164092,48.21525818077379,-123.40256774504363
308.34590323586065,43.085047599203676,24.463191999372974,0.46692315673931767,768,3.931320011416012,46.733888931022534,-123.63822795181974
221.13375378709122,37.01647482338745,18.460779900187006,0.6009895601353789,646,1.3730769612482425,48.9887294156118,-120.28051757902297
112.6853457279215,30.39495792219381,11.872948801993225,0.5223959700084688,149,4.817918954249957,47.23623713978641,-120.21555414872925
160.54646845546188,27.77062690957736,12.957940194092853,0.6146823310321265,1075,9.173106882077569,46.28464861054381,-119.53799068951255
197.6988659882189,33.73010007544107,20.18966645922648,0.5070666146075092,397,4.838627538145772,45.88044530361901,-118.91736066394137
120.58188516319568,27.023685490224146,17.180500921255295,0.382009457948326,2260,33.45105627780092,46.402082137144646,-117.16903544376225
181.66486400054973,33.84508064253756,22.963043883535725,0.42974084729984297,321,3.244368432443742,46.4901330950382,-120.38589756189164
197.974110982053,39.84374225491846,26.987004622346547,0.5023717104398063,967,7.8304134290921,45.274854710895845,-121.73930468941128
129.9830960458532,26.956168217159117,15.519013998684112,0.3293377946242293,1343,43.299048316540215,46.478296797707095,-118.43369663661908
233.75868720798942,40.36062589123744,22.539991912101463,0.32691338036506645,827,12.615774144394962,46.8569540789569,-122.10417424116548
155.60958939948117,31.281511292993283,15.272812816931411,0.4677763871218635,1277,15.483046004420816,47.89095100895522,-120.92720005506055
113.84880173203591,22.911890621242726,13.03013110670488,0.5586779880336024,6,2.2980220559034543,47.62691793888643,-123.45080533060414
282.0643679655085,41.783647784804934,23.451995627665827,0.5758439245987297,565,4.0586658728611,47.83506262091662,-123.82254479609179
236.81781171487592,39.31006654969766,18.552501121093727,0.5555677394997863,797,9.553078645182762,45.033454727507426,-117.26146109725453
313.66367978775963,41.98585602693181,17.219754589428653,0.42259384675001044,519,12.52374725326806,45.870669598322145,-118.14813915641456
101.24468386513855,33.26083346650899,18.60374816758005,0.5504597359993797,1889,11.732476167017303,47.646737153599425,-119.12818055734411
147.93928678406317,31.033927720530027,21.822234701704403,0.6027049627730279,141,8.516795155459944,46.93595747271899,-121.13732938910012
253.2300801482268,44.415805553652696,22.424295718141245,0.37612097245198084,788,6.880949154253581,45.02125390267339,-122.78693975950408
239.84891187797643,45.49749936219097,26.31925754541782,0.6096823600432822,753,2.7802885155287553,48.217978569727286,-122.9049407013024
60.47540482522058,25.169436064020402,14.613214904441278,0.3523553436210959,1751,14.768168219403664,48.09123829316135,-122.24829971284784
82.17650650117258,15.13031013003887,11.868099386177681,0.2542768037507844,1632,28.472965282004605,47.19367665197425,-120.15541334705716
172.50163338722007,30.855381005776565,12.910832886444108,0.48871406780658766,357,18.352842594700284,45.26585330310509,-118.99782854109957
148.0963621120101,25.366379984101712,7.152891580301574,0.5350469393224361,1220,30.716890710622913,48.06606019813034,-119.37861836297589
225.21034932628658,36.6766685272709,22.496098259155325,0.33688493954037646,843,36.460745229624465,47.334854350925454,-122.0404627213784
251.5608987968362,39.37642250849454,25.00677353913428,0.43423320983686353,889,14.857977780210595,48.127839908631834,-117.31594303535763
143.16283303544154,24.518937151417028,8.653885471251023,0.6875717616175439,83,4.629648637723832,48.00698796958336,-118.83472158312962
213.24485589530494,41.17558291615557,19.675018274168735,0.5652680769486801,490,11.390514301242396,48.212008287831345,-120.1195216324202
148.30693551902885,34.75791330085957,16.689746955238917,0.4486653660777066,1321,39.766208742940925,47.072032265618496,-119.71795477635953
241.0325880967079,37.29126200065722,16.528391026453406,0.4693063067587171,837,35.79552459716797,45.56129807277406,-121.06279956300547
247.94043891918224,42.71616494715367,15.269300997464487,0.5253764223079719,446,7.5996178790950015,47.68462989351875,-122.26588307349189
230.2946967152227,41.83509388378975,19.133337834392776,0.4015569098861295,447,3.088233025703027,47.48189514020788,-121.50819124944117
115.05710704086654,28.37809690831081,11.64298415986019,0.5072840116261169,1601,16.26495450108938,47.969012748796345,-118.69507722674942
143.66218997225624,24.978074116114747,13.814747878915412,0.38218084300512456,1121,6.911100689045729,45.67952402420294,-123.8992455795917
103.54727605645502,33.05292516450442,23.16344535743769,0.3367847603368139,1394,0.9274099368729609,45.77990079960116,-123.18749151645159
154.20475218666826,38.30628237268588,24.948664111314812,0.45743096016410834,76,3.704791833671086,48.561638068877315,-123.67798150584773
121.34592792462304,25.18497632106724,12.61051769331018,0.43651136251070205,163,3.8914190120322254,47.99991119380828,-123.7148983837672
32.52839286314105,12.02234697310081,5.067675688797435,0.18126275113845836,1694,3.2097892728815722,48.63291395480129,-118.01177591192295
206.18814858019633,31.953463967199554,17.127945993122008,0.5551541546811286,786,30.062030595192095,48.03486128465568,-119.07439498433983
80.67618473638922,23.371909099222126,12.224480266511092,0.44034034820022055,189,1.6179938717628584,47.38862122396121,-120.68078319638872
102.94276073190346,24.39908053642071,11.387579906985742,0.5382489666809186,235,0.0,47.616530948111496,-123.31516087544298
134.34769172077958,30.25974572018821,15.850610390766146,0.39924314166767977,194,19.484070063205596,48.55651169576004,-120.55868887418217
112.61766315858974,24.260777456769176,17.48203580891532,0.40780510374193685,1885,20.656483542353172,47.315227018047764,-120.68569760453605
248.4201525439053,35.95489892697562,16.19347597197214,0.6720106393986027,727,13.628415239382015,47.52956529731355,-122.7875869106299
266.3677386418893,38.39261723015385,18.31842337404708,0.49096983708125763,651,0.9274099368611016,45.625906864014404,-120.96303845533419
239.3125162600484,37.46169478890908,20.761759988164926,0.523284259920658,538,1.6301609201726357,46.89568488046441,-121.21046685921839
252.73504844114245,41.23960361443485,21.916367789710666,0.5769281821269497,597,4.057830467532212,47.865588447832394,-119.68904931363448
143.07703635029958,28.863197846931538,13.624576893976547,0.39970960335988104,204,7.710393500548838,46.08377079326546,-119.5543444439265
101.1422887609404,26.885899861567513,11.87324375492059,0.5458309186258997,1,0.0,45.80901672209814,-123.68287193159568
265.014399258295,44.02963681519455,22.859852074432848,0.581593563397633,604,9.559032332430432,46.255307232897664,-121.3777116976147
73.36289692684902,23.397975316436526,10.851924063467763,0.2868143400498728,1419,25.1749510324513,45.96600251197133,-119.61898059000035
213.3644360665031,38.33887138401138,14.527008235708731,0.5676758595376944,343,4.811598472343411,45.85965054814558,-120.47804618993939
148.3627250734417,36.79888911977053,23.8776190174437,0.53385108397953,113,2.2890106834159907,46.69940337147235,-118.00457111168174
109.0329864441261,32.752249830082405,15.131840633616385,0.5613110101348057,54,2.273799748767907,48.63135405553414,-119.38914457866738
216.8799268783361,35.91113777975581,21.118169258306608,0.48606491014684877,371,1.352914110790351,47.02823858695487,-122.85945901042999
145.4428408615206,26.247354918265195,11.846433062018761,0.4199383063854284,1140,25.75451181469513,45.75168152326129,-123.506018768197
236.49437132832693,42.06738894053943,17.520658720044565,0.5126893784109401,820,2.7802885155287553,45.3078866775235,-119.5030650525558
117.46679658676284,28.44003438577347,18.901626976389114,0.3365968422895221,52,22.662342772600706,47.7846245805517,-123.81442082620865
144.4079456055838,32.631542640867394,15.244457733674494,0.27941744882026115,211,3.937626975768146,46.53119505774555,-119.89957093108576
98.34742495929926,22.025920522782766,12.635881886847336,0.42073849339405434,1372,5.318567712399122,48.28732378634144,-117.41838831002529
242.7745564210686,36.326471663368764,21.299924381804217,0.629525116125252,676,20.67020317842041,47.63804307456308,-119.97168075486884
245.5385164870835,39.59083065766186,22.34275931382724,0.4543101521698077,673,3.0974910656881924,48.18496580216547,-121.28281051655435
208.81286014101806,42.943700898921996,23.903695405314824,0.5576973124372464,1066,17.385063730572767,46.087784157673795,-119.49698247090353
48.42452417695314,15.539770701813215,4.459325767934825,0.4175656289529168,1468,9.187059927517106,47.76943568984423,-120.79222976655939
262.5615540309709,43.909654087728995,28.58666866931258,0.5357921739028387,606,13.566620059014584,46.056247938774874,-120.18068247478845
242.67083556882895,37.932759304235496,21.082080023540524,0.5032943838910194,828,0.9274099368729609,48.75627391780117,-117.40974633856432
101.49215249996338,21.129344331239338,9.389772392526384,0.3751170612061152,1700,12.731895962956475,47.5454971261335,-121.29728153539457
172.66322334838026,30.315029022306366,15.07701437028954,0.5567565681995819,1151,14.575067887191492,46.29804720070137,-117.2716660532326
40.32164334770653,7.052197280916941,3.7267803190079944,0.20503779088249363,1370,22.65513044157742,46.07804744916909,-117.66254550630755
252.04930379623826,38.36891865558358,15.774770718408053,0.5254809710201276,883,21.69237485803314,45.763706340286575,-122.62946205647492
267.2764574474516,44.91446902493043,22.045676582950474,0.41595956521529737,734,7.633987157206211,47.778563835574914,-123.51447089387383
257.80006020097863,41.26345819207636,21.664661467638357,0.513698877413266,762,27.20809306640635,45.87486245199171,-123.29455399035801
176.70318463168724,30.60074370008967,15.483036884713623,0.4478344414561708,1056,18.198223391003356,47.38121306370996,-123.87244722043916
279.7485566390741,42.51532887247288,24.778096014399413,0.48046739596974136,653,9.88305022834674,46.05854010770143,-123.3388992747085
246.37558748761398,41.11676714382414,19.85459720511863,0.5213598017800154,768,3.94204265518884,47.64787577917547,-119.2189525860855
231.8185304042203,41.89253247417936,19.284918003532372,0.6306560189883411,336,9.231866261644035,48.259758914162155,-123.50167946077839
267.5948681462274,39.2860073271247,22.171619302874547,0.45089866003830936,796,15.198421939891222,48.11210097257861,-121.76717058794367
298.7342709354845,43.89718104551763,20.791145907337913,0.5425428487210133,554,1.6472004128893039,48.04340532372313,-118.08587282321382
159.85162165160503,32.82788910399396,19.325986803393473,0.4356599831374216,1085,21.013008070510914,45.75088962276901,-123.83709644984921
61.45637475996681,21.99393609298227,14.071058228403672,0.2823689448846592,0,0.0,45.353539787938075,-118.29872062187745
230.29797160471733,34.46883052308528,17.262280697159486,0.5293159804486097,423,13.37749949608927,47.79579531394954,-122.0270165765862
231.08879519138864,37.84522684927221,17.923894462973387,0.7294505710300654,414,2.7802885155287553,46.473388855177404,-123.1728462066484
245.978966947238,33.87914900296694,18.275687181638908,0.6467509762064294,847,3.077426635954238,46.72938490561339,-119.12283984245094
66.88468462217203,16.205757090610472,8.13861899460434,0.4025680227325946,0,0.0,45.12459637117357,-119.59740007254081
170.7483746475275,34.08367579592645,15.04806532514831,0.4739828729390088,1077,14.582659442716652,46.03830579710019,-117.85769590531063
270.3220883226616,48.02539655160219,24.688619508263294,0.5563065988232081,785,7.446472383042257,45.13470561549786,-118.8545026933728
140.55865882674135,28.51556370615966,14.226844823068388,0.38303305963489975,196,0.9274099368611016,48.516743090404994,-118.37563348730606
224.36819286747377,36.912476963439225,18.291171258363804,0.4804082355543714,924,24.16121611205339,45.973586732874125,-122.02575799200085
188.66382561124627,31.342562792880454,16.654307407766737,0.4757545777536101,359,17.643820625188038,47.229348678292034,-122.75792319354194
155.83575075295767,26.40971493876905,20.208968928829854,0.500124376844433,1086,9.462947931398519,45.15591728264452,-118.745696738514
217.56536042827204,34.6788219562115,14.292247416859357,0.43293944052717115,490,32.26722522431483,47.667389565222635,-118.35215682512916
218.47146109122565,39.95141841234981,19.26166512382978,0.5038257111758578,791,2.717457736934712,46.292109383016374,-117.06646400599529
152.66734606086402,23.48312511706885,10.761302556517316,0.5268764394042071,21,1.8543341688295631,48.59167674783066,-121.11167626162002
229.75587381597398,38.077300596308895,23.59012913430525,0.6519885091865976,864,11.483270966276029,48.55247275573614,-121.39587339945052
122.79753910697194,24.696656764572175,13.478361047441624,0.39026599018292374,36,7.09238252597205,46.30116247344699,-118.56510927480602
223.3775171580723,34.56916827349164,19.39747866742613,0.4080709268162773,574,10.847830880866738,48.60384358276187,-121.61437521822887
278.0721760648773,43.42075754575647,25.876699670650396,0.5249304837705611,750,13.648223385860728,48.984630693995115,-117.48469872077504
210.76511846668868,34.28040221910758,12.639220435233378,0.4521980350925427,642,1.3786165385872424,48.30166265649579,-117.99111073709892
198.84011343866962,32.07713252776115,23.26828843135641,0.6179698077818301,1097,33.61729637828324,48.379485391020914,-120.99704180837487
237.23621496101987,37.40379784575204,22.4410423645949,0.5525199956216074,520,2.2777133741572517,45.99603494443636,-118.74390252545952
273.5088749086113,36.86447159376075,13.866935479940505,0.552530136380775,948,6.183407266583685,47.30680959543103,-118.71819988140723
72.69116394468764,14.271442613454083,13.148875026659098,0.3669012572162816,0,0.0,45.269023655869475,-123.27813291814847
141.92801217562646,26.730011606419133,14.31316591733707,0.4605438875895906,176,2.3061051785922966,45.37967174728668,-117.68212965324304
262.2606111093374,37.44268898466525,17.70006109506194,0.5756463166205932,601,1.6465211012690126,48.995570448133165,-120.46323339286499
289.4339431624542,46.46263244570112,25.69164466256891,0.5002591952845326,656,32.06735542005994,46.306556997703645,-118.2147977372458
246.6820652505454,39.94566863144594,24.84841305356874,0.6070872533596621,762,7.547273835617901,47.992735648195385,-121.75965279278572
194.5949881876555,31.379458012140727,19.025584983829347,0.4356834418117592,357,18.130199211809146,48.22666021210726,-117.7313374005266
32.99548697652701,13.350346165211755,7.808981484926698,0.41137652331937186,1610,14.115235197505875,48.432093084028914,-121.27558824886086
223.7533917482534,40.716459696037546,20.71151281740398,0.6217727404074435,850,1.6123061061443293,48.99051318960863,-123.9241364396379
148.57643228308777,32.34617318299905,20.317459121919224,0.4049207406707417,165,6.126550760809238,45.96598594102747,-117.66232616506515
271.31374932514495,48.11553759040921,21.100417642632095,0.4455536608457623,854,16.010552255574027,45.161403307438796,-123.36099326249706
251.30533396367062,37.794804920673904,19.048860369224737,0.43925459759407015,652,24.673752874427045,46.644766071978346,-121.76480453686709
268.76224472819786,46.420838804738146,25.131764990210375,0.5711213733526879,440,11.356709691146396,45.52032267931579,-117.34956623064437
126.40480095972666,26.265367860803856,12.905942308771042,0.527967401843799,1739,8.908572806118936,45.08970355664822,-117.3457499714371
179.50756026541202,34.13396024107236,15.569900823930203,0.5085928797210196,320,28.25707665757131,46.441707308565945,-119.985934783137
75.72995462318858,17.479815542844655,6.633883523424403,0.28064630457192563,160,2.6997153104676714,48.13495300430095,-119.5771395148114
94.57756398658492,19.6013823119414,7.545590728527749,0.4633897385398016,172,2.281426625803817,47.264722764900284,-120.86088134615176
167.12127057058572,38.85464760541532,18.83846139608935,0.5267403237691326,338,1.3556665107359926,46.25111195684141,-121.94752459811355
285.32260084014393,49.69577653677371,25.183526051080435,0.4720662275436013,760,12.215841643156937,47.617368021970876,-121.69934818241059
237.8836943512761,40.53689235937381,22.16630618222095,0.4995425251646937,487,12.078274711318963,45.928072721235246,-119.29237080746073
94.12724172208308,26.091163181027316,10.4166707582559,0.5154406882280788,201,4.858375921385559,45.05752578428834,-118.73337829393624
121.58608383737548,27.68059687160757,7.050257124751772,0.6014897567264115,122,15.845994254919749,48.05741354574571,-118.45894669391906
128.8713006616944,33.41220104519708,16.740517625631036,0.49086146447561146,1573,27.54790160487077,47.494972339456034,-118.47267300043812
250.31264270547535,34.29223415038614,20.654298873890987,0.5154557611821449,721,35.55295976165844,48.04921049800384,-123.36155727865916
221.16230973018676,43.7321947750568,22.85516214438999,0.48405998550143525,872,16.293121749069645,45.155752066750665,-120.53905786708194
171.60235633587195,27.118526852276418,12.030722354043029,0.40061236011679274,88,0.9274099368611016,48.34847851132261,-123.59708867988348
136.67882880367262,34.46264640447387,16.393073475497633,0.40212784486951403,1243,13.022107666108994,47.47810480014521,-120.15329782373385
246.98438935352826,47.74664690035008,22.131050001066157,0.6269021060769984,738,0.0,47.25358140285056,-120.90928649038636
199.3356839725837,31.547562769084013,19.369631760667183,0.4685934456350042,351,0.9274099368611016,47.49845619245813,-117.7860707206919
104.39321753032294,22.13029414274275,15.101315654931236,0.38719184033739606,1410,10.351166879792142,48.457732987473456,-121.54359491213545
233.97592520259008,39.12364288555377,22.092715933644705,0.5415122600376738,551,7.019346641815306,47.347746026235626,-123.18053088500676
130.58787917407096,31.016440082024392,21.94231105614821,0.42974586860857195,1438,13.648223385860728,47.32380151955272,-122.99905822563015
244.9599553821696,32.499591491223725,14.101232480502059,0.4635671496969164,439,12.390770332117441,48.96271662826307,-118.66942557797769
132.04304945156193,27.731051348954903,16.882480316979233,0.45031118053304814,37,1.8543341688295631,48.02692066827427,-119.67247355678617
226.7838394171451,40.866648137393376,21.70154967618879,0.6237462756795388,484,12.54011883970916,46.76917522180454,-123.29214126714047
191.3570665327881,37.87053778644417,17.36685580163123,0.5288795130865537,259,3.103600452400425,47.82958800013171,-123.41125235719502
217.24947549868557,39.941120153076504,23.26684167973346,0.4576027511021433,444,6.994700303275228,46.55692188676716,-119.09321607978616
119.67326014076767,25.093012154926853,15.127503020378917,0.3809393260045796,1382,13.39418058260765,45.915501849933996,-123.49065895545064
270.54665385695495,40.62095034537324,18.216493999020912,0.5215598060152562,551,30.509483029306786,47.38740750755104,-118.2469795849675
280.1340100862811,40.755335634742146,22.8906299387513,0.606959393969899,711,2.3047268022790846,48.71272839245581,-119.05630440990453
279.5870452317621,51.54383259231798,23.0849179259275,0.5480571236100871,894,14.724161304715789,48.71655808006185,-123.4305585355067
161.80467395974821,28.281156768187195,15.502718745705762,0.47149745833625356,216,4.543575059773676,46.36762111242196,-123.40613600140365
217.4124378060165,38.52961482425083,19.57110810857504,0.5036368431779318,726,5.346001780291022,47.11070986488678,-117.09352295049177
79.61904106187859,19.954048966891513,12.67026918634587,0.38346257684460566,22,0.0,45.846543594279446,-121.38010442970716
176.5731326216445,32.974475525724664,15.847122342995338,0.5049238747439673,187,7.674700143946105,48.98252443799554,-121.40550497053177
247.9216451988354,41.45662275587004,22.657315735352775,0.4033136034036142,773,16.05489245891804,48.92447163147175,-118.31040302919749
194.6887342421345,33.42736687282468,13.25884200210184,0.5553450752135114,1067,8.075974135974612,47.59803571882979,-117.369259958313
128.41922197148213,27.948733080523628,13.605684071641411,0.46647981110166087,1187,6.4791388977846065,48.21765623870989,-117.0979925532399
284.37520059358627,41.44213550227919,17.94214806729887,0.4635027189158382,730,10.899590328244011,47.8604006451348,-118.72635270318742
248.0550487848306,42.91017791224043,21.147160552843186,0.44559175310240123,757,34.46726092180588,47.37263287615787,-121.3661829012836
239.61474155008432,38.245325351092724,19.57448375338803,0.5030568839623495,392,8.040407286302433,45.21339198795559,-123.41549498310931
245.17705886196185,40.31110833646178,21.982220856690276,0.5976315610240898,654,2.9227542401566518,46.81905737021064,-118.55997158850795
114.55837397286751,26.01403190269539,12.031178196755421,0.44312684467776237,1609,22.046304845586643,47.69914520866964,-120.09117025184936
97.56574794748701,30.2553982579601,19.373706190327294,0.4582470928937201,1877,32.73075380994693,47.71012645553474,-121.03044593527116
178.6852936371778,40.266473893598324,19.89224366118585,0.508453518520797,1029,13.280717849731445,46.492490473689536,-117.65551930433685
260.1208069292066,37.09129310831226,16.296695777709168,0.5177268520018276,497,7.501704372701947,48.76676794663212,-123.22161762385694
237.27491207773605,36.65480378441692,23.39685083062184,0.6552531170952172,716,14.64270870908047,45.669428128947125,-120.55162426996398
114.54179911090708,20.87964088168323,12.663771086819313,0.46589988430318974,1244,27.120401058278556,47.00143778486224,-123.92052448662807
176.39488854273617,32.16664106067324,16.705933216149514,0.5195867817237745,244,7.138263392185824,47.76353590620329,-120.71937550604112
127.96284906789856,27.31127910607565,14.139813883688905,0.2608471713521222,1210,14.377753444139717,47.78854322356724,-123.60587707022714
106.5842379724334,22.35301932058676,13.474539208685908,0.4044702453459607,1306,21.715354691888912,47.59455582707526,-123.1682745861235
113.23578970768268,26.90953547287576,16.763636823608735,0.3600586617777468,96,6.533532677881356,46.10115285380744,-123.17731627256026
95.82641314941127,21.486709273549057,13.529035140137367,0.23767369756299397,91,1.3234507835078368,45.62482627474649,-119.45552788518755
106.12501873500284,24.531622876492712,4.565589794836775,0.582891750933979,2567,26.07129459105305,47.543761307306845,-118.77768584514203
152.49890098132798,24.13911040949808,14.190630171202534,0.441016378480685,1235,7.077630514609592,47.39720846455775,-119.91641864431989
82.2212299088042,23.547868090366272,10.976442751877734,0.4859874389875787,1677,36.68950316582758,45.71742404115697,-117.26479216067821
257.2441242183982,37.53354921215022,23.56187290729251,0.41372306309407875,692,1.6599643253434764,47.82055658228225,-121.37590594333408
207.99897909171105,35.07530586006638,15.78330356643139,0.5031288430297075,1029,8.845747553864241,46.82068796693463,-122.00001539602698
175.93911217455235,35.50359230905614,18.4623955641813,0.42539206790901646,1258,4.345733673534934,47.671042366412614,-117.91980610267377
170.12829749911393,27.695250718044186,14.118621911200568,0.4343912546095989,208,1.6328446475659548,48.3494683190806,-122.43482913036384
241.79836298153336,43.297625068524525,25.041481432032977,0.455080483740134,612,1.673564527684679,45.67891371430769,-117.25744222391572
133.16997332774156,29.23656402412901,13.26454667492655,0.40089425641563037,1347,28.256823723217703,45.076579471987344,-123.91491867717129
111.1157018169101,26.30620652933968,14.12635228951367,0.4306124771214776,1345,17.50169968493871,48.11641034558315,-117.21084821304653
165.70831223350066,27.294719346858106,9.955801201449805,0.37153662003862065,286,1.6374141429289042,47.438789700610464,-123.69788061634597
303.5526299919351,39.409503816432796,20.94058220936942,0.4772472575389433,634,10.131927577653418,47.798558278488485,-117.7619982041135
145.60559644030084,30.08947010713056,18.660750856334346,0.3783601882965826,236,2.8500613892874895,48.35261989995457,-120.3060922363959
124.3304171933587,26.113682527827304,7.811157409250542,0.5021339668469497,161,4.053640046570963,48.211243739298,-117.0492464271649
43.50122556240522,13.295600667347479,5.272547365777481,0.16301434714819588,1519,8.289099835424986,48.8436805877153,-123.4834240468522
216.58753697973515,37.0468113058074,21.444413212274544,0.6278937822661912,809,24.410735619395467,47.14374031540847,-120.12302000919075
130.92672153780447,24.881108311651506,12.764937122186636,0.35150619055844096,85,5.001012187599347,46.95398253063962,-117.2148822506663
63.61251590885065,17.99885176155835,14.319453743108303,0.41777666104321565,1841,46.10372904912518,46.60754879956292,-120.33831509080896
217.25930719071079,39.42342038686991,17.44892217335365,0.4562869009493973,396,29.265843091947875,45.61476417137682,-119.59420953305316
139.2278724200256,25.93740619586537,10.637634544581859,0.5692663002215635,1126,16.536027475225765,47.29042893152809,-119.12975917710767
70.03177756780696,16.55050323322828,8.41670426011497,0.34103133658560975,1562,43.30638849457108,46.10805009730392,-120.81821254662559
258.5044633683236,40.61105403692216,21.002772031808977,0.5122168837879794,864,4.627367505919335,48.6852300488519,-119.60709343941156
178.57183416321453,32.01025364606866,21.813808868459155,0.45908650015103764,184,6.6998090740810765,47.33276321710839,-119.9097998165383
269.44381099283254,41.56355887924574,24.96877459567512,0.557444198691557,787,22.735221981752108,47.37136072203244,-117.69189392656308
267.14796728308335,41.896218801166654,22.815745789507112,0.5674083309524259,884,17.539887972885037,46.41969864350804,-123.6818753376098
150.92886756125483,24.426014196606218,8.461283955627028,0.35693572456434275,1380,19.55935772011597,45.20795740791083,-122.03325767285439
181.51734503685373,39.4784160658764,21.187934810463034,0.4286061905735446,1166,19.344721538500085,45.126975061491954,-117.3471196114641
73.12647133933284,19.23932288815927,10.80273932982353,0.33274432641083074,1477,32.97268820300157,46.69334057661279,-117.76815351276359
239.42868570145,39.760437468930775,20.37946025247078,0.4651075685777978,538,2.299465409094007,45.338261512388954,-120.81040273050002
259.4642829346874,36.892648318303884,11.921118306908138,0.5519722958494457,854,7.604814466007423,47.427387822160554,-119.65907181538924
249.57051691461385,39.413317431022115,22.284118428951036,0.6465900471394515,709,3.3040216711155157,48.52389202255863,-122.05833171913207
96.51101157227015,22.294749226456773,16.332268111265858,0.398821043467245,1641,24.22136725993296,48.53165926607489,-122.68315188193367
148.63234949827336,26.53677078750447,15.209703395158598,0.5193919502926883,1057,11.552969905236827,47.63618164052893,-120.75411116542013
68.56254959576668,18.434600780887266,8.010981938446692,0.2882304979367569,1561,20.726474855124234,45.844927325891724,-121.52653440381764
118.57650940541745,20.94110723916359,12.947019292720675,0.40799005280549117,0,0.0,48.45198732543549,-119.9144072170439
120.81147160116956,34.61035540796837,12.673435488415297,0.5242623382431447,306,11.74925325632037,48.544373741252834,-123.45585754124511
62.51670981712448,19.055860297022832,11.777017332407114,0.47660062908496237,1547,18.384163793222715,45.786614339811834,-117.17923634633684
230.19402424225856,40.3571973697576,18.71360477351208,0.5616506408905755,489,3.0943653468737438,47.94970434308271,-117.09652478864278
37.04761786215459,15.201307776655456,7.468446632785913,0.4357087155975784,2168,17.100193421978563,46.14607819570849,-119.11286800186178
177.86183341915756,30.697130467634484,22.623116828022688,0.4212644765804384,305,2.2897949761710903,48.21056124941172,-120.24732543559115
176.44906918988937,33.6092265449055,19.611700465564876,0.32215339849355473,1030,9.654743909141576,48.98895159961441,-121.83330668599571
113.74002615483768,16.3994679062939,8.64436124352609,0.4886118254443655,92,0.0,45.12010402131757,-118.30343486205136
217.0320033671895,33.911379404993454,18.478551170304367,0.39893667019733187,462,2.273535721228601,48.589463463163725,-119.20688179212284
99.1898232862044,25.737480305277508,10.195173654378237,0.4877860384103294,1494,8.533338294565615,47.49052213439463,-122.86168142458575
110.21042843547144,24.321636602695282,14.697234366689868,0.5276171800403024,108,1.6237045265503498,48.893530476659286,-117.6235097085431
115.80236051307551,18.380501615521485,10.251396393930964,0.3951865487535987,52,1.8543341159820557,46.86003807010571,-118.24223929953781
241.76784469477005,34.588980294021056,20.57714721945233,0.5031068585548507,633,0.0,48.389551722285496,-117.35140060695653
238.22527182598407,42.33446998671002,19.178994237003643,0.489288787827575,465,4.822578887725683,45.24957627439311,-118.91996344128148
279.77836636650466,36.38865498960967,15.34218548036301,0.36580311616687067,517,20.381916046142578,46.34111620031318,-119.70609362844947
252.8036604100688,40.8018246815248,17.265873135913807,0.4686510585709966,568,30.990524937917534,45.26806615100484,-121.07229874596567
167.22318290163932,25.962942453190138,12.828851943293307,0.4545319378829469,1140,11.614643816165025,48.90137253391628,-117.4709006165219
163.02463595466494,35.03298770271545,16.57911190814168,0.512892286121134,1044,4.016238260894307,48.26789562908735,-117.93755277349715
150.53854240402833,32.2695571649685,21.816115150395937,0.29178472665819133,148,0.0,48.410189684983884,-123.68346930925668
166.69040461877503,35.557550122233515,19.69730496198354,0.3988102212295972,1065,6.989727670550917,48.75186092573558,-123.81543117851923
239.4306771992527,38.314050460750096,29.45535261168717,0.5160055582848666,678,34.64472678272015,45.34041394447914,-121.36475643185365
164.45855988019477,33.39833996807482,16.8437694656021,0.47452483728829503,216,4.199160640470126,46.54239037005333,-118.32612668452717
183.709585752567,34.95000115081038,19.05844185797584,0.6199909228889188,1086,7.6439779298045805,45.28413955617601,-117.08906709479538
212.39632108968544,32.53708682696846,15.032169161655535,0.43299775232329774,332,1.8543341688295631,45.84317240620011,-122.9470817622753
293.7477782180581,43.83292561532951,18.451738997519648,0.5771465281088773,757,31.405603459627947,45.91746310815069,-119.84108499253506
162.63713507762952,29.496663269095656,14.875514478704789,0.545065740837295,304,4.878372718633867,46.876428844190315,-121.33376400358284
199.64718121108197,31.585456196736164,16.99899893187674,0.43694153890313564,1030,4.833679831814577,46.07424866981457,-117.21059921529778
177.6858898867628,29.577716509630775,18.515488773389478,0.6554016758467404,1250,17.85247165393669,45.403912427271045,-118.10516753805004
254.5458011769078,44.69109238056781,17.844983656353282,0.6752090617042512,488,1.656801329582019,45.66996435637643,-118.13169906702204
265.3512693167015,44.51655586107469,23.561397605034305,0.6167237747713035,834,19.28625739000439,45.58910225420836,-120.7191478814352
227.55453875749973,37.24892602087702,18.991151070349094,0.5992719627701919,365,3.087616247598742,48.892307191649195,-121.09626348363635
231.6824839978193,31.712524120139967,16.89495801384512,0.458638021696989,562,2.894794819629058,48.037170027673895,-122.08615049648506
271.8035389121328,44.13964525217844,19.613255683970344,0.5560850583758895,776,1.6110232696325768,48.87104586107825,-123.60537152344351
153.91265685089718,34.980364597658834,19.485129424404906,0.5950734701099863,80,3.878327808462868,46.75896194603163,-117.94694336621463
259.5810489075203,43.41949456375019,26.02704324163106,0.6596346809598927,954,26.120868685430157,46.11347392665063,-118.30969293608946
64.90280148244716,17.915808477499386,7.618867455430685,0.2964039652293921,1645,9.875667915720697,48.19317278883675,-117.00197628699709
97.80865116501953,18.679532941290837,7.052599830057426,0.3642838497083382,1409,21.842176262700846,46.305015672164586,-117.02354214048266
146.12102634362392,29.681132945466338,14.084970261640393,0.4135864612372389,1238,22.105079324354538,46.19753349482139,-120.11197806078161
226.16094843867265,35.28734253119365,16.054260756283075,0.5220177654159645,500,10.98119546906869,45.93002396883132,-118.61708809373643
142.65055011250953,26.7908399897419,16.65830581819764,0.4938558751804738,223,9.580722055973144,45.518715912896944,-117.386639890823
178.91112663233406,33.48009069824742,19.09367233768874,0.4527394533533898,256,0.0,46.02585224406707,-118.05246826525811
119.79378885128729,24.415828116032,13.99645557731647,0.36005126748182864,1272,4.653278728802352,46.42127899389555,-122.26856328779762
41.39649565427128,15.312313437116188,11.13088939902307,0.32299385368941763,1620,11.72418248706631,47.69597683258292,-120.84619105282934
212.2082184808355,40.39026927609402,20.605257416836285,0.6207631207598171,1008,19.416989022617074,45.250259368877806,-123.09588409393953
159.17114738509292,26.27336962752427,14.847717818256193,0.4666137948540915,283,1.8543341688295631,45.842027758661374,-117.32164280918894
228.1387381135796,39.5397258294342,17.783201056513093,0.41925950831686687,560,0.0,48.23609456116671,-119.75677755884384
100.37300254004558,25.44472358753147,11.031412350743862,0.46815481448651053,174,3.888194145955813,45.58768769433508,-122.39950036147576
141.5869159780847,28.413865468915642,15.853738176260826,0.3785376150256381,67,1.6701578464771774,46.370580586090085,-119.298095209159
193.58503738407998,28.15552187335267,11.414576059491779,0.25990673377504137,576,29.302505945028788,48.45863568743256,-119.67310231679473
133.34139536923834,25.32725203269066,11.528267118621503,0.3657123956306302,303,11.68462410955213,45.61970124457377,-121.49286097377012
118.25342271985726,34.42100831526831,18.84758420247222,0.4810715992620721,1288,10.585785839792933,45.33094734247276,-123.2050968546026
145.87558505922317,32.48388624990402,19.846855065386166,0.4045131719351483,1339,5.931109479621525,46.93815198032004,-119.2989876308504
177.38131844255798,29.3934084580117,10.983794367705123,0.38368933493029966,194,1.619163827194871,46.209678045114146,-120.35784609367344
222.4693688844132,36.75032583224925,20.396140794234704,0.5065110004699742,811,9.478209047129763,47.253633457935415,-118.59377125785052
251.44814877717826,39.037734529956786,24.482276720217047,0.1838485442955794,624,16.51485260454008,48.2152195619339,-120.35885549221605
161.74342802319603,32.16990073277884,18.682239692098655,0.3507845567104234,1020,3.945225116716661,45.54859395261097,-118.03472949777021
263.8540956509942,42.57854162659506,19.65835271861172,0.6050251146968847,522,9.704754529681704,47.32279633821714,-120.1366521285786
218.86727605646996,40.56717144429973,20.630002827378956,0.5077609066149702,623,10.463097991897547,47.022035041559455,-120.07343419925229
163.22307752230384,32.446918383605954,17.04926672223923,0.37202597529332304,1127,12.944139009075768,45.5763151440528,-117.86342478139159
115.96513041456015,23.06582829679208,9.533338838020203,0.4247024012986154,1548,28.430810763463327,47.49599394211593,-121.17561993651321
155.96033910993333,34.29997408207106,21.295907281799835,0.3308099448915909,255,4.135333520244937,46.09456167144309,-123.06189340084552
128.66013213483365,25.09096004901222,9.530943198448648,0.3344061126284728,1524,15.349291213243308,46.95133727417605,-123.79852126580663
106.87883284319135,26.825733614744166,14.700785214442496,0.3456301580768179,128,5.790222970858786,45.32908929710825,-118.71403921028467
114.58427750445995,32.30491712165202,14.16906550342032,0.4015183854619221,0,0.0,46.838336228854494,-119.65783314052575
248.86342756036868,40.83874578265899,24.17432653365317,0.4658396880389777,923,5.01225272848055,46.22585387217128,-119.07144162330543
253.58211452728375,34.89465389720557,15.407679253591908,0.5417116519816331,636,3.848080856129258,48.289524844741415,-122.50925086943762
265.8018303251197,43.83731261071342,24.525876456597018,0.4936035092783658,491,0.0,45.22791490798947,-123.0453996708926
273.49527984111404,43.60524561841354,22.61686662634267,0.6069811592935418,683,8.453241074504604,46.67442909967332,-123.89818734032482
217.67522352783976,33.950711780211606,21.42579015233018,0.4974208231411498,656,14.24635374390497,46.833725696525754,-121.54588708835382
332.8401085910376,47.901809051753425,22.543075411975146,0.5904405223111586,502,1.6545443527256365,47.900024305196474,-119.87057619201757
177.44675831420233,33.79773477008793,22.156087553393355,0.4408060057906065,254,26.787083073555944,47.29715030036084,-121.25429168430188
184.01462943746006,30.53202757636014,17.987928374280063,0.3368906139943288,1079,41.27929940903684,47.668849348776725,-120.9376755458339
165.1460288747569,32.83285679051956,18.236703554441664,0.5095091504778333,1018,14.111516874531702,48.108197142607025,-117.67088913854376
261.7564257473096,40.77585527279034,16.26119776211854,0.4996220158933671,720,23.735421741563027,48.448811894632755,-121.56221173083689
99.68779020052423,17.476423391699882,3.5427070521922976,0.3848652220492329,38,0.0,46.25550198688988,-120.40207357588133
273.94396556430894,43.0354199646279,19.997641703871135,0.5115173867993026,645,6.170856634720024,47.15209082145561,-118.514428910812
123.02625047681661,21.494057846198235,10.506010758592154,0.4497459568295736,53,3.704791833671086,48.3604323137568,-121.22420052375111
172.32944422156152,34.68037917559151,17.01689441137145,0.4706964896255753,116,1.8543341688295631,48.957804523860226,-119.64539309840488
263.53828521312795,36.476719837801504,18.410902681829015,0.715918274995585,705,21.28910572339864,48.55807724417505,-117.96345403877278
118.19215276550179,28.07934156815727,9.328965764965531,0.38493041043297466,0,0.0,46.485869050497506,-117.35335563439651
161.20542408304922,32.16820174787576,14.977839573246937,0.561209656695237,221,37.90559851957826,45.7806660688746,-122.97048563349674
164.279310532955,26.879547833336492,13.642340695966915,0.5269237754277742,277,9.56726993959753,46.957570149626356,-117.51388662386954
83.77494845004387,23.22980463629964,10.15394604241673,0.444523716825309,1576,45.10414123535156,47.96656580734417,-120.55518594844324
137.09088084280188,32.51791311077253,17.30482082846054,0.4118106368091891,28,1.652105287475381,46.97027628301319,-122.19228928190729
277.0117266778123,36.961831937247666,20.097300987787914,0.48522321284650827,759,1.666064981716487,46.932723453254674,-120.78604970633216
113.56340625495348,22.4859124920659,11.242926181559413,0.42260479545419327,131,5.479516007655841,48.3529216843272,-117.13977197300166
88.03967777344332,18.2242452334948,12.412181067570828,0.5267695215633211,65,10.46644665258854,46.44561511626875,-120.55167334204991
103.66926514211674,23.105966100988578,15.237682021475603,0.45956037068472577,0,0.0,48.43917869924658,-121.69873872798745
141.90535737397968,34.261607435302295,21.019618207910096,0.45741652582215814,48,1.3135053401491052,46.627219203806895,-119.56619401978293
143.68905017531554,29.39816659739315,10.48614493287181,0.4568609138196977,193,2.288496007948828,46.31293242271336,-122.31898066855265
259.86747725781487,45.80330330667314,25.29850122709534,0.5493545594818293,436,3.9455722216936486,46.815959644798795,-123.46895670323936
132.5172456184273,27.302785762279406,15.899532295001764,0.37695841268284425,221,0.0,48.04978783469947,-123.09784194662545
114.89285009792741,30.129647923369948,16.24403816936021,0.412015663689946,39,8.458337277977385,45.504008111455974,-123.10367912729559
183.70525235614434,31.811202594208233,21.129219252483864,0.6055041540944024,839,11.039219507961398,45.78567686348807,-122.93668114541394
239.2436495814817,37.861515086362104,17.40881363518931,0.4394870696860592,609,8.364499382658398,48.80577930265237,-123.02820979145413
208.19065860997767,30.668701343686045,17.927430273135542,0.3794984743877673,965,3.3585834484468626,45.70196650952543,-119.5138767863775
258.0620136117997,43.58241306960743,26.4862057335018,0.4504845141829636,554,2.8195537672315494,47.27090927172422,-122.72683940920598
190.85181329036953,34.12331821596166,17.97100057928764,0.4659436168063948,207,0.9274099368611016,47.31725786664775,-121.58032901673296
258.78626666700035,39.16029628246304,20.446239176815798,0.6121422698559176,754,0.9274099368611016,46.95849784820098,-117.72248113065791
149.5614538589585,26.455627995222834,8.72684642414427,0.46547211465714877,50,1.6441421422565683,47.57898099430727,-120.68226851815989
211.1334375750104,38.84211006056718,18.412336754650205,0.379100251001105,364,8.289099835320444,45.919306903190474,-119.3270958303528
215.24030950717835,38.26776275488351,20.549006636476804,0.5378310719853671,351,3.231170790968891,47.21064907110699,-122.7937609015886
112.6512753793808,21.927362587001582,12.197752561684801,0.4298787490052109,108,8.654838668980112,46.48869302098759,-122.6539768683393
270.18499229106635,46.513515938287554,21.17043237957881,0.4720121830454552,509,12.789063508689699,47.646669038516755,-123.71391968613464
223.10083995741928,37.85748830791883,16.81209130627465,0.4290993996917967,820,7.498550669206035,45.5648941734926,-122.81745455849484
272.3069796780881,41.239516719299644,20.773933935059045,0.535558843248006,710,14.492444091026773,47.283509667357905,-122.04986762677629
140.05275434871874,35.39428053101154,20.111892960959842,0.4530904867471769,1137,5.706168222103416,45.741081421533295,-122.76092661006277
85.90465582683434,21.354963149873516,13.54864263665278,0.47189218244875053,1451,3.8258638700579053,46.11457225246014,-123.37908226370061
127.02623968323485,26.929267816387977,13.892892290841424,0.3770178583934864,262,7.998022826388745,45.874839201294336,-123.15554890229579
245.9995068931648,38.80281203763267,24.136450597561353,0.4021971398382278,661,2.311471853606967,45.73135111947527,-120.77454862377093
114.13243817856224,33.45100381678112,16.341072368857635,0.3232454130842227,0,0.0,48.30284380624267,-122.55566397115945
103.63525418882215,31.98371177086434,15.733047092701183,0.4357330158874788,0,0.0,46.142830270643564,-121.45011097266347
119.58332127803105,30.074767395160947,16.658962333399256,0.38067552650923053,226,1.3517106526649583,48.708495127457795,-120.47607910401601
292.33060070437557,42.863807219570816,20.260250220577056,0.4667195699848188,779,4.823140621185303,48.87970610138076,-119.16723619959444
88.96075624418158,20.11016543461398,10.26982502552467,0.4242758435993432,1907,22.560262167920705,47.28504187974839,-123.7248150211123
138.07099365901394,30.488941874839366,10.612165058764289,0.39027390146633867,48,15.77082533503345,45.572004490662906,-118.4041272076367
221.2724961547085,38.14848268803225,20.018631474975294,0.5208713274254295,387,3.2805673987757595,46.49819297351833,-119.60469727356364
71.33648996720068,14.244981608950704,10.3115998131676,0.4935123540409355,1583,14.90898032659002,48.19092905339286,-123.4276867763579
211.3709460577389,41.11458552981322,19.168836722892596,0.44861135581876005,702,4.627367505919335,46.469562914788284,-117.88494963125255
235.72585414725563,37.533939330673114,20.822847400426127,0.44671975017378956,744,4.826121795155414,45.348068873211155,-117.5538931962773
288.0554693738705,45.525575226672125,26.3425268510957,0.6291080155188605,760,1.8543341688295631,47.22713964371275,-123.57245428101595
124.18392171623607,26.853575102603916,13.529807225080036,0.36174246789789327,216,19.024749512438895,48.38048340598414,-122.06185646296957
100.55988616608491,23.823448136771443,13.795509116633824,0.42779368718542365,2026,48.980873370970734,48.18370554857401,-118.35659104144857
113.98927202807738,21.217354986878373,7.064715370108699,0.38755637486447103,131,2.785041541711288,45.70049256052141,-118.76218216731439
98.18768450439406,20.665459781113388,9.2202772657939,0.5248153414952604,1576,19.705697239844667,47.691058457649866,-122.70835286450536
72.51063693200817,17.712537610853364,14.022778840682363,0.3064158797796851,77,2.787595282958925,45.88201705374259,-122.53455473664303
272.88627031756374,42.14910053688583,19.480654793273505,0.4051571740703652,854,3.9197839135933727,45.87283013820869,-121.40669528046033
154.2421015190894,32.18950244910665,16.620085434470088,0.5075828434577916,233,6.670780781354686,48.496287093220744,-120.60833910366286
279.98076888769856,41.70804948669126,17.467719944444323,0.5409221180355085,755,10.464685768539056,45.99867581096092,-119.67221659928794
262.4223962402277,38.795623618557514,22.287752887454957,0.5847764365208971,643,12.769178384018852,46.05298938607204,-121.41760452301159
135.82717523024166,32.445168787695295,16.544986460421953,0.4757113159143185,1335,23.98735849630853,45.0026135630452,-120.76225698706797
243.1241829173612,39.90833157839856,21.27481576697327,0.651286868363932,556,11.464180009030445,48.48267613650207,-118.7677034330637
255.08780123854814,42.56700828317242,24.4718843226024,0.4535714787739388,513,12.996265443638995,48.17037925283654,-123.74321757976581
221.11236144264572,39.33089158792739,23.307550294358794,0.5192236989437615,740,1.3304276360754685,47.50931574036271,-122.23294138959186
64.34921484479648,15.67727192730667,7.402637668464847,0.24072553524783158,1531,10.051186727257233,48.00106305575537,-119.00655289880814
136.2454833596764,26.575653579364463,12.848629142360805,0.46899617344122735,77,3.9495805483620545,45.60819426969797,-117.7335521361896
120.85385103270508,29.827116391120022,17.16052841470808,0.47075480740565184,96,3.89036518316545,46.8332943783503,-120.41825790519033
149.79626192749603,37.32068072429275,17.64894755413151,0.46663407337093715,234,1.6239181234397049,46.404877549395124,-120.2752056031428
181.46028237169418,35.73380451840608,19.882320747714434,0.36701012455305126,336,4.817591238289339,45.37510610502807,-123.24979592062157
271.2167586924603,39.74452120209385,28.999361033538452,0.4808519036255203,743,1.6605965966216094,46.944521940859694,-120.86811343223582
132.448413487857,32.631966405653195,18.51852279351342,0.625121931100908,204,6.646059804228542,48.682958601370544,-120.27167913481483
247.84075093144727,34.57925645576564,18.97718905240065,0.49089783444811336,507,12.99858674790547,45.160236476202776,-122.3027064745569
208.50149601555583,33.89453230733356,17.108970389510766,0.3771662693484442,492,12.173805699051087,46.16584365397517,-122.11529738335433
95.17321469028896,27.768259304569966,12.645018815934424,0.485677404009976,0,0.0,45.83016374482281,-121.35901085826764
266.6860953071188,40.28712597315309,23.62898730793632,0.5761857899832228,538,25.648710199463967,45.952586614662785,-123.85950161555591
279.9975671037628,48.01821298664411,23.737932166316302,0.5211049958771077,602,27.074809073127344,48.6337382075175,-121.74544584091775
151.44855602544573,24.664976061081603,13.352014321889847,0.3069201380730739,313,10.53449806035838,46.87227621693716,-122.51986395102419
135.05084980019677,26.361614797372745,18.061530626043854,0.5873770391543305,1345,29.08103180403319,46.865197651759274,-121.7075185347546
125.09012526556643,28.555835085512307,13.714566841761583,0.3669623912938733,1182,21.83529456712806,48.04230256982113,-123.16166507726524
234.8196071738911,39.91518609398235,20.89396887501164,0.4471606894621042,437,2.839899201722502,45.617968816019705,-117.76630903482074
130.48946525555496,29.0558828919234,11.408373870224965,0.4684949585833094,1090,11.73117566604884,46.949061416400205,-119.84485282512166
145.16652272525903,29.801593328013706,17.885496266774894,0.3615078956994579,294,7.569672944064757,46.719940856484236,-119.24628376598858
194.06070730691937,33.205793290982335,19.91905921206164,0.6055769568060971,404,36.89439485614927,47.38764276218662,-118.47580132974863
163.23449225558534,35.532800818219236,18.166523369873136,0.2805199218585801,275,1.854334168853263,48.998230813001754,-120.5109046074966
140.9448764995128,27.073485251765838,13.34794807338163,0.3803389651808826,0,0.0,48.077795576328185,-123.39155798338804
173.9439510268889,28.86252120055712,14.449121201377038,0.7070099197304875,219,1.6295865852097078,46.59146281206971,-120.24025420727017
196.31492322272723,35.24151686385554,22.633420186481114,0.33365377285929954,239,1.8543341688295631,48.310212209096186,-119.89211217385385
151.1950884932477,21.64255482023445,14.15491685431737,0.5215620645423426,92,3.958725278895016,45.68283345324992,-118.7819236807097
146.7625234936373,33.01789002257221,17.686223049746687,0.4596836189152453,228,16.527758010724767,45.121854745235844,-120.97838317639224
101.19650386832916,25.886169723126063,15.787551913749539,0.3712561344523278,17,12.214756922792837,45.817793489857095,-123.10693788043105
241.48663975924399,39.54769873560012,16.10769156536283,0.5048937446114338,969,17.74969283744575,46.36164622445704,-122.01356865940893
250.27213895590134,38.109507006421694,27.057713682774825,0.5216954096591077,576,37.66568481528734,47.042323029838236,-121.45842392520956
117.90846562560955,20.113974305167815,14.867245562526758,0.5443267646849721,96,5.562655239223341,47.4605165621648,-119.4785793106788
214.5018478534317,31.37260623094124,23.48483828225542,0.5325479953989776,568,28.18687376559323,48.642422868857686,-120.00455186731762
167.12196411047762,34.87486840761557,21.54925182212871,0.4089463825445925,283,12.14721720742342,47.03941603820183,-121.50732291871508
28.084969732449224,13.241967496830352,10.702682223472978,0.28540553819979,1460,8.063630731302096,47.005102578502914,-117.09439325844914
150.40815454906812,31.87322081515762,16.658104588364242,0.5650425580896642,1144,28.110973750935315,45.200972039291926,-119.75957626450179
99.59838104235102,23.443257454550842,8.544241357787568,0.3136247350997958,1293,21.62162354680444,45.139646210624896,-122.33941245784804
254.05192442006012,41.884179102529345,21.387934093948534,0.6346139201561336,514,0.9274099368611016,47.20463984766549,-123.28752269165717
121.7087013869882,21.3628276462105,7.436154473511565,0.4938781197848355,150,9.386866839188022,46.75271445299338,-122.92998602570968
116.28900684102585,28.480210570650556,13.657104510035618,0.48163571050868054,1291,14.381861814519636,48.35672157992119,-122.27829590130844
128.13512996400038,29.043673620207823,16.44137687754537,0.39684244087707693,1494,25.28849520082613,45.64271833884738,-122.87523038718311
121.59030297383914,30.049047528248206,16.577434562154295,0.5749818294214517,206,20.322143427245148,45.0998866484682,-122.69403083164086
219.7569713585384,38.29116029777192,15.828169294652785,0.4494896386601727,421,5.7021197001640145,46.796155071720506,-122.00433381914307
162.09242498640415,28.369680490260183,11.114553714903062,0.4935591107083152,413,33.11659012321507,45.94991422700903,-122.78638483293672
243.02706740681515,41.592504913498374,18.850388088047538,0.443355513672555,868,4.550975650169477,45.19845749335535,-117.72264202761502
258.1385595637326,37.00845042503717,19.08367133737553,0.39747969725257976,832,28.290703666245587,47.898393147390514,-123.4383637803685
280.2905142858731,46.204587832863595,24.295540675907777,0.28554040278411263,741,0.9274099368729609,45.44637199982899,-120.32842027300822
109.57022442153492,26.43319023102018,10.288939151141253,0.46185078515781464,143,9.995786142164535,47.43327800003109,-121.12722221107236
267.9734244485848,39.56152853667692,19.53559333069314,0.4229239461195743,695,2.306657088899307,46.12419900066756,-117.12334968163975
122.3918634301811,28.33696867731385,17.27905232918548,0.40884106392128544,57,5.7443134922449675,45.693984201420086,-123.21572768482363
200.24633623584003,41.59896065346302,19.59596756964083,0.5116867244917226,384,4.153918562404633,46.51900609167727,-121.21501080667981
236.6437923446263,35.948504554782396,20.008172514892028,0.4903122051897955,498,1.6427560286395912,48.205783104891815,-117.21370696707241
268.84184732860643,47.873723232653205,22.21434202437811,0.6203752540364837,762,1.6290243433912726,46.56837430761829,-117.94145011874214
100.79501192046702,24.453579666963783,15.369761589878141,0.2990567527309594,1538,4.8134601606916725,48.003078596844226,-118.28049550335504
80.59652514143018,25.076888050521863,10.381550002217008,0.3551831095340612,1,0.0,45.501945187196604,-122.19468021068542
107.3894957610947,26.046216261889015,14.010379049083086,0.4424539321985697,165,15.114947800535,48.09108567866031,-122.80378688826954
320.85847720781703,46.848888691028584,23.08777485196328,0.5417940696593603,650,10.651113881608104,45.94773329962659,-119.31949746052898
200.44076326841292,42.33760639428653,22.473141695994297,0.47113189307805226,223,2.8923570447198452,47.70957251955549,-117.4943680761069
98.41203986116787,24.43336094488791,11.41584485353507,0.24037111265724329,148,1.658213099173598,47.26312621936398,-120.1026597489025
117.32731082798622,25.84484894749647,17.039327830894656,0.3409409704596801,5,2.8950965859134317,48.71657886884675,-119.9987111737107
169.24147323056138,33.39441944825937,15.070746913349081,0.5801936131219902,1173,15.494193174794809,46.549290071901254,-122.04014634437802
108.45177301672335,29.003868043670366,19.069620506176836,0.41848550888425784,1555,11.164772464881036,45.264660755337765,-118.61354946765644
259.6100330230808,40.50122872886262,15.155710348044746,0.42554783895121745,774,3.880617013735449,45.07662194220501,-122.69069376009733
161.8534571335916,28.664592238352313,13.211557327697397,0.3741830448098455,333,12.157874880479248,48.30743424389101,-121.7342453451703
176.77053693279288,32.78050748113499,14.68118502074709,0.5879268664350716,321,1.8543341688295631,47.09894255064573,-121.02194492968508
136.61502825588198,30.86822365695613,14.306301786232057,0.35952023022665097,210,5.311202082920724,48.1009762073398,-120.44672734920881
84.02002013836714,21.663978296070102,11.211741251662856,0.4336749282323186,1884,17.09824674578865,45.93770240004606,-122.30313187309444
234.29015162880498,40.64367079367361,20.565227520939345,0.5183183593541305,533,4.404468682446025,46.380334982052936,-123.19614222682557
256.50014956673374,38.3770591848034,23.19317126568479,0.47913277281005284,683,5.380216961122056,45.120415488845275,-119.72565970290857
158.43355418845388,36.25912031840658,17.76956228047694,0.5157891169429614,147,2.2853583930579506,48.845969298296446,-121.97958612731821
276.05252424836556,43.80076731062491,21.817273968756037,0.6441017261753248,554,1.3636648869661572,47.67147162680325,-119.93133245004171
126.55146456295836,28.936013169308012,14.90339342013826,0.44722927478008645,1164,26.453994260844002,48.732820351037226,-122.91946099308058
79.49600224896993,21.15218441048263,7.987599944703525,0.39696990806923,1536,13.054044983656546,46.06198562971629,-120.63201928701628
162.48327893081301,34.114841794013365,17.841981595944493,0.587440844265646,1076,39.28639193621585,47.44585444490264,-120.2718739721389
143.29128212375514,29.398067342246417,18.216556115908855,0.458806107929996,47,2.7802885155287553,47.71399987317055,-123.63723524224301
144.20541775584297,29.29316599990977,15.340403826002317,0.5574814410720327,1202,23.971483084833523,46.270198801030354,-121.64377005264255
150.30971622344322,33.31046866231786,13.649475648752329,0.5338928619328046,1345,13.06900101094961,48.392436940062524,-123.05909726142718
104.67016465871113,23.591509540337277,13.780135853361674,0.4133569049565165,69,4.950912757433309,48.78864585160099,-123.55637520669063
135.75347868815484,28.552630938323862,14.619523052807255,0.4568888740470134,1244,3.080172842093317,48.539420470784016,-117.07027837327038
181.33471867336004,29.212584179853103,17.918180062249974,0.5399324885347723,432,5.547544894612033,47.95626790375749,-121.74352308517695
158.56759550698155,30.682179383639177,10.741429166907803,0.6241579609439232,116,1.8543341688295631,46.109858718899815,-118.33087887901756
98.18544255727645,19.3908140959053,10.854068973422212,0.39613885771072693,13,0.9274099368611016,46.12646416842253,-122.21751541665365
146.66349915478503,26.81228100217958,6.352938864046492,0.6165492484266101,1071,21.88041799673307,48.85344128178415,-119.2294809444325
144.68718230534154,27.513074551888423,13.605109818604227,0.48746555140568903,1152,7.224436198904773,45.04113798374277,-118.6784049807722
190.43592219049384,41.692922459568244,23.235203708231357,0.32323719515933225,569,1.6509956323706148,47.86419989296858,-119.83052881574508
126.728856031463,31.48556830013247,13.761748734773372,0.5290235473038469,123,2.9149628075669347,47.82498465022105,-120.69896668014889
261.22871965053844,42.50725359371978,24.763829438153717,0.46379668733905144,747,21.108274903699655,47.49075816379919,-121.11711360096912
111.7151812111623,26.680277018904068,16.31004235081265,0.3333740608697653,1406,5.7019413997728865,48.96043538434746,-121.55792213419903
296.0641679424741,47.91314409101792,26.88425091569071,0.5206921030679024,656,14.92221827335763,46.2475177430549,-117.49329599026522
73.45217562148618,12.877523438014785,4.01416219807221,0.4042553790779227,1842,12.832275065238788,46.359887455172995,-118.1856641454859
128.65474527822013,23.50972732450205,12.688401443961727,0.44519486777687206,21,2.7802885155287553,45.315757611786225,-117.2448116253344
253.47845112427618,40.56987155833939,21.629651846302405,0.5776215779746137,556,1.6488455245969873,46.77119254617495,-123.12991943560118
90.08949942563603,19.88453030957291,11.896576907799307,0.2910636977779919,1489,15.102244687752494,46.04419410493939,-118.88392767357449
54.73644485576309,12.709703104588112,8.255085581703307,0.29759716255753943,9,6.112471178162102,46.37354680871058,-117.43161680225273
177.80066965601583,32.20551171493575,14.41449408083477,0.433760901156169,1171,29.332183709303656,48.338287161022514,-122.73136853684038
137.10626465619487,31.09993601798375,18.208112925711013,0.38606557769536065,213,3.2707152787561333,48.74193805410998,-123.53452612843256
255.67214303563424,44.27854304955976,20.80172920395652,0.5423910333173347,782,22.95775669895033,45.74293228802074,-118.81215545496958
225.40336528402895,38.166821067476384,26.271238137055448,0.42453006797446036,637,25.918843545551244,46.49003572621386,-119.97868820774062
93.82536319751578,24.143028023779895,13.982693961443653,0.39186190749779565,1606,20.32243944768274,48.71452224846158,-118.10719856269209
116.96194755791288,28.46806905628312,16.864756988682082,0.3584908951214002,56,3.081516281119321,45.24723384275689,-123.02159336361598
81.81474065563586,12.333738079133507,5.413660859406383,0.3868021885137442,1831,48.67908619249564,45.36944211244551,-118.43312881698077
214.55390172305127,39.65465233761044,14.607308016996214,0.449027847973404,958,21.818257278776905,45.65116395682492,-122.58860875966579
243.01142228524563,32.662726251695254,19.483881079447865,0.5076755430004808,438,8.403121714550826,47.3808513365075,-122.85440839994007
198.15797204669815,36.93699315789943,15.56163736148697,0.3383297510643153,1103,14.610215641764308,45.60188908402399,-122.85013941448305
183.7674033284348,36.22085950929783,19.48686064185512,0.43440560499735364,1131,20.850935529873876,48.872305525802936,-118.29797695838033
260.07061634293393,43.378175587091086,21.68153674044682,0.4708248120763397,1093,15.833296982238314,46.78685810903408,-119.3436194551266
239.74724485767484,37.61241643352575,20.2276403236327,0.6265729559868591,786,3.884034172706943,47.00607184140067,-120.33854202661617
223.40544748808423,40.30645694059517,23.60454114511986,0.3949061371374725,498,4.827091748006522,45.98663446322163,-121.48818661113549
175.05174039686642,35.42991551971729,18.09842493440639,0.42356743022209986,383,7.281571697478178,46.88384100973894,-117.85959621430824
123.59788173216266,30.56528387703803,21.489328008171434,0.46808325759012576,1353,15.105257459900567,47.647654530548046,-121.25288424804155
233.3806116343974,33.644578494816415,21.874145622464315,0.37779285390199846,584,19.637696912422143,48.00470854781617,-118.28380392369895
14.081034129383056,7.585912378238142,3.281191780395014,0.15995533128112127,1791,30.244301018542167,48.01547233083965,-120.92605564000847
62.05123460696558,19.565676825954124,10.64032961262736,0.348196302995288,1518,14.152329349559926,47.31156445077635,-121.36138899402565
125.90193481279314,26.73324439415984,17.445436438398733,0.3887811329103425,107,4.817779731091469,48.61743909997543,-120.76124150031275
154.54412972998693,33.45053348843975,16.566757206738927,0.5009606115018189,131,15.70901782206772,48.269631389224436,-121.890354880851
54.99131433316816,18.943373534823724,11.375293815947884,0.3482016308305855,1500,10.41903678177693,48.0281924587945,-118.76673433876624
232.39300217356254,39.7549721218867,21.949549751928078,0.6441155245111979,567,29.831522904512763,45.22242208672184,-120.48095726935264
226.64309202040886,40.08142399652662,24.606104073918353,0.7050976702637508,487,7.4974070337968435,45.027511848878596,-122.37451113397228
241.52683033632698,40.42957707810198,20.325263147354484,0.4325321449187334,719,18.066735124426526,45.84978910878189,-117.70297798707801
124.79703305142604,24.28172811020461,11.905405859009514,0.4111906501202673,1360,22.73694387597091,47.65409437565381,-121.31276145038753
186.97640227161705,36.51896130530279,18.179980292021458,0.48354567240534585,339,35.950815015429484,46.644789955530186,-120.19512997220208
267.9963713193099,39.639833471651805,19.295524861610648,0.4556948718313638,707,9.950790943216283,46.60962503719725,-117.65469522324817
131.03309808907116,33.57871001197455,15.801349942310319,0.3861616680485688,211,6.0756684760382145,48.53834755291845,-119.63033402860205
275.61560444057955,46.14951547671183,22.599554598673937,0.5231710731863513,884,6.205804716013117,48.582251392527354,-123.18171371504145
230.117511937723,36.41807189960719,18.381138222001624,0.5149475477338048,487,5.827121473497773,48.63670105621434,-117.42117513470568
163.2243850426083,32.601716323801604,12.776659723893943,0.2885315520166083,1262,9.825029497775208,46.25551230606011,-119.60604362850007
194.60679710112865,30.459231938162006,13.679954272787363,0.3542568688267295,400,3.957274759503821,47.764223250957045,-121.65566069740039
266.98547463916447,42.12808107336792,20.61001330762028,0.5123917483955535,805,9.498161978401907,46.08653272509748,-123.02509549135628
89.96781900091341,28.017265572071082,12.160757371227877,0.45327401773069614,11,5.778482628894543,45.7624393322978,-118.44182367510793
236.18119462146748,40.01016714998849,26.607266259019546,0.7214980430896466,708,17.25279295237409,45.73852982938948,-119.6594907085004
62.41399469200551,21.75527518550047,11.287578252221973,0.24987808443627052,2198,19.42138743238785,46.368430483454375,-120.26577235616575
250.64815166860643,44.83731735406019,22.985441065668788,0.5509293475227078,592,3.3310813407735336,46.71983047911929,-117.7427519186433
139.1703343262989,29.65659321014856,10.199383922983442,0.3542250781463383,194,7.5366115446313025,48.32379668422028,-118.47981952142828
286.1842306220477,47.04323945607562,25.415808006788,0.5923161034763955,833,20.237801884173557,45.479564373890845,-122.93827584187075
152.3062668188586,30.036877996432256,16.037433073364287,0.43880492866334203,320,1.6338191282435397,47.93970338957958,-121.81794552543116
121.63469838928208,27.720153153752097,13.6390464754093,0.40122865291220217,210,6.8832691802145565,47.12581965675722,-122.26057602129875
122.53159188230373,21.73711054011778,8.864458500166489,0.4782140805092424,2184,30.509168832220627,46.15178137070397,-118.79237595199126
224.09844599512303,35.717264316895246,19.59784068659089,0.41790374867221347,989,19.851086260246777,46.9712783381313,-123.76527295684954
205.19921635599223,35.26242237150031,19.739029453610602,0.488170007626224,595,15.473037096873604,46.19976827910809,-120.01077220590078
200.85175750478393,38.003583300612405,16.313535199218986,0.3755539421296224,344,26.327388036849484,47.384327820953224,-118.66278919981517
203.2926974787592,32.42360874212513,14.957814932193214,0.5313425872992401,373,3.0802266921928716,46.73537569142098,-117.86264054266775
150.7628609779185,31.138030988484964,16.155813026666504,0.43009095747092835,396,2.294588447702849,45.657622116315515,-121.60542775898865
249.1096800568751,34.829879040952505,19.098055451569973,0.37229431587854034,748,9.0754052575214,45.46633229822279,-118.25119886729591
86.66403849065041,20.701532712093655,9.107049212600687,0.24490958855925637,1599,10.559885025024414,47.18678272828852,-123.22557784131355
262.19561271415813,38.996102301580436,15.681535105770248,0.4984844060236793,547,1.6485276579905694,48.609652133144415,-118.07483395785837
159.688008709982,37.21174474569151,20.374549184803385,0.4814382068140679,159,0.9274099368729609,46.37583074623074,-123.10757936367612
252.64246150480264,38.030117269216944,18.46058093735706,0.42440301612068787,582,9.783784635351589,47.93200042889049,-121.21898896607743
284.25279617178944,42.45009515886074,23.787493055410064,0.4475506303699737,653,2.796261975233542,47.63464541975907,-118.41893243954313
78.23775509315105,23.977811535010225,11.902333409032721,0.22469542635997033,1767,39.59753292583824,48.72621965723793,-122.95057800855858
62.936994619066624,16.013129890404045,4.835941390038945,0.5281529956471294,1664,30.56794549771686,48.283924069196566,-122.39524023337151
234.072027063341,40.66995191953964,21.76869528579389,0.5266929178793748,760,4.170857646989232,47.26642103562185,-118.94423202124854
126.2643591889103,27.119715343502353,18.732825365588504,0.5178905695326086,1353,5.870238261681747,47.62812199293643,-118.95974424417749
188.47891139432733,31.593550961695666,12.804094766279798,0.3505893023840673,517,3.8997693672251508,48.59354586633614,-119.51196656980292
194.5994072209572,32.747835662959346,16.900645583510777,0.45317833239444905,309,2.840015019667034,46.59807513834774,-119.1423608887303
188.2543648912271,37.42467317569472,20.557323234336483,0.5967287999754878,965,19.364740254506188,46.30717882343111,-120.20092889656682
250.23702285655096,38.40650750667657,20.58086954916161,0.5180708813427339,667,2.74760103225708,45.04324433454079,-122.23740658765134
121.10289492191131,29.502842483501464,16.47998623692989,0.44162708647293303,1379,9.673701236390688,48.306204296765856,-121.58012804547256
242.28902149965575,39.96471112041083,21.435186600140803,0.5440260320008291,979,19.9432376022015,48.20392280161346,-122.72881598239002
157.66693698899212,28.415588431239556,11.522866895658392,0.33213274252867586,998,9.565758161073799,45.41781807240061,-117.64084607066461
195.18699556539724,35.251746733234526,20.319100087115288,0.48526348667199215,967,22.37374414337731,47.307429524530804,-119.91625743663715
226.63007350618744,45.92205398842248,24.013154366632417,0.5505280917497469,931,9.982467651367188,46.855926792667546,-121.19404008265452
244.9762027538825,40.314756826370036,22.04844422045611,0.47525349869497524,713,1.6273044503066072,45.47483638203644,-120.76595937449108
249.85831553323666,37.73224832062568,24.921080573995024,0.35132725401523074,920,3.2855114629512316,48.922272908242896,-117.3690166227173
162.02166740483193,33.06092559042481,14.380288399349723,0.3760812021638017,971,16.001200947016226,45.85878354985342,-122.92654017818744
102.09202312171874,22.933151959878767,7.916102536398323,0.4632665356024538,1510,18.603960735180692,45.26893672036225,-119.89639117588241
214.71936031096314,32.545653050531264,16.995786890738287,0.460872031851425,395,1.354889455998,47.37938951800764,-120.45877924780874
115.488187053645,27.415561150006972,13.477107869734397,0.3593854053411851,1344,32.23530405036724,47.95546670853213,-119.71982035195747
132.91043408042165,24.899817004516027,10.99630221113594,0.41864234225712493,0,9.195145327246017,45.12977378418875,-123.87322871325412
81.61850016386347,25.687585256757238,6.950821369357769,0.29504608109109143,45,1.6873578036453716,47.63487055490809,-117.89513263739094
122.08131188375621,30.900913796290606,15.020848936490914,0.3753016010312127,1495,27.615684509277344,47.12916750380582,-117.47517202261471
106.10552752145853,27.210659770669267,16.24818303481721,0.569674220140335,105,1.3541695519071282,45.413060035500195,-120.04406771487554
261.6459343096366,41.483131062360584,20.639426714409716,0.5490816060290676,855,10.127534421171848,45.69009550778545,-119.12344423286176
97.24941027865783,20.564773146902912,8.744593672162338,0.40795119959327386,0,0.0,47.27189718926432,-117.54250433175893
188.94626308922145,35.87620677561791,20.275059890615523,0.5491324868442159,1121,47.37230556042203,46.185430454053154,-119.04932955980621
277.0227965383059,39.84813051864597,21.80727902767094,0.45437894331558837,759,39.52146514382962,48.753262914605266,-122.93222669960016
199.6679684585839,39.71431436936652,25.33827915736725,0.47856682356734753,888,5.585481049810427,48.274960917936205,-119.9659814788323
122.57306218052246,22.240039585253015,10.576894096574485,0.5950091652499474,118,15.601105404457194,48.934268826054655,-119.75299467532001
241.99885740740453,44.92812414190487,21.842745747435313,0.42108630940782465,549,2.7802885155287553,46.03868335580166,-121.03108530088329
75.5798066196517,20.083869217375803,8.931214755506208,0.33064178559069135,1792,23.939300537109375,48.87889453119191,-118.84489035062694
224.4123257731212,35.899428080486096,14.650239073948732,0.632407354899735,544,11.078527034243658,46.724935479166234,-117.4594308966169
139.41769590537166,25.19471308284107,9.568840316698388,0.5324827420768825,1509,6.816941918440355,46.39007518125502,-117.52102040965256
244.25105380966767,42.02123131631923,23.14359174701945,0.5017807013281291,524,4.58756662127179,45.20139810787741,-120.84412440017107
150.39333807334762,32.030719358159246,11.514882520799661,0.4442663275824562,40,12.077153266998799,45.21106103143841,-123.20733367911471
207.9039442383698,39.36480397932129,17.598675282635128,0.5854318693486285,943,16.507053099944894,47.76804502378662,-117.10611160726366
215.09527666165235,37.0859799702767,21.100754851451683,0.5698492164537013,864,39.82361225438391,46.83171597773611,-118.12771339487846
83.81630536116648,19.63691333356975,8.619451687758563,0.28268736620031093,1911,29.6066389218661,45.906086504144426,-123.12736123157713
105.17887532938772,25.080754684808756,10.574469728702526,0.4512193024946684,83,17.23546329344573,47.45588122530093,-117.55410682167839
179.40229712777727,29.596489374167753,15.148033224177462,0.47862158282686895,85,1.6239181234397049,46.01143247300045,-117.91072546556511
232.8741827243614,38.48011489653398,19.104491592643996,0.4140299731184447,926,12.37798258516775,47.31052701737769,-120.36813360011749
285.51629860565487,40.152116751218244,24.788793162045025,0.5756950269729048,632,13.747789069554473,46.43683498793076,-119.8610719497855
238.7037710678567,44.05027881620264,20.349822225715904,0.5033962749925681,851,6.574156896431262,48.294208906447274,-121.20698107290909
246.48045831322864,41.84108664063987,18.172779899722784,0.46574816756040505,613,9.291709383429728,48.28278464306712,-123.61666852824578
125.66255658568227,26.044354476602198,10.912216462720743,0.18821427813742395,118,4.527541187135406,46.90940159248961,-121.6536193084787
190.5312740523387,33.22061005019339,11.424281109119681,0.5471839900978309,322,1.8543341688295631,46.40327643734006,-118.38002585981391
180.16426201644364,37.62597647398844,22.815245173989734,0.33027707925105476,1154,5.393487260678215,46.45023918623638,-123.96757583896778
245.3546959844722,37.901058755372794,18.388188082839783,0.46641796255978185,829,17.826343283413742,48.22285810267287,-121.66550579816199
127.87930949632266,27.260063270306603,16.02448827032613,0.5217601902107691,195,14.566771350308866,46.31271793119045,-121.2128191448634
104.41782258554396,26.589193388021723,9.809519343586544,0.41447102897826144,1261,12.842120244214403,45.83623749482739,-120.23823077943455
257.7952462095259,38.42378478181726,19.76357079851119,0.5170215559906729,680,9.476591187094922,45.338753367501226,-117.56101068511067
274.1398424885549,46.7363976896587,23.946809556884496,0.5811268275139397,716,0.0,46.86677248353763,-121.57557803943827
270.6182782689846,42.96907716309145,19.81329626540527,0.5370531200142883,666,18.760311126708984,46.928528395679365,-121.57132758672641
256.80805055896633,46.56543572049529,18.93778125327562,0.46008537133527816,638,22.498880680112034,48.36363484161163,-118.83749126323175
186.638353182951,34.65187255334324,17.863329699374745,0.44571585836638444,387,4.812360678939489,45.88495478578426,-120.83447441377135
225.24798798309413,48.15307168669784,27.453043686997564,0.6964960110443719,455,0.0,46.5239650946736,-122.42776623942012
268.55658821660603,43.33712175392183,21.194689608591982,0.36794269825199966,610,11.693483327265497,48.233622955574766,-120.83292338707115
153.47218658573627,31.56961939763747,14.558853664425703,0.41624652253929784,1170,34.8558768770633,48.29449444299589,-123.0140008573414
235.45511083033261,34.638994611565856,18.210435308228412,0.49500790948072726,497,37.09360516008425,46.53844430391507,-122.76529109445644
213.8761902614062,38.26101145266754,14.628778939621629,0.6319351724015287,441,0.9274099368729609,46.83649609314672,-120.51142559082365
279.19343395209194,37.81563649733143,19.924368696625056,0.45645717918589573,772,14.469533143873083,46.21314356339713,-121.06752185346816
244.93394699330034,39.08011062449182,21.71824425702707,0.5439575606499201,776,0.9274099368611016,48.73021951367725,-117.59607869252329
264.62687089279603,40.47460072120196,18.447543132967834,0.41742692087002503,696,30.757166012569787,45.47457506296632,-121.46324270618356
107.07831339536433,28.108825075451836,13.403991478335874,0.4787178500597173,1466,22.53181567931512,48.73499769200588,-119.9358815480537
212.11326053952914,36.100224783289804,15.24077189306648,0.586492050329094,362,9.29084960801136,47.73546580734137,-119.57414998456329
294.47202693542243,42.6818757167039,24.505851683272567,0.47065375071096044,764,1.645009066352257,47.126288610746926,-123.90833880388166
122.2408609958934,24.260863665326287,14.314158331303673,0.48163819816444103,0,0.0,45.130636243137985,-119.35523839588302
142.06713766338453,28.25118853837349,11.901146599702935,0.5037840351063689,121,15.517844514060236,46.902384767288034,-122.75374823191174
141.20383951300448,27.473281669847523,15.052887872593274,0.2534840963505753,310,4.121834695067857,46.63099242001093,-117.27250777771381
264.25444991402156,47.948629206161456,22.67139558010152,0.47951470538038105,575,12.835438741123635,45.64487524790049,-122.9593609057282
234.3865877476043,36.20191973934274,18.73909479708477,0.5417495143948701,1093,15.601784876458957,47.62563841400263,-121.09763113391084
237.162402293715,35.41356106408803,21.586280426484546,0.3197065884442679,754,1.3861191996253746,48.88460362947314,-123.4025523234495
166.94538178940542,30.293492715962334,16.973060534044443,0.38053200114560604,1043,7.6887529359828735,47.2487552442581,-117.02188023707836
224.76054110103132,42.1618240804315,22.078831830992932,0.5469775674024976,913,30.390898317185663,47.85901310577578,-120.4846349276813
157.8006939492572,24.634739772876152,17.05570596444895,0.39731986930673324,1256,3.117448168296991,45.27380181026407,-119.83230487875969
123.64946585322559,32.07234859012009,12.401788325641268,0.2995460504805476,34,7.851713193416946,46.670667983267975,-123.530464658281
197.24854528122387,32.467242834133486,18.985264002970748,0.5238431277581611,988,8.344222983019403,45.46543394065798,-118.75027670720576
111.28886149617561,22.076019007465085,11.943228662272656,0.39695942714523125,44,6.607378377908822,47.45118334214604,-122.5306608483309
159.1303613068664,26.924993281074897,15.730888296704725,0.5651158614141478,148,15.025267508430002,48.75392863285662,-117.713619973915
98.11834719250449,25.300973931164883,11.559998958526256,0.41671716571306794,1810,27.62096147124955,47.64711092988655,-122.56402251662595
217.9340760003076,35.29263392177776,18.021559027068868,0.4668406163455285,240,16.29379441661186,45.30721219325768,-122.66518595535433
164.15889038951502,32.71308859452456,16.637387375818708,0.42180990521794615,172,1.854334168853263,46.41866481994033,-123.74415232506334
268.10340829003076,41.927192687088834,19.170022206423074,0.6729094192701219,668,7.655747820919202,47.20265351776341,-120.69553138423001
269.75443902925474,33.54670045323334,15.580838554816212,0.44681105480100497,789,10.039778003964464,46.61283102453301,-120.04611206716169
210.61593326005294,36.72020025789439,17.18679441319373,0.5842686359781314,447,13.96916898908123,48.33457604190069,-123.54003952400153
104.18471338463848,25.91185100056618,14.708294971249522,0.5277112831665429,1272,29.638814594959204,48.25868401883996,-118.57130668313492
260.18788198095683,36.787852999770514,18.011400740314112,0.4546975846942069,624,7.501323019239441,47.44732408041288,-120.8269781567638
130.94534821203794,23.440120434107786,18.729137591033524,0.35682547839917594,1320,7.88848993261795,46.49383178053082,-120.32926811470693
73.43193765031148,19.812535096810592,5.154496342300414,0.40538040715824375,20,0.0,46.02134549505298,-120.91466077143241
221.54351788902022,43.51923675345364,20.23830048627049,0.5853457742106076,505,1.8543341688295631,45.423497272852515,-121.19465857387272
96.1231182200639,28.461294456009856,15.276365747276456,0.3901707346139848,0,20.421241064879602,46.419590733946215,-120.08251768084247
202.77136172631626,42.262454215246116,19.951288345933378,0.4637150188901187,369,2.826926538755923,46.65269006883088,-122.91331827848501
90.81172535263953,19.643625584518393,8.99216731823848,0.3903142982407848,1465,5.396612330518799,47.703291700416294,-122.7265030865331
121.9847023201473,28.92024600616464,13.93624603070811,0.4247384170592436,1364,20.112400305873102,47.632639297190295,-117.96750065290539
252.70159838259906,38.82747202291395,19.095420241265565,0.5225704489995858,582,1.6209401081103152,45.280432558565025,-117.37719176506457
190.94950735995974,37.49929450407006,16.297168870360167,0.41541814158692997,265,13.885542551730758,46.58103726172463,-121.38683478604173
214.47429779470247,37.082348264289735,17.998733457089536,0.43439231068045836,638,4.609128988376514,45.72711546886945,-122.10478728799512
290.35278172517815,36.913342221621356,24.908570069527443,0.5147326483059124,574,3.8977230895771404,45.627250821267225,-119.4920031973269
252.22281534141544,42.66740446213231,17.903014420463087,0.5278502049807351,438,15.855548516031055,48.309208598948985,-121.13886080231333
259.0141097984702,33.932367788947886,18.502742192576616,0.46678917458476793,644,12.186403262626264,45.16766086686503,-123.82229551037759
124.88137404274414,35.57623150298174,21.765913743929104,0.3849116978491191,22,0.9274099368611016,46.67673150360849,-122.90693181843666
274.3813352596518,51.80305414642059,26.83764079367761,0.45757900170269566,733,15.494527207580669,45.672814623066074,-118.98819439806822
235.44696724434706,37.01363385976622,21.511508151401113,0.34933773448917055,793,35.438083573070706,48.517320862713895,-119.38753240662894
86.92149568921037,21.96081696044323,8.654672479310369,0.3582407553201782,1720,17.54857914588899,47.22816205310014,-123.81032805247561
209.72710543068405,37.23305050792663,25.140414389412133,0.4167302094844691,1050,6.244122222844646,45.92552254550739,-122.44619486646936
253.79739548130138,42.0886370062926,22.59089164663319,0.46617348319253515,842,30.05748187574822,47.00970914866551,-122.3824764238835
216.5557701494137,39.67182795860966,22.011131558182342,0.6165913155603897,350,27.38216905214923,47.92594543881246,-119.2967507948089
147.01357355222066,24.352000464779284,15.758063093785918,0.5463642422663334,194,5.699830231587537,48.83247203567773,-123.86202623571945
191.36517757171092,31.515044792731825,17.314347932988277,0.39531751425149164,1053,9.195145327246017,45.881784016981676,-123.27123992610798
68.76309049076701,22.374697472183755,12.093495865227618,0.3644384442528911,1583,14.516582651261702,48.544727088517384,-118.40058740238767
197.67156300982495,37.341162483884474,21.808109819676957,0.4952035147958025,996,10.323148896819498,48.73721645666996,-122.75018736561967
117.35893738701013,24.060546888621523,10.765714539962072,0.3235414949031079,129,3.832605139864266,48.665682178128264,-119.43077724503688
238.15214099195418,34.89036779734296,15.084631508892436,0.5454141508696395,367,5.601619575604238,47.54165742744764,-122.33272053267291
111.36715456947216,26.839023478004975,13.907110135466276,0.4630725281538346,0,0.0,47.51928261773883,-123.30391025068458
60.716199823706106,16.724826721214075,11.033042480991648,0.4824770358030602,1629,29.76133087187136,46.61284253273529,-122.29779466300383
99.17948293013626,27.33022399161042,14.128567784710825,0.3847016601075247,1562,7.834059876277853,48.00959152921515,-118.94413147701039
248.55132537792528,44.113253470567386,26.345733085757395,0.3483375689060557,603,0.9274099368729609,47.12517607340373,-118.010124723256
25.137406628087504,14.854145863255004,8.033458963729597,0.22997614378771072,1429,42.352909325117466,47.70975228491318,-118.18846094803106
139.08311605574852,30.286492395783892,14.168746577092683,0.5065316457114863,121,10.876927568979664,46.71383161539518,-121.21971529267081
193.82842903110623,36.38629966674215,23.03308950315312,0.5061682608991113,903,8.255062646719573,47.92598585617256,-119.32340404400547
173.38620139547916,36.28605345322371,22.482868144669546,0.42289274226803886,1154,12.565915168248651,48.297886070418194,-122.56510993208926
223.6724654049084,35.700291197953945,17.67104135678008,0.36920824228758486,567,6.157449799146667,45.58574502641127,-121.9479658881729
136.93866677395255,23.329262990004636,10.381757226145915,0.26443479385294044,295,3.704791833671086,48.33171886229691,-117.72564927035216
117.85533864319964,28.519147210871374,16.238457036211766,0.35131364378574303,1,2.7802885155642585,47.16118612716123,-123.90898653542484
159.08291232531624,32.53011789011287,16.573232556741537,0.4123216554335364,370,2.294744138332232,48.3786636363609,-123.40144028401872
80.66036909402253,22.261040396740857,9.27245277249605,0.39531379235278413,1525,11.07888248415228,46.72520682536406,-122.5447962139778
135.31153449140103,28.230005938868512,15.10803113478988,0.3607429760161126,135,1.640770542158416,46.51616194153214,-123.81427457288326
111.79724305931576,17.74501111912496,8.353224845588716,0.49371510253516077,1473,14.256603666919004,48.66024293006889,-122.72995195437142
220.56842158043827,48.099804096183085,28.734803403233247,0.3661413227694864,388,12.348847825320547,46.00467707019361,-119.91870907321216
239.8768072568563,49.26719201517348,22.587141138084633,0.5522993708814666,532,12.597854736553161,48.376849301144574,-121.05002814585251
238.2594107808116,37.74742170626898,21.44404284025199,0.4458941746055578,664,3.324919314511696,46.93608229003762,-117.75129802246117
294.3354394344539,46.570437960364764,25.458368196988147,0.5226837774912111,559,2.793739730357387,47.056381770205036,-118.27789506783091
90.20498275232316,22.920736555697992,11.971437048315458,0.31130221977788425,0,0.0,46.233873125957935,-121.60727853811487
131.7914220262662,29.135520326963555,13.796301912595684,0.4319936293256665,1607,25.90274512053622,47.29216880247606,-122.18403596598095
167.87049281151957,33.782111656032,19.14211334855466,0.37924260858556247,314,11.718710100616978,46.30084478510484,-121.34215314282913
192.00859385149522,38.94534680998893,26.249094631388427,0.38572271696128496,260,15.716186194134194,45.15707765696661,-119.86793540239634
276.9979307008026,40.17238363016906,16.633663170230786,0.44124051295723105,818,8.31385100793904,46.087994421377424,-122.12355451423987
79.21615958136574,23.507606537101694,14.263696492733516,0.4512607939125782,0,0.0,45.025516173626364,-119.63095764505606
247.2297497791311,42.75366096453437,22.567346118330004,0.5990809947402694,879,7.879031224936354,48.913419148227426,-121.13411843466132
219.91702796123184,28.991856674841152,17.295829146359885,0.5005994971866302,385,2.7021541765695063,48.86298883927899,-120.13566973403614
181.37885990445633,39.20772826942973,16.9103155869322,0.6130998122791141,1137,10.165537690943514,46.58062118988922,-120.94711429605279
101.97897731874687,26.577241502438667,12.818169550085258,0.4921728716700539,11,2.7287932126346215,47.913483417358584,-121.93873968320658
267.38707401328855,39.792743427417165,21.42604897623305,0.6256570198774292,685,28.751364726961118,46.3832243936417,-117.3608268512649
78.03489198548318,20.99597205804445,3.9308753157248937,0.22206008846420142,1584,18.820947320089402,47.6843726283439,-118.65475944088168
83.06252202199614,23.36501482505023,14.253271919633573,0.33758907096571383,45,13.387480349517354,48.221720172183915,-123.01920776963483
202.25452386646793,35.22931858166438,16.224151031263112,0.5869909771472532,1091,19.12797217711805,48.78702497876896,-117.92072416871461
238.0971479064367,41.35837208339872,21.51740250576011,0.4975754453033557,806,4.185606428771069,46.60084910339869,-120.5879816122534
231.239046062687,31.750662567135524,13.953554913999348,0.3896874764402689,1029,12.555277879891756,48.13319193182419,-117.73813441174136
101.47654102246582,24.947959726851504,10.615929156970731,0.5158583919807571,1613,25.794235782303435,46.063713802528476,-118.4010132083688
83.03834892796601,25.4546069074783,12.190694381273286,0.5282399358420429,0,8.693863123995188,48.961329215174594,-121.02350546871537
86.04197708905862,24.63665168491762,13.203093404112593,0.5296506541603735,1549,4.0427446365356445,45.1030783950574,-123.84271484175918
137.47904791561228,29.728665923647565,15.248550466610553,0.4191456558110476,1206,11.09290551168171,47.41411522600448,-122.11925848430538
172.20300534189113,30.333956329142914,16.57427325400641,0.585691253638331,1038,10.682173387047602,47.63802392660531,-120.20856049737394
268.3170823168077,42.1445161607957,23.001166893337174,0.5165666635713662,623,13.648223386028757,47.75218222829652,-119.56565246121697
81.42337202927995,17.17819390158584,11.011268727057491,0.3142785532781531,1506,29.18977475548638,45.481550315156355,-122.19478620196759
170.31645871529508,33.277548166659464,17.69478939534162,0.4073622257253118,132,12.778033024334995,48.75411913389252,-123.02450748149023
269.58090166020804,41.379338651162975,19.054835258867918,0.7156634983767933,831,2.6395120447175584,45.72473311620033,-118.15548834240491
171.04557321425057,34.68493207981262,12.982537921811634,0.6216143035634307,1041,16.783132773595845,47.491013612959364,-117.10918473507513
149.2306003460699,35.2685023962867,20.1018577801563,0.28738191915963374,213,9.333285356760907,45.89070431649234,-120.3201687238812
103.73823367713588,27.497454833477452,15.080517180143032,0.5786015172404326,27,18.656576835214416,46.228865668085085,-122.79824499906188
220.88658365616004,35.09103289650054,17.121445268618587,0.6087396299516956,701,2.3110360707212085,47.1858341669125,-122.09384871436441
279.06273453867743,39.2698472110663,21.118124526780345,0.6281772897331187,777,30.69318699166782,46.668773674258304,-123.87126526416773
154.40239395113548,27.99436131731824,11.587990366360675,0.5337739163548982,137,4.6273674964904785,45.640902403906026,-117.5999083540765
209.39667283873115,33.87543437819427,25.70948877607712,0.4282532143860903,1063,37.657133027093785,45.68374560968339,-123.17574241976901
248.39107789979755,36.73589886944382,26.041155345204142,0.33629786338548706,684,24.60960392196165,46.672579152651195,-119.96438467140023
223.4697405630045,45.20711168676215,22.096168915682096,0.354138480384929,371,8.044876059832717,48.029131913102006,-122.08161345518955
152.2526825693475,35.31800913262887,17.9187056741057,0.46945826673228025,241,0.9274099368611016,48.59185858739115,-120.12075398238945
191.37025009921672,33.049876363706,18.28259478799015,0.5221929375767915,277,0.9274099368611016,45.33651064903753,-119.44005728153695
291.92604425822657,43.67633269800595,22.31236394219943,0.5225312543326242,561,1.3628888338416287,46.57241563023761,-118.19180737404959
139.08705056830658,37.83964662488049,19.405291115266067,0.4821255497844128,158,0.0,45.40098225489151,-122.55505109767577
69.87579633717593,13.375686410690633,8.676385939678593,0.2977149481583734,0,0.0,45.06636992253039,-123.92302919939064
116.8035534062941,27.681161536504636,15.477524547978804,0.40677964135258277,1290,8.358346987596704,47.646874730575824,-123.04180058951835
208.14948189328265,43.81311652946049,27.33397133846269,0.37377758005208894,356,10.463056812142128,47.40979776786635,-117.69986950706327
215.52211508957276,38.02490561284287,20.37893046612306,0.5702798454492111,333,29.959518889852813,45.65207645525955,-117.8827694570624
156.06388299240876,29.29061598685895,16.292316156699894,0.4328441840833949,331,0.0,45.93525133237225,-119.81810828480783
182.73005809642248,38.657893378531696,18.374298822959904,0.5115667508366852,341,4.627367505919335,45.09483101457808,-119.79638197696443
207.1706058756499,44.61939385169299,22.785061998784517,0.5375991310173751,386,3.305343714003808,48.339788822777614,-119.34474327817621
137.9617648834741,28.386222741706543,13.133333025621935,0.4445228382896157,1279,7.822055258731585,48.89876238419421,-122.77240104963585
154.10504018539203,35.166328899366405,21.040197883206325,0.4810063838555629,140,5.615388679237858,45.541838147178765,-117.59911637852528
65.12877852393632,15.517167704306932,16.800670060430747,0.22290889214529586,1568,25.938554383309864,45.925900855061194,-121.06860632575548
145.49208645161553,30.87886909348599,14.838605424575064,0.3937865326114444,236,1.626514018123591,48.473638095787734,-121.31803030225352
226.23138917147492,40.72213923847778,17.892055890252976,0.5641628483428863,385,26.51070678785344,48.70585519182474,-120.36757606302014
175.1328058890049,31.808825750146813,16.703262572806373,0.5190055667955532,1132,11.176910057247252,46.67850953122724,-123.67123823257461
125.29449738902952,25.559210248704225,9.501681279822241,0.5098580994742662,55,0.9274099368729609,45.2024898890763,-122.83601641870744
119.20107406288496,28.82962531285237,11.148633266977631,0.33619908217434485,1535,26.099329138296365,45.15756733477128,-118.83376468501541
135.3370455711066,31.75993122278287,15.915430549010857,0.4889012314869913,146,2.6859508580609353,47.295799464276044,-123.42040932452412
244.3440592707576,36.368334845958636,20.657757558205176,0.3980901721731928,491,1.6564582709854516,46.57158043557271,-119.77793523373528
244.79875376117639,37.952758387438195,20.719683112548786,0.5762616389094699,598,1.8543341688295631,45.11460971031062,-122.28255623223075
224.9862128463389,39.837241388392016,19.893018233144478,0.5684141764444558,656,0.9274099368611016,47.33300956925023,-121.27493070170617
136.8035516978606,23.48536798508261,15.954289970539952,0.5110266476278876,1119,30.725444870426774,45.04521014635609,-121.9791438426051
193.98284907576078,31.802863483352745,16.51472189367509,0.591998394938701,356,9.063143044330461,48.14948783259709,-121.51029098474535
143.36503448590244,30.835911692376165,14.79150637947141,0.6312188770584295,1192,18.86366424083907,46.225731290813485,-118.96667866371028
181.9147026676305,36.94405963091046,20.06499851173017,0.5364744816419997,1024,6.711032549795171,45.16103201203693,-121.92014799063777
181.04464744671606,34.99068991192776,12.350891000759239,0.38869878381028905,294,0.0,47.353408883932616,-120.03516751792172
125.82847852088493,27.216774718103835,14.719617091833308,0.532856453751299,207,3.2361121010593523,46.59073765773222,-120.6676471846063
261.1321723498852,47.25446214227894,27.467647463907852,0.6252453981792403,652,10.410665341246919,48.8952016534286,-119.35430184246147
246.12478492228124,40.894634432958256,23.1396330079502,0.6057857439639036,561,12.157564163208008,47.176794650014806,-117.44219182472669
238.97435900084423,37.74576903848513,17.907454410995253,0.5905419535669908,706,6.175514437020318,46.100956724148034,-118.87199531952825
97.49782303970267,16.39901782491115,3.897457063322257,0.34797446808349747,1168,6.134546049983127,47.8377554585359,-122.49541734986471
204.40474027125927,38.2781721190519,20.766338958202045,0.5226007580756473,1123,13.894477173183814,46.085968010170845,-123.781718054571
113.27044665838704,24.246650644287893,13.856231921472203,0.4044648449698232,0,0.0,48.61697316563026,-122.16415168990122
167.02773285751476,31.264701801558942,19.045274910478724,0.36607628985379315,899,35.85036699181921,46.49888788202951,-119.83445448509822
171.59256233435414,32.62819422368632,14.288411197600063,0.43372639057178286,324,11.987383482444878,47.19947425110482,-123.64001930561025
206.89699415022957,33.66411400643311,17.666290556919154,0.6115708827832051,1028,32.09329325538429,45.20229241529692,-120.52543626959135
99.6509984982767,25.607090270878626,12.113266277124087,0.4058588446645139,0,0.0,46.70448495180892,-119.82210005758178
205.39848922450554,36.04793540623439,20.26992530905519,0.348227034762046,352,28.110973358154297,48.32945415864398,-121.66029276428128
231.97426261929664,48.2754444459745,27.795368507019795,0.3672246775255554,628,3.267206216714076,48.22259522145337,-118.60361457377925
247.06696461546022,37.966772119538795,13.987388240464098,0.5689392429755225,541,8.509441679361878,45.8972742354141,-123.2538122280636
203.64129874810905,37.339944923311556,16.041145514910866,0.46717854024505395,1002,11.761782783680623,45.90431628404225,-123.47403552784934
75.5926555175432,18.336825217819445,8.584511468671217,0.43160192581880696,2020,7.49237480196853,48.26922124885294,-118.90267870657478
126.97657077324199,30.185520474428024,17.064007392458336,0.3916752583160426,145,2.759166836677227,48.7215936806773,-120.53156078655661
84.99499311689671,18.749112566492638,6.829943791700889,0.423251500370763,2439,29.015894928092454,45.381443685092016,-119.18118322500585
221.90432174424117,38.36511767677135,19.081682817708046,0.648012913257435,377,3.895995024298514,46.800234557704904,-120.95620862977378
168.07805208686904,32.86096019759686,14.342344839119917,0.4076968808923767,1079,22.752475699609285,46.349817115856915,-122.27518576732625
186.87130026869835,36.10874904770798,20.235815116109983,0.5123484359979089,1028,26.50782223107519,48.48275382182976,-118.2662837762806
193.669319697904,28.781716343927787,12.694322110175554,0.6593486393068396,1052,4.627367505919335,45.33409965872008,-118.40408884721714
194.35563060455058,37.44329723880423,16.425977334186,0.48172404974156247,373,1.6473293952874974,45.84450377023215,-119.13712470401902
114.99457307439624,26.41149123634872,15.532961832728375,0.34475100781886914,0,0.0,48.00987335034598,-122.09498403939025
273.84622207062563,46.43903231217511,26.267955929906684,0.4821632758748592,776,1.8543341688295631,45.20517539592486,-119.86838533191639
292.0465936714296,40.728193622481975,22.754011049264548,0.46839935820323053,682,16.451398639290144,46.970141522857155,-121.47318272141982
256.3531241831734,40.55951681894783,18.98786297888974,0.5208511222754587,668,6.02137625819559,46.76842813871888,-123.35892548671356
133.95778649291566,25.162251455319257,8.886115578313357,0.48130914424343685,1048,12.996280670166016,46.337604715954996,-117.5788049717643
140.8223115531022,26.42813496321106,10.94238089983908,0.35271444706837846,186,4.1633187596603145,46.57828926127569,-123.04226958356728
263.5996387891787,43.7501770727157,23.482822654587636,0.5103823807419069,614,17.353166827783287,47.11976234772093,-117.34833852325438
251.52984903383236,42.5021705426077,18.235835376521493,0.3835436430548501,773,5.314830955673736,45.64546943355353,-120.8779595892943
232.2029272316837,38.5215885366597,22.607446117110683,0.4951880191878345,889,12.769178384018852,47.28798351313437,-122.70406949812966
197.9810271747725,36.293033322131286,18.92305511680217,0.5093116712419883,741,7.506187306121082,48.221729317199944,-120.2066933683515
164.59361121064765,33.30052879207857,21.448708506918322,0.4332878679051054,221,10.740587829461562,48.040643719160634,-117.88937914886515
130.91591515623443,30.828867493362647,17.075967062223913,0.35948190691418835,1228,16.463682452090232,45.61559961877509,-118.87442579513308
171.10193932466524,34.98817453817965,21.82036365897876,0.4466577864393183,989,37.47085034134836,45.596997878965894,-118.35407196496985
176.49423024088102,39.79899306344602,21.613180166108123,0.4894808550121544,376,2.87487626591308,46.072697470979655,-119.38851643302498
114.20486850965013,25.862117282100456,13.22038972628021,0.4770665862021769,1241,9.504421198530931,46.44429890536415,-119.15406404837503
97.71883235830023,28.89561007999664,15.402004314104868,0.3677988431743602,1734,27.08464468337863,46.63382232563393,-118.05563043904276
256.72872379809365,39.90547274158093,25.618882848709084,0.4869058667469936,859,14.750699690919735,47.71878886733338,-122.2523239379857
270.7621449384875,44.0375793549359,23.75173526993866,0.5646733233458474,498,22.548634761271476,45.22672172866334,-120.57402525449801
144.8271587307856,30.82165728085235,16.48636375282181,0.3951873448509122,1272,18.126128389709493,45.138690816904266,-122.45153390726279
225.79452275779167,41.12972128496131,18.86828829603934,0.48298293697512124,724,21.603287066013547,46.56764225177564,-117.08632394402348
149.48670290415413,30.555071096852195,14.235063844381148,0.4040756091401012,1068,1.4100356705152395,47.78865476855192,-117.3915846221937
261.16151923965947,47.53000875623773,21.366231609083442,0.4434415920337499,498,21.9530187556271,45.77374137182593,-123.72401232042046
216.21080246607843,30.450972228639216,20.309464426503517,0.5916067467337996,1093,30.938948328311188,47.56601792502501,-119.06097379239019
233.96784770844434,42.176848323800364,20.923769451168965,0.4475442716608538,872,37.861794712136735,46.0393125517612,-117.52326177809034
102.62728774438905,26.81002927675762,10.032799980761807,0.3989796403287547,1571,28.92886555422763,48.54434443525407,-122.73597258410867
221.39473177789407,40.73667262474292,19.319119932015827,0.5204998978980914,737,4.9121059244912395,48.582759777066464,-120.02438338613159
31.43680196423827,19.592255442400813,12.717823831127856,0.2470911201408503,2162,9.992626981993691,46.18914881712531,-117.59158191688371
229.06593417661244,43.37887302187318,20.36739859954467,0.5599227605720604,653,3.316383646644181,45.91997501585296,-123.7623781498994
176.40395339603046,28.611890589745613,14.073345700250309,0.516306995725579,334,3.942962592173258,46.64521588826493,-119.11805812927211
125.98231374653366,31.44048509248202,17.17146713727076,0.5006716619302373,172,1.637300161401901,45.962126340720594,-121.91855694839215
154.03353142111445,29.437027489816693,15.520691594827392,0.49840951443205445,249,5.441325019136052,47.68953537316681,-117.52922663236428
81.72877709176154,22.14604589675479,12.7921808136559,0.4575443172826564,1499,5.699641016198598,48.30425873819314,-117.20259228384242
276.496466076464,44.04769360007452,16.73244642083951,0.655135147624893,726,27.108770662183154,47.692368523644866,-117.39013457620597
226.27017878506035,35.531176474754574,17.886114783707963,0.34252047967564664,351,4.9046670702821284,48.2974017889974,-120.68050048339775
81.00592602647728,16.472170060931568,5.391266028366577,0.47405310758009306,2068,45.594235762886605,46.5879686488299,-117.9657014430748
247.18769364319488,40.817684981228496,25.600621330044962,0.648148749458272,370,17.855715448778383,45.625267882835445,-118.0881542102545
89.49439800826696,23.012926826026074,17.591346275133205,0.40055191719720046,0,0.0,47.95180378959037,-121.76629668729721
172.82300488950466,31.11871931356082,12.949706991297685,0.5669919472312314,336,0.0,46.441898020566214,-118.19759168094527
166.62159207699148,29.244534531931755,11.520417239433659,0.43204206205333096,239,22.03289701233282,47.68508330091653,-123.74094655699155
72.47990710430796,20.01666996537767,5.1580819481213345,0.46471088837009444,1806,15.386483485048837,46.08257576792706,-119.82611085062562
153.9416019689689,29.918696231918542,9.48403214914713,0.3811522721149876,109,5.402097731588363,45.324918539226694,-122.38993813898608
121.99654442382393,26.78320500314196,16.63266680580261,0.38422750564120806,1232,40.73148213247119,48.970327181951056,-123.15603179955905
162.14269858791783,38.395747696797685,19.202321201769998,0.49779863530551405,130,1.6398738581408703,45.6248060317224,-123.46132758859554
125.88426644970292,29.53161611783398,19.05651981573569,0.4463186147740606,92,19.91469012739203,48.95368397585393,-119.12597856885301
324.0902454156562,50.01299575837263,27.179447621858237,0.5190613267219162,708,4.2385511796810995,48.909119730265786,-121.62087525362354
76.35531150017587,18.402198130472012,9.768643150575741,0.2136776731816503,1583,8.309015078170535,48.17527241563216,-118.92663259929867
165.91639609746414,37.975606756024426,16.3820200424612,0.35340270562685394,287,6.1606508104112345,47.63769184832799,-123.5425056144074
260.0481235351205,41.20850804181127,14.03447186191945,0.45705206619099675,629,16.855370029043534,47.31122820100434,-121.79296763518573
78.21001165133062,21.319521311546197,8.127290587511174,0.290804575155652,146,0.9274099368611016,48.464406181511336,-120.22356095337264
187.5466578152388,34.938992803729995,15.402586125049279,0.5533385422734773,1108,9.55672830500444,46.157758086477955,-118.46493784612726
265.7703477533668,42.997495741762386,23.090223697271767,0.3997188231012078,794,32.46441531631169,46.870724849939506,-121.76873247947552
166.29428889892338,26.985497602575396,13.49219859538426,0.4890973350552517,1138,10.647118721813246,47.47755987746601,-119.61876036494094
219.59907554018278,37.88793485579747,24.235033184738825,0.40455794208530854,750,9.850625440290615,46.64476190347796,-117.7981557623467
90.86014487530872,25.087362947916045,9.811467289064801,0.3348105700008859,132,2.8826053704545815,46.70994581636107,-119.68895768272387
271.9189522503359,47.15683407928192,25.191963245940787,0.4032118972666377,638,5.7125311473597264,46.32113867000834,-122.36928367672456
253.43125188725037,42.35533720665046,21.69625987371358,0.4263017762343323,464,25.743354175743967,47.256927266738145,-123.82919452910423
283.772165581587,40.64461806287244,19.429471473126544,0.46410060974357337,853,7.501990285597793,48.402298112060464,-117.9093078826935
132.28653401661808,23.487063852273927,13.805688759914467,0.56868978372749,231,11.309477383496816,45.80611351202525,-123.85111412404729
143.71413991225506,30.899072112878713,17.087941041362363,0.4723998687781213,1118,19.000396244110398,48.73773215501377,-117.87708829121061
137.05767704184873,22.587066680701703,11.995678862135794,0.2965416039652894,191,1.3448486721155881,47.75635061499292,-120.29744006180951
77.91197601228362,20.33243897461042,8.095944049414275,0.27659004407380056,1278,18.326140952052093,48.29309285072012,-117.42652611040972
96.29823109694073,25.350309307616318,9.328789738065197,0.3775201572897628,37,9.528408733901284,47.224762770520044,-118.40851734958434
147.5141976732282,30.56649924661934,17.440468150103857,0.42855171722389573,117,9.418941259992623,48.11806680569625,-117.01446122626663
200.93951445436477,35.18131629707742,14.992497296687315,0.525359036970324,1150,6.464860749435276,45.06480158935787,-121.54501729183804
236.84957562954722,32.77936101311888,16.19240894433848,0.5866992461594513,486,14.650034740160203,48.27352169911814,-118.62968197748211
291.5816376747835,43.318716458427474,24.6420468402654,0.4887985059169135,584,3.106194927769424,45.16055543634147,-121.1864836047353
264.0210183717144,45.288066342895085,22.585477788360585,0.4128952189106077,794,2.3092048780847905,48.55965350545145,-120.64087065787264
110.13861364426111,24.539032548568965,10.382465631882859,0.313467460806016,0,0.0,48.967850988954574,-119.60746175747141
223.5081829295614,36.78902701347583,23.03555107742906,0.5215943860978611,922,9.840660675839331,46.17626984870711,-117.88426020069562
261.0802542472582,42.77725825283563,24.35151095597372,0.6058621861426774,771,25.165905932733978,45.841274225143174,-117.11141571560493
124.97312642921771,29.83350349450952,13.519958162448333,0.3469535607182884,140,9.069239616394043,48.061453455432165,-118.62208610294837
256.4513130563965,44.118659335830586,23.44280584769255,0.4615844048755924,694,24.018754369122313,46.012105363681016,-121.07563252482866
231.68686957964897,35.91983105297189,21.07910938308448,0.5322602492467736,830,4.137310298043873,48.462249532688816,-121.0505009840605
134.44009115123444,26.88389580080178,14.416817587835762,0.4615094776969267,1275,25.809652904190546,45.4113703686299,-118.83692388887776
257.3447710809106,42.13639092754975,24.277632153179116,0.4327192976313082,765,19.97831753667381,45.50382078551743,-122.32855997962189
68.3650149003853,22.869347188563523,6.9370087831906995,0.46352291479277313,0,0.0,48.916606220402464,-123.22668120808024
76.0450741070765,25.45504612859285,13.350257733465352,0.4649546585405776,1757,33.08991661130666,47.695355593080016,-121.51764489651457
58.63151972870421,15.748928452519873,4.978622423065575,0.5177282220681833,2196,40.13710591404587,48.38754889771581,-121.98932705842142
120.07947462802076,29.860096611161378,15.011872383936527,0.38124482052671177,288,4.510643894823493,46.29731750940607,-121.92584315680807
218.5817278209645,42.43314635967106,22.031199287992614,0.4984353590650572,403,13.370958149671809,47.70593499808242,-122.36474574265063
202.82151322943474,37.28363486266992,17.32419143387362,0.35113473011255303,1137,14.056399217228511,47.37696730923439,-123.70534767254547
178.50304515894675,32.99623134042208,15.92086649625113,0.48662784305140244,83,1.854334168853263,47.41260048049179,-123.8748824568661
299.0345701034745,40.53592049113926,17.392866321989487,0.4662254751925685,706,2.7802885155287553,47.73012983815089,-117.08594327184778
234.6367892877568,43.00308226189006,19.997110284953624,0.5031457136661989,771,5.373381182672149,47.3014366925164,-121.00558806384896
185.742793457147,34.50902760156024,22.275456958818957,0.5254897731461905,237,31.405794779283788,46.71624947721067,-121.30971346988223
212.40615896615168,42.31318621877454,21.542371598044365,0.49060948544650124,331,0.0,46.10369077752219,-119.24246902114851
157.08927596762535,37.60242994270622,17.946755203382622,0.5545849705868301,404,10.912896490614877,48.07432532365281,-122.47222278494455
231.00631155810206,34.244377808832546,18.16900673567851,0.5577991244888832,987,36.02822382920047,45.90508972001275,-117.35027171234842
205.6434051445321,34.920402499451384,18.558984086661486,0.4189684965761667,349,10.780139720445945,47.769417224617655,-118.49558489909114
138.93417636610536,28.787179435125264,17.993289317526685,0.39555183756630785,155,3.8562063490596277,45.93333129059731,-123.37412298381419
98.96541331294654,20.192514619561035,10.710408164609555,0.3553883507592449,1526,39.60490035375437,47.501320679817816,-121.0769345695055
237.9615722193037,36.64938500071068,14.232510250446182,0.4895425862118558,513,26.011430619671142,47.98831306851611,-117.84617184706485
298.3925391239469,49.21598946277887,27.950000595070758,0.7345769782341112,642,12.205744161667898,45.874855555626155,-117.38687584396013
69.9586350278225,17.451427235839606,6.0215125918966645,0.4162827587278924,2350,34.593434349428094,45.23977320344523,-120.72818942125092
120.36379191171562,27.68799751222535,18.08524989768241,0.3625852701062885,1287,34.33070348883768,45.523894971976695,-119.70612027552505
86.23432880762822,15.383412036452798,9.332642126561092,0.35365777582374747,1621,13.714964730177968,47.4239878690841,-122.83076237735547
162.40671808675316,29.62690857816578,13.827938294014777,0.5308713151287169,1166,24.399279560989136,48.397785624902944,-117.06181961704117
184.4971677283034,31.623579819419835,16.402005120787994,0.46718172324269047,481,1.3583082571498797,45.179987284941696,-122.3782980903159
177.26227027820457,30.79037855311174,14.251451380731615,0.3451211738696379,186,0.9274099368611016,47.93660503616658,-117.40087758105412
127.28648387225807,27.2236691090073,15.912199326450022,0.5947780008537142,95,4.213875262869744,46.36527458380021,-119.45247345705342
177.2045664135695,33.14244014422169,17.883071326428954,0.5141028488640261,260,7.110797840540489,46.91411347967809,-119.74584243584799
197.98319962148483,30.62158767039876,11.66239031228027,0.4412577606805885,359,0.0,48.71543819938226,-120.41118042288444
147.78492432561364,28.50804360129046,15.918424018591088,0.4024972396482744,223,11.220002587903046,46.32788601894338,-122.38531131797569
96.47347792836406,26.286115024264987,12.952831251472286,0.35986582223856933,0,0.0,46.861347735757946,-122.76430377596144
240.29510553694686,35.8820241481496,19.262783251347788,0.542122846991242,519,10.42656190222111,45.05472965904272,-122.45659653650877
247.30847988100396,47.5860307808236,25.760676272688652,0.4975254874626778,545,1.8543341688295631,45.32639488001935,-122.69493216499022
246.80527384089814,44.850666136262674,25.604579359071813,0.5599895364032601,958,10.69118037731552,46.03436636453914,-118.54290868503273
188.14141523172776,33.15356775202941,11.243198332615393,0.5702697753711924,1085,1.413168410369587,45.1114089632843,-121.54912318583288
138.45644825172823,21.607530445664366,11.860609505764394,0.31021601367118323,1217,24.22983428696245,47.52550130419301,-123.59510126405623
170.09820199824412,25.28879009193429,10.142889389104115,0.6021066427845843,1311,27.662454496113792,46.70559342720649,-117.21628158901432
116.63769575353435,23.64761629291629,17.363799926777922,0.5274709006109224,1191,0.0,47.19258081091209,-117.81349880525602
213.47590709292496,34.76314297765951,22.666781467272727,0.5634762190396969,837,4.222357049132098,45.69858874358532,-117.50573401763351
191.1183290780129,31.77477020673388,16.704569624954644,0.5604130632173973,324,16.29324703232236,46.18372811774646,-117.03564524147495
239.3951500212019,45.767422657177136,26.10568607544711,0.5910564732084408,849,15.06103433801024,47.6552978994109,-122.78273325546358
202.97998335063093,39.709433022222434,21.420790701680815,0.62460985877132,835,14.711698724419369,48.8612108945216,-121.22630586768139
78.19942898210199,24.051166101278284,8.085226811114179,0.2381963351273961,1622,12.550177370714577,45.20166709440883,-118.69233067007136
218.0310689328983,35.26601654987837,19.827596904191946,0.41323756103983766,510,27.68139547316695,48.56153728342107,-119.12785567362346
187.4896643620484,37.67654344645347,21.79819236269435,0.3326491018974193,247,26.5349818872302,47.30752480524483,-122.92272865562101
155.15197256783767,31.107916008157265,16.49654154063235,0.5965148440861472,286,7.0135155701745235,47.255678267022496,-118.28916812506567
106.6492393603192,25.318560905652408,10.850260872341561,0.38591564547411183,1940,48.672376476896936,47.00111414083104,-122.42891599714338
99.39667651562672,25.553814450297942,15.977847075049024,0.4868663663505847,1584,19.14958998870807,45.27757634361674,-122.43327669624163
144.5473405836308,39.80697198240941,29.93553889603909,0.4698467761041683,213,4.874609566325207,45.359507406944644,-120.2411790397461
133.26500654308308,23.395058363691007,9.171661572266018,0.3637216791482321,146,0.0,47.40364802263635,-119.84942045610808
236.38837116168693,38.779883914896374,20.433212046370727,0.4871082080811862,470,26.40975609183427,46.363834285742236,-119.93939654513532
201.51666240861195,29.832590234512118,13.0444708911259,0.4972580921207103,733,11.688120617836272,48.66907226631072,-123.35959213821572
237.79044190774493,41.62149780229407,18.894984256614684,0.5031120466373799,485,1.8543341688295631,46.62636214943789,-117.85777396158734
102.54201431913833,25.1183020709798,9.696666731722487,0.4135686762613273,1357,18.307203752336424,45.57312583481056,-122.14079970187906
304.7148552598605,51.89259183400879,26.462306363135813,0.5910107341327281,682,14.392486952609415,47.85887533400815,-123.09339555102036
240.92724615579618,41.777389944412405,17.308231124651314,0.533581073077043,650,3.95036836203335,46.17341368576404,-117.77876344091716
130.29729377549802,22.901903968342154,17.9100297486928,0.4848020051422067,1427,25.940346034876686,47.101881229423576,-117.31043951239172
113.86551876883686,21.539071074054455,10.547958300278472,0.4800460665901434,1094,10.153504994860242,47.79133114202068,-117.96510667914184
133.57913969334527,34.72678792213941,18.944208768321214,0.528586235617752,1350,22.860500639916935,48.60105644480828,-118.33338747692585
198.718813469063,27.798514263544057,14.408126489145097,0.6333219001643742,355,14.141350497388515,48.168764779206704,-119.41330613552685
187.79978431104678,38.22267929250084,16.29369571492434,0.3648015014450654,1038,8.719994726817315,47.7054442714909,-120.14399840573603
222.11226030113446,34.90872062282293,11.052577385285637,0.5049344703029717,932,37.06725311279297,47.71853272958057,-123.39109268062013
115.31929267238371,25.244124354976954,14.385319243123666,0.4870642726045575,96,4.556517938726513,48.783698576128344,-121.14082750850511
223.88182855034216,38.39595674329214,20.575286139587774,0.45332420626524256,974,24.684668357999545,46.18329638998615,-121.3911803809138
101.99830165003014,20.055482040961017,6.018038251599679,0.3200453935327649,0,0.0,45.00444837678475,-122.18172351367771
215.07342838971164,34.72392606028623,17.013584091752517,0.516602656419748,682,26.4227434377507,46.08781823759279,-118.93605920417991
111.04838033212289,25.2334051229337,14.859834893481352,0.5322877491938138,1336,14.447508469848433,45.871565518506976,-120.5288698544486
208.0377839037949,42.84354023525661,21.916581739491935,0.6611884751271382,222,22.42626207001049,47.647338340455995,-123.43267648864646
148.98815172451208,32.68233997025969,19.037590947516556,0.2481877280328519,206,13.714907550873678,47.53484639906212,-122.45871758635133
175.26125427115747,30.62786218043703,19.27447997957307,0.3627461345892233,277,0.9274099368611016,47.3738455308189,-119.21718865438282
118.12398627301125,26.41023636096556,10.632329360976968,0.3709581337203335,130,3.099284168148509,45.06497377283782,-123.4670839835679
97.48311019507713,20.844406250262086,11.538141951453934,0.4549979614521773,1509,31.23775719291955,47.91511221780259,-118.04155160165863
259.5562755064409,41.80987242571194,17.76621521594457,0.5113490526376513,783,3.941484212875366,46.294121649941964,-120.53397431090218
252.53924648661604,37.07574772560814,26.657441029976383,0.49235797536933745,736,9.375585824631052,47.66022395602653,-120.63589395871347
274.6614007356762,41.15973048687143,20.94148466677328,0.5244761261363541,601,26.529370359514513,47.22631371400861,-119.85314550738337
232.14629681725535,45.22243373371171,24.911129135352848,0.5075618447909787,782,4.4886722982458505,46.37092370171163,-118.22723323852395
106.31099557104794,20.484695338269624,13.192747557380875,0.5461739418272409,28,5.3195415031819095,45.538305068416435,-121.56533554468464
172.41272681469857,35.840816635721474,17.649775339068587,0.4738890042931321,1151,18.652185544842435,45.37767559064192,-119.25388693208656
179.27548525443027,32.86556716089832,18.801387370432792,0.6061395676452783,1064,22.219636917114258,48.32607333244889,-120.03987625202946
228.91694618834129,41.15155283515131,19.331930960453413,0.37902291973048124,726,10.63751682213078,48.67359016832623,-122.13080210881405
272.9736193365728,41.77048335165921,20.063612187939857,0.5836159669884399,663,6.611407531947353,47.5991521870572,-117.84959009551389
217.71779938021845,37.567985737930854,16.509031879054525,0.4744939471947114,861,22.172539551120625,45.413736459441935,-118.4180178487515
131.12324122335573,28.28139594797565,13.544442317175513,0.43172129809406884,1215,20.58645809472886,46.608108867552964,-119.39083715739102
142.85764007158068,34.55675166348737,15.84416581862843,0.5818277519807097,1138,8.426908265311111,47.91575680042063,-118.0459278963403
239.71210382354212,43.34947558598012,20.929656301762357,0.3845477738266647,540,3.088334563588581,48.11928353604027,-117.92894059328138
82.39709921070859,22.2124562424206,10.057170721157192,0.45548310013087306,1509,17.884186709673596,45.472874489164354,-119.04145916299476
195.22034189729996,40.57984346898721,19.335609684783762,0.38173149160384445,995,22.361256362333123,45.00012287538153,-118.1409067014543
193.45828169995656,39.51029817830499,20.82299148841283,0.6660411440843473,305,3.9431221495915265,47.84854818352242,-119.11769976831502
157.45176340825523,35.30153634320502,15.816249511120944,0.43028687004334715,51,2.790437451394189,46.42638470394482,-119.2390145976779
180.09975272001083,38.239702085496866,18.606597542908325,0.5259942320956597,1054,10.515895694856628,46.01792532647304,-119.66972035249371
217.1377352508458,33.023931769932716,19.97418350390174,0.6085595972636519,395,27.274588059923914,45.0515898791581,-118.73098352309651
98.06707631354074,29.731798992099186,16.186955813930876,0.4131601154527691,11,16.524913154212058,47.161197627046,-122.88976426294849
107.82807191660052,20.97616828860143,12.5372404595245,0.4166096776979225,0,0.0,48.40460294170393,-117.83390468560751
280.7151084289976,42.37119561994272,24.653674374217637,0.3904697453085665,803,21.050678947042346,48.830526585090354,-117.89709530578338
216.30946081896732,40.043677141013916,22.94445965845419,0.6838856540293303,432,12.824382084456838,47.26297980245316,-123.79526901875809
212.9971982337994,29.961450946365055,12.470208796226693,0.5143849282524913,900,11.296437354021387,47.05784531095958,-118.21928274604666
175.11050334498955,33.65541552026149,14.00915985701545,0.4607410375258971,360,4.181966304779053,45.34022554195696,-123.09791092768589
197.5956672600808,39.48126888584964,17.987438201535284,0.5443529187905722,975,8.415620788367244,47.1954912061704,-121.654168020186
258.68440833969447,41.98607788574437,21.61478585614249,0.6641109183543672,737,42.47261358893811,46.51991631586158,-118.79544220595875
200.3277013341068,38.83572685169867,18.567357243528594,0.47341489335234627,1087,20.60686767139842,47.42854112353431,-122.87468072766184
107.05954827825134,23.164841537256553,11.451876708903075,0.49105175509452836,180,6.975565375975016,46.55490539150619,-118.27423083116656
184.4320723156959,28.989654488100392,18.318894420831633,0.48014755546330434,984,6.01594714644967,45.96119649380147,-118.1750607542958
224.9450903453461,38.754382971183546,16.60496923710297,0.5804434685566149,831,11.30508139721308,45.37986110091351,-120.44772586367415
76.10890516171115,16.357922432524568,9.05191953461591,0.27069044772933726,86,9.942510006854631,46.259673778355584,-123.95529889798216
157.03483458442705,30.32238946079908,14.661464371475535,0.5906162956204175,106,16.014632236665577,45.38657933715101,-121.99073306777561
236.75369269638807,36.379422143530114,15.22307280833167,0.5503430415504337,518,3.8919566245711743,45.70758780329594,-119.68151157136981
173.9548250188813,34.05439090764584,19.281688824173035,0.5370405424946759,118,3.2474430865857675,48.94934463431818,-117.13169675380803
177.69840643123524,30.786363712171525,15.904758766318057,0.5938711748973632,974,25.568804404548487,46.776414227626475,-119.57730531088332
157.930174480235,29.932482535452166,11.193586761660292,0.4637392732414183,114,4.546029992797856,47.127487066020066,-122.18137493255088
123.74242226779937,35.19614384687289,18.819568443896788,0.4946750939533852,181,3.0935607883196847,48.49447411494886,-119.56196007830272
229.9468572558686,38.78660285843156,21.912438665747796,0.5345400887790427,529,3.945351224733113,48.982275601962755,-120.220102341989
131.92061872699972,27.595307932197784,14.537963803073252,0.2999054475016788,1162,17.480864211731102,47.33085779737873,-118.54108223394199
56.707266848433484,21.975970083248736,7.678100102477556,0.44600247210396093,1923,17.187891575547315,48.24989528417669,-123.2511355282113
226.4921221100197,40.25497648592451,23.779896964765186,0.4670224692191757,724,20.01457723984308,46.3077640973467,-118.6728046824858
232.4118908081718,43.96609644788828,22.161264918959944,0.3222344380064153,475,0.0,46.22297582978916,-120.21113394926722
124.35712594906258,28.74489740897079,14.39957864196429,0.42088992812522874,1160,8.166806939263541,46.61081488397824,-117.25905597298704
251.20844265224298,41.96823542207134,21.05609735538926,0.6336327686323601,762,0.9274099368729609,47.6900290506946,-121.6068948377292
257.97893146876527,40.34719408317181,21.821807722158923,0.6098380455958424,750,21.060545726567675,47.728766757020395,-119.57164674806236
267.85643124883296,46.88865704474452,28.070856377027717,0.39200712212826555,812,7.656718109360917,46.2609577385978,-117.47580326142987
223.81086146154954,39.43922213764654,19.203223989091985,0.5253190634504205,454,1.8543341688295631,45.53283969654652,-123.28243190406525
113.3876616023528,25.904099524281836,16.799755904471393,0.5144606404189678,0,0.0,47.52958502586203,-117.43940058934484
92.86029163360553,30.342811402112886,14.817123140559435,0.45843550277809997,2824,17.338123652032436,45.51330344875506,-119.1847999438943
104.92324413429517,17.42264232811739,4.722911319559054,0.43935028453848457,0,0.0,47.31397003291732,-123.5251405862638
251.3555212952918,38.41546416654418,22.625484881325757,0.3457264873561191,539,6.600545039718822,47.773688512225235,-121.89325503137229
157.45274947930596,34.3760093687095,14.077261540330706,0.5340972097702337,323,4.825797249587488,47.802445985577805,-119.04279537948302
85.96775489819005,19.145917318855226,10.64785817362387,0.378766963410616,0,0.0,48.01388844263839,-123.52854578971859
184.96928323824383,32.026603874734455,18.333855537899726,0.614070566960483,1234,11.474860027951964,48.49143768626266,-119.92480677876608
86.75614575840373,24.26437802351749,11.720006780845896,0.4129217056526717,1600,26.066675793103656,46.999835967859156,-121.5788186013293
221.48454602315317,38.30044081886449,24.68402848317089,0.6188396097986077,525,1.6450789788245963,47.920996758118285,-119.65359137562766
284.0932879968384,45.494676751840814,26.980478894400708,0.5846584651459886,578,3.24408465690069,47.476690941463346,-123.67980576331242
182.3380772083023,31.997755769716015,19.1825249199296,0.3788966190832018,337,21.812000369556944,45.74655975919073,-117.89924235693337
220.34161198110172,37.97461249948309,20.421979819117333,0.6351135830476269,513,3.9526737783640282,45.10275857947763,-117.18557721575822
45.34238349014828,13.998351537088045,6.503276310501975,0.33657948141124555,1789,35.709631239645915,46.13816554270773,-117.21785501300016
192.8840749350867,31.803559709790274,16.805819970983013,0.32520681128192674,295,0.0,46.77213482535048,-118.75243717779952
103.2718023086888,21.002038550084052,11.356192994745838,0.44315736411129725,136,17.14232430190887,47.46842377771463,-123.08939631908558
148.04487532268013,32.92134558043914,14.170014217175437,0.4079911087627256,255,1.3324819608277538,48.39983732201282,-118.69215762849684
252.60638734927497,32.61304545097017,17.723326398752842,0.5964430291286573,513,8.707340638821387,45.78498286682466,-123.82789158478839
194.55481861619697,34.31844451953506,18.74280757967811,0.5538034070244295,1051,2.2795408849439687,45.50219915959391,-123.84513513929701
245.7212440827663,36.395346752975115,21.30580191784569,0.48480762043495373,832,7.8814525329594955,48.85391978989731,-121.73472846595321
129.2753708730431,29.011674603622332,16.45692575577679,0.479151317138404,154,10.439702501212887,45.43217823750563,-120.57949766716735
264.20839255320845,40.509773948631675,27.46936695733696,0.532812803794082,509,10.727050182872503,46.91396428042876,-118.60714807534545
164.22520104813034,34.392143530078535,15.70458476332642,0.5897123185553855,21,0.9274099368611016,47.34225491517321,-119.21693236375447
137.0768623843796,30.411686135725954,11.455840856941071,0.49868301728427666,217,7.8403041588063935,47.16549768362975,-120.87868105536276
274.1355033422069,35.969113352348295,19.64302190604201,0.4444186171252557,711,9.922994606235674,45.34412862813177,-122.08461333602834
197.92562101860574,37.613056594369354,21.052525107722687,0.42120191804207696,213,2.7802885155287553,45.22810765601448,-117.02012849889603
142.30813601684412,28.19508273923951,13.774112100814795,0.27953808397234237,62,12.026101340813995,45.42193370984414,-121.01673088434819
158.65394484283598,31.566739954805335,15.867649535375664,0.3636443293207412,1097,8.460251927819224,47.34235073549045,-120.84029082969226
236.75802738227105,38.403425746697586,23.934124240235185,0.630653978477743,566,11.289910599835482,47.17737955053728,-122.85463325165831
76.72334716998768,22.345577658729646,13.316740544211426,0.3024438029197102,1527,36.46430888388706,45.93496316814698,-118.4363331587505
234.7580576662019,47.19898350074114,24.44280511297471,0.5356003873793769,642,14.451308250427246,47.551096567382366,-119.14422441952958
149.72680429418065,30.080304708287766,18.197588960184603,0.6317447070303026,268,14.580218573684016,48.2802700082226,-122.45461271047867
132.3364805534012,36.209697464851196,17.307185239450185,0.3390910508811899,115,1.6486159256924175,45.16631583938638,-123.4233326806891
244.67743987270867,37.926654111291114,19.00134911583311,0.46912589727000065,670,3.0984583240537162,46.99251977419217,-119.236504885477
127.25951233204705,26.509246154146133,10.19317220727813,0.5507316281719817,0,0.0,47.75724164841076,-119.41842150003205
154.42535826612055,35.37399875973769,17.203857044997136,0.43351437208208593,1181,12.865979198856799,46.00924770827875,-122.08718331101254
95.42637369438457,23.922893230252594,7.8876777968502525,0.46597293348228236,0,0.0,46.231083621172594,-117.34395506424713
102.32145319676731,26.810908143909625,13.915877045582814,0.3763708405812861,2020,14.292488644787426,47.454551611957534,-122.9425947575337
256.3828420052758,42.286994001324146,23.139793734430334,0.4662364352233031,829,5.547544894612033,48.59174117377495,-120.97365639270178
146.89207537310438,35.958672523403514,15.208742559800243,0.3534607689817413,177,1.642478305976353,48.239697681211595,-117.3946885588268
204.57233102400974,31.68162431406408,9.873379672851703,0.5443947176871189,312,9.073128502486819,47.332520876398334,-121.06190878151715
257.63553111379633,37.661717725195786,18.50348511149557,0.4201538579501226,544,18.99409400920604,47.920886871029,-119.5303183663514
114.25811614352001,27.385646676770868,15.947763732074485,0.41424408810180413,71,11.978078856585679,46.45928988083119,-121.21683921426045
104.40656527323854,34.33272105075611,17.54366924143741,0.4114763361607198,1843,7.488176974241919,47.56386211239503,-122.0804935835593
132.88251933900239,26.236313459725626,10.116679252184687,0.4400678339265548,1288,15.437215041730719,46.864726364510226,-117.1121564642812
153.693593343715,32.87967921186681,18.41296081213557,0.4047100256996528,1869,35.795951071730954,45.759744545830245,-121.1346619557947
236.34606704859831,45.911974917718055,21.32961253028418,0.4997374764059873,411,16.283434189170688,47.80695309550903,-117.74130557424606
140.18215219065033,32.76850430012439,14.076780579424405,0.5248215985099498,39,1.3895567395866681,47.22585854939529,-122.3903177587624
266.14987528080076,49.79529022988058,26.12698676482245,0.4370946949607489,502,30.266970027915836,46.43448632781437,-122.50826707182442
84.12939860100275,16.151724299867357,13.58551037510419,0.2986402992698387,1753,23.864714872744294,48.64535676031452,-123.78206141980841
253.00652624109608,36.86671984433654,20.256467098405572,0.3792135528506972,450,4.835176881222011,45.083736471306935,-119.4383322223688
167.98056681697574,25.60916118382398,9.443533640299613,0.45572341958336127,275,20.304427942459483,46.263092604997986,-121.42031559393367
151.107415873977,28.811028024668627,15.03547560585675,0.42283339233732736,290,3.8392179992396405,45.227525591110584,-117.94949225112254
101.23204818282196,25.12642609607209,13.426736505413777,0.43188415856014983,1338,14.520767831628518,48.06610926488651,-120.6875306531591
130.92881354551108,25.19365774964107,9.668860669999058,0.5054258650377201,75,1.6553710687001026,47.808429816455174,-117.22264600459695
67.48144153839465,20.28832103589434,12.84080306544701,0.33289900404022243,8,1.624027713068516,46.32540887494527,-122.70132139007815
110.5633388021444,26.493033993863474,11.308769364591939,0.4603593123761399,0,0.0,47.70265160882829,-117.91963782431073
111.99334748218766,23.17426427850161,9.000006794215407,0.4528123635429967,135,11.076195187360693,46.583748904783796,-118.56382203045781
144.82442713019157,31.625857126647453,19.635205771586623,0.4180226764647026,120,1.6396729959518197,48.02501516568974,-118.60354708749163
121.364157405203,24.69609029300038,12.194033658132412,0.5846852076363813,176,0.0,46.81673465094683,-118.08651740318179
185.82430493861776,31.66994516967163,20.683864645539572,0.4705596495484738,172,0.9274099368611016,46.64911891132666,-118.67283206339901
159.71829542993657,35.47628123460071,15.36386406060999,0.3015379425829534,178,1.854334168853263,48.738919661953204,-119.61645774858009
225.26208672612097,45.08523567535214,24.886340681876625,0.5814932018678662,765,13.947684451535864,46.0035163995628,-123.08128585622329
149.75212532361252,33.73499052411264,18.386887749275267,0.4942636830151286,3,7.120501662903929,45.48178935998626,-123.77231674356123
239.79976442796465,37.802895538039216,25.40723630985733,0.5950249111441072,845,4.823046127102432,47.338172453037835,-117.55406506529019
174.86339708479505,35.300824128469905,12.989378996338768,0.5181591750310633,1041,51.83851533542434,48.877287249136714,-119.68344779835483
80.04468938493895,24.530524524973476,11.361921042680137,0.4466817421827341,1398,23.93074470723292,46.51135685490875,-118.42423896316677
240.66708037323056,41.59389557550398,29.113425062384405,0.3417361719047307,927,14.351215289207152,45.24814705451513,-120.62934353941215
286.3668471513774,42.462581309617946,20.370322569364696,0.5756917091072357,573,9.91127463885579,46.35722106923827,-123.17884267726323
145.325708694105,20.667833033527955,8.457631750937416,0.4769737400303742,249,3.943817567278701,47.023726617278236,-123.12369945458215
86.24583992559009,24.547809844921606,11.465481000055227,0.49447694686664356,38,2.3140499665184713,45.64769202652886,-119.2010429893972
223.00296756375838,38.2759198185242,17.986869598621517,0.2967414835949187,810,8.39566157479527,47.632408872225966,-120.98785873570377
296.67436067397034,44.14087650811191,23.69549523439974,0.49593148162486367,732,0.9274099368611016,48.9909975560408,-122.59632691309764
247.0484333271233,38.115236143899814,19.620635395484396,0.5653075106375606,399,1.618370825148622,46.80695790392578,-120.55883817280994
171.69812580621922,25.48165559440157,14.297387526326398,0.4164880551167727,318,0.0,46.41891422692085,-123.55053744047406
259.11511108497336,40.71899732668458,18.00913813377845,0.6598026989874634,844,2.766172660767306,46.60281666733787,-119.9262001865992
83.2772984356764,25.578545681532095,19.36882430453561,0.355098606550889,1698,16.215424232317588,45.46058471358081,-122.11704616895432
138.00069874946215,31.538450211379185,12.76628662731419,0.35563664082850455,1226,19.49560916537656,48.533094405704894,-118.41708629553969
221.45994580070476,36.04312068999497,18.363322783295146,0.4689076190665045,1027,9.586209898466066,46.659302622085406,-121.82746628753499
241.40621993819246,39.9734625927415,19.89874232437465,0.4619147093546081,488,1.6248068303833731,46.54909764569936,-120.8134589564274
266.1499261019438,40.432385827135,20.80381021661618,0.31038674340453476,646,2.7374236375943917,47.638761091721896,-123.9186562206433
98.0400423817904,16.675913644602108,6.197678493439508,0.2967552029100341,0,0.0,46.76813368372449,-123.49287178543808
119.82145828196245,27.285264167757656,13.444317409007907,0.31123451563084065,1446,7.495465289026736,47.59293387523138,-121.2525451051532
116.21385116212761,31.40948329661544,19.090709660437412,0.43308391220362774,1297,40.10925900543174,45.24578516052315,-120.64042815698014
155.3612026740703,37.80901323142634,14.906981527508119,0.6200499302416956,229,3.2205658434932234,48.25489337488891,-119.79985616316488
85.48931189482288,21.165606357838886,11.188942831304512,0.3059956108086515,2376,21.90443229675293,48.762015811517614,-121.95836194903488
149.46108019327465,32.48059343802512,13.886801651000585,0.41582038354729917,1085,10.138437182869637,47.595061544637545,-119.1351267971142
124.09740880036706,20.825036523512757,16.813441732051388,0.4181856630097942,141,8.129647254943848,48.81826371543524,-117.97914321967556
181.84011956271442,29.923989122901176,24.377629614523574,0.5644353049611907,348,0.9274099368611016,45.60572925747985,-118.54104307774655
168.74065224269685,34.087929029578945,16.95221486999634,0.4256827117212138,1129,29.748515098689996,46.90966475792141,-123.7226682225615
193.2272449894421,37.007921891602386,16.274835967089956,0.6367433599433132,453,20.11625403930908,47.407226935781786,-120.6364513691952
229.9880645874307,33.45049733220158,24.154935833073544,0.3851789580103608,722,6.168497173829197,47.326946589684745,-123.26548875107278
298.2624075879775,40.835541576247515,20.115568779084317,0.5319237954235845,757,13.048392702672981,46.60584711635617,-122.3056848889623
221.6529580783299,35.2843922932213,22.02746617957218,0.3953820978906305,358,2.29757339625833,46.35233763746505,-117.09336184712997
276.3613305217915,45.070913047078925,15.590905064539655,0.44056074553089086,791,4.151957485405545,45.50729609020168,-123.0025311996894
208.5969211826997,35.93826344005493,13.144482189547428,0.511549264502142,1140,47.13643264770508,46.56696980224911,-120.5077829258405
118.80389421568366,26.708087342188158,13.257006705970335,0.5214186975256314,20,4.599437997444447,45.650643260421944,-119.67290985977317
125.68732523325487,31.311603507793595,12.703191839318542,0.3801470191191296,1275,25.880410558481373,47.937462705968876,-119.08274520619128
141.35384006713448,31.318690283796652,17.433688301917734,0.4572696106833608,131,1.8543341688295631,45.83532374197836,-120.0824592155916
159.8028394662367,28.121811651859495,12.401947536672779,0.5031572191873919,404,2.9449128421747264,45.234261221138134,-123.93160406806571
96.22645895868696,23.704160918135806,16.321512800113094,0.4303021254212634,1295,36.50412050450967,47.20946455126894,-121.71477084229205
278.9652065769762,38.88280080851852,16.126682166896906,0.5194804669026605,699,33.30879689475864,47.380918930877606,-120.37601849630703
253.75748612633507,41.23896587171689,24.2205753984201,0.5171668227635492,600,0.0,48.48765224512202,-123.38493450598617
128.4220096233643,31.930505343805486,20.13949242858284,0.4486013644921819,251,0.9274099368729609,47.30792644967073,-121.54561148153573
233.2443868054263,42.13947194273225,23.885542318395917,0.47276118845043,962,44.70122749028579,46.381923414893784,-123.76757823846043
140.30425086790788,31.76442030932162,14.616102981319202,0.3673726078549573,62,3.095095993028831,48.21204752610528,-123.44995051991485
246.8238761907903,41.90466851101133,20.88747698841747,0.5376663388857035,913,40.17205717014489,47.16111557274969,-121.22153706658882
249.49137274107898,43.81602049055025,19.57468422087098,0.56235873928427,818,18.809660377931923,45.31712113852477,-123.07098972169858
104.67437964744602,25.637861219307656,16.519879839813566,0.3870085131086782,1286,28.74724697762855,47.26340224125299,-120.0272140621691
102.94631513965889,27.069186721158992,16.34286322424984,0.34540315855426773,1439,11.675329908344905,48.63207418168665,-119.17374521603914
211.70533545210256,37.68466773226218,19.1431935897059,0.6346042236714411,385,4.576378997328897,46.58525050199288,-118.39589310623641
245.7881581754751,42.021768336582724,24.17974604530071,0.514584400259808,614,12.18097226762059,46.1853032075992,-122.59894829028633
270.52638004149037,42.950238778577656,21.839341143623955,0.5296153648904854,780,4.809432487059199,45.57387782807208,-122.82762192418652
124.28599863847816,30.756565621407233,22.85369106412635,0.48549726583292846,68,10.805909027100332,45.60578208774143,-123.26802511765919
161.0505108922125,35.54634714504056,18.353615866190346,0.408467494969348,1176,2.7802885155287553,46.731085937367276,-119.54498825319455
209.0022796190963,35.024540488359726,17.015533770019147,0.2829158728987968,684,16.00643991795456,47.382719296646115,-119.0546699145917
107.12188232692716,21.370335548111587,14.210372396821613,0.42136088739136224,2074,47.590480475453916,45.32246162067841,-123.7788969862205
124.8189373243983,26.696623771138057,17.200317503900244,0.5634722115517939,1779,1.4119255822078054,48.758274356100664,-117.44651427629417
240.02578223524412,46.318220575142476,25.988917031199684,0.4980408573095705,581,19.753167448909608,48.020534469780785,-123.63620101443969
156.74449474933508,33.68295921104299,16.473524181564546,0.3404171069498192,361,17.205191805693477,47.34649567313465,-120.21092565289251
221.85622628308468,29.984968195313343,17.098418151274398,0.43008169118416917,999,4.375014945866049,48.31375468375596,-119.03657636384358
212.9529456486284,39.82958918212398,21.866324750072945,0.3831442386950224,466,4.546375433400105,45.32074702724845,-117.9032161337774
169.7998873079849,29.48559646882378,14.86784349873486,0.46011410353429083,362,4.181966206211754,46.9073555109325,-119.001391475073
288.4317462532209,43.622741587247994,17.300879641590264,0.5394613535804509,753,17.646157323147882,47.52037250744665,-118.38790341851146
45.9827162755659,10.516294788069448,2.18346674151171,0.3549981490598499,1900,17.933665708102655,48.31461162447316,-121.62384865220035
154.24575562247028,22.797926745025002,10.377838807789919,0.5848265087985918,1239,29.88455638185866,48.13387824019707,-118.29622420377441
149.83051953713675,36.43158108216368,20.218964626967313,0.6406113143710549,320,4.821245688320921,46.1082769988536,-123.43919607530728
277.5561338012063,46.067567564162886,24.55055096643519,0.44186913486709395,867,9.927474647791376,48.763520678236816,-117.73628340757631
230.5526100537268,44.34808736145399,22.472363582210225,0.5781328535872082,441,6.131680039858763,45.49738336572348,-120.16685336692385
239.99213774416717,41.83283698124992,20.88025868941384,0.4123466380222428,840,1.6100237421623813,48.50053447448461,-118.27891561026254
202.01403083362715,31.074605450530264,18.83990199261392,0.4336288585199699,376,10.011469136046882,48.883760998418474,-120.8337720083719
260.7922384722644,48.62880875976679,21.852801581640165,0.6288087070772992,841,16.23104912717886,45.7086140928905,-119.49495613362433
256.0694323544842,31.17271922869827,20.025645722326853,0.7164538024743261,508,5.358478984574188,47.88826425681514,-120.3151813734472
276.79493281920287,42.04956079382771,20.23680174389961,0.4742917608755956,626,33.93034835975192,45.161142075112,-118.87887334771267
252.6918935431903,38.425475183400394,19.73125352601301,0.48880795484637574,524,15.597178759933984,46.62169130055662,-123.42859012578587
209.0881557030136,34.46375512790701,15.382555738536617,0.5369736489738212,947,10.054353360270415,47.0651331967907,-123.57753541206606
194.56175542672165,27.444377093998778,14.60980250763978,0.505509242747264,310,10.321337727381858,47.32258090363854,-122.27027736192898
176.39354089271984,28.393887205744548,9.528640592438192,0.5140823331570187,412,1.3768850367551388,48.74374899299424,-122.88318723920769
157.37181841182195,29.966442963334824,15.128341505460329,0.35691080227147487,144,26.937780133226937,47.68900274917678,-117.89751503385459
264.5129173178968,46.58516806049201,21.160592412682703,0.491482331984319,859,1.6276643498420063,46.92511180487695,-122.4655020884937
207.04029162351483,33.38164846936336,11.358684921181874,0.5856668853581476,291,9.663814489786116,48.23870014506356,-117.16894320926608
236.6244445784343,41.11376577679987,22.010274640223084,0.46129497807503017,589,0.9274099368611016,48.80213128381764,-121.64172945760225
190.9144349329116,36.953681971892074,24.116945210121507,0.38683891340319987,337,13.944751734022061,45.08826459472916,-122.72517459017911
272.8010847797025,45.50383548228142,24.911930757800526,0.6008488541673123,589,25.960773567229896,48.93008508902415,-118.47211045000265
113.30096274334451,23.792248762663114,9.003304205060575,0.549034346628736,0,0.0,45.34452855625472,-119.38904557149387
169.12979178509678,36.90753128772177,23.016919471708807,0.27227920243436354,316,41.421741986227836,48.25754711707505,-120.51262998482802
129.71904366651833,24.01861292973888,12.47891288642655,0.3548257787358443,1303,14.138266131078376,46.12133901020565,-120.11245514343658
107.05531663249842,27.256161122934834,13.90966163697829,0.49260062718592124,0,0.0,45.52871863101549,-118.96558755209415
130.24711430105071,25.56059716584256,17.67081803725551,0.3580086959201316,1400,3.9325101745347686,46.75942255885534,-122.40081681068091
102.39706942876825,21.635940094412437,14.55542509453472,0.42602767980601025,77,0.0,47.57582631779045,-117.02566258760281
169.42822400991912,30.65865187665571,20.498469084291955,0.4953731378371324,1147,5.42699299446688,46.5238073800939,-117.17644786497252
185.2830448805516,29.094373776978603,17.769843190457888,0.508476590064576,310,5.012215071509314,45.218261633130794,-119.44772019557143
143.65928642692933,26.42616119946956,15.739564899970004,0.4319512354595211,1290,1.6108810438655938,47.397844558634866,-122.60320284349598
103.53220963549121,25.69050558835865,14.71608117905916,0.3804084656090001,0,0.0,48.6096131044427,-119.23840230298096
174.76835569433837,35.73454461561285,17.271447276586226,0.6300739456741158,289,0.9274099368611016,46.532861463789004,-123.49461113714577
197.42507760739247,35.30371058958112,18.568884619785297,0.4019901075729638,1021,17.692638397216797,45.86533111052331,-123.78543248455935
248.01522605115295,43.89548424329432,22.451033982383507,0.6029130716703803,564,1.6258356139841017,46.77030938373126,-122.1962197804215
133.8844893663168,23.165693078659018,14.004244687905357,0.6891106579856034,1250,6.862601380295553,45.19345084419513,-120.76163930282479
97.18590198124417,23.373083678335245,18.538494264792877,0.4790638392477865,0,0.0,48.2819503379211,-117.92209246214134
281.93366946792247,45.411218986965686,21.855472841063897,0.6776063089330837,981,25.04340744739041,48.30536324380075,-118.90981651163584
225.8833492920674,41.40323056035538,22.824569344729273,0.5463630071432001,563,42.52645051911354,47.35200185371851,-118.80105435160013
81.35843481812452,21.323489846392967,10.381211344998306,0.22829790924132323,1365,9.2658141681068,46.41241155575356,-121.02154665886347
179.00196871974927,41.66207470584785,19.222290353015183,0.4924649561571337,378,19.431450655459926,48.199133457783134,-121.57845505217126
204.38134685134276,37.1998411442125,20.395999646504443,0.5091831166429895,457,5.349423415331502,47.218748099153466,-121.40272865910778
133.25565659814222,24.43647266821763,9.205261852316347,0.5878903799846193,147,6.189670085906982,48.30372923420006,-117.08645305384759
204.65951559206823,37.503638622163365,17.957310682497894,0.5390206153281274,1120,19.640134849295713,47.52583517033208,-123.71923566011262
268.6825564567144,36.671335507247335,15.128177806736183,0.5734639268846521,473,6.151468801872697,48.137621892851186,-117.93077952714286
211.81610239666932,40.73960946285,20.42419891833098,0.5004665647596779,401,1.8543341688295631,47.39425197287104,-119.94927213999324
158.84575054506928,30.418747750704796,15.003936086560572,0.4632594789347353,454,1.412365733357374,46.65656427286267,-120.92969206567287
264.9465123796024,40.190691286740545,19.076603176866406,0.5773626648728788,619,2.8206535449924335,48.83178343970455,-118.92319637709404
53.509635959903065,18.050570445520627,16.388909502161244,0.3671826304423046,1616,27.193306706813868,47.16445529951538,-120.59331741002708
176.21127610915687,33.098702000843815,17.10381771275514,0.38812217114928027,1055,0.9274099368611016,47.42035807416215,-117.88603733342838
104.22667261572828,17.51708807503276,7.562741892528793,0.48206373279648784,147,24.376521276358247,45.881950557658996,-117.69508695192118
200.29575939461714,28.185979117708985,11.517050576983433,0.4602955850979359,1052,16.24698059291718,47.5026031577091,-121.04795351188581
160.15954937236944,30.548043333487335,11.322476029266543,0.5414595544440359,303,1.3344720602035522,47.286430597931776,-122.06220541935464
118.04825063196783,27.219987444946852,13.297210437728063,0.3822121595257759,1452,15.614708309836528,45.7393535917881,-119.85354769984646
234.06522048596617,41.09379248207158,17.934089987548823,0.38317808031385553,457,5.455115598150028,45.23834838941257,-117.61345658068316
113.84230153612194,24.957336993273856,10.651614393947247,0.4961805048958133,86,8.289099835424986,47.41743727885908,-122.52536467696034
238.75157499662842,36.63823547483909,16.010181155448063,0.35684676808365656,886,40.831634453537355,48.05476907740128,-119.63923391505563
149.80451172620124,30.84875779479707,20.51502511689275,0.5224613329143477,1280,25.17755271354116,47.09360548368803,-119.57907845935236
249.7137159754788,37.49927476324896,14.795893066919787,0.42742021060418756,737,4.827063941432891,45.90709050127858,-118.86820884309303
191.47815699782916,35.20663675241877,17.639766023215508,0.3490029700417324,279,3.0925668263186576,47.66608790677214,-123.07902620410918
209.58502963104533,31.566495992699778,11.46376843378322,0.5471043428752402,415,19.166022085510118,45.32042290643841,-118.98922524722538
137.84967331782937,27.85382666763088,19.114802099790655,0.44557662063482856,139,2.8150645302033532,46.76733481920782,-117.63677235534051
143.24502050078962,23.02887082028386,7.9323414514585995,0.3686493984929732,1297,4.346611980755155,45.65346703359368,-122.7422182379083
140.6891306490656,35.8738319652936,18.0584150194957,0.5151607691866966,1386,16.480309408692555,45.737836204239535,-122.33719672553286
227.7826541761559,36.98778461110102,11.730082703167085,0.20896687321852242,969,19.4171151368952,45.809175796632815,-117.20023434170852
116.0747726002959,29.57740049085765,16.4910897601165,0.3583908340905518,58,2.7813658912296995,46.54682822817591,-122.73316133103357
148.21924798742617,28.64181306510214,18.228204365866446,0.37957688494749925,135,26.320454706654797,45.20460082248159,-118.01930434641295
213.5982970996489,37.20566064984922,27.542076973521727,0.5037638966005408,595,0.9274099368729609,46.59117376371639,-120.55405500486376
123.96735322893474,27.612297679158512,11.713616862597764,0.3591547993789231,1712,5.407813567336857,47.0468297884588,-122.26938247917776
105.13420249799731,21.900097818630837,15.020921076333481,0.47609599841280237,1231,8.905608154066604,46.9331771398653,-117.90475069109242
172.2983492152017,31.423674273916642,16.56845746541908,0.5041000590840875,1187,17.50322109939939,46.53113640161216,-120.88286321498134
124.66362916001799,25.972374871349544,13.358186961036603,0.40032588138712577,171,20.25978946848001,48.35658643228301,-120.39627852249217
209.73359048248093,39.133228791107776,23.74017102302082,0.572768009755457,372,18.326122853641156,45.581306769682016,-121.48536641420164
152.60093060658272,28.100309348896843,13.472523731906493,0.5018895865434717,234,3.9370976416814862,47.0227869751255,-119.84934403995551
261.07504073558897,42.635351359515745,23.09706200515117,0.4808706745627006,796,35.18938163003082,45.248165667826214,-122.85533289190484
239.85868512940488,41.95103722418259,24.135868313395722,0.5239020169804913,687,3.1010548515900345,45.28462271551164,-121.26242924343768
71.98850698733536,17.367895698846052,9.990428926840234,0.34180625484621024,1284,1.8543341688295631,47.295463398708385,-117.21411374365299
269.5618885772525,42.32365879352246,22.65363733479467,0.7005945462434138,671,9.875865385083944,47.26407369955128,-122.19306597109211
180.1946611865515,36.02180780150374,11.106443354689862,0.380796214583833,1034,8.289099835320444,48.51213405137783,-119.40284334821095
121.56168810567988,28.84293797621815,14.850778727564103,0.5420611832226543,167,7.025622083243483,47.23149470264029,-121.72366955042713
241.6071891523933,40.91715939900859,22.827249581459157,0.516983864535647,681,10.553579108131437,48.8391640816194,-118.5856881201938
247.2766046115065,45.84061259879517,28.353921754854646,0.4498686171575989,374,14.869129336261814,45.19477939359972,-123.08388437497155
185.5615383882605,31.146925892098896,14.496610942457389,0.4903764406166925,1018,16.430286419695225,45.392030739122966,-117.21125268445019
113.52484024376449,32.85411284071236,15.307025291309445,0.31460641985884497,0,0.0,45.176263446281524,-120.82347321031453
200.60265187177484,32.56401271843264,17.532338181559545,0.557330202721771,485,17.539388626833855,45.74110740133416,-122.34764675657475
210.86945697958112,34.76489959595346,18.80049179889062,0.411643028636759,1107,45.07050814739988,47.16508044376671,-123.48552276868992
186.5151334529265,36.842862533782636,13.843627322418463,0.4494973969958787,1017,16.21035109355904,47.58228872570971,-122.81169466438722
85.23371189560646,29.793432440931305,14.630959474950224,0.42099564490739444,1185,36.374190865798475,45.18234063179467,-120.36158236010787
212.17603167939387,34.028534620784754,12.899537999424432,0.5281089091319071,1207,15.68880896817416,48.783883559382396,-121.640977764981
164.67111941976452,26.91300012612906,15.440654559717768,0.42503348809849606,356,5.3759121274347015,48.368661506601526,-118.19781643882173
261.56166329889925,41.47300688865867,19.15154173375867,0.5385893718478988,918,18.885459464523972,46.18644992862837,-120.98378733436736
212.61015944126564,35.46943245563886,17.32111134793953,0.6096535542921251,1037,34.66733015336862,45.30875012090587,-122.25900009188659
134.4131241430137,35.520657506349224,16.34920177357884,0.45644718209295454,77,4.627367505919335,45.67954829287623,-119.67998509377179
180.1634689787074,35.317177745661624,15.093827399690639,0.5020206896938645,1064,25.431357896741407,45.50777765501989,-119.05255948180188
206.67627696504942,34.2152663655797,17.92996385947461,0.3705011705233067,1012,11.626248284703683,45.493135117195784,-122.83070664469335
234.36689597335234,42.11774608020101,18.35792491795295,0.594254867991193,394,1.8543341159820557,47.07424675466294,-122.82666548598178
75.69524959848759,22.969831637053236,12.106501854837228,0.28675691121748337,1703,19.12735031739751,45.9833897699736,-123.7433000114652
250.1932905881884,35.205426352963656,19.11496199868206,0.48313322984958423,547,1.659411988900495,46.43255886611658,-118.84518589454052
143.8392926485857,39.61992908576203,24.087746010827704,0.48739356610491347,90,13.818823587525815,48.95802133353729,-119.35336830664737
83.07025936937936,23.532560086653422,15.585645631851044,0.47651451897025005,1841,20.15320083300095,47.73725699570138,-120.6775838697513
174.40067573634576,33.24439693772527,15.617332746974398,0.5831858818063058,333,21.832953088839254,48.795922668188005,-118.09080685721563
288.381156162349,42.82838665613738,20.2803104003216,0.4907056987647708,806,9.593096112242227,45.57022622013246,-118.36030892934963
156.35921157487672,37.96796703219219,10.5177393179841,0.5028058949294655,206,1.6244828930506825,46.52855789933028,-119.90251944922274
199.12126071661928,37.099730055741276,19.54621100840513,0.4282564270595215,389,12.495564903199822,47.21892721312942,-117.92210103640718
160.09260097531424,32.50377386657126,20.2151303785131,0.6252150298675554,1085,12.693576927687827,45.30703224755495,-122.55911152974262
83.17408272804532,15.274341172974806,5.293948350539338,0.4089370620352382,20,1.659569713637279,45.01674977451183,-123.2165626642159
270.7531489967903,39.84495370750008,22.222460023397623,0.47535181568295026,571,1.854334168853263,47.68173733518767,-122.11175271938107
260.2355898065361,35.44328913039365,17.57926465816779,0.3598030385100337,513,15.972836406396116,47.56727806720574,-123.6003920073748
205.35174621003466,37.26044514313586,22.21204718805654,0.5923373024455232,723,1.8543341688295631,46.64315523999845,-120.28181330399278
174.88545996755101,35.228919938239464,17.965490800297342,0.5482219942937507,1050,7.506658860384364,46.95857630412813,-117.44376015393527
211.3072610248092,25.719535449686116,16.33744187775668,0.3663106496023757,340,5.547544894612033,46.66177200236836,-123.72459521532043
171.13836902741787,32.4894470236443,13.271555659119164,0.5047267202863763,1366,23.16806670380711,45.09602017937956,-123.14523060192981
158.97167163354982,25.399396731626002,9.474201766202277,0.43566119390779445,-1,1.3835882233940615,46.34148642486985,-120.83460680201595
269.78670816623395,43.74685619466932,24.5219362203185,0.5876470894787302,559,14.38579063611558,45.70832902158916,-117.46287487730467
158.6384581781818,32.95821400547377,18.631528671498035,0.41155115569730116,108,0.9274099368729609,45.393696756405475,-121.78690726516274
92.16902934161308,18.95400344431001,8.379209186622738,0.1598353388397457,0,0.0,48.8268817355574,-120.44935633918125
278.94912047895804,42.68337093116815,25.697846988334454,0.6040874028108497,676,13.294171408161516,47.397438900168666,-123.70898998664725
86.0514602911866,23.063853945544075,13.384424672777476,0.2857857259902583,71,5.830881569480055,47.91462513694641,-122.96159759326538
209.18611655015533,37.72206505462083,20.800032205142827,0.4552388919401314,461,29.53467529172334,46.26145497306447,-117.09358913928807
239.16825080068082,46.79201272137704,25.9157975688222,0.4865004254389358,909,17.76205922959212,46.57258851797606,-117.24416912494767
311.08927236438586,45.86841040454212,21.903697061128145,0.3509609458007889,634,6.182794124245116,45.947695975586896,-123.96542013345913
172.53319551795423,28.42294289332075,11.193882998179095,0.3927724757638233,1172,20.47133404999154,45.3878626838617,-117.33731750203732
252.70846238913379,40.93691447762125,20.70750619366851,0.4414621891567948,557,20.22707385545958,45.71612654976634,-119.5261604352915
204.92456137581095,37.01515931018385,14.709646949501682,0.5226603296459702,412,13.758255199802027,48.190056181185945,-117.92457193835985
115.02419304003492,25.81226389517705,16.843998194820195,0.3241166828061577,1193,3.2366838050107143,47.710183220735104,-120.81682101056299
208.12187488497366,35.94961087637387,12.840535836055697,0.6467082325560446,1041,27.704453709912446,47.18771550394191,-120.39082779994524
79.92987062518047,24.552341821231636,18.633469206591094,0.3447593232606285,1571,21.046720087436576,46.90035949146707,-120.57807393820156
259.5940078105879,48.12116596925736,26.1093635724312,0.5056083758737554,795,2.309851624048672,48.6897371346245,-119.33195019717726
84.86800421414988,27.083790038540414,19.660322776592132,0.40042562024027284,1388,9.514627313155488,45.290939791114674,-123.02244121670581
206.19340942743577,34.18153534969134,17.67601125667498,0.3219723832155035,392,3.0926220417022705,46.12240325295166,-123.79018487089125
175.75570986775605,31.180062667000534,13.321059697146257,0.5364704543414163,429,41.19307954900762,46.39975141428285,-121.84449040886166
229.0916818606567,41.007377291251196,19.428601393811405,0.5161903691939204,963,7.5511675346124765,48.12970324885115,-119.06723466084347
240.37800182730888,40.762032353213556,21.54304630243563,0.5755131005044206,406,4.619663103635478,48.970058480647886,-122.58702583513936
278.41087465906924,49.921103857168944,28.41032462011866,0.6493060065084674,779,4.594354459431058,45.96268205902861,-119.28597296672558
134.3458156085309,30.544112968104255,18.672876896835394,0.3310553855519994,1794,19.576424667058255,48.49722933654832,-117.21061567724911
199.31277806427607,33.02752565717432,18.813681878668948,0.5257873512646417,1047,0.9274099368611016,48.32249104172716,-123.34269498947407
213.3612131260948,32.1653823756988,15.995741917037805,0.5331800240251923,384,8.384429392592429,45.89862959056707,-119.29178517242411
244.77016898505613,40.80491998600377,24.74931268376281,0.5524791746057008,494,7.73355267059139,46.59733032079689,-120.893748464868
198.47098289170512,41.97511345606128,25.472925339436863,0.4817173776686935,451,26.585004871038414,46.63869147717008,-117.92300421935747
170.44052275670296,30.09129268030643,16.600890401298756,0.45486087607370856,69,5.547544894612033,48.912882674106235,-122.7599514738683
267.4022234952235,41.89183909304064,23.022633480235047,0.41805596634045183,859,21.69256429059822,45.72356760551559,-119.15161833441685
246.30787573405954,40.81585790317319,20.924947648618094,0.48913780505433735,804,5.349510669708252,48.196631884419126,-118.13319297246323
162.76284797351133,29.821847205869346,20.613568417020485,0.5153324595909154,1066,8.002118096132358,46.33677085669244,-117.38770046368184
253.56136897631606,44.5593251400999,23.67725884584817,0.5502069949399946,524,20.124873177276122,47.923481383104644,-119.21726380197248
123.17188461512735,31.560169122514985,14.593130603780322,0.5460854119421343,1427,14.74479742986999,46.68004401718265,-120.51977665194102
95.43194172039834,23.5089442369774,15.355409537408153,0.36332114929077036,1523,27.718629567537416,47.31343905246616,-119.6750693185915
264.5647640074729,35.10484625389624,17.259076745790658,0.6033743957369947,711,1.6614311724301958,48.33044709330453,-117.91766510864898
75.29754077562457,18.73827470794943,11.297545238045934,0.4620196806762721,2494,28.55360162197135,48.21666225993554,-120.0057317735282
105.28583087258878,24.526237410350486,13.16162730239171,0.40373580679962656,0,0.0,48.4656927341588,-123.78729058212214
258.7820643898256,41.49366371379545,20.921678210215248,0.5139050715242406,931,9.59703749849682,45.238469301378636,-117.48335913145115
289.76832526222495,43.27960100382828,18.336084180114522,0.44292572325953933,786,8.705868373316772,47.76820221215898,-119.17331274277907
210.729743365771,37.47425367818274,16.174906364741982,0.467601814289214,570,1.6512504883439496,45.55994950688705,-119.26440629955927
84.29939161851429,19.245496210130483,9.44790535006309,0.23380192049293794,1860,14.609504307426565,46.66327427207364,-122.49027393321597
202.2950595212416,36.09752877027999,14.088531086181328,0.5524543406279395,904,20.112048624800014,47.19435366021875,-119.3878017083714
178.44811268715685,36.484288235105495,18.96828759211983,0.48994858944599406,421,22.492776030564514,46.610957938987326,-121.24294916042089
248.76717538586186,38.10298013416458,21.27280716448878,0.3839735854703621,897,19.366324490982247,47.07844670321203,-119.44136916070956
235.94432725605373,41.46076045618701,19.495736863536713,0.7781075037400742,635,17.35849881042494,48.98610523519448,-123.25384878784406
36.67842537849131,16.283549608560808,6.623757106265201,0.28705987848236625,63,2.6995354192209646,45.540869254851415,-119.39508286777875
276.1259363512543,45.9452022753582,24.48810460309024,0.4490019254046469,698,4.827754500283615,47.7018241813457,-117.00410391960533
190.12003195978804,33.9545494811889,19.010965098497977,0.5184624640949537,243,1.8543341688295631,46.58400386554246,-123.66251572797611
182.77516315103955,27.638470468971942,16.374409481915663,0.5447542343185607,142,12.434098000226875,45.53203919562932,-117.15978071045078
114.18830503782996,27.57262100894654,18.950483113223157,0.45696549640693046,107,4.599851440540648,45.634947053497235,-121.15164427493991
274.02838467878126,48.23796229666344,23.71924278004012,0.32749652316299405,881,15.371952072619703,48.797092424982466,-117.90472584763918
122.89473914343455,32.61603187453798,17.31716669327223,0.4976897033309692,344,2.2852130918654066,48.51840598684705,-118.52330161159209
229.13825557177142,42.089691930305456,20.063644129601613,0.29753163716357,618,3.704791833671086,48.62816784166009,-120.03088617309332
270.1391189788746,48.09219069371507,24.383970611941585,0.7065056965322137,637,0.0,48.96613110330954,-118.83085553524072
243.93683133718946,38.8716732635757,23.566506255439005,0.5491714619021055,495,13.230279747577747,45.833261560034074,-117.85039107089057
241.29268966753585,43.10577801774691,19.640470758044227,0.6181464496673539,991,26.115664978992267,46.42175734945625,-121.17101774844276
264.916671472621,39.53607121836376,18.594804904498552,0.555910631372029,533,2.896758146351611,47.676876119699465,-121.71076786905734
244.94188599921998,38.42129823304654,19.281586644129053,0.7367194207812595,563,46.359420300476636,46.93521015944259,-119.3268463010549
292.9840747021436,45.18508836700181,24.28255144091448,0.5245898222055566,614,27.480234986852576,46.67355813351333,-118.34507840641119
270.6473627621607,40.955910765754545,21.660478609840784,0.4908468409406974,796,4.098113031660697,46.431244997342375,-118.66400405656368
147.71851995563944,27.06800688295881,12.455008979804521,0.5599272690797226,1404,30.32306240250341,47.37512252777381,-118.41530445798956
85.24759094770776,24.740585379755412,16.78160393385683,0.3400472377203246,0,0.0,47.302373714560325,-120.95091679630947
232.90987310486457,39.82807037829419,22.41610893865599,0.6535305638563581,931,20.403374612094954,45.64583133625696,-118.27516048677485
102.64664902533092,29.37523312046577,16.634809297099412,0.4862496443235801,1349,31.911842346191406,46.88695935007376,-123.15853661240574
125.93097425498141,22.86325290978155,11.414462769557392,0.48052283334152684,3,1.6649364307011594,47.2138871048394,-120.18857631427406
222.04256873742122,36.63456255383139,17.9518229342823,0.49060683606253663,923,20.783582916258958,47.28114775492556,-123.95968937651315
231.36685385923835,37.12951890520861,16.868866911576646,0.475427248750975,882,0.9274099368611016,45.84042877164941,-121.72789919069811
211.3453721544014,36.29442322895908,21.33912335668414,0.39436101607543644,850,20.682198379235142,47.969085569009145,-121.43476925590022
188.4219268034453,37.340092273933536,18.89254359897512,0.4732669909010539,319,17.045992946283512,45.100796379284276,-121.22679115873521
154.5390968253417,26.98314885131378,14.86631755751987,0.49620175469477296,119,8.081939697265625,46.41932742217265,-119.13172955317097
186.7255800959376,38.385232076164414,18.651536330504225,0.47627879546612883,1145,6.786569378158635,48.12085059414253,-121.28009329110758
39.3927791132823,13.0339275943597,10.497755785935384,0.42367096743988464,1341,10.787948663369708,47.25557168422161,-120.85914464164229
178.28426486450434,37.787991735035234,18.707646280780434,0.38127882533763646,955,22.840308674996724,46.04464973004344,-122.3371910838797
233.30498599825768,44.362347919350476,24.79352724172411,0.5914296286645482,1073,6.067018340168424,47.77981247737219,-121.38723745859463
108.69588214505839,31.652666096943797,15.6977428869152,0.391636815826777,51,0.9274099368729609,47.269563776624295,-122.40911260915794
129.24621159064495,24.376994290850725,12.79609836731192,0.49616647711048967,1253,5.681757702652364,48.184974437825545,-123.48762853362089
287.5499121186637,41.90449696046907,24.287694288605955,0.46205060994887687,747,4.216287308059378,47.94010074475929,-119.77585984633035
112.46762880108663,28.331055048037562,20.2610611177541,0.5907953414528018,1385,19.55996999345388,47.44043168814494,-119.32251041011489
222.53288354423614,41.454460377241105,19.215266721464786,0.41284703472420897,521,2.276194871958432,46.952710701243255,-119.6635675779327
243.67849206093206,38.49682109639425,17.511207869883602,0.6393384446172389,826,2.7802885155287553,45.532728502670096,-120.755541693396
161.163510381167,34.63491926127808,14.433776970702588,0.4864301190699573,53,3.887432797099895,46.04533207154154,-121.3414995387454
50.484533063394856,16.776464480039238,11.309597703639803,0.4517382786118578,1646,35.245210206785394,46.676397891668344,-117.95666445299722
112.56756172470674,23.798115897004784,11.23681750477695,0.3583268393754524,2157,15.19932167445012,47.397197148025555,-120.36642750404647
97.82986941330802,21.58058036164725,10.094799150895172,0.15,1398,9.2927150782578,47.05483142086122,-120.64572685659188
247.605564255562,44.62968887762914,23.116160586835772,0.5772503105019926,611,3.295305346281983,46.15273810383812,-123.82050553935495
205.2109694003168,36.15477926238471,17.49113527758251,0.46129032206649756,245,1.3193292749862184,45.02585743115884,-121.6112652066169
97.14167444574727,22.307209787232463,4.0285675758244475,0.3897482531700205,50,4.571135503835441,46.98495688760325,-121.33863066849901
245.74125293828905,46.779665785957114,23.190342550063463,0.711139805516229,933,12.284548684831089,46.14250395424897,-121.20824053372169
157.72663487761747,32.070978341386336,14.336384370138877,0.45296640509949443,273,13.882411904605087,47.93843320284214,-119.93879341540867
82.68810817143881,17.196155294920075,9.294337395010393,0.46178711900685865,79,0.9274099368611016,45.09578506108193,-120.26478217291185
115.10929368995752,26.437612950808244,11.634783503991613,0.4236012658380868,83,1.6207989585355365,47.339311245223165,-119.74466435044589
288.18647618137703,42.486838588725874,21.859196881985923,0.6960405965611607,738,4.365794939896384,48.76589695002426,-118.6458171692051
228.24608093587509,37.47542630461732,18.496421601535747,0.34418464449341923,902,4.54797113957939,45.697637068446,-118.30909982898734
271.7243855308416,43.22736092641759,22.451957129042682,0.5551242859036676,753,15.307140291239506,46.88659796300238,-118.97313846641454
223.77207464898066,30.3355958579492,16.7085049903736,0.49510488703122046,446,19.13218892712663,45.365687967268556,-117.31133412831545
260.29094132478536,42.12446777964994,19.08950143062782,0.5217119755836147,665,4.248635354305638,47.50272764904541,-123.87237192126547
96.66383149515865,20.040474421016754,13.108338075632052,0.27104238997765634,1388,7.944318774186664,47.202126722384904,-122.62955410021517
204.02168460121905,38.255497952004056,24.456580401641904,0.41861083703499624,384,0.0,46.62946209685133,-123.947059875153
112.73899350129255,27.74739864705796,17.532468546794938,0.36124786861387204,262,18.018078704085614,47.085508085894965,-119.46767700091777
157.0814288689099,21.94180511793008,13.460235933097216,0.5175668014277558,278,2.7115390465063873,48.58629863387604,-117.71378615735009
105.42398292584639,26.466888548101835,14.732641059336984,0.48778739744885935,1184,4.820316791534424,45.78517720924427,-122.2956239239659
184.09131456877438,36.60502468604575,17.493256778817344,0.5046339480214102,308,5.547544894612033,45.09025804682139,-117.51075818642585
257.79117793400303,41.92678521387052,20.788687360812386,0.5808663058235173,574,18.16692709147817,48.4466595387964,-123.57812826797307
238.0872086189539,36.856382628990566,19.875026903363015,0.422899615846534,753,22.44093475844933,47.30846832955162,-117.4589478123614
138.52247403659732,33.44913129227099,16.802671200052625,0.5476782057922296,79,8.202862548385665,48.56263382184737,-121.53864118932256
115.2502795441918,29.064473762467422,15.097351319912283,0.3013227184675531,0,0.0,47.38778089365269,-123.29005420085548
208.67642990035327,33.51311124504632,20.189477846619152,0.6028529683433349,386,3.0934743816614407,48.24064435983881,-120.59889768569572
250.08506086147082,40.97339280504827,22.275153796058813,0.6255044735420371,665,17.675098931474693,46.71869345342059,-122.20256402595645
164.8196360035162,37.12008043932465,18.3456934189649,0.5150506595604182,225,3.8422194297831367,47.999439725153074,-122.00588968626654
119.74389976670373,30.707095777929215,19.963520543143588,0.3927065252078343,1506,10.992984815350752,48.652165867559425,-121.848970245516
242.6585215922372,43.71549218136606,21.72223175558299,0.419974508682061,734,2.310079279772078,47.288491854888825,-118.37881871517135
97.49791002539013,23.156038742245105,11.752299134008302,0.43748080184042787,1324,7.7162878915583,45.723140602249515,-120.22587106327322
211.36361143939803,41.25425068614366,15.276826949423395,0.5282930765082993,322,0.0,46.075190460120794,-121.82084610590798
133.85553267879598,33.95374070484526,17.980038519427307,0.4121691821951608,355,11.451825473490912,45.794578307589624,-119.72766351682357
14.736952831894158,17.780662550667444,10.18076026106583,0.28583946539734745,2020,18.67901280917797,45.98742811038293,-118.98694528043765
148.60701939400857,32.733225873501105,14.716173564715941,0.22771264058849341,362,4.1446841473271645,46.22566179740414,-122.09163199486527
224.1658161395859,39.84220853139801,21.99838276684385,0.6659120512562174,952,15.493144664591282,47.220535147012754,-121.10515628932254
237.92771090584682,41.42327635637548,20.109212149282314,0.4737852569429499,897,18.795464986328053,47.35196651785533,-123.14679734664136
154.20629094483672,30.70267775827622,18.3963538392789,0.36855692563430453,183,5.315770747449685,46.705998988967444,-122.73195455325724
87.90460277711534,22.387467850596053,8.671710355632277,0.3959842651634086,1622,14.895847875975068,47.46168311928334,-119.23217502224512
217.92446676788583,37.79468564832133,23.654242182900454,0.5682730063266991,1085,38.48258269145312,45.32629970244546,-122.72993156613062
233.98599680991492,37.4188194738582,21.82900427586902,0.4828952188240451,1036,8.029866404035566,45.35115294823264,-120.32385631433058
176.5245085028152,33.52054422504821,17.50614770067242,0.36122720200842895,205,1.668531426121044,45.687317841430634,-119.03667616794297
224.7228833826384,37.79132112273227,14.979062024898834,0.6637201667347989,605,12.834544588209376,47.07230999216138,-123.2518615383368
199.05342640950505,37.481532033072284,16.570644546522683,0.3856581553748424,349,10.030943685492135,45.85597871479325,-120.02881446259768
213.18811113408177,36.862279178123636,17.726632167100938,0.6127022331068683,506,10.782561421599256,46.13313761397031,-122.20406051409046
204.26320587659325,37.77216397223599,22.087953941659894,0.575449682516986,962,25.261666917604547,46.601251344691974,-117.25951187333695
84.78429202436706,23.419822729918643,12.032912586518973,0.3557088763563144,33,3.945679218233231,48.247464496041516,-120.61518047296053
223.2266641366717,39.2078340326106,25.880105606999656,0.36992166279580174,460,11.310727972492623,45.05544854365144,-118.3580521515739
146.3388129180682,38.33758182561539,22.78633087095382,0.38997336893191337,146,3.271112588375454,47.59751528094649,-120.14841420490617
261.1849264953366,44.80916707266665,21.644016787563316,0.4866952607533591,733,21.20803590626319,47.675506124162744,-123.69611227001627
225.50331129366273,32.8822180098993,17.278093484577905,0.5871140721832049,619,3.0742689724499543,48.194623121426545,-119.56794037084184
218.355469916872,33.32809809735368,16.37483725924816,0.500023334473673,770,3.951728801348126,48.73101175624125,-117.3401766045534
187.4325164563031,38.01287495481475,24.45038773535398,0.3186603029045749,997,27.409066991660747,45.08055139579716,-119.78871725897568
103.20603762838324,28.282847183843565,16.75682799709097,0.4157882418179943,100,21.34846691605061,45.615134822052866,-118.26567798401247
148.90627553397508,29.33129970392951,16.445783974133693,0.5621196570173953,131,4.627367505919335,48.54468517622397,-117.81055475656115
160.3074487908258,32.514941072978054,19.157258188190678,0.43308271124193,1122,5.931333911902414,46.83407424874806,-122.40344159635747
105.32884007132748,24.58218437396801,14.032191155809693,0.28592662806677616,31,9.349533862922184,47.258362555733854,-122.51568612064241
145.2400945581347,29.32939212145568,12.73352031844919,0.3761353426412272,211,3.704791833671086,47.65210881489259,-119.72313307804306
172.58427066448854,35.80153116883524,18.537044854234225,0.42014761230949815,196,12.79876648050541,47.71626641798255,-121.12280071135307
243.45750329054528,36.50822652567159,15.644830449406339,0.4854989171864676,390,21.429727774306905,48.726961613266035,-118.12097087993295
201.56669983877927,33.65071818902671,16.184488958180086,0.5248508592956582,352,0.9274099469184875,48.98779766964668,-117.69983813621393
74.65100995888601,22.731874786291918,13.985808614199286,0.5479739745950853,1856,3.9027053754742034,47.88062984372376,-121.52605034488097
173.58185199884824,30.68809273563322,18.87827189889689,0.48908712101810764,1230,15.600192193224265,46.148884836820606,-122.34190608717863
266.29356337817427,41.8632581445178,25.85338592723943,0.6012082349507425,619,1.6759735340273871,48.519009609177374,-118.53632139329297
141.9185339810654,30.69445061763802,17.169408035027207,0.291897206603683,223,11.960065868418496,45.196883658163046,-122.07635775116304
209.98127759839738,29.94548882836082,11.619131712567837,0.6255186561534308,1068,10.579596423526226,45.92432341149799,-118.24169977040425
217.90223578728376,40.222000420476434,16.968574095588778,0.33378616923398097,976,8.379610721176938,48.58954286985486,-121.03383222445866
104.92510273000318,24.676975958148848,11.609312074036453,0.44095682281032683,1221,9.423189623672627,46.02476605775742,-119.3271507049597
268.0511939201715,48.5106041019469,30.357903644712525,0.5201189125517972,596,11.387586253039538,45.88260423848699,-123.33125280315733
107.16008818289939,33.738460974764905,16.43083173679512,0.25168022329046014,1444,19.572663461270487,45.55250117256099,-119.63298472726399
78.09926001895121,15.477190301545555,9.053425219768807,0.29504719348099084,1291,23.983816451195125,48.436447030587665,-120.8376262488394
121.1365574476498,26.972090668405926,9.087107674709674,0.47432263664906715,300,17.298433816003882,47.00023303676435,-119.89374075777168
262.8030224777958,39.937261249963555,24.277138974293113,0.47717899758533433,671,17.87879526150625,47.699572812216616,-122.82390054578596
124.9385823407789,26.938573153521794,11.702071073385293,0.42505241972825253,17,1.8543341688295631,45.956265536300116,-118.84188378539072
188.0065403845739,30.943060129975617,13.716340189244939,0.5407258700458535,293,11.883978202558998,48.032161684044866,-117.9604204571974
198.62140426291325,31.937162388350472,14.29114039661235,0.4460834776082794,903,8.13714497388968,48.04002217984839,-122.48282139936457
105.23417123823398,17.876437603602227,12.59467461613821,0.42313684855581163,54,4.356075765154351,46.2503920996332,-123.32999811135886
249.06234123869888,38.04720847466096,20.502970935339064,0.49891643346122316,904,25.412398200873536,46.64273053204113,-123.83452989767565
138.95503817873282,30.822149359410183,15.545296775921624,0.3803457476578367,308,16.44737231619842,45.83876110972081,-119.50619949689714
82.67787211017239,22.915428726777755,14.698766087429897,0.375063724411839,1904,12.200386506072197,48.90624409329162,-119.75034174737854
152.61523907885885,40.3233126453486,14.196148043551752,0.6058324313110648,204,11.364839637398854,47.58241030823365,-120.17311811100151
130.34464397330703,33.133992847590015,13.567040714685158,0.3736163353103158,1387,5.459953006157501,48.738175522862065,-122.37637032718817
53.625020323106185,13.435484038353355,5.2257627498663,0.35334957700635283,60,1.407716194188776,46.21354217451653,-121.2636580286614
251.50659910383916,40.06766850885748,20.502839825354535,0.5065388119897103,832,5.34929656717263,48.12756365198756,-119.8386656536968
155.8075620742972,36.22414711684588,19.21549153918317,0.3970328654862298,0,0.0,48.06343457553897,-120.52263198798582
156.35656748383522,33.81708413545887,18.70376278383577,0.46659567527683765,1110,11.285735537940372,47.76662260746617,-117.08550135849579
251.9529521137806,41.44648095666881,21.64320833784514,0.36334293752415786,714,29.61851885245479,48.8625559010672,-123.04492173210286
158.95328458897208,27.70108984329483,15.343868303105053,0.6064897347194443,156,14.657369594153973,46.57422134442526,-119.13398812166685
213.5673335834602,36.865178293008775,15.906880100940633,0.5278028859366609,903,14.827795396508394,45.522869294359026,-121.16976862326996
266.1260683550027,33.737864327871776,16.845999123793543,0.5403240125104306,884,3.1114563935019435,47.686835436976246,-121.0026026955207
162.40648573176773,36.90103071504133,19.605984256178065,0.40876265906903236,1190,7.6364272087563245,47.91723920190883,-118.97681564039277
70.37329540906025,22.122514334714744,15.510968125062519,0.35085881152321385,29,3.704791833718337,47.30024229383526,-119.15294694072941
243.51426967381255,42.177285074900816,21.283056814126624,0.4867271678745854,533,14.718643963669434,45.82727157253358,-117.06120804408468
116.24809815575055,25.395592729678892,15.841008579597426,0.31930591742079784,224,2.8382280529070827,47.017823766677424,-123.10123997382112
176.2596515684981,29.143885020791895,18.427886733960264,0.4126776434984567,1177,22.269574785888892,46.24875894627652,-123.27123245431083
134.11231231340906,28.176977081637123,15.910382581252792,0.35010933201276295,304,4.560669823529596,46.70986611266676,-118.92962828009881
197.80572349263278,38.21524448673837,23.959373677593774,0.43063135435733374,543,1.616892403671236,47.58087430337866,-119.95129158095514
218.54852620865967,43.30218067001873,20.0270935987611,0.3698497090636949,837,37.011104548702235,47.980858970763336,-122.08087533408136
79.70495422391036,19.532340889929394,4.268854735866517,0.32698127110535474,1443,26.130783230596712,45.928898763605375,-123.4440644170771
239.65853394044154,34.38240343505797,15.298762460154784,0.6189297198231545,404,3.8963261653827908,46.621301442587814,-123.40039225282499
83.4062246550633,23.720704195546663,8.810415851342338,0.3246359824955104,1680,5.329170345643526,46.07664628396652,-117.74066387735117
141.1871007953955,32.904407315025615,17.386974208303045,0.4080987035901115,1249,46.55349771654277,45.794526455447475,-122.6569287269688
233.357130301059,38.9631486630288,23.15452554116292,0.5263244505265341,403,8.660982795011341,48.13354887998335,-121.73639906519135
242.29502006877624,42.1194782267264,22.51000477335467,0.3499700907698571,681,3.9473948660978535,48.63701077774797,-122.41340518441109
107.37516451244787,31.486251528464557,14.8687369286455,0.419010282365704,96,19.973261110227497,46.48092874273831,-121.51502585917643
135.74191206217492,27.449874419404352,12.35845219574834,0.4885208802596297,239,5.334179357302293,48.005115697495064,-123.51403310077734
260.8366445508658,43.53013241167392,26.85152044601686,0.44964295830152873,866,16.61084017475455,48.58798115745765,-120.3665814636421
282.47210093389947,44.61449192847597,21.03546143476057,0.5608334186579096,864,27.157194237774178,48.384496842120924,-123.5267120548545
266.2843366974426,44.17203665374738,22.128758185897087,0.4497413695689339,684,1.6639218493470271,45.7312535541569,-118.39750444524347
89.77251592300019,23.40473352510676,7.485872851827222,0.4106826620696017,0,0.0,48.82516752605345,-122.36401542662696
216.34699417806615,41.257487815688336,22.374891628934805,0.4368492442445904,484,5.349565618993416,46.50670576171785,-120.21991659776843
232.07050386341385,38.6617093638194,22.46946490492334,0.4122314869793647,687,11.360534188573286,46.356962644695344,-117.83944638706978
123.6331500047522,21.681583855478685,12.241171671003702,0.5545688335364541,0,0.0,45.24972530911112,-119.44385841666964
216.73067584136157,38.740644268221786,20.372930176706024,0.4065081128497856,856,26.07468668278468,46.94469461641953,-120.26929549414065
140.64946661894425,30.72762229681881,17.154915944437295,0.36982767240210923,1197,20.543121313354884,45.43605446256372,-121.72966372819238
197.24892826185842,35.422163660739486,18.52693064761778,0.429835528494018,927,2.32517267340935,45.994159283709706,-121.66898660859262
89.55456758664633,21.198211340265736,12.06989156665896,0.4248342906788926,1236,2.783224800150114,46.26777048706913,-119.31359131361268
194.0121632117047,36.357837732506226,18.68275038777409,0.3161667073327601,641,4.504976467927376,48.23530529396674,-117.04102447145183
66.22877808451712,13.899362770882972,1.967602675411169,0.3425369640875942,1574,8.343772427349124,48.501954601583584,-119.36712567105435
265.41668590186833,46.32986442088708,28.698919297858566,0.4135938671191951,693,12.733679767738069,46.20986526984588,-120.09551607840983
98.41759341435889,22.765005722372383,7.454932716111743,0.40496073143584066,7,5.717820409445566,48.434792484978296,-118.88544642832528
207.71737612437977,35.74208346850499,13.450477481711935,0.5278278048914936,426,9.807456020077787,48.42892374947917,-120.74356071401397
110.25664806751507,24.22496106991578,12.132246897564835,0.4156668584532743,1236,31.715713280516184,48.05860380153949,-123.5790036017945
213.91015718606116,32.44458209794478,20.210476587704342,0.5752428964179572,516,8.396435982671571,45.58678045606072,-120.06392228885463
135.70047183393262,29.885500271108665,16.909284679426328,0.43359844085241067,258,2.7802885155287553,47.76129138760292,-117.29662300846233
124.9294895984405,28.0777728360306,14.206860543864112,0.45346400776717766,1315,5.364277962657868,48.780096258322274,-122.77287940349638
295.69898427741003,47.1909727082686,22.36852319843969,0.4855082687399793,850,19.602388406198287,47.73016191506863,-119.16996576425534
106.47569229511713,25.45430209717262,14.288322807162858,0.443360991020057,30,4.460304319255484,46.32646739643133,-122.5934641793866
80.20599830788075,22.016683347744223,13.485862340015363,0.40514909656501236,57,9.54410890568092,47.00231726972333,-120.24920620868843
284.89539904460315,49.80153214301503,26.3286957075493,0.6432291005623062,601,3.8344207106637946,47.58290017340421,-123.32326485247296
227.1250230846705,37.685865263605336,24.227391629881346,0.6233746038912608,806,21.534299209845205,47.04228163491401,-120.8474034461927
204.21106698762793,37.00001891116179,18.597243748336364,0.5076713980240382,350,1.6169084962161018,45.47981176692388,-118.70685669773327
173.3422986354944,31.2387285516423,14.583404999236095,0.3744376571367633,331,0.0,46.24825617860808,-121.56699933032712
246.73156230341556,38.976192161770875,20.21758651948701,0.3668192023424527,551,1.6288408422874132,48.20958412221453,-119.34561792858948
200.61016453840375,35.934171898665284,19.02238717054056,0.450839355865003,59,19.46523617335059,48.44567218438207,-118.4318502744719
177.13457540643506,28.416101367184357,13.219619855874047,0.437347327813211,1032,24.212400161634065,45.54920013086228,-117.50975526364383
90.6875047733517,21.85190834251916,13.738691950293727,0.5220923655281031,0,0.0,48.8095470095949,-122.35750542701183
246.35122323021386,42.067659170241605,13.319409695365579,0.32831269958684867,885,14.900448690052938,46.315290471394434,-121.20478858933484
79.70262303496301,25.00424754141724,16.054988060410963,0.18965217403602233,1982,33.984591715656705,47.64925495492288,-122.93308790668708
237.7301433989243,41.55754251335438,22.542623325764325,0.49278677868561016,832,3.103787512826761,48.007300583826726,-117.05261548489138
102.63385212572689,31.26337582078876,10.503483283062504,0.5279675308896661,86,5.707608525292332,48.24778493855153,-117.51099322452993
170.84139053726156,35.47291738376193,18.87331068474481,0.4280595743563645,236,19.59916572472432,48.78299880890372,-120.22030008803608
227.6615412789405,36.590373469041005,18.877465734817747,0.5738975370053455,384,9.195145327361612,46.25167819211529,-118.10576693936505
81.5524139745676,20.776317290033507,12.297715788971747,0.28932317000000624,0,0.0,48.434025818206216,-120.35329415909571
223.08464223163557,41.73272907171321,21.50914341025018,0.35924345981922634,810,1.8543341688295631,45.52674761374483,-119.63490018398068
304.02721075303236,50.52360394711615,24.662081510509893,0.5224901199599358,749,2.7802885155642585,47.820163625414374,-123.37612897518788
79.16467443695527,25.36147438066115,13.449420954135793,0.2645627919246567,1341,26.754876517430507,47.96791091805594,-118.71310705652235
277.69911056725533,44.754790194691424,21.844602715685234,0.8389631492820431,684,0.0,47.71089296480528,-123.10600561455335
227.47221071138418,44.08539925970349,27.290634024857756,0.4993119100628194,437,1.3580617249564453,46.00925894454061,-118.2175265882323
173.15288836517166,34.887972272282816,22.2361552531663,0.3124064043135588,1016,23.381633186299823,48.49217258806081,-118.5258033863073
237.19548551165434,41.0670297648688,21.835197141328948,0.6036915002978851,443,16.245059689916804,45.67543385348158,-119.03878711579917
142.5027159571781,33.09220881596384,12.794468208022424,0.5494546696811773,1116,22.264717523227247,45.21453916608333,-123.74687733632666
77.55252416765532,21.27387811401159,13.154372905158947,0.30958811034725087,1404,10.731765719811287,47.86985996244765,-121.8781015083827
212.42482352554376,35.85729783488936,15.799950677946619,0.5111459549824361,836,0.0,46.90190286093093,-122.1582120106241
225.8354711977819,33.79282098699802,20.641432665045237,0.5303876268076364,1002,3.704791833671086,48.396392079834705,-121.47904514769937
130.81587846282775,25.312151329238013,15.451662549228159,0.44118089041146624,184,8.330742117859492,46.533588564233035,-123.38650077265314
225.71756941128746,39.360119972491816,20.773191103146356,0.4222644686921661,1023,10.914371190664225,45.67311435403085,-117.44129523878256
120.01688396236737,26.134723913479068,12.28529391203815,0.4225322175688642,177,3.851105368797777,48.34576876987948,-120.12338431501337
267.6010526882776,48.16872623073957,24.20022478599661,0.5897545399631968,595,0.0,47.19563852656029,-121.86132982539384
150.33696028440292,27.538491087471968,16.752577359168082,0.46904332793812875,61,2.3217286229335894,45.756783169561416,-121.22112938048002
241.3568335303398,32.24996810450805,16.849600324465282,0.6700810673489559,545,4.587996166658323,47.88153599434578,-120.86958221646616
120.48703100511744,22.210704343282817,9.97538263567089,0.34251688706742595,1191,11.106952161564108,47.044454553958005,-119.79583966647567
245.05361661201732,37.77429816632499,17.574248362825834,0.34905556393616566,605,30.6695617067732,47.41725192896128,-120.39024400612452
211.2149106580914,33.667394782152314,20.723087207477576,0.573774300523998,316,12.15614255879044,46.843593352826325,-117.56425618749908
277.44066272924584,40.824114706460556,21.61062301451037,0.42079356140770485,662,11.05092005627109,48.31483593527203,-120.52125561965919
250.35029766178138,41.299890087029716,17.163693063788006,0.5751005250890635,700,3.3204380972303182,48.3182508627322,-117.0548938962368
116.17707364354882,25.210453539959328,12.23712347498355,0.33389905595629205,1151,0.9274099368611016,47.83755528729755,-118.04002529578433
248.01530678309987,38.777877872477966,20.63049283170952,0.47774220564925846,487,0.9274099368611016,45.42160550958585,-122.54042639949864
297.66350196514134,44.601903934747206,24.89943397508025,0.36527301388315603,766,12.554113771861568,48.355415447616274,-117.48583349749259
121.47665068964065,25.5235423814841,16.40788478276889,0.5944389448209446,1978,9.823261245209629,47.68405192213164,-123.18543521480167
239.65810993272518,42.12343112067623,21.38886213284109,0.30848338377479667,482,14.189889874282494,47.788096664017196,-118.27785204056165
109.30925183449715,25.514920906006754,17.020340374603784,0.40736251621364755,55,1.8543341688295631,46.451931361615486,-121.33563694566394
236.95148267811012,38.62640613326559,21.909916919587772,0.37399356519319227,769,15.486717557427992,48.51711822462803,-117.85417975688452
206.4287031358277,38.34628333109914,22.46387430944345,0.5099763347335757,948,9.486370417111727,47.90148640093943,-117.92360316924785
163.43255142643437,29.03955835671445,16.38379997682353,0.5043432306056613,1003,10.894471786532204,45.45036186611678,-118.35852219917665
311.9116779618194,43.05868092449937,19.336945230787588,0.44962449208970506,745,3.920264951724525,46.63111213762465,-118.46978694585057
162.88722006921176,28.433650611341474,16.01812429162163,0.502531165857226,1138,30.57393756531439,48.545521447840564,-121.86724602631371
309.2064189317617,43.24016373774843,20.77050694741635,0.6417379919495338,822,1.8543341688295631,45.188786806789516,-123.43356501864123
181.00620630315996,31.72940919088149,22.277356088969313,0.41181397173675643,1074,27.23900208647957,48.8456664785682,-121.17913874864387
188.63961083145043,34.46539915341593,18.080450777746798,0.5336132899673878,483,16.54377792861279,47.71665027327825,-122.78532839509444
288.8109508878724,39.527611807594106,18.60534419869875,0.5775661460532289,861,20.314712067569516,47.525503910573505,-119.13534237768278
130.9502805110231,24.09255171763513,15.429410483461922,0.5866368783760336,223,0.0,46.08223702595197,-121.5773019142355
239.62009118551458,45.38263795200638,23.128946991325854,0.4916162784727576,816,6.563980243699071,45.99516715495671,-117.1707285939806
121.52491263205096,34.756493777208846,14.623060913593616,0.4696439069690913,1961,34.09482069875218,48.76823287795438,-119.51319545858267
190.5824707415307,40.51429113822354,23.385653017805208,0.5786966124793637,229,13.709965160625238,46.19308981693649,-118.24263605455947
200.53600371783372,36.546348522981965,18.4339029081055,0.5908474634569172,588,16.158884480507577,48.102021186875994,-123.07232729080707
136.33640932008953,21.761606726014037,10.91496980914989,0.3739357936163051,161,1.6566448062126446,46.57248719282832,-117.96589862409164
141.64782051846538,32.70049168472472,11.040561498761996,0.49717030059415496,280,1.3411395118400309,45.557016283138815,-117.54069966640624
270.27522026276864,41.885330511946464,20.555241716983364,0.5673618095588253,767,13.210656766447421,45.04286119078144,-120.59056656826745
292.2855637803879,42.06639171402521,20.079342518191037,0.5203444209532759,563,1.3631805954469307,47.177029348061005,-119.75622943574317
244.40347389735692,41.87345602764865,22.087599705754943,0.6297445315161635,639,2.8273193887865924,48.90311527419573,-118.64633139367903
178.10644097015663,35.67947301569797,18.782003708447363,0.5254602693527343,1221,13.435648227975243,46.47654477523682,-122.77612960917712
99.4308896782981,29.38877105762707,10.63064835411316,0.3440391860199491,1300,22.363117802228807,46.42876933597218,-120.4820374647559
162.93005658197194,39.329068489779374,24.527011605492795,0.5589956891284319,22,2.7802885155642585,46.376366471397766,-121.20935880559381
100.18929562296086,25.182878842679525,9.111064530058018,0.36268448832281125,91,3.887274723962092,47.08217534921943,-122.97538205486426
229.84416790837332,36.60006082307693,17.106016155290614,0.45700113541406373,535,15.801835202734758,46.762659533697175,-121.42725904395928
261.17312911567035,42.048728998263,15.712664487155795,0.631060901362669,794,7.787773567442039,48.51965850690806,-123.52279383430154
176.53117179288444,28.9095525372754,12.88246505484326,0.5948796784662855,420,16.46147863388215,47.022083166893964,-123.81931665135359
277.9872842201086,41.3009807768678,18.624517910464164,0.526076773084625,525,17.0186474817222,47.031031352754276,-123.05383597591624
232.3188718698011,35.30903080932559,19.14597589103869,0.5032875999970136,736,1.6639280319213867,45.553486378882226,-117.25819421887579
224.82288777531136,41.64529854431318,20.546650000330605,0.5562477672929804,413,24.998174622548902,48.93095816364154,-120.15329324873488
222.76245272922444,42.63387189747499,23.320506114039215,0.47040469367232735,616,27.781052068871922,45.999891563475316,-117.23924487192745
217.216688217504,36.78046326212403,17.83745644089274,0.5143556888933538,970,19.791031917476953,45.29345626983841,-120.97251485168907
259.28740764601747,42.936436492970564,21.67076792527193,0.6465081575743592,675,37.3284004853397,47.65258499590084,-121.81728706840319
226.79786497597144,39.90343677389316,22.80886424211312,0.4876281670341592,513,19.767528421045736,47.38146548062749,-120.45700696011829
158.97958230340427,34.338790035901965,15.016870974163561,0.5419010401397144,1198,9.279610631048106,46.66058261597098,-120.92341817956962
58.8787464070123,17.768430017041855,10.845225278130679,0.34607088821167087,1605,13.865829502659944,46.68876893552271,-123.2603472101678
271.921685156776,45.958064618881544,24.329577168792436,0.4529339743383903,502,10.850906963828761,48.140255684185725,-119.51421579716856
144.32748411394255,27.97387591936411,15.039610439542841,0.5510036500918395,173,9.286516050691581,45.78285056039859,-122.48773272243281
78.29916637554534,24.54527651980549,14.3094026554078,0.4531267621798908,207,6.561083688582355,48.28101327577956,-119.66288431571519
156.64847820206134,35.56807792655177,14.333342861825505,0.5073684363832461,8,8.715421285320982,47.59498845558007,-119.44859235321293
262.0433144965179,41.317639183996505,23.02641916322508,0.4383931998996575,815,1.3202231378602833,46.6758790951181,-122.93582602809947
289.56460447966145,44.93765938639909,24.31424136941963,0.5255668720661051,815,16.426667219642816,46.832114466335476,-123.57055261022532
252.18110050348002,40.99828876977716,18.214321195608758,0.5551495271365771,769,5.552193671131769,46.02658882874438,-118.53466889752092
48.78913260714801,18.399965465225687,9.293752322219778,0.15,0,0.0,48.0084573307879,-120.78139703361475
247.5706641220695,42.671836696014125,22.398935229819863,0.5949169514404883,648,17.457006420585255,47.05149896922107,-123.59285343146166
189.81247890101784,35.87214179714715,15.89507779259516,0.40541615377798346,949,24.43738021751201,46.283418170999376,-117.03593577981162
166.13758717205454,31.600358303938503,16.81340043402482,0.46069193253014623,1126,17.444918420937483,47.384200463043804,-123.59553607302543
76.58904148062254,23.500367246003368,10.798988586264366,0.2902751860392189,1571,38.805028017105776,48.98293780820529,-119.13475339799012
120.01888574526566,28.340590695952333,14.168948950392329,0.41790601487755846,1341,4.100831272751136,46.741049118626215,-117.11424752315611
50.2556909182464,24.88057888981148,11.109108865692976,0.3131225353163868,1495,19.645321413441327,48.682765603114476,-122.32573927048853
258.1413248216816,37.36851972071891,23.186904230708944,0.34127667881911217,767,2.2743250771693972,46.380067359698266,-123.00425441918962
247.3041941616411,47.09510371178605,22.826150251310914,0.5769229736177941,741,4.253106597103682,45.21893082769994,-123.150305424043
169.11516657883746,34.18780421580128,19.1141881590469,0.5958671834035487,1174,38.98631141698497,45.81696842547372,-121.87707396702683
205.03731933499216,39.31718948522542,22.480002638601523,0.5148739720142503,565,16.962085027256943,46.674780573310734,-123.29267932292548
134.7992987467729,26.477526732630995,14.297554302393904,0.44254787399303797,197,5.7045811741827475,45.87853971437828,-119.15487060814108
178.25683261186066,32.32497436608815,19.525285852079595,0.43885438123386256,1237,26.52830529311702,45.00090815287302,-123.56395741308957
154.26583799447644,32.27917480561735,13.745861020766114,0.47605803456333434,329,4.1493135619101045,48.66000615099011,-120.43404510295147
266.50996276872985,41.875311695385165,14.045202776054982,0.46525246358329453,831,28.9163654921356,48.37551764492372,-117.02312202302916
263.133342168552,36.68767910076426,18.238971575691075,0.5245316243619743,914,3.319744568146756,47.96916892594779,-118.30220811345787
237.1808943253894,39.723447989091596,23.600288956731305,0.6060075370681444,883,10.304161777669794,45.671258382584114,-119.69346393238293
281.5095307664831,43.1324380656103,22.0581833759145,0.4867809507993401,633,9.184744515051557,45.48145430483994,-121.85622465449372
139.24950517816663,27.585069158448402,15.136939923119566,0.40945462546069306,50,6.242651543936637,45.270418997889536,-119.63272914595854
144.59840351359296,33.45488574752788,16.008504919120227,0.448915441194084,0,0.0,47.89611675509168,-120.31070975261844
121.23351995481393,31.163007877399558,15.34940674158018,0.4201961359122618,136,6.135872250773294,48.71523184275154,-121.0174163127674
200.96101866574642,33.24620146760779,17.964848762134245,0.6224195621611303,1006,9.422263160234376,46.722143283652144,-123.08502736281861
277.44379073441814,41.48975181870384,17.039821278571488,0.5960250549899647,639,10.243493270396996,45.47656268798419,-117.79377049331673
193.7871304258161,33.42524502688501,20.27421094270738,0.6181069417769938,423,29.188291696635137,47.049571282928426,-120.85150745825074
81.43510556423182,21.961497908895584,11.779482478390667,0.4147073128305546,1989,26.19923742302532,46.39532762983452,-122.63764241725464
242.21849333679535,43.47144694004251,25.874068060830787,0.37585459354393,679,2.7500636795138034,46.49929969739999,-121.42568454385898
156.82610178261598,32.86245907842359,17.9626748709534,0.5047960708392557,968,24.198723689023844,47.48532249662283,-121.1010917322975
229.39557585300662,38.18925644942327,21.423972601647854,0.43544782559857503,453,11.784945622708454,47.87487245304881,-118.20723473103187
236.22772045167062,37.58596925951337,22.679620732552067,0.5156793051660659,361,1.6166779110514495,45.44241439549264,-118.86469933607019
74.65283030081727,25.66015346602988,14.290075032739516,0.17336169658972156,1677,4.627367505919335,45.14236092322591,-118.61486574451062
116.54544321097114,30.833271194331246,18.69757453345611,0.4239633628967162,57,3.9591834908086567,48.97732121074286,-123.92278114899948
99.693886713586,25.68625437182741,14.47346320111905,0.5153477289954171,37,1.6110759615897297,45.93091339566221,-121.08692201274167
176.37530356395453,29.292030294635435,14.709571256138299,0.4212023580964831,1035,12.82763671875,45.21532209963384,-120.63059093855273
86.88863217781785,25.581299800026123,15.343489888546472,0.385646719163356,1693,6.83015602088477,45.75950131638368,-123.8656540622386
162.8908071024531,32.52851655381998,17.957025381435166,0.5307652629376708,1240,15.825005671026,45.15583138539386,-122.18130753878476
270.73753426043163,38.663514523777586,19.287774924945804,0.4719733193178357,433,10.76783566055391,46.567243578468684,-118.67797123814506
181.8925811386465,39.072625206182735,21.026112768640104,0.2897790408292884,254,7.960600348780459,48.2096071378053,-123.04023205989701
74.48667578537427,22.194511706449276,14.501754968012975,0.36602055381826165,1454,5.281564746411412,46.36497779903088,-120.25282907983186
223.80049381394394,33.570158403064106,20.71815452592353,0.4385793075547115,673,2.3054600632218416,46.776733627513465,-122.49358689587933
286.4199595659238,42.26788186927965,24.058470473642412,0.49122035550828563,794,7.842971571061404,47.702347094269754,-123.91515457749274
152.5565455889585,30.298135362799933,17.529910013800027,0.4959777551854437,1206,9.574657601949625,47.03557628027952,-122.3115897968032
200.07986977817322,34.15084112783164,17.30949960504288,0.5632409784338057,967,13.895760743222468,48.4457827440853,-117.16888371562962
80.54811016569906,23.403999113139744,23.445256863565323,0.3429843621033589,11,3.940533258311828,48.464142700183025,-118.38924021681908
187.79037703666796,38.42891515456527,19.223262279604118,0.5896731809848675,408,1.854334168853263,45.039642781964616,-117.28296348975276
282.9248061868822,41.638028116048055,23.177888293269728,0.503986315811456,806,2.720155197254071,48.1121852259328,-120.58502169251547
112.31037353154863,32.80726153135139,19.91749700650672,0.42477079207521273,48,1.3218730813742523,46.8429344009667,-123.23184660925747
167.54287580843646,33.480331967720026,15.943780290401058,0.3236125949222527,390,12.756895853974763,48.95536216521465,-120.16428357718415
168.03277415415275,38.961937939876265,16.314359038279935,0.486840283059643,200,15.01746519781332,46.93292830350174,-120.81935865808028
267.59063778142746,43.526155623754235,19.506606593791656,0.264925251366121,685,2.748474613746481,48.94758378155319,-118.08950042082269
181.7593038006277,37.7468946654842,14.833945730876472,0.48021736352012806,346,15.726697746120315,48.01827744482295,-123.31342193451029
216.53000893095407,42.70091802923258,21.014980858202918,0.3979010591471429,1014,6.5998707985850675,45.99441953845322,-120.58231204084755
179.72973373650814,31.874277087821437,15.712801578565177,0.6570821874577335,383,11.887364890518414,47.15357991714783,-122.94965934714212
149.6732315848046,34.37169979281094,22.40792977905154,0.44604767290074443,1286,1.8543341688295631,48.96854255791433,-121.72726851176958
188.15797384627507,31.91295600729987,13.047045344528541,0.5518923909078333,463,7.843801909986304,48.430122431007696,-118.83850045828541
205.9923445940968,36.46865854435035,16.0645239024724,0.40970601863897055,919,28.20005603856073,45.389467575164886,-120.66787309441864
205.92759120902878,37.019404015651965,18.152775364601517,0.5994933004584936,530,23.637526770897708,47.82548798723998,-121.36878200397962
228.38527747476024,41.68032530834221,17.614798047174126,0.46496170790800817,523,27.853135672062376,46.38231834348325,-121.23866605000975
99.36261174622463,17.852394473056012,11.638903418335428,0.23674947291303958,78,0.0,45.02792904752139,-120.7838726211581
245.56584298804643,40.79087240573877,25.699611836046095,0.4940699248338134,613,3.950937690501224,46.613923876108,-118.5048841931406
105.47371156019592,24.691307716488815,11.233019594143146,0.4779235576765813,0,0.0,45.93901768689989,-117.75540717741836
269.9564606096161,36.341642764809905,16.72417388257734,0.3625025928228249,626,31.221606617736782,48.275477082081885,-117.31265719447251
119.90465612291891,20.65519757287627,13.68697655816176,0.3972429407831852,67,3.934599222788462,46.34932243538306,-118.49167629621293
202.11922470226267,35.248911943994514,19.137908927481806,0.46732856862502126,368,3.107113227189492,48.310094775815266,-121.79215172976392
239.91878104617527,34.41928619430357,14.036266482813332,0.4248806585289805,381,1.650758720466045,45.00239175533918,-119.18305705739421
252.07212629921125,41.72679230217333,20.51441945238703,0.6111088064582826,742,38.80314665502496,46.23127660010448,-120.93677813161226
214.2670754565097,33.612123262032256,20.802397924664202,0.35311820653388376,585,5.512009209961926,45.964660857231046,-122.21730564567764
224.5116724002796,36.79527959390852,16.07093352053083,0.5224432931578864,384,9.638588367620622,45.93426944427444,-118.11389894401854
300.6496167556059,41.9112903268336,19.000831694102974,0.7483367692649141,786,1.8543341688295631,45.27274647906185,-123.73101555726373
220.02366821772506,38.75765260815013,22.182748609516402,0.6040489703081691,433,2.3007663739370097,45.74849708164201,-117.68766605505203
279.1973256445056,44.117415341147876,27.387069777100272,0.4763880074081914,750,16.898109202572844,47.22219827954248,-120.76965774762687
100.59016063581242,16.747750366957945,6.400186094159292,0.318274983333166,1329,17.179545434474406,46.16544429135098,-119.53958966234204
191.8269414470407,27.799676990394673,12.593017766353032,0.5852010469081512,1060,2.2750200880324405,46.66957912931659,-119.38452254455952
261.02059749074056,44.11543609978299,24.052090801447576,0.3413957021385785,847,12.195035688987216,46.507467521388755,-117.73417581505424
144.5678682534091,26.233348759058046,16.168496142926987,0.5266018218398031,156,6.862036004718243,48.503619699999575,-119.54331222482955
92.29070025118702,24.454878664991913,13.43248866000424,0.3684394727839691,1397,11.44695925987298,48.62119599604206,-119.70246490667957
274.6407857935645,43.57576306657981,17.85827768654513,0.3230804204334306,898,37.35689820237294,46.97182788662344,-123.53343571607518
167.0049592253925,33.12937798986246,19.27834001087423,0.49281783824720826,259,25.042007374566868,46.320623801262414,-120.37114384638357
248.92685780934946,40.593799228627894,23.30122527818379,0.4624156740375559,470,3.2271272440677925,45.427202816009455,-122.9488169942807
96.99340750936824,25.07006249358364,11.374404206966776,0.41772270964616137,1604,6.2484717349028145,48.81361151752838,-118.8379636189496
149.3661409156079,26.36563265143473,16.430017116555792,0.5712568245854702,1277,2.7829846967997565,45.24090777960119,-120.41444655431128
266.4308987752612,42.216302390497034,22.11459759597561,0.41601542437764794,543,28.499415708392867,46.19060111027312,-119.23840554554153
244.5210681902221,41.546585965759384,24.363727937441336,0.6041724718891618,820,1.3184565845813792,46.192264804680015,-123.70828969578331
148.14719988069268,33.05853191060062,17.357959958222814,0.46019157689110685,1278,24.613658905029297,46.28160514456086,-123.40645588767937
185.5861761408776,36.897747103131,25.0672598243918,0.39172152279486083,141,3.9056972850902,45.657147373089636,-118.98573628356122
242.40817837197602,39.24457975368399,15.599694142135121,0.3590626603203584,357,0.0,48.132645723694786,-123.49540964800929
278.00924011051814,43.28039690669652,21.426252486724533,0.5184253752684534,739,3.096944938260027,45.48999144786396,-123.50120290564318
299.52210003778634,44.70202195222486,26.72899272515925,0.5907389331472462,761,21.379975975011323,47.53962663661265,-123.91524067335578
127.66363440880298,25.223656718800157,15.659463264354304,0.5349557470401121,251,1.6675131049550111,45.495384106823266,-117.30449021190364
271.4123371856268,42.60922317580642,22.59506784034397,0.45663953942507773,895,3.9372995543828786,45.28214255037182,-118.83744148378695
162.5236805024431,32.77645296127198,24.229721951007992,0.4606897564352016,252,2.8234749299621043,48.637718014743506,-121.52724014048555
74.00793702230243,18.887025228266932,8.601446392236392,0.3958529439638498,1320,0.0,45.760515065274824,-121.92425093098642
133.87978643298894,28.985874741576602,17.333984357840528,0.33778478503072557,133,0.0,48.28500061823882,-121.55207739177905
197.50169748826852,39.84563206300985,23.478737548554278,0.4958469565973467,294,2.698954469021218,47.178523484428545,-118.57742528173172
234.83379625273986,37.24610379981256,21.71962896855194,0.5845913901969452,595,4.810941725646973,45.311426078435076,-119.3704057225071
169.6580711691728,41.04382464717377,15.233035668872137,0.4475719201260053,1307,27.647947348472467,48.82179276575227,-122.70363102492773
139.08520772235588,29.739118629854826,17.38068636399676,0.5596110018330164,0,0.0,45.98784466796757,-122.78123465266141
73.47666914903402,22.35537403580873,16.133823870081745,0.46460753152958906,0,0.0,48.43858138141043,-123.31123045200621
230.80899525958935,42.4052251313987,17.59591625014262,0.48539358454530473,1000,18.290453832989055,45.67524002313826,-119.37788096209063
128.37493383616885,28.99291859981438,18.878495374861444,0.40203557366618714,114,9.566446661799334,48.41577152856741,-118.64939136444785
223.64113243902733,36.083199098593404,19.426150957371167,0.38436910414399195,517,8.057725884385164,45.05291525162117,-122.14467500172498
145.0840198467612,29.32668907766649,16.538502587122675,0.3854176854325443,1175,24.342962331879914,47.04712182627792,-123.85338527278361
144.10894395345355,32.18835204842475,13.596968066582317,0.5076019073792674,1167,17.9870063639365,48.07777031768623,-123.424798327665
229.5925044368865,40.46018007489148,22.93716976740508,0.4412009702560158,699,2.8901715293161114,48.739182069971136,-117.22497975608479
248.60769667157143,30.868444713664413,16.00079514327452,0.5298281929078611,716,8.415917069694128,48.636808544825946,-121.93188655765806
124.26963636670713,33.23313851501597,21.114814343839775,0.4316441183350554,11,4.512386818425402,48.27849947819058,-118.61543796513307
190.04117868610075,33.954015160363085,15.244776664708489,0.5783509371327178,230,1.6264036155267232,48.552765398645214,-119.62735501802015
119.83523253710393,24.483828139524135,12.780197674071267,0.3582139075681524,1697,27.32637874146688,45.79687874334831,-121.32642252242972
118.40169259695115,28.575790713338442,17.906754965062667,0.47312764000788743,146,9.143577294292614,46.136737182846915,-122.56018916463111
215.276953758538,34.86907566204464,17.605584404538792,0.4606014490999888,443,40.02820238633953,46.15587409968423,-123.15029507288415
87.13901076348859,23.862187517272996,9.621553701464926,0.28943699352538055,1378,19.90097359488186,46.508215724006796,-119.69490922372793
270.45454437263516,38.93320121047451,21.862521239423693,0.37424677079032354,551,0.0,46.57328268154075,-118.57756353553549
64.43584932790385,18.505350785013,11.372766644740723,0.39298739757471,2,17.98727104338028,47.1782212986187,-119.49267022521208
199.79312706396013,35.947864631577026,19.024251766988073,0.3204561617354547,502,4.466570525198563,45.63951905346577,-120.28788506725589
171.90633270677046,36.38961138940401,20.375071774361455,0.36154892176175046,342,4.627367505978261,47.76498665514396,-123.70634143597854
266.22852555859976,44.06459581933731,22.9367729104759,0.38972589193539975,691,1.6137374225065568,45.67026615721802,-117.22057855683931
246.84375047332085,39.21591962945843,16.44486678195734,0.5766943137469106,785,4.161679779222122,46.24123392841819,-118.40900065841798
231.9705713621982,31.655466752487342,13.938040839555347,0.3924119530627582,909,22.239334106445312,47.01338052242462,-121.95024574309325
133.2256698086286,25.6784593837205,15.170733688782274,0.4602696658338372,1257,33.72140638706441,48.18576224609391,-117.14020769448804
128.07086164498787,29.277544776098683,12.752933874110504,0.3872354485246338,98,7.694854477394703,47.95787693295491,-119.78682887254574
87.87291866652126,24.892934633075406,15.445874839282556,0.3933464761741544,53,2.273001194000244,47.58213742564209,-119.92304139254928
115.82115253549722,22.541008991184324,12.305360916687686,0.37905327178262094,108,1.3658145117513052,45.62309304232068,-118.76348774399328
119.79482416008092,27.187797919075255,15.357793227774152,0.4518222365536031,0,0.0,47.18818138246231,-118.31761148336903
174.1053776220657,32.34498285899598,15.193229843607975,0.5091755224492361,274,4.8299194686327205,45.34978600719954,-119.40464974867947
163.88581282594808,37.285250375194266,22.19037096530714,0.3377629609388428,162,4.126543639219783,46.509452707186604,-123.1033297754366
205.123889502302,40.83003755574161,23.035802338048168,0.5950862622635299,463,1.6549994104089163,46.654066121159836,-121.63212745803851
277.87978107982866,44.05371664079317,18.6479165253518,0.5857098687758634,782,4.613911984796713,45.15924575778301,-117.50341451771766
123.6142230265637,20.32681353594061,9.837179093282327,0.558686753328286,1602,32.605788143360535,46.095952397879884,-122.42769071709304
253.6001273979248,40.036216667445366,18.028773563395887,0.6135996484377984,637,4.130053588965284,48.82259786906596,-121.3948308331374
196.61223286895023,34.19442504301494,14.730880742543768,0.43897579618601956,349,13.823682645402736,48.81453043131876,-120.97546181939063
264.3641261793548,41.80045103187329,22.110459362165116,0.678722702975117,742,7.1302357235189895,46.40930821701016,-120.92416507213883
216.55380031909178,32.557953726636754,20.357062344988908,0.5165718858237228,1008,9.946684925501701,45.17240043579329,-119.70942292253832
268.4917678634583,46.05449781779634,19.148228449149887,0.43780687575887534,659,16.682510375976562,45.71637975731272,-117.39846913578705
291.12347482872843,48.93174075877874,26.858613811267904,0.6962317925481295,611,2.3038849068478044,46.56887117373416,-122.31515101717247
229.61508840676095,38.01977606123689,21.214544411841107,0.4538539714090906,438,8.393591720693342,48.79111879187692,-123.14949036589357
251.2262743065748,39.72002503890963,23.009412244257344,0.2912558335287505,915,6.233394294122077,45.56479625414874,-122.61770657098045
102.02582667274798,22.86702280511922,10.951221073572034,0.5784564397538628,1502,20.430909432994444,48.05406337467285,-117.79152569853511
193.57803334331544,35.341462788092805,19.739137364097388,0.45106779068726843,448,3.081202129215084,45.43473015749877,-119.47932431141356
246.15608172131866,42.29175193444819,21.219959972096312,0.4196641967430449,508,3.338492048221492,48.92503030956511,-121.99865247532588
134.5214841623129,33.96569015542296,20.12828450800849,0.4192348031497201,177,3.082894737018979,46.52646599643654,-118.28837142721967
123.89000468335898,27.40701879627566,14.642802747358848,0.46179040792012727,175,5.619358301414133,48.100938155596225,-117.97041002545595
236.90496179474272,39.43361125592237,23.891564794999788,0.5756244091679156,668,1.8543341688295631,46.37036433124453,-118.07439962916806
246.64861934789732,45.15081203162142,24.33423681826157,0.6338130910275512,829,19.817647559596058,47.51067550863524,-117.56751426452311
244.8018778203131,35.986029644709205,18.82620622020665,0.5664290393150214,696,2.304928111860081,45.768064338960144,-122.23431285878647
309.9551234658459,48.07466852136036,21.300625027203505,0.5317919422583759,738,6.893121279673508,45.58408407718785,-118.71470649877605
210.00242206454658,40.50216221836511,19.047089620786853,0.4339350570596605,1116,23.721522030485705,48.75225655827253,-120.77622351908101
249.8330922251935,42.785549826326815,19.303727928586575,0.4342801210696498,630,13.804062455684775,48.67058911161774,-118.10601012976957
233.93552932394186,37.00156851975445,18.833326903805883,0.5348106801856289,436,12.162561876668974,48.54987576085153,-118.90056525986871
274.59654632540696,44.51673325027329,26.27821390494943,0.48061295290142264,844,5.704724875078254,47.50173380066637,-118.56486787450193
91.66673447682419,24.883776286789452,13.038591880059087,0.37083210840761305,1478,35.875195510477425,48.23307284486511,-119.4068671362325
279.83671553826576,48.799976374530274,22.611285509716872,0.5646545791093505,501,3.2766417963597942,45.2761477476455,-122.75799861371205
254.95130724217407,40.29816297442964,19.76965977910661,0.445713044399018,906,2.956218161088537,46.33915616756272,-120.18481156772143
256.2510121469216,43.33123876454753,25.56453393894718,0.5954728796655508,659,1.854334168853263,46.254812499028624,-117.10731182332844
211.62203619532966,33.255724786222274,14.886631599170785,0.4385588288795763,769,3.2587454852683377,47.54258128781045,-117.43828353452017
90.2891282324016,23.5139593626133,12.901588943226837,0.3339292877252048,57,1.4086911185599453,46.42383109388256,-123.69778384942092
267.75935379342087,41.75545328135776,20.542903455423698,0.44276975446179456,717,3.099741904199666,45.59402712657472,-122.84629628989394
109.87404417070337,23.286977602130815,16.13022027532135,0.37708642925473007,91,12.96359985577336,47.38586830165418,-123.07789858581806
257.8976945502229,39.9859628662843,22.699308843225005,0.39144470865113173,747,7.189454946868268,48.25753568267633,-118.91814063010293
120.5875461792523,33.5153250294328,20.421547100371065,0.5783068036274013,177,3.2465553509790332,46.528493977839894,-118.27550269100138
259.65836503733846,42.993105371412256,18.31725566350266,0.3439744374220738,796,6.197864427708154,45.529074860393926,-122.5054204358253
141.26509618030613,29.851673175001743,15.751648940362076,0.4110418802959586,224,14.327310543306213,45.786752789251295,-120.45903114933719
66.53686889649433,15.22729643079262,6.109491578349109,0.47365214837342856,0,0.0,45.949933220677536,-118.1150788039216
98.11541412138419,21.995838143142816,10.977710896023249,0.5067373387923292,9,2.7802885155642585,46.19959037197815,-118.87038918663625
245.13575699980822,41.20142103853536,22.554111781665437,0.5463519980697711,672,7.826252991346228,47.57118028202524,-120.20433956155706
175.09886476920332,34.17745089844468,10.766178858296735,0.4445889303709918,972,34.79919705132764,47.40378193815088,-119.86756616678859
292.0857792745813,48.633501243407,27.015475992527374,0.4675664554923924,630,2.308142476519955,47.78431944626816,-120.44147617158605
189.2976660121735,34.99528211237653,16.173260396659717,0.38513457778848076,353,2.7233285107018896,46.45000793812605,-121.91716084076826
110.12723561341497,24.91153024067383,13.280621155084726,0.22238677941722557,78,5.732026083009489,48.29599060751991,-120.04484604998689
175.97152204954557,33.42219147394695,18.315082746194793,0.41214713785573825,240,3.2749498476787244,45.81635064462304,-119.17780288564937
133.27870940967202,28.777173398298856,8.709366008245421,0.40741000824033313,157,3.704791833671086,46.876162990072615,-117.88673958897435
122.74070311313416,26.86381988330589,13.783131439667226,0.5068866003183854,1413,8.08484389162482,48.20375488616572,-119.54596052214526
75.85299235011317,21.089592934312073,8.579018846018844,0.2500987029477551,48,15.485409297166033,45.72063459093048,-118.67214924069789
81.48442087054731,23.627929268651673,11.407655616481232,0.49428541854139485,1386,34.112764649567275,45.43945245496313,-122.879498555318
227.81212131586622,43.18500875168604,26.653891567191046,0.4760294413213522,429,0.0,48.53473587075196,-120.76909767906147
227.26141328212537,37.141911570805,15.134713298446197,0.499220253556845,349,3.0910675551125966,46.37171865103679,-123.93467866121034
260.74380827093046,36.67762429511778,17.06540473905156,0.5256733452929221,697,15.474332261527838,47.735480499636125,-122.27324794834864
188.58732946832455,36.99340872436118,15.748055799554773,0.5723488054097767,327,11.389327388478081,45.10139441705575,-118.91476799420897
84.76841816095413,27.313333806655276,14.05644004109014,0.4269626992653147,0,0.0,47.7601875536378,-117.05733034055446
114.22392166050662,25.663580434943448,17.203935025631743,0.31010963306858313,1340,34.09485940193412,46.264405246187884,-123.30575330288949
187.25497322547358,37.07959256531736,25.0871047811008,0.5809264673699925,398,9.288360591846928,45.22296341434976,-121.18953978897098
203.97748330930233,33.85437410930571,18.79463751096826,0.4665897737968725,408,20.622808765467294,47.43925104619247,-118.39950321910588
277.7692333680371,43.28271164458689,18.80150026501534,0.5764451963233519,720,3.1069559328365304,45.96321526429269,-122.57175055759771
207.86602530921752,35.22300435568617,18.69614625673948,0.4026539437215642,645,1.340793304043433,46.54722896820752,-120.114405354884
230.72917435673128,37.77777815938508,20.37657770316455,0.5589024550072337,931,21.591672456870587,45.32232324914605,-118.86850092779227
196.0930603932795,33.46646280201865,20.31948882800562,0.41054621033988736,436,10.802998605646371,45.58865300437978,-119.68810184817875
105.46693456664451,23.33508117460296,12.825741981989065,0.3114418178095154,95,1.8543341688295631,46.19190894198338,-122.68382685769208
184.25117801185104,33.08349424366776,18.75968057674976,0.3502857230536065,235,1.6588302138733677,45.35903800224063,-121.51230801919982
202.2853787455795,36.85979319653945,16.602281848368136,0.4367463726150133,365,23.039707640020346,48.64330505874526,-118.51345750860222
244.91959710364404,40.561166603603866,20.21433958894416,0.5329553812887684,455,27.70446709918401,45.02418817273591,-120.12041440107589
173.54443050888523,36.604640592946765,18.62847880666709,0.44010057050749957,441,6.976528619806761,46.935440875457246,-123.96339270519961
148.66917040728146,30.009837210791986,16.355120267750387,0.5334949574770373,1154,31.054075714335365,45.492989832530206,-118.67306467980335
236.7169425166723,36.08536929598849,17.645761341467892,0.6743304779760468,569,5.357155625320656,46.230716357911795,-123.75282051541832
130.16485706547792,27.221073014385166,12.021982036702012,0.44368992399102464,195,2.7802885155287553,48.70423823927306,-118.77986352088138
236.14035567279848,35.53294518416236,21.429259988375122,0.554564842253832,468,30.134871714460626,45.64677821309595,-122.58263607884334
271.6608902096042,45.62914922814308,25.944672438314182,0.5389622745135408,824,2.7989023166574514,48.86332927887333,-117.29348563916435
54.30752885931307,20.98817640270336,12.58571789837212,0.3550573979722203,1762,20.22097848272249,45.82317750795769,-121.42441474088541
92.72824766658765,18.424786784244265,11.1317806930149,0.38740210724107216,70,12.178153862222414,47.966264433867316,-121.71147868563345
223.08734632338536,33.63719772525037,17.91770239435071,0.6689095034198081,789,5.9523368510813155,47.18670905958925,-122.95778364767288
268.1596938986343,46.02576590756037,21.5857076662905,0.6175958306894992,526,2.2969186166724413,48.53791491038704,-121.8607704915685
102.28332236624769,22.8152986360525,6.475605170596811,0.42280046509453695,61,8.405191794948246,47.21597302201253,-117.8634446672026
175.42524720851944,33.710206494139236,20.19283264538757,0.565017507898924,310,0.9274099368729609,47.138236876625236,-117.02565963660926
140.04878545054737,21.797754260069798,8.245590049510694,0.44059064606584525,208,4.871338547147236,45.7818320014736,-121.42183328645206
117.44695341962628,30.74573180173483,17.61824775842093,0.33017600732616026,182,5.339713841120986,45.66491744820664,-120.85972558331821
268.1832028895079,48.20712196869893,22.84512628755393,0.39527000634168075,660,45.33266933069237,48.66595660446205,-118.94550343258084
174.60539246271688,34.44065004040523,17.095598812434854,0.3447780034475737,1133,2.7802885155642585,46.31135279540014,-117.79662953674448
142.59946493359166,26.200508703462198,18.156478883816042,0.34538245398448625,1318,2.7802885155287553,46.488329019851584,-119.84868966069251
159.68893105194527,37.407570810513356,17.679491375316793,0.517234533892466,268,2.690201244636918,48.03929463371355,-121.25932011275519
228.60664574526382,39.20938700358913,21.693997695809873,0.6647435098465774,511,5.585101669061641,46.35529392969123,-121.11164711405964
95.40745487451262,22.504329144263615,8.142469573262634,0.5923183845365452,31,1.6474701570295731,48.80824978655601,-119.13067297452235
120.05451362721735,33.8111807061761,20.354465732135765,0.32389323503569084,1718,47.16138041925716,47.9517110759952,-123.97747215477006
178.74472079668675,30.579296934965303,19.37795456133839,0.5588892917421541,1173,8.485151804147554,47.38971697029368,-119.66287463778112
145.20866921376924,32.18311966439301,16.156608458340433,0.5141565665120256,1200,29.46716574129819,48.52358064217901,-121.51154892691049
173.15256565891897,28.97137494120111,14.236435501349954,0.5322463660784308,1161,12.157747387928131,45.19842363339793,-118.44061868106041
217.00172511233586,40.38564986247807,22.82692900763942,0.5645308599532813,493,19.846505122306805,46.028250768756834,-123.34906552123807
234.23051073712233,37.30602874612589,18.928042208185325,0.4787443276411423,326,23.47220515638385,46.86014533688364,-119.88258413136127
152.90478839999923,26.58710340058081,10.161041016670604,0.4833545761390449,1124,41.15027574381213,45.90791415788608,-120.63318977079713
104.06797644375459,31.611205316957946,14.115281907505576,0.4868377208104388,1348,8.667599750707888,47.97562074920861,-119.50372131866341
93.7496787453015,23.462008875247527,17.057651671045143,0.5385001113899066,1417,24.579911047290235,48.6768321242149,-123.54602483861922
212.01496473980154,33.87362473964625,21.852674659002144,0.3570493972940796,1118,9.739489925008007,46.69508047972369,-119.94011348800308
183.7931805216412,28.98828842504993,14.728692524355159,0.533613763485866,317,15.390274382580015,46.36853040044758,-120.06960788428333
148.9437715237645,27.743920593493822,10.201533425910021,0.49827494285483054,96,3.704791833671086,48.84620292855026,-120.07537933908681
203.43153714014792,40.3768774307855,19.174205851190237,0.6063471611181986,402,11.928508588570631,46.77940973131016,-119.77558633382482
229.1895631733065,38.42369805468618,22.342399613467062,0.5177145684538256,674,2.3067391241381148,46.95619360179713,-119.26472443941546
251.03482314347673,36.69219301052599,15.406346726803172,0.47005574562359237,493,1.3709452959415522,46.40659948936762,-118.36507700223461
243.4078808147776,45.400689217935295,23.293151668829708,0.49166788689700136,664,2.8587532586549793,48.638193892048555,-122.1112549591025
190.81643360252053,31.468299701228126,15.109778531411518,0.5102304205872046,937,22.978598297631702,47.2758219331274,-118.22465412873956
106.57868921046651,24.661364343813478,16.054178928191615,0.49768748258905926,1329,6.417616522711724,48.04869834872658,-120.51221022415582
216.21326019310504,39.128090548826165,23.39823339900412,0.4037571282107195,1017,15.523562257962267,48.24722687340355,-123.46059204605969
196.27686693346172,35.198407498196005,19.21645869892357,0.5314545835914339,222,3.8521050092772766,46.367396167669035,-123.59014349529214
128.87438143891416,28.543638861861353,16.043187418503262,0.4672917887620696,1138,15.54224125011656,46.73477732528152,-121.66033176912758
204.14370760062934,28.458379757403883,13.283510589272966,0.5823949165602922,665,28.307494670966022,48.39388709762506,-118.50572116021972
212.90911983913372,27.056836698159298,12.180645305450302,0.5861072542173293,348,4.5580286944081,46.45302140670324,-119.0462334568136
225.70942716051044,39.80702093710162,21.160280234313053,0.5650589340705328,957,11.57572329425204,48.17574053380741,-118.47969524729315
245.9102972587027,36.08939392213407,20.001109987458882,0.4541473328774365,702,3.9479598999023438,48.76396929029775,-120.37911660490873
195.17598273179885,38.354441691761465,17.855061836894265,0.3671522544850951,1068,30.732992099641734,47.49284149227203,-120.91860701431156
180.0471702723099,30.555123217272897,14.397691004663358,0.5605736630402177,1144,11.288752851213282,47.96650914980756,-122.96783231305601
300.464568972536,38.539969930717994,17.989240109457434,0.4393362937636102,598,2.7543627866566127,48.22038924816454,-121.70265072473482
226.61214098163046,37.987757008580466,22.426914304424972,0.6619864908032367,486,5.464106421281927,48.38015859558657,-120.96186443678288
112.4400656372234,24.197324957845126,14.253677609536172,0.43956081870843433,1925,29.381704713525757,46.58021335142718,-123.37979699224267
169.72997401990506,32.664573544674,18.12516940224681,0.43327791862471615,320,0.9274099368611016,45.205053836703996,-122.45571633102152
231.36892417327914,44.23496032733145,24.687233292142075,0.5424832262202947,548,3.704791833671086,46.60750508494696,-119.81242294155383
118.60151421490926,23.81902791295562,12.821733993425969,0.41937483449329344,18,8.905410124421703,47.69502491913636,-118.85035820032567
171.01844643458986,31.98266775567598,14.242089258775595,0.6116328893676122,378,0.0,46.80140154312317,-117.01156742024935
185.6591700363779,38.093546197884216,20.442995111949966,0.5174279248953367,443,1.6154526226573984,47.99585260344159,-117.4682066805951
129.43434319429866,26.424179212326983,14.518462920818683,0.37689680530122754,0,0.0,46.427929717874655,-119.50204360325365
82.72885796286056,17.968283777491198,10.688417463884946,0.45159885552220685,142,4.892874987319446,47.53897656441612,-121.05126362694149
205.3883316158787,37.18371144346996,22.854082144639385,0.5094179031134897,1010,19.46381076613558,45.7456792194159,-119.54675844704236
137.0445103670608,30.8828079884689,15.577624365650005,0.4865526469073615,1204,9.24244274022678,47.997477746579825,-118.50043867343838
209.7327369591002,28.48792147558301,17.879513543355106,0.5054060366373178,446,1.854334168853263,47.182783875252106,-123.1716466635363
161.89963731424785,29.3907662864734,18.333046197646436,0.6035730916630857,1034,4.041872026804783,45.8162575541864,-121.13066577212598
64.97801947259333,20.86426345039445,8.607729015648324,0.36039621231805036,65,2.277990295878555,46.16764469399123,-118.12138400055068
149.09677011391244,32.07402577607284,17.102192666348415,0.44275568369674456,1131,4.3908293718559195,47.99443483432733,-121.31316933646869
228.21026940815537,39.9572580270188,23.27494968779352,0.4969073254271885,639,1.3155920766224396,46.930404942646085,-119.9968941014097
242.44434014211677,39.31556192714845,18.240861072050873,0.5629637097397442,601,14.606834718740453,45.86412576157229,-119.88561447396461
148.41920181398163,25.75102693546494,13.384266607362123,0.5752889769054699,200,2.685759981242779,48.86908476148119,-122.70866622806453
240.4730080848184,39.047283986976446,23.322043437243885,0.4677068187106098,663,28.256173314859296,47.86050007926755,-121.46435190843398
95.02017488816854,29.110450390476352,20.37056368830494,0.48188089266518924,1304,10.534555382972624,48.82853933015919,-121.65842097880648
93.34535204315178,26.09998581976558,16.81032773219421,0.437122097974077,1620,9.18901218209574,46.708420181441376,-123.81662304027554
239.68852305740234,32.600727903578075,18.08714739890338,0.37604600979468034,742,1.6589876858571768,46.900401362766885,-123.83065765276051
235.56226645916945,35.814124399041475,11.96117870412236,0.5332738896652368,675,30.823299795407383,48.59182086474008,-118.17812069426958
118.52537532330581,22.905036867637637,7.88138130316619,0.4537287168907066,116,0.9274099368729609,47.10019736098154,-122.08850433019032
267.1308060206842,44.89009526838492,21.579377038208925,0.5522802361533102,697,11.956145903438198,47.82911564762267,-120.37344863632829
184.29349371936132,36.87377740619675,21.25254756458991,0.49379083034003884,1259,41.17135450995719,46.00869150998212,-121.90892098487859
282.6108621082423,49.098830417538714,25.87250002299437,0.4253317895383536,539,7.066115043825871,46.786905874810564,-117.41524528419262
93.99109312209445,27.51296229978534,15.72310341189949,0.29281968057344643,114,48.29047829964963,45.49379946324142,-122.18492268793959
72.24828533628016,15.888038927721642,6.456096732653426,0.329631539619067,0,0.0,45.82392014350785,-120.99240231082746
124.67562458319627,27.548319961068948,19.42222714110518,0.5015237247494351,102,0.0,45.003773661070525,-117.89088824660779
120.28795607654091,24.740383539689052,8.510108933953624,0.37595490581316593,7,3.2361767974592133,45.15706020659464,-118.10646503245734
112.5829412834108,20.154667949314927,9.866601960144212,0.5804362737559424,65,15.728480429716123,48.90913529270772,-122.69729007507605
306.9711702154942,46.913450348169064,24.51956756295152,0.5350795216766311,598,4.216774456633645,45.96941478054705,-118.38149683143003
227.09307889488457,41.79948150211789,21.529014090392373,0.5155274790639904,374,10.562982543094163,47.653242838016006,-120.79269179283475
142.8613110791536,28.351650962547883,12.622258179679587,0.39840132738275463,1426,31.885329987225884,48.356398795198444,-120.61921789540251
226.5235715081018,43.8373575989274,24.278774003423184,0.4244203530466918,515,2.7892267853834767,47.202641836946256,-123.0656401930884
57.61716408672247,22.249983382074475,12.643100566861852,0.34905577627737633,2152,35.83025837851788,45.61257800033582,-123.43578940370013
226.86068287992478,37.65446969618706,20.14235226290631,0.3617791140053904,795,12.048723653894097,47.91246574934466,-118.90442485118365
221.7498998516305,36.741758845054626,19.3665551657951,0.47216804390115064,466,3.256941277824184,47.40100564039833,-120.52477193351291
184.45994364394966,37.80344441015494,19.90499951578903,0.4619429506774521,435,3.940225711837278,47.9250023573895,-120.94204508169375
233.91641686387925,42.9055758097334,26.024482286341577,0.5491880885444678,579,1.8543341688295631,48.078986491428346,-118.89344239943323
173.63944039244151,31.31951662562671,17.349393425517388,0.6050043648795818,331,0.0,48.90164147073898,-118.64140970706224
128.96163399577034,27.66612486687759,20.468357359270442,0.46286091712329264,0,0.0,47.29425312010684,-122.88764282631452
97.26992566802224,26.744664936040557,13.008315984453148,0.44480502939239863,1375,20.421241064879602,46.36656445076241,-119.72842395365652
206.03742560374343,43.02915842321906,26.59453901558598,0.49301876080509965,534,0.0,47.59385822760095,-123.0525214240562
246.9501563740184,42.3005270428696,22.715187858493543,0.5592275872738873,649,44.74257322898359,45.273762836970505,-118.74037439779669
86.74253785749092,27.72471506577805,13.349192671487598,0.333562100085022,1759,14.210326325825283,48.58958927328634,-119.40131390613003
222.30519330957404,40.114160762843085,23.7626457244753,0.601004137515641,409,3.1085826519965547,45.47752404535279,-117.30369765241579
76.38997292634564,17.86715227136352,11.171778836748532,0.2481324843272133,1446,13.323432518850083,46.31137135154327,-123.51729388550505
130.09379786230878,31.829114775614546,17.980709989593407,0.49622338291835055,54,0.9274099368611016,48.26298152250448,-123.60061695194122
137.433103561408,36.80735016362777,21.956989752533012,0.1551044651862153,1419,2.798559563043119,47.389249513322845,-122.0246904771476
269.9940980983365,38.78293156343695,13.95320709355331,0.6389178372379216,756,28.327488862819504,46.57454208110977,-122.16806021384866
166.6216744933002,36.39045956054815,15.467874846800056,0.4352791246297303,252,27.56283468138069,46.89374263750008,-122.271148406496
98.84270339161756,19.88694116768975,15.460857338557329,0.39300915791009605,31,1.3522737365079964,48.41818957280872,-117.65621793635275
185.45725201707063,31.966845220637218,12.88636662585591,0.4972816730045629,384,23.332814339541354,46.36001754423957,-122.25317660105345
82.69101638116715,23.699321341320488,14.02486690517428,0.34359467996312487,1251,15.441381960532265,48.47859873924868,-122.09635191709958
110.50178651480749,30.481075232335204,14.958120841084767,0.26658521587020456,1485,9.222827237198711,45.352537723906764,-118.68421216307425
102.66521612602816,25.331206032100134,11.371224682321943,0.15979705089014246,40,4.835687239952187,48.107193748834526,-120.85182110284622
259.59587982251185,39.48361265257779,25.414205038863468,0.4725194426590945,623,4.627367505919335,48.390190532218945,-118.56302610131374
215.69390681086728,41.393479424992606,20.134664297626756,0.40663079416204523,1008,24.34821700958109,45.727270611349354,-123.5424368970493
173.390230560406,35.6239714575307,9.510895262169209,0.5123874630860938,359,1.41325504871139,46.7213861294888,-120.5870016442863
269.33544192784575,43.25786665674444,22.34283378632987,0.5021081600135923,547,26.892002688896177,45.661999098654626,-123.76470479871702
105.20000334530657,19.32998580804016,9.74054019178267,0.3264826091856742,1422,12.083663524267964,47.826416515976874,-123.56142757581252
178.96324923368405,34.219484575345525,17.377073430711278,0.4827125999303694,1218,30.619356132375195,47.14139107224663,-117.65493782658912
227.73001639860962,35.79897325452155,16.297554834061156,0.676011527498948,938,9.448834025853643,47.54129338683328,-123.02528240217683
236.02195351710418,33.85018786198915,11.545291652956418,0.5977270695999741,479,5.275737130776352,45.785947867824845,-120.27305522407347
162.05176718611182,30.86790463838905,17.64883975519456,0.460369248540259,1120,20.511811340554914,45.84698344820968,-121.12233078179506
116.94170401799687,33.056385588740106,12.987811527730035,0.5758985163807441,2171,30.327403146278165,45.16598930203963,-121.5685967161881
152.9944191477399,33.71988136898557,17.445062520245628,0.543154941267808,400,4.113644124371294,46.28827014078292,-117.7011665801891
92.03371673777428,23.013790292306414,8.95778313870408,0.4291808489629679,0,0.0,47.2389786453347,-123.84723622257157
252.36717026793747,40.89472988602843,21.929714004261008,0.5964355753448138,703,3.1013523397448166,48.43173965598932,-119.35347219677088
123.84135635062508,27.056526585790127,15.806925815525027,0.30127640640371134,257,2.2960924857986127,47.667709789834724,-117.25623896050514
153.8319335035771,32.35188687413465,19.775863496824968,0.5970793111684957,1104,0.9274099368611016,46.74158529359901,-120.0788227157671
199.31482240820142,34.997381268957795,20.02200520909799,0.4725880214234895,605,30.276715423446532,48.81248045757655,-117.44224276576836
176.04416702840606,29.765527211616178,18.64387260944481,0.5223006555645403,288,18.938338946497304,47.87698080230333,-123.63419484499784
193.18704939779983,33.130869171138784,16.735061822786093,0.3985299721049855,480,7.378860558873837,48.7206608114502,-121.06844676648087
228.3047536099856,40.873930092882645,19.42903284511323,0.36370945693601314,446,8.39600904107267,47.11035189308866,-122.17889546326565
118.81773434321474,28.25266827830547,11.83093657464735,0.29719696856250133,113,2.6822766111763197,46.035617099172555,-118.88425324513489
225.60917483721823,34.674430568651275,14.978962190650218,0.4326726085510747,560,11.830796914544106,45.211306745458884,-117.13092036651928
92.96116941164676,22.58281505637131,14.411854578393054,0.3789819741464511,142,4.95564116288598,47.9043394059354,-122.20428956289027
184.57062705254782,36.4877473302455,19.938472187902356,0.5267983263096726,387,7.587447125889633,45.48521199202214,-119.42077778968148
214.25023209281815,34.59649669497316,15.092314349032552,0.5816114680764596,403,1.654317039846446,46.21110051308787,-122.61331657068182
133.17386022487958,34.139943028507716,20.36368611672628,0.39884602878033426,161,26.75591532965431,47.12988363153559,-120.04268821799873
167.45197809534164,29.414437439739665,19.35975090636615,0.4830963972948915,217,3.932323919621446,47.25766635111899,-120.75247259318165
166.85948452320883,31.190087088548275,16.228601796789015,0.5501393660123579,338,3.944833060440219,47.402332787948545,-117.19596269257924
294.90271615624465,49.57568883317325,21.29767591069718,0.5692550948012443,786,3.086779877156606,45.665021321398804,-119.74030909112473
198.72747361768796,34.443955602391334,22.00227335997082,0.45034348572881855,397,1.6155274003002402,46.518949619286595,-121.55345539539226
218.11717716322102,32.572184809280394,15.253220293117446,0.4086831394417071,875,19.77306981827494,47.468776908467866,-123.20132950578447
292.75326078622646,40.71763288028739,22.311907061117303,0.49524093504332206,701,37.739304976857284,48.87927545853514,-122.94127219885546
169.28275233278802,30.269601541179448,13.928299658284457,0.3441464313960416,157,5.384554396352527,47.910524550798755,-122.42278149034135
256.02532187461765,44.143783112308824,24.91751679149645,0.4646192803382738,749,4.485022224058963,48.69041502837583,-122.24323337061792
242.15391332831845,40.87064492471353,18.39439644824919,0.5192909399868555,610,9.347588035367405,48.048848233256706,-118.04568759511204
265.6460562944639,41.1934951319291,20.442895585570128,0.476196690180962,858,8.346579779896064,47.3668678755696,-120.07144048202233
57.954586990963435,17.500814286620372,8.377028384304753,0.26722217111842245,1962,30.696366135648862,45.76809347654538,-120.33626362037944
168.80586168548263,33.295857413214385,17.121056433199623,0.45761745183190555,197,3.94020011836031,47.66674260757005,-123.19661789691548
71.8299258058421,24.562382376035384,10.980519170142298,0.5471724463793743,1392,11.49455956286875,47.493518263839626,-117.97902214655396
255.82784511032247,39.60890239789173,23.78841556260574,0.33342398832827225,646,32.794246628187395,47.40987668182907,-118.94029987754061
225.4283807431233,35.676269958965335,22.18363283074264,0.4622725083453203,468,1.6355269019566223,46.95914347195296,-123.52632146669998
283.2823022907545,41.94479625358943,18.26421584037675,0.3539420545506433,799,9.693475613821597,47.114626415957105,-119.04515431939161
201.79455221537236,34.79953507787456,18.09009311759442,0.5686939950334983,834,1.3204695904923154,46.33777010847242,-120.19523247860148
204.1406999299519,37.486479735801225,20.613047301615882,0.4379382945600979,376,1.6175582184168722,47.077250770569215,-123.42792257977256
78.70619295318724,19.59587679967807,7.585491223211481,0.30235008709918976,1778,41.20217561403986,45.79022362271391,-120.79189550929941
129.8222289487098,26.880638930341213,13.300847580483893,0.5720380074779925,1267,0.0,48.22069758944151,-120.60712599008967
161.07383421454801,29.327095843360443,13.364865951453778,0.5190829711727758,327,17.141588670582035,45.74310781879483,-122.83957821885707
74.25678257794146,17.658051803360745,6.249921642469307,0.363784461169762,10,2.7382736673675563,45.33986515955787,-117.38011297099803
128.6919581846933,26.17679937791036,15.442678415535976,0.4801533564969279,177,8.602370967294322,46.74498410542863,-118.05017239963537
79.91942087383065,22.045239562471384,13.229996661690246,0.5138178519945436,1623,2.8118735662649623,47.63322975802425,-119.31684363869624
251.9317168010117,42.88562083134742,24.2642685408934,0.4950268242471924,432,6.97628260010966,46.75086729973417,-120.76393107299575
186.57695152620764,35.53541501156306,21.571621575674392,0.4193885226884526,329,20.3469934466461,46.107016527805236,-121.11764120890844
89.23543451791586,17.351280147327877,7.395315729631088,0.49819268574318537,1560,26.49871491411817,47.23268473556176,-119.44318572994332
277.37155839499883,46.61917258058966,23.9326997726579,0.5929417947771892,711,25.375741481183535,46.3880093416488,-120.18197691415166
42.79527136931925,25.327346081237284,11.62827546306325,0.40498819918860907,1708,10.540958991407711,48.73147076050653,-123.5640882588268
134.12230893647637,27.51479389020822,17.223365003414813,0.7170612143938537,1334,22.10026639170856,48.69058055841429,-120.41248145860767
216.55137281165898,33.950206823763715,15.38690441108692,0.5484072540246876,1039,33.12936601260497,47.00948727988838,-118.35517467937012
282.66059758883546,43.70124190480337,22.58052220493791,0.541922038596345,695,4.507244290655369,46.31153597607303,-120.7853208568213
81.88467081723884,25.478120418951463,18.123531041376673,0.4308184639243309,1547,24.122857022524993,47.948529655826555,-123.63630395712012
125.4804187411869,25.775418057726924,15.398390828909845,0.5025655530149796,237,6.873514990242933,45.14685177393227,-118.49605260431177
60.24611979607805,20.618181965690912,11.801392746599577,0.3802540106955977,1650,22.147895328356395,46.899076024174605,-122.59045352504818
266.18346674670784,41.85378254284363,18.362903929032278,0.5340707315472164,698,17.75552074005329,46.345293577081335,-122.18965415578373
93.53931381190947,27.671224745269875,12.265220188632304,0.30973178135182233,2052,32.30583903947859,48.682143540410216,-122.84705552597393
213.24479147972275,39.189238805109994,22.472568747832863,0.4027302825372811,321,18.32780562956133,45.04801210909073,-121.68849454589952
164.0400582201895,33.44666586923497,25.393921286335164,0.6730384804264115,1284,51.38994638031858,47.211259502873396,-118.70273946017956
155.93027984371972,25.676039463398077,12.437083157824214,0.5178218541835968,152,8.39055123937642,47.9626543242665,-120.36429898347244
180.03183710340528,32.53776853990326,12.750874916851973,0.4172276131103536,314,15.738846250729486,46.94007195009617,-122.56583108094502
106.28745705627216,26.111776700973564,11.434695838261693,0.46606462049880826,1444,17.080867428141318,45.341612120650886,-117.85518945293572
89.51665702402734,30.428524668642417,16.523372996192613,0.4889377024541209,1484,6.174228499351022,48.88984556011161,-117.8429270153393
286.35371220425725,46.0268663162702,20.1240172066697,0.4683044988356961,705,3.881887435913086,47.07204172550439,-117.90595102467795
265.58226267401227,43.429731317011075,23.46919784823907,0.3149411746761057,585,27.738814537204554,47.456744977276045,-122.32842652032923
265.07925169705686,37.70202665316155,20.309471672548497,0.6181014576767302,721,27.707166741029827,45.94643913083003,-120.84132459073308
150.8632643241955,29.897126203813567,15.358130396517744,0.45927658735430826,324,17.46270896217903,46.93399234042722,-117.10507240701388
281.03898459859823,35.65060337049489,17.023953147427534,0.5648425606602836,785,14.790086158957974,46.71659796783329,-118.59591266583007
54.87482296684973,11.873298831942908,7.45004607124004,0.3368225830768719,1510,19.773138425919687,45.29958336800794,-123.80982805142108
146.12626432758944,26.357778523500794,13.708430991151513,0.45891177034882924,62,2.806010297242225,45.42464141418987,-123.54356786117656
110.8458903489969,22.52287475156085,13.916856107793889,0.5358252137420704,1617,25.115925887389928,48.3498900784751,-120.75248036231368
213.12638897892126,35.54668374073761,17.163177547377828,0.5694854034923954,801,20.212420556284364,45.95927980882636,-117.63545855896908
244.65117672139783,36.12036634323693,17.880602323377932,0.6671689637083327,557,29.775588509238478,45.779833085994525,-120.229087414331
71.85882260785182,20.2214417811511,13.512349115380147,0.34082413117562166,1418,16.40880228516335,47.01964580500056,-120.51531244375997
206.45244680141562,32.36152002089431,13.484787187099972,0.630705403618544,415,3.095326749826983,48.07498852545005,-123.26168410030358
157.4756484425257,33.7840400940044,22.636714614228328,0.49848896434210516,1210,27.70062077778807,45.247786074315954,-119.40253926692995
129.08634082528093,25.018733095830612,16.494768335802842,0.34122942645387394,1255,34.480869856116804,47.30723167855302,-118.24527787579842
47.04264816143654,15.336238389612307,8.825593248355144,0.3955006281829622,1825,18.099480120602497,45.476841771362295,-121.33705994744706
264.2768645745236,40.58400499164812,21.88347191834558,0.5798564377248508,756,5.755261256293097,45.145844203302474,-118.5707170435227
132.27678624405323,25.204967493075923,19.789942286846625,0.5149385609112405,1285,33.189282016726224,45.21097580864887,-117.24866342269432
82.80515031666862,23.345307815728905,9.248174270064062,0.2721545697935547,1693,4.577354476509586,48.33665643283376,-122.57363478610618
188.05295717142485,32.007989321872266,20.11244764081661,0.27948066995112103,429,28.110973750935315,45.47188993451225,-120.33669258163681
119.88449687218025,28.004333502185844,12.691459592109377,0.42710744194794537,1272,6.550659415768872,45.180605457649165,-121.99003429340797
166.4995622178555,30.389619041570818,17.179885132243204,0.37290237840736185,249,4.627367505919335,46.75159954857165,-118.45001906676312
240.23439715608123,39.671246726196806,18.5617575495996,0.634465556810027,548,2.7325540909221293,48.3759738877681,-119.9568464388319
188.39985651834616,32.79110214439876,18.522165881582477,0.4380883829468099,158,1.64050014426112,46.04963350595721,-119.55792307714788
212.58594703441355,42.94886802051837,25.47747741461535,0.463514073547841,998,16.071848475809354,46.686850470103664,-118.41460088268875
128.27060975934012,30.9313946264961,11.84189917838782,0.41877634189616897,149,1.6394321143823232,45.15969013025501,-121.22820669136281
171.56366322227723,42.552599860604616,23.069648455313207,0.34472343524093496,1152,10.614899705449577,46.7963140565395,-117.5943695211507
79.91568759622079,16.29625732902723,11.454203722376931,0.542387233090541,15,1.6299043011677805,47.310452322548535,-120.26879792927701
91.2181074792943,28.942684202080237,11.855310081787515,0.3160363898871163,1878,14.090495773345058,47.28362821500858,-122.89431624015256
243.88524284993034,41.439227959733046,22.980768497317378,0.5547243105201711,393,20.834813067260285,46.32970676869746,-119.12870617281838
237.2588820372452,41.628500562167964,22.19805539170895,0.5568658535642951,670,3.0998284715254836,46.262132722652545,-118.44717054693221
120.85741634954995,26.8717306689866,15.480328224748382,0.3399189700820185,51,4.38226359736163,45.426494475746395,-121.78266826052732
173.5704554097825,33.468852984301385,17.919878204139227,0.5978412415702953,230,11.255755388972592,46.46719328258507,-117.99974520100874
142.99992383430325,28.591434491648464,12.37184113068535,0.3581817556020334,334,16.957804045317417,45.397978675491856,-117.65699721663964
279.77147723957944,46.00622990441394,25.117859482533753,0.5454836702628627,877,29.53467529172334,48.066383778848206,-122.06166858835533
54.32890860891962,17.138397017747025,6.34386195341462,0.5767484049445806,1923,13.994911498479542,48.86509719099274,-117.11534969099344
242.5055786798151,42.69988823312403,25.216673975955114,0.4730171398445331,586,20.970257250480326,48.880297826666826,-123.01501930365869
224.56893428424402,39.480356649596004,25.16352704587984,0.576192277078712,968,28.0782964565702,48.460284397501574,-122.58589032118257
216.86899296608598,44.31833817006998,25.023646374299183,0.5507010753693483,459,5.345039875066549,47.40316859735847,-122.71042612533381
140.11349261156892,30.57183683761316,16.662295693690957,0.3665012418967613,87,5.3228180030216965,47.80346278897552,-117.74207202994491
128.71064510432447,32.085136177562894,17.59632844278131,0.6083292827891031,111,10.61478042602539,46.140823210721656,-119.41995213372526
255.24321650693614,39.782683395384424,20.152561792454122,0.5334524233861113,867,41.11396140392579,47.52308168069048,-122.93527001744408
83.34850224820418,19.22100991550881,10.529681100674951,0.5289046110520123,1796,31.253351404791786,46.82259819775951,-120.91773607142156
121.70650108402265,28.073817977363746,9.812866284884834,0.3319419320480597,1649,18.78684413141185,46.92806935910773,-119.69291382451138
30.09378497420289,12.836367403319732,12.094602705001112,0.3701257946574205,1917,15.358234072202933,48.03110624150063,-123.41575140507432
196.90485633670664,35.26795133287507,20.13828929425438,0.5854074583578539,342,1.6303953936388058,46.12767342238901,-117.82308542114863
179.66967940805,32.80079385047514,18.924200515788588,0.5982936004609424,340,9.987800918547167,46.27215844677808,-118.37477525190926
182.2081456735966,32.633162122879995,14.242371369308772,0.3153953107590308,402,0.9274099368611016,48.69856716451454,-120.46355258496354
130.50563284886823,34.41514323970906,18.80923586428007,0.3592156036486807,217,9.10000186157642,45.22489717940389,-117.23011369318581
245.69978054695358,37.31117315828242,21.328136538834258,0.6176016524961166,699,0.0,46.942537193653365,-121.0756731450743
274.27603775795603,43.2099994465899,24.60520933534452,0.646596847827241,716,2.9005460668118035,48.651203201631446,-117.11122776674452
236.4484176420847,32.053290577646294,21.77690347670356,0.5192655163797061,740,17.0532856064772,47.441452031272625,-119.3245600083746
183.41417612892334,37.23181029234679,19.93616296824217,0.48895148027883084,1059,24.378495080317588,47.18562829684853,-119.55730108722241
227.06536270574767,40.360732214788456,23.24392462921745,0.5849469388065471,950,2.287117518898206,45.99897671691742,-122.8383157329295
176.68694741530337,37.08583636185457,13.275827721006245,0.39590953851857935,1000,3.0840994943924693,46.37310195625779,-117.8265056918675
241.40745911621335,37.48148069355509,16.297261827028468,0.7437568123120993,427,19.275705222732338,48.408193663218775,-121.0075721845557
147.691366518522,24.773635504223865,13.688650771501496,0.3638309349061932,1598,21.471764817365305,47.236872527073835,-122.86436615952265
149.36014240007685,29.284103336433276,13.503813749044042,0.5079631767694845,271,3.943810377953133,47.05896877502712,-123.91174736016968
134.1725405819968,36.960321880542836,15.90447921426378,0.48348601037256167,38,1.398068737934874,45.39831885416012,-120.08171021453133
122.91518656035936,26.674689397432303,11.49717097498525,0.3277484964622369,137,16.657858365008074,45.06411262582049,-120.30820264514126
273.3226667793061,43.52972218268328,21.241044742265778,0.6654905510673765,704,2.3112868783869325,48.8547407547482,-118.96452464341588
254.30904866108978,39.85204980692578,23.313333896388546,0.5474691042618903,660,30.975853232476357,46.50794466914736,-117.76819362887538
312.7275890438743,47.763570137268644,28.484903378481597,0.5070689611239952,759,7.890865569185278,47.41285224839802,-123.44415390749879
246.27798674314766,36.73420000869323,20.372383887657026,0.610145481211823,611,10.096576147615323,45.31886029274914,-118.87952456761747
208.5770757174149,37.207687120596944,18.68295455294986,0.496363242876251,345,3.892644317885441,47.73245714289219,-122.68811639131692
181.69076586452215,35.02434193986238,19.40146267016675,0.53106901088573,1128,6.129295029448987,48.730266834823844,-117.99276062789986
132.3997110120571,32.7917702827921,19.335489646756802,0.42874590973021914,248,9.0143387203433,47.30266101198968,-118.26655540296841
97.33723635056819,29.60645591596466,17.632203167615497,0.44372181436484115,219,7.6155401167198775,45.50446128950164,-120.21444371510118
195.19400385128623,27.66937695123413,11.1040770589363,0.38760456177612135,319,10.43679159599283,47.326886109893906,-119.02830040963681
281.0668868871588,41.955950389108445,21.82812226152744,0.6553579516045629,692,3.3039621771093346,48.06538885241861,-121.79954920771377
243.08871416125533,34.610509782411185,15.138909732480954,0.5060520732392685,630,4.05391993078961,46.625666146296076,-120.7018247074703
187.63102047340317,32.165696788387315,15.901331230284649,0.5405098890051043,393,21.842894292389353,48.51935099176587,-118.2485417160267
273.00184075320703,44.568913847347275,19.251217969615666,0.33767899578248584,572,0.0,47.594731813429455,-120.7851436197875
139.23985629471485,33.22840431190207,18.511493271936487,0.30281480633850233,76,0.0,48.59699567315681,-121.4954121427219
269.7597013065816,46.33316234626302,23.210623752491525,0.5342762354114667,557,12.50448328500107,47.49402124498935,-120.5405128692479
86.84618627066627,15.540623579379389,13.650536765010765,0.4435509179626223,1961,18.872186846585194,45.525151888019295,-118.20225523293948
66.5232412215212,14.385009847569373,10.618408023567017,0.40397043196178245,1617,16.613789162647436,46.23876684442076,-121.65354366840388
164.7579351597936,27.722944994360176,14.713827547723849,0.49246927807354474,366,15.438570270153736,45.80717979300983,-122.7836688480498
86.72473335720795,19.365703296700524,7.86850523844914,0.5180527779448729,162,5.547544894612033,48.63530599086745,-119.01590185768454
122.6535933862876,26.967118354201773,10.4747492755866,0.4443293846330666,107,15.459890606765523,48.04160026914993,-118.21815251104343
307.9533008359887,46.113587546828505,29.202863564542053,0.4665223798201915,694,4.366601343098644,47.70559347564002,-123.29553765033526
259.82927982976986,41.075822808152964,17.99926744489121,0.47944049903567015,568,13.842698101607507,46.203865278526486,-122.3208812107084
150.45245001921595,29.142404361213973,11.035240761735928,0.2365465553639846,223,7.020970012323236,45.736179088200856,-123.00619607167305
183.28241298573826,38.631053670763414,19.6067066381503,0.4300296153122353,454,4.070974131955291,48.02580435195565,-121.56441011892484
63.35578204674408,15.182373443178223,5.968346805303986,0.21332424342706116,2124,38.43449740282677,46.89663178351632,-120.84754314766211
120.55754361527278,25.816211325423467,14.373300390072975,0.46651317649041874,89,2.3006990463672383,45.90315820860252,-118.75821564125685
244.20573131434628,35.85724534049871,17.54289818183419,0.6002473859147472,579,14.855055871042856,47.4664879126611,-119.44196690582828
102.72249055753767,22.469740983655655,9.831712186788282,0.3126091769597852,2238,9.153786477034142,45.16133540855381,-119.65350002765098
199.19686633750513,38.103967557354785,19.120903150688275,0.49421323753550994,392,6.806402221150674,46.304681016513015,-121.53337537373243
166.00599954235628,25.922072020049576,8.832097756973235,0.47256052847263197,209,0.0,46.87422797836454,-118.10986712840668
256.2138379697444,38.660741158181594,25.05925467680724,0.5714656128824339,664,8.07574490795599,45.591833336437624,-120.70098982821285
100.61033660469519,21.934055080249102,6.777791240779283,0.34824015956251236,0,0.0,48.938617910363355,-117.14626543389392
167.78837831153785,31.077490799146783,13.03989018013781,0.4433139293641039,1239,18.83973447303259,45.836389458358454,-119.56100503192984
67.75771934818769,19.246714978548354,11.59875674626897,0.39302351407269687,1610,33.173919736120595,45.521412520173065,-123.11614680904849
98.13650474569106,22.034610464975096,19.310740094136783,0.5166331259080913,1401,21.320335700112338,45.814139495547586,-119.26675706547196
73.03608070017543,17.80149277213927,10.466367187827439,0.27105785307543306,0,0.0,48.076244532638896,-121.7242718919781
251.34314963902344,40.26415107140388,23.92608581027499,0.34639725996694837,574,3.2368241096156645,46.702022637087374,-119.19570962319732
162.3218285615325,31.360863406953595,15.364474855025962,0.44942314626430463,158,2.3055889437214327,47.261663759010155,-123.51251196286316
272.81639032281464,36.60599546941638,20.328815381544587,0.6072409476009677,623,5.019676987733239,45.084036627945444,-122.77582993976829
136.6491828292763,22.635054048804697,18.561856132400678,0.4904684978357513,78,10.9145591118915,45.13772523429326,-118.0098391876595
120.87562083049463,24.831464964025972,11.658831224325379,0.32858821766259033,1493,27.603089982492605,46.78330219930807,-122.4097431008354
274.4821332224295,44.78850683444216,27.848559184570316,0.5844731291598895,660,8.289099835424986,48.26662097280649,-118.14071212329942
124.31100156951811,26.596863357011053,9.583318573756092,0.47219787867017127,0,0.0,48.54095551483026,-122.04506738081912
267.6872448345116,39.23983008039676,23.960711841868275,0.563883800696128,642,3.846061813571567,45.346826270382564,-119.49982662958905
219.72592905434425,41.176888913969975,22.38945288932531,0.4604323845397415,852,18.79705455617607,47.15345240840409,-119.14094598543119
227.04268324067948,29.369102651567907,12.250613939721319,0.6123580913574228,428,2.2956023665287715,48.652918745117084,-120.41141672798463
192.5333550166049,37.85376226376607,17.40320386351358,0.6116138548110663,280,9.808219280816468,46.551891017591544,-121.86282526312289
206.540613561394,39.00489048480947,20.58182915081015,0.3392188581571313,482,21.367365030073614,48.318263325713474,-122.51148936540233
111.25426529159306,29.100201692408525,15.137073251190687,0.40912383485571,0,0.0,45.53478261759774,-123.76767451806302
146.91436749421956,29.845320058614778,17.166488364605673,0.3779284965765594,1314,23.854580560756112,48.74157795867119,-121.87237519131493
234.573638401317,38.44252947431818,28.703412453492284,0.3974956499511974,547,1.3293278612050745,48.005693270125214,-119.42786046628102
226.0924930334526,36.21082877789306,18.808342420968955,0.36116128042832407,665,5.385400401340334,48.765337571147604,-117.43186627086062
218.3193143130054,42.57410827663313,25.261005471280683,0.5704205507889137,438,9.640674693401186,47.70646893421002,-117.90156862415864
121.76931716950901,23.75773692205387,15.666331976809147,0.37291683095896605,1765,31.107721196651273,46.45361572799771,-118.63754656425289
219.23866803220955,39.528830654319115,17.29624986438254,0.4910946788926888,862,7.15917353162416,48.75272469009889,-118.4808685972269
113.79044853452682,28.49091113795299,13.096683973440298,0.5073854058657083,68,1.326458593083058,46.10226710523671,-119.34510567566804
217.25805759640232,38.47665527541957,23.79992203058164,0.37305111527156803,511,23.419627155867538,46.32869008824693,-122.17799199703798
119.65485607153647,23.500044089925883,13.709717843412815,0.33408223000260573,128,0.9274099368729609,47.80323367200696,-117.64963478505919
230.19271610032212,47.52375993987206,22.89189975896735,0.7072679675947615,465,0.0,48.061265198101545,-119.30487381665917
295.98963468868345,44.54932958851937,29.56311280758939,0.43309431594753034,664,8.217119748542343,48.717613935396614,-120.07691558313692
113.42834946110597,25.36119798357655,11.673244130663738,0.3893554150440913,140,0.0,45.81920963622484,-123.22307371550563
188.16661844188127,32.893233711934954,16.241143830807054,0.391305024324051,401,5.360724750024104,48.1919921408769,-120.87061119335502
165.06382021253026,29.446202692277264,19.70767932645393,0.5410705686130017,339,11.302666463801215,47.95418421358785,-120.77749210158652
221.7495901692301,41.3375459314615,18.994391433199468,0.49018700752338484,825,6.608802601308542,45.25517822501439,-117.94805473334131
213.2782641107606,42.693292185681344,22.441998647906555,0.7070392529679551,591,18.9519255677104,46.54889256484083,-120.17346245868548
76.79653761170383,25.480089282329725,11.573734810550942,0.36132636063929396,1458,21.351805842994953,46.13106182824039,-121.33719615720713
227.99165045309687,38.05911789352945,21.6052201967329,0.6390333593185906,911,29.472417861299363,46.21796169741612,-117.16239770042539
125.74771798271287,21.667051461111285,11.289887899766853,0.4192912714195587,110,11.787688196020971,48.931787518218805,-123.22495584671579
200.89671949305475,34.14928907667104,21.809195535488776,0.37981698289574517,289,11.069733846567631,47.57110965391971,-121.04216100181638
105.67944462102544,26.562063179370245,11.556330312972147,0.37236294306941303,117,2.8683588888915716,47.870704631174,-123.70582727380017
85.85606266598205,22.51350392217919,5.052198689838144,0.5156873164034548,0,0.0,48.906470549260035,-118.82067115463148
227.13104550304274,37.262551843123546,23.269514811253234,0.5520609093559499,558,9.084872124782452,46.50880712983056,-117.57346413460594
137.3959412943205,25.046079367980866,14.396226734143895,0.41999860663644595,1255,23.888545886463277,48.20736067381122,-122.03973869314657
198.2887669147947,34.33093947303178,16.063658744386437,0.3928237590600045,1011,19.296189581899085,46.738123853217985,-117.99160826240616
260.42965410959994,44.59976012316607,21.342824173739498,0.6411693533425177,533,8.156339366294072,48.47813468725992,-121.95447238676671
142.95603695239936,26.42231626014252,19.744816967468473,0.3992142320150678,259,2.690420442849404,45.722630165245214,-117.6246088684926
248.23500251171058,38.808946459501115,19.837849040631532,0.5468408953611388,931,23.46408093032579,48.790744708257115,-118.7222666748225
224.28995566362943,40.6932830934919,20.36272993099931,0.3386535722712516,384,0.0,45.87508683364352,-118.36565256210993
109.6796617520852,21.70980515293914,4.877647867209732,0.3886106041435554,1333,7.024410271293868,46.304882027923725,-123.87395411079682
108.32333115698935,19.022514552646562,15.890650428788048,0.3419300081316241,1294,13.909259022563186,48.02476893642712,-117.26032750048182
155.59891055340952,33.03510047045566,13.064747220966538,0.6031142132740878,1182,8.516885554475486,46.57502056626163,-118.91330305550774
122.00532084889018,29.433312536033842,18.04377766979059,0.40006678968676,1217,18.63478814868129,47.432845507065785,-121.86674233229706
309.28100292367105,45.28454151657969,28.254801805478543,0.47327576654882525,727,14.982083767217436,46.77829400427771,-118.19423734598807
136.726569340298,23.821028942330923,10.575783464771021,0.4739461195284711,148,7.189477474454385,47.96947974835913,-122.02935161109549
223.27640637593743,37.77957503325787,24.58495180803011,0.485044634086585,1007,31.09187076899548,45.91332500947444,-117.8907231230371
48.56850367998136,21.78779780437675,16.35285220538814,0.2843335805522925,1984,33.381747254955386,45.23383194894751,-123.21193726711644
208.1736862927219,31.776122539062722,18.84934469279385,0.5385596818286382,593,31.103620305062172,46.199717589892266,-119.07419815777443
228.43282974602255,39.65223899620666,17.83557369636382,0.4106117321753384,981,15.62910713323211,46.897234659473725,-120.21511066348563
263.1459602009472,39.54097154535462,22.393149869643576,0.3591502183296714,582,9.797827206358058,45.672080208770716,-123.32425870863192
113.72059190554879,26.61904261317756,13.039186160360332,0.5407954522471149,146,0.0,46.41918915862556,-122.30674320218813
177.33822000359172,29.386268384158477,11.064219038687458,0.3880282278712001,354,1.3568028966851862,46.59993207317427,-123.9131717460588
242.17100634182972,33.96846863885194,19.432157158609005,0.4568694224355073,666,1.8543341688295631,45.229567374753096,-120.71862424174846
159.52978515602376,33.5466974085916,11.818496661230256,0.4345779319640753,228,19.754698852081166,47.33322899273682,-121.89114317468
118.30356176287941,26.961308228173372,12.729189350571959,0.3130444011695597,1486,1.608995868557349,48.53737371188515,-119.81149760991569
158.4307956204772,32.31426119423214,16.309039827514415,0.41039085354271077,1028,14.93750497495498,45.60697165181221,-121.91933534603967
117.75176985069031,21.226797939006524,11.70580888181722,0.47693006974849184,3,0.0,47.39123205360605,-121.90056621945111
124.0994984169093,28.769368183865673,10.512693968654446,0.5040402681377062,199,14.578056955896598,47.658956819643386,-118.79764760887878
105.79302621229789,29.241792743379595,15.356320298956236,0.3688322979286688,1318,32.62939260709437,46.67733872167715,-123.66300014815153
101.34363556388743,22.296393427212145,9.19547437701308,0.3163044154932375,0,0.0,47.80439034945708,-117.67973503365609
88.4062607130586,23.52771084080402,7.109515708994588,0.3096111710743518,99,7.3264050670728995,46.64292617396405,-118.03415287926173
237.30903932372132,37.70083466979468,20.196732643807856,0.6538186273623336,1129,14.38383384200342,47.01854915190974,-119.32536721741515
192.66174111783707,38.372456213781916,19.769114182674826,0.335106589355488,143,7.13290536905521,45.02941217821771,-119.84744900924831
187.99174530548981,31.877592602196316,13.550858537419177,0.5320028828914726,1119,0.0,47.76688045653876,-117.75388251302243
121.75489530125148,26.51278670045823,12.311010891124662,0.4247432241330006,0,0.0,47.645370715778895,-122.70268874329899
218.2194105562951,40.75476727936618,19.11788270134945,0.47818967471027346,549,3.1014688921836537,45.15360350930538,-123.4472158646642
139.44040161748865,30.826950171449727,12.330316086747425,0.38739983623969865,2297,32.98340726436879,46.47300042958053,-122.32342881063323
143.02085666126558,26.330046084640646,14.919420153270583,0.4712740492813036,186,2.6922033528751372,48.916127363166666,-118.43795204909867
183.79149347225848,34.19065171832675,15.847589775821397,0.44951130232136627,339,2.2992311826577594,46.68294625027447,-123.75730813291462
114.9322859274227,34.34931328584391,13.49082769020449,0.3492683728548299,1651,35.89673772853516,47.00778162052737,-119.92035215441557
125.39350421867836,27.079845245438232,10.437242430654873,0.3318867660507663,81,4.178521086754806,48.63972063263888,-117.03193738666083
84.1432721707356,29.66727766651635,13.373020381027022,0.3967228849232898,1413,4.809873193367702,47.86904750346302,-118.01012734313723
231.2645299691385,37.51714380302914,17.146015019665338,0.4090929978186553,886,22.816492532362506,47.3282805244969,-120.34988017669487
241.789019632358,37.75170519940178,13.739942930529658,0.49761687352867456,812,6.173074303237864,48.19121872536429,-123.5545136349935
257.1784966213331,42.207339046548476,23.90084512178593,0.40161063605149966,779,4.217410124461039,48.4574650658239,-118.18038539930004
210.91373934085772,41.19795201515676,23.838533426546974,0.6476272779415001,1028,5.700310707092285,46.827552286949064,-119.80715044275952
250.9821313865613,37.33273287522137,22.74399550930621,0.38709105533321386,882,29.20959909149478,46.90043345972734,-123.19546902058303
213.86109438652653,36.393189118457336,15.763138247714267,0.5286476122052655,321,9.844779014587402,46.544203742607344,-123.34299900623651
175.1138857634671,39.80222926574264,21.818178317950096,0.45316609326776613,1099,5.597355484509112,48.866824560073844,-117.63261226394386
281.7868368702024,41.97563921084634,20.077773978373965,0.424603874426604,755,10.610938152992038,47.7886650171614,-119.31559815943345
124.61020614836227,31.56031167441837,17.336763313907248,0.5548815252103642,1764,20.200613271980018,45.33289226483229,-118.19499240478271
172.20788126915085,40.31314711795599,21.82980494447718,0.34480329950437905,391,8.70417445718083,48.451838493252076,-117.84714769802413
267.73921101247316,34.89352885339249,19.18878892459655,0.5034879506680789,820,1.6122585035256047,46.922239763345075,-119.99759353566175
79.11890347293955,21.309786527035705,8.58035903675756,0.40880808127453283,4,1.327459108531896,45.27501562568995,-120.37787553771471
211.2477760064013,28.782076649836803,8.94983845823594,0.5430082791239144,826,2.309209242034893,47.19886902065324,-120.98700812775307
297.3727336344777,37.477214316215615,19.240447791334002,0.44325836044780975,756,9.856707244621596,46.66865711590281,-121.78137388546216
226.05342260927904,37.65749319305658,22.13055708489796,0.4471542282956698,374,15.8233583908165,48.5109976194505,-120.95782827398902
207.36766902552458,41.12475055227102,25.549325523488346,0.5941038692227095,363,7.8937135983299145,45.81597841443755,-118.58284240988891
140.24645552203893,27.132451279274115,12.457401405678276,0.43493453802288634,222,6.152750385888381,48.30585843796873,-119.78653598289408
174.87506412196416,38.575859885970765,21.30040219710459,0.4191495528152727,1235,16.245059690113617,47.23075476474181,-117.75233697031608
143.78057361256634,29.482066365203266,17.703440926792517,0.44137527040697877,310,13.516129052614554,45.218441212853875,-120.89633989934569
252.2526194563741,41.68485189847848,22.882846244704428,0.48061584397012197,584,18.858449426532722,48.887381205301935,-119.75037294896872
117.48395460735176,26.35087912365135,12.28599521593441,0.354540085832811,0,0.0,47.0504609764128,-119.58084712835608
276.4878387010221,46.51004470541242,25.320069872625275,0.3700074539978075,549,3.2955992717603246,46.16350741692633,-119.85811986385572
220.80262433884118,37.712305158349125,17.762391298254983,0.5369839281123291,738,2.8608609853096847,46.87762736795703,-119.08156358840138
68.55953306545747,23.837495324714006,13.415214816579368,0.2571409289858282,1204,12.769178384018852,48.43143113406995,-122.33796572137635
175.374287458932,30.384372713916477,10.349725876760672,0.4628723139729182,292,11.34982231024006,46.219612497540254,-120.41345355717947
113.29019464939726,22.81414392989763,12.853321512004559,0.4175372843552488,0,0.0,45.7707055859468,-123.27042638034156
202.92829321896593,35.68265255784657,18.23465527298741,0.358102871526438,1023,30.581383220632073,45.51628498772352,-121.30842070648632
237.8846028068457,35.50849938478034,12.42689137789596,0.3653448512277425,716,25.47186778011192,46.19143759356084,-120.58633051965114
258.80888108363473,37.244096625642314,22.228026689958153,0.6227798885274936,689,2.648011314964003,48.120192348160174,-119.43443018318169
220.0459122054658,39.96924870404646,18.49924082845746,0.49266583130974423,745,1.854334168853263,46.886505460781045,-117.34628263189657
143.95447790292718,30.507636911670136,19.699121860861474,0.38682826152820005,149,30.349498864110252,45.90992641477416,-119.79544253416151
227.89644858854686,35.02835411735705,20.57761543352917,0.44003331948890967,400,3.9357932538898788,45.664739998438996,-118.79484258676408
130.32255254624272,32.211420552852005,15.509057161270546,0.45780916133092886,209,1.619769294955316,46.33091790604151,-120.45613758353358
55.255971570160696,15.354885678526479,9.009429232903365,0.21174117485560995,0,0.0,48.75969749154284,-119.56127178036569
117.58610013984573,27.272232911369876,13.634471301635815,0.4654809691149439,91,7.846035865913018,46.3721068503601,-123.50347448706358
188.7044612939546,30.719185339306286,12.544986695485678,0.49294492811358465,361,0.0,48.95249630381854,-122.21925893410707
198.4066578101771,34.18290862475536,15.523829872689836,0.42380393987766396,1017,9.850218025278734,46.94092182306142,-121.46702834756402
258.5289882433292,44.8929602684197,25.483504625800077,0.5996374332042212,929,9.774762362893728,45.7166556731606,-120.6925465149544
240.20245270953953,44.133266409223936,24.048505952283037,0.5158983764494619,886,43.772438150097955,48.56456036717404,-123.68045878148331
174.75006775505443,29.573441989770043,15.049135172256955,0.5680209675457526,100,8.883632605929758,46.84142149253931,-123.01983131712677
105.30827089310984,23.001400826327174,12.070602402723376,0.3509795443756028,1480,21.831193735386755,47.8386853740181,-122.06229984546086
79.18214080554694,19.377734135390984,8.182866394599717,0.49504626535860796,7,17.607298348042484,48.93484633283661,-117.19927116369264
287.01396741579265,41.0709071764274,18.771391073952806,0.45401047405751876,743,0.0,45.20070140127989,-121.68057095027865
99.47458658508401,26.798796240440478,14.959378660720574,0.47892711568626256,1427,11.883978202558998,45.38677823915027,-120.62571259321543
244.577493277712,38.72714595823421,19.590394949537945,0.6087435700887793,767,29.241954406892862,47.881826965851026,-122.62731601083125
129.22390224912846,32.52708866795837,18.32695557567626,0.584758681533106,98,2.7547878790192146,46.12730001318189,-119.72453950246963
108.22411105080394,19.41884730407807,12.57206476168247,0.347217461552472,0,0.0,45.737205587800396,-122.03521749138818
66.38966094536053,20.740492552498743,9.032202172140723,0.304929985721848,0,0.0,45.15744751927892,-122.55105195093101
238.70372003644948,42.99872920827188,21.82155824929285,0.6912871397522423,709,21.102936254691294,45.087386847944806,-120.38399160087815
171.62062640496765,30.15227936267461,16.75430981370152,0.41958245260590554,187,4.900908128842558,48.09794241247916,-123.96145940587705
247.0859686965046,39.168124284201596,18.627387202598072,0.5649993016028056,859,1.6302837194858837,45.5377337094782,-123.94635177145543
275.9566497423002,38.44589907835972,18.55951004451614,0.6099782106125284,705,15.34477603053496,46.870882463884605,-122.466518336287
168.58237089065187,29.922238409825123,16.544787123743806,0.5505005489657939,1212,9.262902381854621,47.42358726071793,-123.74295046249425
150.16984255660077,26.96786547567961,12.822119253397043,0.4767203765907626,0,0.0,46.713407202275384,-123.24381972108516
85.2546591171142,25.642589674494477,11.620303320715326,0.4516236825472383,1431,22.429043490362805,45.10842660934493,-121.62797545462874
240.6946783387038,36.75672566877414,17.39225985211595,0.5143750351462572,651,31.906459795708567,48.134006010351634,-118.38190024294131
170.24592878847227,38.89756818112231,22.02941052434633,0.6577142921562374,360,18.775115169021692,45.04205289816662,-119.99565949641489
114.06408542130671,30.02888951825924,15.557527385221212,0.3875995489091455,130,9.225702456041251,48.047559577509936,-120.41132591830508
95.10435149365621,21.15752166615548,11.790091991551957,0.419866431182256,1324,4.843957037180895,48.57321797515249,-121.94557823754315
258.9343898554239,40.55747775776033,17.56965075324759,0.47213796386794726,731,4.999950214732682,46.73135968422869,-117.47772396397029
129.79647409492378,23.321245224792513,14.738685278275817,0.2605919691559392,145,0.9274099368611016,47.142169892391195,-121.22089471133965
156.58048144466028,25.165762115567727,7.815155892612515,0.31369620194437375,1216,27.31275047071318,46.90793357047062,-123.3903506324296
55.32949969433734,20.203265942052873,3.857558800739536,0.26173613671045237,1644,28.35935737466583,46.556834474493755,-119.68053438717538
201.8625326039454,37.852365640071646,22.517862275426427,0.5085543580611542,443,11.315780802906886,48.54969814148144,-123.20313124566378
115.49596544614401,26.944184064737136,12.411463881827713,0.370917259263925,8,2.2767375584398306,48.57573404267996,-121.58343800038816
213.90395589679363,42.35215622979586,22.064371689886723,0.4468286775334034,1030,21.638777223697257,46.34326545856614,-120.44811642897534
147.0629583060324,30.297771999774227,17.801932946098894,0.4111394152589608,398,3.0938079192826486,47.46027901605879,-117.88044232720377
199.12966598236366,35.46868452510363,22.960211007675,0.4142404948979228,429,20.516368549981067,48.707630248583456,-120.54517393761917
228.74255127296644,38.830121660368455,12.108919878592998,0.39157019807622184,507,27.07020055915132,48.848233995765405,-119.08418863777835
93.34843034858488,27.206801105133167,14.853354148695788,0.3810659171407931,193,2.7802885155287553,47.03583616168819,-117.05028212700651
268.64408206136875,37.338671033478306,23.88032710811956,0.42098415360832814,760,2.32442330806639,46.811299221137304,-123.07957616071413
214.82012297242912,36.78427808423064,15.668740443648835,0.41408183718918656,1068,34.78703551777761,46.1147772637141,-122.07687932136336
210.7319228602962,43.94279965460672,22.54051465839751,0.4117841634886635,669,15.35314631872493,48.835487492761644,-121.23796747081647
66.23129656647251,19.56954519566539,12.111431576123936,0.2669421447932996,0,0.0,45.57125721789147,-121.04720275022818
279.25503545683324,40.83500434509317,20.13303034990215,0.4658709396600314,620,2.6822222878800823,47.3193183041909,-121.12285247314118
281.73489849667726,49.08370213511726,25.50255233616297,0.5633066393693572,603,23.5696302493241,46.130201070074556,-117.64672298210411
186.95601627339187,34.77324989681871,17.01017053115473,0.5473916749015433,955,36.45044788555176,46.11603316139119,-119.001771488732
130.8245983903998,32.049920402333086,15.214193839866585,0.4758795773192153,234,1.854334168853263,46.619874349504755,-119.74466350136507
149.22118099677138,29.12633752469917,15.241781585261666,0.43612460277990117,146,13.250719895202735,48.99517174326262,-121.83439097496053
251.6002617133115,43.35696336713425,25.20311172533259,0.6370378799898546,643,18.846288681030273,45.219865227359286,-118.23346731045093
160.3638675144308,30.27789143986944,18.786356085301943,0.3943472010773562,1105,28.86057578502224,47.314167272814124,-117.31457641960507
160.28750871552018,33.53743080532873,19.587125707270538,0.4542934248881827,1311,9.15231415614611,45.330288632141105,-118.25161202214841
136.5203249217261,32.14714684211054,17.522388171342783,0.3371679805435967,1270,21.508212254942368,45.618083319962075,-123.9890442636597
170.72037897200386,28.63487261477108,17.853639513699317,0.4768912710370522,436,2.280303164331706,46.75825176709159,-119.54519040871615
250.64251301401399,38.21969891675616,20.38958434009094,0.6791353740671807,549,26.98998642850129,47.041840525385766,-123.6420523299053
78.60305169626999,22.566356474049233,13.142187841923601,0.5669463529838465,1347,27.224763870239258,46.035169633458096,-122.19674945766394
255.2889802244769,43.232042165856804,21.411392142565024,0.6361876548236283,514,24.803442228711656,46.26582852349767,-123.5833270975656
279.0596327813974,41.388799020770264,25.274709372147736,0.6070213826665883,612,33.09511131189998,45.347868081023734,-119.77343182935428
217.14801105034047,40.72481847867854,19.084561614032452,0.6213136641990071,998,11.733736388844207,46.212879135377,-119.19387060555175
238.5369471877232,45.48585504734672,25.62835720468508,0.422088000742644,967,2.283056825352045,48.866233757522174,-123.19858653353866
236.90948660275592,38.101226995190764,19.671642292345048,0.4807398375942852,342,2.718163136859797,48.778829526689925,-121.31312781868515
263.0672665075398,38.29131934856038,23.153693427941825,0.5517121932099018,848,4.0635886440731825,46.33951316054794,-120.80634443731121
241.73816285663546,41.2152923941872,21.198867444109595,0.42081471486993677,813,14.383915615883575,47.28341574511504,-121.41662884767358
78.0219180465631,20.574317593052413,13.185229510356166,0.34821819932162706,0,0.0,48.638381564443776,-123.15282499660366
237.00756060961706,40.14545371226825,17.74397042045544,0.5638168044677526,908,17.900615737193,45.024735290563584,-121.06736546868767
223.7203362132959,42.22173005594005,22.413754248514735,0.5220451808668105,822,20.672821569054186,48.242734281350366,-118.74175366534108
222.70499913156925,37.1171119004154,19.730127618008645,0.5088337366539,743,43.423393186907,48.79347821115567,-123.50294634826722
246.28888629002472,43.510890377153956,20.776322674777393,0.6179341380404129,755,4.5686828566731785,45.36530293733423,-123.43873990142667
211.84799912223588,40.54673272917615,15.923985417449693,0.5548994558177323,628,1.854334168853263,45.64579074413169,-121.51660095714811
201.11903676591874,34.08942392160647,24.51323032477397,0.5477474977430432,899,8.341922221256981,48.84298521108542,-117.40792001866753
240.8466477746466,34.036023901205525,18.240338264534735,0.4949678999744968,480,12.615044549375353,47.15016057456138,-119.3199914729396
248.07254406362117,34.24429510926754,15.089192518571123,0.36211058364272364,708,20.65454609137633,45.05678653788689,-119.24931030329205
131.85059678887814,33.18413077717327,14.268688230827419,0.31784394060550974,174,7.4996292784822005,46.030527995054115,-121.46656006413494
133.26408476968174,39.3977760491343,14.912972018781275,0.4210688211739197,151,1.343106289615197,46.799774697075435,-119.84437446154023
66.11752318825161,20.650193485377955,11.44113037835832,0.3823642814383176,60,13.389562935816018,47.77163564409907,-123.9290817118058
120.71374139565603,28.754843291997027,11.289063166266738,0.4340800957143168,66,27.044421158744303,47.9326415125472,-119.5473276751332
107.00552848685082,27.768215006765548,14.925734487253205,0.31930590459410546,12,14.629016215848221,48.98168605170182,-117.60699136696634
238.78138841932045,38.689765582838184,20.013876956481333,0.6842740391104621,872,4.540889692200918,46.15004479753504,-119.71198572158626
110.17823370555413,25.711150650941995,12.283266236577914,0.31734058447596836,1428,4.8218372842815125,47.1528804074739,-117.88410984573558
167.45566716326684,30.220409181734723,15.448155043288091,0.5681554345638833,455,3.255974326015265,47.133294191438424,-118.93218861173735
234.67211902326306,41.15027733800511,19.577560881086384,0.41763152310394436,339,1.6204463462618808,46.62258103778895,-123.15609108517417
121.26810154353514,29.588834458184788,12.869000298114447,0.5519860684535002,129,8.617518825149826,45.67664757536968,-117.68282684899911
221.3981463605871,40.469963401687046,19.275028303641626,0.2972739165875849,638,11.82517765058725,48.90982625273537,-123.53489308950958
197.9955166156539,31.91371700096655,12.777742563961223,0.43216578283547086,366,4.417756199567485,48.41326874666635,-120.26222769216565
106.49229106313692,29.56267060937279,14.333831015904229,0.4079028166062735,1231,32.1021730714751,46.99333211317695,-123.0050401334458
217.86641752325784,39.99356371703853,17.74267832360586,0.623112245542869,964,12.206911520932142,47.41298169073612,-123.91805372488368
265.45768171475186,41.68671117420055,22.295823030242587,0.5940619999016907,593,4.2543680404157955,45.90904421423865,-121.04576017910652
215.2617447673103,37.93039623761799,15.713328896443066,0.4456961866307288,570,9.586104203424977,47.17514828156699,-121.9347150464209
192.1194045182477,31.07594272965564,14.458218498941502,0.6379453832327534,1113,18.365244411273807,47.779880532485905,-120.59799654341678
263.2708251085129,41.26707845420414,23.17191279354917,0.5077636037144271,703,1.6575427262151057,47.060668113546356,-119.95960079285814
262.98855835034766,41.34334391530455,24.00019506047484,0.5928281929548997,790,1.6093521083073024,48.96114068233977,-123.69382649383736
221.35287724512418,42.4433084221711,17.808849941955472,0.4653313638931269,981,10.30710632357471,47.4453666249909,-123.13897693413378
268.69980734690904,42.12228283915348,25.22703322081191,0.5298705429790034,776,6.627351958149633,46.48389485036868,-120.08950322484702
186.3611512292972,34.15885068553361,18.367882125855605,0.4047631097253503,1156,6.537823277059917,48.088608110463355,-121.59782852779139
184.7800714056534,34.604506891089954,24.049731476293573,0.4814604324018659,1139,9.53266526658312,45.681850046326566,-118.89578558715387
179.27240756601861,34.01794936873316,16.700848430624024,0.3819741036849958,1126,9.377833327314098,46.53806325482507,-119.43395845985643
109.7433887562219,23.23609397579076,14.574048472985927,0.5245317939933102,129,9.592216095049883,46.38783580151034,-118.08076945907065
125.26691080936818,28.92982348451521,16.211994709946204,0.3769823868825518,77,0.0,46.72722838043111,-119.15255021331542
169.23062399944652,30.103351826619495,12.055250788597771,0.5940752476738642,327,18.115674313387238,48.127119303714906,-120.99048245826896
91.08642271734024,21.425436021525485,11.790955131387374,0.30465491243825255,122,9.498753696723885,46.93669212865363,-119.28923364323897
250.4610478843023,35.02312686652964,20.35957735569179,0.6131368305888957,590,3.108444255088045,48.17605780106385,-122.07233178021207
124.46175492514847,28.37111555164448,16.23370495529755,0.36323600169573583,204,0.0,47.305955612559465,-121.8558055085525
133.73305041045157,28.76632957237135,16.36016571762374,0.49919684750716603,0,0.0,46.36827773863022,-118.47710388055445
145.80637260448128,26.4720522367786,12.448196013456931,0.4309405378696413,202,5.413294342660492,48.23991497473389,-120.87506338518892
129.53839089832735,26.406634353019783,12.488164306922616,0.44810740201155774,127,4.038813900183655,45.95315868221237,-118.41133761637153
110.37440782466096,29.494888417470982,15.281431564777074,0.47274383315951446,1536,14.783486302777085,45.89753191919918,-118.24304338432205
178.58451002256623,32.82491055692439,20.637097932624236,0.41037445963287744,346,7.116436994930268,47.01801169621935,-117.99706363637101
249.68527565163635,34.65412277092779,19.919163305982067,0.32291685437024353,626,14.674424335631754,46.04339698384835,-117.58355334911155
136.06919263331767,34.51594432189677,20.604900533854657,0.544183223384574,11,1.854334168853263,45.036348139804865,-120.98310345640692
224.47732943383087,42.94810572888156,20.829224778574567,0.36380342940354665,736,5.642724083394154,47.593190109195206,-121.76793227175203
228.41359238868085,38.3682694954137,21.83554449806507,0.5421496254880025,581,37.21120946872509,47.04437528588959,-119.9246087738412
112.89900749780846,24.020942586937355,17.30829208694882,0.37736821583960023,67,6.896918112136002,46.782071257972646,-121.4017930359366
269.70720262599247,38.724214167625455,25.04140164200657,0.5116309050842616,581,15.843045895583035,48.86787405847326,-119.79248083239837
138.050546510298,28.619356124004582,17.156801966564615,0.44411743706856077,142,0.0,47.28479673585166,-119.06089896149322
86.75573080851709,21.803385854656774,15.770690181817745,0.6051987289417445,1336,17.881153319086728,48.45372631115754,-119.18116487055504
184.09073931117328,29.18537194200098,15.799298194279483,0.38428485320372646,405,1.6520161504232111,45.55780094482064,-121.37812979085915
198.15835927477255,36.25349834292104,18.51877412019931,0.5192811829185673,1165,15.8973833022482,47.27682585251771,-122.83197858810873
137.43090290928495,29.645525089008423,13.61752583509344,0.41023204258346446,132,10.432969850552913,48.471918506923615,-120.98629463076455
106.57473642999565,28.015460349687423,10.62722353864763,0.46363976566951187,97,0.0,47.33242302911959,-123.00184099142663
247.51258467263827,40.34850158922966,24.839325167426978,0.48309924931661546,677,11.922920729421786,47.872056712508005,-117.76932075371334
198.86073835840284,28.55548191172572,15.277079167337975,0.556718537028986,0,0.0,46.48817427124883,-121.578857774835
141.3614737345298,28.099126852411157,18.421005616056313,0.35743384466955264,17,2.3298165324717255,45.36979806814826,-122.91878176943673
109.3379068498023,20.358462964287213,11.846320792836218,0.4583124055732379,215,10.183791555003403,46.83160118050829,-123.82186568065974
235.51176210196112,39.56650428860142,20.432973125181384,0.5497359010081839,837,27.989826654758684,46.57791756335543,-119.4792432959946
246.12690321911043,38.74341381979085,19.628467308280587,0.42697292260533753,479,0.9274099368729609,48.46824072951579,-119.5416837778168
151.75111508186188,32.39928546920709,12.074605469766379,0.5172606928648027,245,3.266799870556049,45.97598120940989,-121.61577083393095
273.3765997441631,44.59193889384625,22.961409816797776,0.4557009821046777,552,3.313387747477535,48.86693691014043,-123.49801677806644
303.4156476438335,44.569790001527274,16.49456085279137,0.4722533568060209,731,1.854334168853263,48.83255247921799,-121.13259773573337
105.54352564172098,19.297679544083238,10.880810304325786,0.37689166198199836,0,0.0,45.99052657228575,-121.82147753455625
182.28112419929732,37.52057068950027,19.64329138395566,0.49498457870472834,300,2.2923105568055853,46.39220782190928,-119.26015552185494
206.739372373328,31.267950373378966,18.332434606797012,0.46638632923470735,418,26.764570326840307,48.58222296349554,-119.75954525383116
127.42449241845128,26.575947906665437,19.86091071197594,0.36654128460044466,0,0.0,48.86648888358443,-121.44784390261722
185.58339641114333,29.537077493698316,11.753424409647213,0.48848592397776985,207,21.393107854094445,46.77375641134417,-122.47475212021507
276.97777451937304,41.91926896700038,25.225383446802084,0.5503020912111962,795,4.93871577542477,46.28398818256359,-117.08374823691085
122.08903108991021,32.11040074045965,17.975390670265647,0.4454621075248066,1189,4.113663752086261,47.10437605300617,-120.8219886516272
193.77171307335138,37.99436465607833,26.75750058355963,0.5542924920256357,300,2.8238534927368164,47.75107682546294,-119.18208034953834
109.00209957911306,26.42789647704236,17.672030858077157,0.4032146932196898,104,5.709023394165924,46.09389806149992,-123.01612922695148
298.0953312874364,42.781896173523066,24.49195379466392,0.587244580914918,611,14.592825016993267,47.94589269847629,-120.60087210238422
271.84878483949433,43.80246059968289,22.641403270212464,0.5148100201862418,709,7.08223305596328,45.20662942845856,-123.80724296091374
276.70201058495945,36.385075545521374,21.354886097240456,0.6687399312416357,582,22.333145615155775,45.19717797105766,-120.46181417462685
165.09299736331837,27.7915967262773,15.3925760255305,0.47749715931806014,269,7.137765576539122,46.54515082058218,-117.25187815017608
117.30018544163606,29.00922675435222,13.495295025661608,0.3817520603902766,77,0.0,46.41389276824288,-121.3105530090994
270.3551982097787,40.543502953035265,26.151700956574583,0.5042243130718242,724,32.507102966308594,46.26253286146861,-123.72702791197563
228.84369891697804,43.205626447494296,19.611237437490942,0.5746984883222437,485,1.347622647331942,46.96407905067564,-123.78330946356459
163.77799442356795,27.467444850951757,15.405780937846624,0.4646145673568747,108,23.0914899845005,46.28293432924629,-121.28409268037191
205.56344820008513,41.39776567417068,23.220013046941034,0.5000537472662521,897,4.107827628027881,45.76903167387237,-122.87982544475764
131.04483115816316,29.187361752458656,12.428281250401504,0.5913204934966932,54,0.9274099368611016,46.2378781963544,-123.8365353257027
243.1686290025512,42.3559760069816,18.836183779025294,0.506155487513994,645,5.547544894612033,48.89961709124094,-118.70650470234877
272.2516300007606,43.33878894355887,25.17587253603236,0.4507019914393833,585,3.950793221666225,46.64445366797939,-120.79033893782676
75.11217362480201,30.936464515966193,15.414293804170526,0.46128912305722214,1313,21.781790798531414,46.77885110743334,-121.97528659619142
122.0215869808442,23.140991749481902,11.115407248066926,0.44397277487715403,1552,11.220678329467773,47.30617995980456,-117.69941771888463
185.31608036782396,31.785914890687366,19.09335793661325,0.3320209526077502,1041,30.23241366574726,48.933363073656906,-123.18702727859632
49.56152419635623,13.931649583014497,8.511313852545035,0.23029362163096206,1935,27.56038084075612,45.96640510574305,-117.30856819731277
145.66108132106956,35.97539306018807,21.96400946527284,0.36335909608332223,124,3.704791833671086,47.72512844212974,-121.80223297835853
251.4093033623745,42.30925078522971,16.467006670512337,0.6539575159392368,773,19.459514991285484,47.8639387741669,-117.78117429383923
216.99640058762924,37.78458688454359,16.36933554975893,0.4975551439931631,985,13.377553445411007,47.429297667172264,-119.77939986464376
183.4203645848071,28.42013279392812,16.265517630169693,0.5187279510851689,224,5.702835463120152,45.35431335854658,-118.2130484818096
56.20625666182609,20.59458729482061,11.774233888232505,0.4091221022113094,1693,36.02079092016106,47.70748910331031,-117.11190785752675
126.49117047315593,30.91502251987644,20.42876568139025,0.44327637434988226,1205,18.4700227122456,45.2563788441447,-121.98116193526877
261.7224085369144,47.87898113309943,19.85180612695865,0.538974405541974,680,17.34141273741604,47.38457059819959,-117.27205160214685
139.76350161172527,28.256561739824075,13.12764138397112,0.431321991641482,114,4.813417352044092,47.95832470888697,-121.27362673568305
132.11523898834054,25.50952097660506,6.9893874012545085,0.4206902105262114,213,1.341336491464676,45.8438795624798,-121.30141666684155
232.54990339354782,39.43262860155607,21.6919102530167,0.5381626499731981,596,5.543376225379841,48.3664880301711,-121.61729027021846
144.4329565900577,28.829559589015286,12.146730710249578,0.45721078642390567,1288,16.010196552068912,45.121415222132015,-120.2101467485669
170.01703919605555,28.724451479082923,21.154449391535064,0.5477802386899467,197,0.0,48.37525145463322,-122.92098469775058
161.15128819809445,35.7483999695962,15.93877292133789,0.6941506132360298,117,1.6215542616557064,46.84131620257106,-120.12401960249392
207.09373141508243,43.607741097967185,25.032244799190835,0.5051281367951678,970,26.618267791112544,45.870351759726574,-120.20806631312998
56.87444471248793,20.33307478758381,11.287077745116228,0.38217747577231875,1306,10.096576147615323,45.53511257997587,-118.66668731176591
209.21505878269642,36.05318244527353,20.997049107152655,0.6235707978046638,1031,22.925996139657737,48.813228670329494,-118.1644502664369
239.18244351609246,37.06296691453528,21.43420166271055,0.3539953023739389,450,7.885231926316564,45.290662350324624,-120.91691054781303
86.59341997689816,23.252669108567872,12.31177894541523,0.27978847750665387,1297,20.116581772712056,45.7963736797437,-121.88366725453955
259.1503517742587,37.33499940423629,20.37564284710682,0.5173952085416267,766,36.43989879349766,46.39128938973219,-122.18465571878033
112.23722275444312,28.016355212416435,16.112518535175305,0.5085520549447672,0,0.0,47.48093939584448,-122.6376331430659
113.86338982212204,25.07873086980742,14.840182753461285,0.45204076127257337,0,0.0,47.179204341104395,-123.59646692460683
119.03981185023707,24.15899288054729,8.412655777922849,0.523483206709509,137,11.351508208487079,45.502573969649255,-121.60286414815701
241.33289275890687,40.98780794755402,22.67966315568993,0.5371095345600304,525,22.672938070813835,46.15891193495286,-122.10826615508452
243.0661985369839,39.819492517881535,20.699183418744955,0.5697500373553095,479,6.991683953827918,45.955007084344096,-117.23507829893515
186.73963766541303,33.23893631673547,17.632442464780908,0.485137135996739,909,9.080851677553746,45.85417141796137,-120.0960382162497
128.13157662413852,30.164425825607456,15.069187026760371,0.331804207525198,0,0.0,46.64457734591995,-121.56906072678645
102.53874994942201,22.192160775710455,12.13195691587486,0.4543694305704654,41,13.820266398616798,47.81612581036663,-119.93672679304413
124.46706874570728,23.871773581356365,14.077298690066296,0.3115283454399773,0,0.0,45.869811728868946,-123.02562309058013
238.10688497949542,33.6707331919022,17.28921572454613,0.7915909336719464,778,3.1003906501851266,46.466715518811924,-120.89169375558458
62.98901994500533,28.42076134465303,16.89616391855696,0.3073554837999379,3,0.0,46.563669707364646,-119.61635975005255
144.860177853709,26.102546054770745,10.2175687367644,0.5849279293972621,62,0.9274099368611016,48.90582611774164,-120.57771517745284
185.14484756566137,35.941761468155384,18.244329387517315,0.34223308932759644,192,13.219687206184497,48.81866542751627,-121.18754839541973
123.86979070479069,31.437629406988826,18.836395836948896,0.43378884375496474,285,9.220244873755643,48.2005503310083,-117.04306127770211
52.82747347569609,10.535404132117378,2.2351443746533484,0.40104575045406965,1643,45.4401468991016,45.96663568327674,-117.83779666495751
187.07126376212346,32.96284490414643,15.952331417364409,0.4166598275344149,332,16.434325699193774,45.27214925636668,-119.63615829288392
202.3444047124163,40.275022464236436,23.85496227625538,0.4727765374964433,919,21.538421394828887,46.2676165508825,-120.01435847172402
245.21291720821543,39.11488613660746,18.586996966728552,0.5156160952605477,472,13.094584182332706,46.06717819773532,-119.65537664122792
91.75806882530179,26.902170329115812,8.415256336443225,0.3468741996977722,1359,25.67805791604487,47.02370320058557,-122.59081524524296
79.93926498684293,20.637830963107177,8.52335587455416,0.544230319730897,1512,9.190391177083859,48.11091164027117,-121.23403579714977
245.41697361001866,41.157339710082255,20.011977071324097,0.6214162370961567,871,30.410891118373975,48.433291755515434,-123.7237832697637
122.58802000553686,32.11937748922603,17.29886705090025,0.5644144645804234,307,18.966708939326725,48.37945634164203,-120.67117773759222
113.83524275974204,21.54618417683212,14.19114130465341,0.3673266781485873,96,18.64001060781181,46.43870224489227,-120.19882791229635
284.72704215528995,36.69140790916164,21.383816383633636,0.5146130485543637,504,15.962556513092451,47.74893737384273,-122.40575184727753
208.955464061618,40.50921759283156,16.2652169451328,0.5523742844553031,1037,11.434071521292113,46.25133679009688,-117.2517980698414
174.83294464623518,40.69235604154111,16.58098603425763,0.5144902427687682,1019,5.547544894612033,45.24362217294073,-117.63381772343931
133.1027915970866,27.71458193618556,15.271649092287094,0.42841160229304887,1389,26.684708531634122,47.80626106241177,-118.94499735180867
224.06966559638389,38.78514737174918,20.065546546242665,0.4064045105565781,292,32.19852457012012,45.039310210279154,-120.26629359864246
174.68717408403575,31.28055336093854,17.279481063798634,0.5031864712551563,187,5.705871138587816,46.636730349833954,-117.9102158824662
109.48036640186018,28.066182856834555,17.431258755021517,0.45306469790482157,107,7.123455808509605,46.3175170772083,-123.08543359323576
166.1210049563287,34.696915772018485,14.940674482185916,0.37763124127379727,1075,10.641397853293805,47.77351015407541,-118.46643144007581
113.18069035759228,27.884810213354644,14.816809824077145,0.5323612030821895,99,9.296007422918171,48.06498189104151,-123.12625430223206
185.90823292547762,30.343703873305852,20.214975035369736,0.5083616691798296,422,11.16652867287171,46.216378543885135,-118.44052536215416
251.767556159267,39.03387560746536,21.75107564623153,0.49384586677674597,587,2.3022568254683478,48.246508057779415,-122.0696270222405
115.88723629083498,27.090937649681482,12.90459315315228,0.3482273066874471,1220,9.605147968183841,46.17566704201973,-117.86036593287268
226.35318077451785,43.36477020826682,23.605249514097515,0.5342571259214426,830,15.443938904240172,46.78530543994624,-117.39170534322221
135.98476290166448,25.460233264898953,15.599389114900099,0.525191825698787,125,3.704791833671086,47.90807410805654,-122.95842821416419
236.79137866611987,32.64745118948909,16.024802597700532,0.37727990189501415,586,4.811974313628465,47.77168091689916,-120.76127076454225
100.53005193395293,26.58046010149093,13.163075964453299,0.40355677173835397,2,5.397514416890925,48.9494738892488,-117.13308835286121
280.97227859016493,45.25042826673352,25.040325375604095,0.5981241451851802,476,5.441913121646023,45.90064409686373,-120.61614794818797
101.42894471800967,23.261483145908688,9.753445350499579,0.533052976941413,1520,21.59320847335803,47.649271654158326,-117.95516734239818
228.03786271677197,34.9069519311149,20.33272271011552,0.4317073266729917,1024,5.3549133510286,47.43872763310311,-119.87887934508076
90.95139889788743,12.759538830268943,10.452108014399304,0.4820239539870948,2348,28.220312202918937,48.66039381796012,-121.37269064456278
197.63538389065874,35.558232670338995,18.938489865074924,0.5746355008106049,1075,13.71387607033276,45.6254485665795,-121.99951511131891
173.95492490913753,34.36767816583998,15.78823518084625,0.5835859814841935,407,4.205781199856369,48.00719265434773,-122.57743836239739
246.2796280717638,37.806605357097894,17.805403633961355,0.4993557389403873,708,4.941659303997802,47.27307446507508,-118.66741266035612
98.79816892567382,23.087678093438818,14.135718255468142,0.4109449901855772,0,0.0,46.098663479151625,-121.2942164522388
231.93390009931704,34.90093780753077,16.221917792246067,0.4547137371778504,857,49.96147959101326,46.8977396565887,-120.42107176459474
254.8236372395156,39.45669153218458,19.40001784911191,0.44364886223894134,712,1.6616202835894052,46.33510638827919,-120.55372163999172
225.02024084081526,37.20832516982394,15.966802978674284,0.45129959047783186,947,27.941839215624668,47.317253611153845,-119.95904679536808
189.33407689291752,31.65525145057159,12.347412106186436,0.49368030346132863,1035,38.125271084789226,48.55600244325866,-117.94095998062814
257.15137058502484,39.36298025585742,22.59742084751675,0.4327329942982125,528,25.00881808618216,47.27721993764881,-117.134824594916
242.21360870957594,36.85281151490672,18.57002277548095,0.631328862191528,829,40.481493854956035,47.526889673306336,-121.14691053998328
283.98964506812473,46.083242587088755,18.786355089969742,0.5871125287443819,634,15.045409580407199,47.07499138845884,-118.20736754525588
231.5711627550307,40.676889104130545,21.85625104122783,0.6168678531213304,906,34.47451336524014,45.2046620257819,-118.64830543741698
241.92985826801515,36.27871634563225,16.349458822902886,0.43883928408337103,633,11.315747414416709,45.931434227504376,-119.98529733981098
201.60861645470598,31.426935755099127,19.10838862417375,0.49103689510840365,902,41.0220674169282,46.96800691772833,-117.30766999471646
113.26770270722136,28.895018624601256,12.874665484787963,0.4063122932719529,145,12.838380224494884,46.24094113497882,-122.59667839130118
136.46269426156488,31.38969599908602,16.919306984002876,0.46638362931484745,1213,2.7989880278131496,45.727054391044774,-123.23515052783264
176.5349209028181,32.26660148094507,16.37237666421623,0.5072132727174143,201,25.92801195320852,47.01653136767375,-118.02226623131205
71.09683964570385,15.589190416440768,9.817220056478048,0.32258321866018513,1418,30.50417017038936,46.2912391737914,-120.92595128356376
154.18906333826257,25.8665927288046,13.46023123482717,0.4341594288829883,1274,5.698893172022203,46.032430572693656,-118.07121802055057
103.20269253468864,22.032214195599558,10.204700859787229,0.27495779392585845,1,0.0,46.85594166976152,-117.7483685636321
229.78166945213874,38.4596605126008,19.231693222640338,0.3307408579017882,584,10.606206531281583,45.533137032328696,-123.5627968446665
226.90108036836233,36.95724411988162,20.639627898765188,0.5464662224045118,713,16.258883466379128,48.71098293230163,-117.81574665909757
240.72844499736559,41.99698998015733,24.237391839936606,0.6356674092994228,475,24.477194919036524,48.470808391676954,-120.86176661241404
187.1873570094283,32.89879231738547,23.432338774470107,0.44530006764507996,506,1.3661009054247095,47.83048234296214,-120.42697257697037
182.43737232007427,32.92987206509736,14.252744127373731,0.2816769889809043,1038,9.34055313348114,45.42485531035383,-119.61385242234753
214.12544478129405,45.04799537186574,23.384848632332133,0.40126080476468984,468,25.81139348407219,48.10350901787877,-117.51532175288939
111.79745519244683,23.646754701915988,14.261815132231366,0.28722648833747133,65,13.785872447269286,48.231829312436076,-123.86618733899165
98.93788712165079,24.88154532031574,15.214974238733031,0.42293623175135336,1663,31.224842421039416,48.07105847085735,-120.66209572177527
238.89544312205857,36.768046263994904,24.327400731949176,0.5741622638542165,610,21.221871047880636,45.45586354847696,-119.18594570298607
183.11168032216676,37.85082063481885,17.40458552830825,0.38429562134330253,317,16.372225389735707,47.57563182827106,-118.9410512961124
143.25334852857034,26.483749793517614,11.942540685052506,0.5553184136553604,296,27.524818181997013,48.3372991829976,-119.15227297924025
83.66726657070969,21.68192018089016,13.908961922383112,0.34576604796411087,1748,3.2138094325025,47.30941360487867,-123.05895409414315
103.33722547576376,24.623369501883438,14.568065358183963,0.3806883911015547,1580,10.10937473933804,47.585629500912354,-121.90423088139823
215.53113717096,42.26478040989534,23.216433083949596,0.5734281559484264,935,7.888561131024088,46.83345391770523,-121.4889913220809
229.96039089349065,35.017759649067656,11.922377770465822,0.5145923495714353,452,1.8543341688295631,47.11482927953621,-118.36893954624347
161.25395023949133,31.221382697363047,11.694032872750455,0.4579706686074105,1155,36.99622198514982,45.1375074334069,-122.04868089309812
250.5623726292336,35.597216801980615,18.704079686305406,0.47170317536355594,666,27.366979110860726,47.555852087893136,-122.52506525292958
131.91920624741152,32.78333738174638,12.377417542966715,0.4712868554527699,149,7.378860558780502,45.32578885156464,-117.29786386673332
123.08877169045724,30.966551190009138,16.088462246215734,0.47553447545508554,125,0.9274099368729609,46.740058377360896,-123.93795700420571
55.998321699839316,20.126258257929234,8.741020654949606,0.29174308061046456,0,0.0,46.17062039066963,-117.01525401022616
151.24974394438556,26.608292937388416,14.295375125567976,0.4835296820297503,1055,2.277039655299377,47.181711800846855,-119.26225090799824
138.3455910333901,33.46122057261706,22.278304616329056,0.5737455030860263,123,7.823708045802536,45.53366534209283,-118.20071490385618
207.6070982975266,38.019244845355836,20.09918602232198,0.2938019814071253,716,15.772440533992642,47.76657360789327,-121.93766422557665
248.30008290790283,45.93899993711639,29.09244299920974,0.5735823974249575,953,11.357626240685487,48.18004614771388,-123.89979305633058
78.48521474722091,21.654040197091547,8.572723911332034,0.2996424986770269,53,5.328192710876465,45.653417798972626,-118.83491337006929
183.9396050568709,38.19310558489632,15.843653077975809,0.4135657903609448,1073,11.66519545819653,45.417252349407526,-118.16098782099527
268.10935014805676,40.97954971373006,19.503097359407747,0.4773308625358284,628,9.462204751131472,45.58206193114944,-118.81666707632536
160.82025877421574,33.06615975903905,14.459008064707426,0.5398423630332009,306,7.649669478971647,48.508510247594,-123.00004798889412
171.370658936591,32.35039682931567,16.478637120680464,0.38783297758654284,185,11.209507061382096,47.112757047025426,-118.72600454420122
206.72809551210983,34.134847228011814,18.524236207755724,0.5741530455132425,533,17.510911329552844,46.86904398403001,-118.61754052524651
280.80614762547174,45.287228392989526,20.15432487412641,0.6275034895314104,751,16.22596923733307,45.42684727640942,-119.39021639030962
196.76421355988822,38.55826376482597,18.841255513477726,0.5286752699007476,1041,36.17238652709116,47.59822402702785,-118.6371884704309
242.64736710982314,29.454050649754365,18.541591660494348,0.5199504608561395,560,12.769178384018852,48.47199836758036,-118.07854992225587
248.52542385104908,31.98096216751014,13.244428644836855,0.4192636813939845,461,18.017304479420762,48.312743477293814,-119.70477120033779
271.39402250108503,48.411593302513445,20.41091374622029,0.4740009021117262,646,3.0963660724790096,47.504218835923204,-123.37976700221225
57.56930299819669,22.980971314233084,8.638323662435722,0.33520109324419084,1588,21.90860055948929,45.301114866606696,-120.58660533232953
152.64929691033817,31.473348961790702,9.830384202130345,0.4772393791711302,73,10.992984815487926,45.44958810870405,-123.45645465729876
212.90241025443007,37.26969053666878,19.37777380838692,0.5642839654436982,342,2.848929098452682,45.1972359484393,-121.14719878277299
249.20804090750485,44.8048249610658,23.14588471297378,0.4012388897406478,561,15.20229317981246,46.02991686596988,-121.1502545761206
226.97521342619478,38.31185122168139,13.621908933925734,0.5559064899261994,461,16.623008345215457,45.542645868641515,-123.53793109101831
182.02926761146009,39.89441078461501,16.408631872884886,0.46350814593217304,1191,8.133411407470703,46.040192161009735,-121.55825626221365
252.11460968102972,44.298075823492056,26.244178296307094,0.5754820010135437,417,4.152280764690896,46.540232222875844,-123.22301330846079
131.92614819276662,30.965914128185485,17.515696600437668,0.4550623460987608,1331,15.367711067199707,48.77193113628454,-118.34235352993545
93.58146070313133,21.236660419058282,12.149045343755677,0.24002830622089671,100,9.980869159597933,47.44150423912677,-117.3661838182487
256.8854616009956,43.76961557911389,21.74894083189227,0.5367022943562924,793,24.26720373942392,48.33989514273185,-123.49378467319443
277.00684725460616,38.49325753586466,22.677939031859424,0.5516607169285026,770,22.23595558057074,47.841406002849325,-117.31419354895809
188.6116402869206,37.3360298358265,16.222539448954105,0.5678524149903176,413,3.942267258097316,45.450012522106526,-120.34196380464279
148.42469686499925,30.15293316215618,20.730837372067146,0.5193682667332421,312,27.244510654852544,47.9436816254958,-121.90304025432289
258.3534298674826,36.982810056259176,23.758685829027353,0.5445659042908961,650,12.047727484392777,46.1003955262365,-123.46196547306685
248.8610726574829,36.31737840973986,21.89578215514244,0.42419265154245545,558,1.6490752721801802,47.556431387978826,-120.49563012350707
193.85442865969722,35.879370097204614,16.756315864043053,0.5383705347735649,331,0.0,46.363847894571954,-118.43839118856476
190.83193554054031,33.78477160020426,19.497084648013242,0.5362732375097777,1150,2.66437606552316,48.99068905305864,-119.05039465913312
199.70083125725216,37.72771507046469,17.590464232254277,0.4673436636144068,790,19.751619228627618,46.05420591798711,-123.64841791975218
86.45098352665495,23.031805984241043,13.567351286527249,0.463817986417972,1677,19.592204328476843,46.11652188309708,-123.48968715242468
254.85805690604656,37.53770609574172,23.175533245971984,0.5871209963042371,700,12.832546386524575,48.7226890222496,-121.17988702157155
112.58234718068594,25.191265148525247,16.936189994980854,0.49171685655387876,44,10.805185295904895,45.09857761854529,-121.9329665416644
264.1599132356818,43.88966884196129,22.538798977469863,0.5634598356248438,694,8.35409209682281,47.786755951492786,-122.37330973860766
162.44058781182855,32.80362650319657,14.897273678281415,0.451898618217156,163,2.2884043703467225,47.90130556294351,-122.032968507639
94.34964452113093,22.91911903029049,12.761704436839512,0.5010532350187861,1942,10.298356671212067,48.3455143096416,-118.37562079692181
250.94668537384953,44.20058261789754,23.945434350768036,0.46359631762311193,806,5.514651451684878,48.8977572425539,-117.49540362457702
88.10147433021086,26.43477859436173,15.99146718878382,0.3954431359336582,1625,25.100488451940684,48.90240767662661,-121.16428113830703
158.4307935779529,34.367386474318266,14.706363506308266,0.6597627761838656,235,0.0,45.261107030265855,-117.65722298507252
145.8393266862018,25.995726831271565,18.2643163446693,0.604788727495225,1189,13.037127965963206,48.28735729101161,-121.74953009126483
193.99137348316097,34.492504405635,12.373143435687446,0.4119875200799359,253,1.854334168853263,47.585239734629525,-120.66494109559346
174.05009850478663,34.65478891028117,19.149167824117388,0.3600632971692386,456,14.183575267120629,47.58936853749236,-122.417797015288
96.99989955174826,17.4118011927846,3.878776544889112,0.35008434686706164,143,1.343720498019165,45.51339970645878,-119.51666770476909
246.12488516925728,41.86493656794136,25.97829465623565,0.6401068867845496,402,31.111984778043794,47.60074866578261,-117.14713219377634
120.70431617857753,25.766594366619778,12.869252664577449,0.39594948851797546,7,4.821297019464582,48.92993032240499,-119.77554832769636
167.11001348993804,38.23097296829635,21.996029859178,0.4304535580455228,1181,2.7895655876101895,48.64727427815779,-121.49530141120516
239.61497464312907,41.76589972594495,22.93956321514078,0.3404755205026869,417,9.298717517289894,46.756522643219405,-119.4652778780663
63.62610482711718,19.06821345307235,14.912260409567294,0.22739622279069532,55,7.060023995901394,45.15979189314438,-123.13955525074229
287.32231982099563,44.73307180273777,21.801540779217632,0.48362744605902347,589,3.8241571058261665,46.44917396000082,-117.77938643814221
122.73239906698213,24.865076103646597,11.590747531996247,0.3727328810446772,1179,8.46048688751155,48.30556124640222,-120.47841234454114
133.49801195625142,31.16925096775122,21.319200866495763,0.6061757668852826,243,1.3474987007792159,47.80599640586066,-120.85455180572251
157.71180405559303,37.91272570309912,19.660632190028014,0.37517057098020584,1258,6.515629768371582,46.837374622375826,-119.89894648082537
109.13134095087403,32.269173514093914,17.51284980030905,0.42901295612438467,1232,35.46082292916805,45.220406140635326,-119.62651296047419
214.9148534835058,37.92669870025312,19.80460811465788,0.392672259099593,387,5.5758531577246435,46.70757891129321,-123.4975693564144
233.9630165541759,37.603987154158055,18.89710794034204,0.4146221118655079,376,6.6052723092322045,46.87609975887153,-119.22167945143619
131.3094038272638,33.120202575095426,13.037100121842373,0.4752891360484606,1195,23.871314147797616,48.71422213157654,-122.3064782377913
95.15800125694672,23.319111814940015,17.59207305545086,0.34082612652412997,30,1.3264783185477016,47.56434441432864,-119.00233157245387
130.7101341655729,28.48860318107832,12.521817960802974,0.38538429169535593,54,1.6151910348659118,46.2466116666186,-118.24225643931062
277.3987448878192,39.95754826263841,16.026633273952775,0.6358739385932601,616,3.090545657209964,47.101273057802885,-118.37229044713236
245.74532677313877,44.46897400836218,22.606191130142534,0.5207114411203083,516,18.43474742113711,45.26422123128864,-120.13249322814478
69.71501823913223,11.968599974113776,2.931861550304179,0.49145288499650164,26,8.602859315914618,48.89027294259895,-120.35881075382474
278.6027376787269,35.55107000187883,21.757292548364706,0.5333556092435908,879,20.36833591424004,46.4402396077229,-122.99986827062412
251.1225819695474,38.31043915511919,17.42605232915122,0.5666979424233822,509,18.875374579864935,46.91146941965254,-118.57257694717805
92.97238010099242,22.513806597183383,14.359591737118443,0.49588847083781307,1179,13.199648812803126,46.42113589694769,-122.100134336873
167.77806362592315,29.30369136000968,14.426621065928362,0.427632844741195,350,2.278172578757019,47.7300469204648,-120.52313204027438
78.85365923898624,18.06950406768523,10.54264266263018,0.30568781394778544,0,0.0,47.64892863331837,-122.01008134950739
115.18262494800163,27.57938930639163,16.090133942714694,0.37127618483031805,154,1.636685309510769,47.86128924211654,-123.06320145900214
94.47259586042023,29.204005976552487,15.311677304325606,0.2823381888048526,1581,16.72825237216743,46.07257291844768,-119.59309612175784
136.79176859607966,23.435780502897586,13.203708385537873,0.5022017770981249,231,3.261292870352184,46.26267392465626,-123.61967575623967
198.31762001486618,37.90100360493013,20.66582921566977,0.41682136106834755,276,24.396010316608056,45.50100492438483,-118.7594833611166
139.9070641810036,30.53268396637809,23.465591663840996,0.5620524649857195,44,12.240174725017441,47.62203988738445,-121.77689243317218
185.3406643808832,39.20903678066146,15.799972966749243,0.5969382933282283,328,5.031624062863587,45.15918850934261,-123.9990571489686
221.37338104302086,34.6262503590184,18.49299601912056,0.534831906018635,567,12.227401571810146,47.390729342093834,-120.42209602533939
215.90336644915018,33.794861764910785,23.00950926197359,0.5833198083240545,435,22.895815584957948,48.478783539406535,-123.67203664030677
162.06299593901727,29.47362325845385,20.664087529326522,0.4105284235438496,1179,13.954490088137675,48.56332859315853,-122.0668130952537
270.7016303683485,39.13983606092578,20.915975978228065,0.5063628704764856,536,15.46401309967041,46.796151041479845,-119.05116458780999
248.27100855995715,39.305854712212444,18.27851533980603,0.47454494077814635,687,3.9065651972015942,46.8372147528523,-123.56117264864695
170.58073390425523,35.27324867284927,14.89414823974408,0.5765514874705021,279,3.8624128018431105,45.30787673203207,-118.12463055350798
149.3871319411463,28.681484118215565,14.755353136744061,0.604881045242904,298,2.8075061994997195,47.68306010177214,-123.97326054138992
149.7061078850529,28.852564584455926,14.090520746051855,0.3591793749574992,254,0.9274099368611016,48.28503768149138,-122.27223291558668
193.35609212273454,39.551760223665255,20.08039509393285,0.5235378224224697,1136,10.721799947709911,45.978620218418854,-118.8136716069355
299.90436698416534,39.50397047511349,22.80115962720545,0.4107409090333143,699,10.73835832815517,46.685203526533456,-121.78610895189485
96.73016275568142,22.55944225223791,18.77588302469708,0.39827847090370394,0,0.0,48.35535734706108,-123.2867532835379
138.29712527454637,26.319133771012364,15.236153738145052,0.5446996907991611,195,2.6789281521396546,48.50848187064915,-121.478362568397
240.69567613963852,33.645790134989404,22.458854137251645,0.323096097236812,680,2.3103510018336615,45.97271992105691,-122.10724699530832
181.66354375295148,33.41787401668279,21.258894110955744,0.37799883432565107,449,3.2664952686063917,47.202282538165456,-118.10101668487611
269.3074924283394,40.148241708417025,20.992386846466268,0.4901547460148568,704,9.71345076540234,45.769972602543305,-121.806564576904
271.8165379279431,41.33697656790877,28.890700636548942,0.5650993297024753,699,23.321669342015117,45.407515056558225,-118.47747269756795
273.7848079716501,42.28250547390284,24.68577360706191,0.42399716678514643,657,13.556997299194336,48.64448200556783,-117.75689498632485
129.06012616857498,22.822711790045236,12.069867033901556,0.3878638903731627,127,2.819535217030801,48.28203001692844,-120.96327806296429
255.08204200949763,39.78384329405512,21.901323874575148,0.5292817505984115,863,0.9274099368611016,48.040139607212694,-117.63039799301926
126.17031448943328,25.121627617091914,10.545178711175394,0.2961702427906584,97,2.7802885155642585,45.19506527525256,-121.35877362225764
215.52016042797146,34.754832960520055,23.070754802012758,0.3033459361469776,331,0.0,48.37491517084103,-117.25145108456924
103.63916148703183,25.384452739736858,10.462717832484682,0.5201542428822767,1496,16.05962026687143,46.75217630362153,-123.37497332832099
289.3631936562542,39.04371386242472,15.030666897732019,0.4307875049214084,601,4.129395036363908,46.36958049318344,-119.1908651344773
286.1184549319918,41.251938747354146,21.250390071697986,0.6761909103723006,669,1.664924115964669,47.18590544410151,-120.5433017168015
249.7592530675549,37.90228834632031,21.818207738438552,0.3906836266188682,868,2.2963565196945335,45.365412970894226,-121.28645836181047
228.8553882879676,38.85083851879171,21.71656612101113,0.42457433630654445,689,6.826345138219713,48.02658619740959,-119.5710168487598
234.2328761758091,46.32480725043726,26.10675237010681,0.5385222806187292,454,4.161486366242501,47.32974030755318,-119.07300035855968
185.06269695506478,33.34368088983918,17.290762333837595,0.5472737988924616,307,9.278242155109108,45.74636038749267,-123.96945711244784
244.09578982348683,41.67481436292169,18.645856075104856,0.5103412053452949,1031,12.269450181120675,45.75292879907618,-122.83132837876961
138.79529311680625,29.177689840673715,18.710280570957774,0.47759420634270255,1312,31.03010865585068,45.73699460629069,-119.00867764555977
209.83863287570585,32.61834608373423,19.695411534884084,0.41181728451259214,520,3.8415015188260204,45.22800955020774,-119.33530210495256
239.76416402324253,35.88039359218173,25.751168639536107,0.5486594513571894,724,19.780220928688998,47.35119379748674,-117.23766746409926
258.70085261013554,44.428716542721126,23.293892875551155,0.39516549362942,895,17.69715702242206,48.36139271035403,-118.67273546824453
90.09473387997242,21.84545502758082,11.417934321206495,0.4867305610385534,1489,39.58201708240811,45.06999285594956,-117.34459104588063
224.4375410391352,35.53865355044727,21.182395691143693,0.5011133353373016,612,2.3096416746028097,45.19601857988509,-119.08221648925635
202.23301379728377,36.757471821966085,20.837597430327357,0.6012182516200073,349,26.516652660968255,47.29108110674778,-121.9136345395239
95.0781718670413,19.675504857279414,12.383819660396595,0.3836175132588763,1723,7.734402114774033,48.27798274154421,-123.262445544244
146.47074716253942,31.217506402258763,19.968114048356966,0.34609459323479436,212,13.477380093420193,46.30695556227453,-118.52723295658545
179.03641188845432,32.65111739225932,15.449392687689382,0.6470355890234939,241,0.0,46.39845759523089,-119.49095544966859
254.19091657573378,41.09115681066956,19.939505541303742,0.5551917451642325,633,19.594538336452324,47.38538598998711,-123.66269791324693
301.8436293171883,38.16163852942448,16.123515308801935,0.5786018313002151,618,2.9030065400931573,46.09685155649659,-121.47964673869315
232.14801232456747,39.7138998013224,18.670966852147025,0.5192334957059993,676,7.631000364972099,45.10643346431074,-117.30240129161
278.47939474229514,47.815956825375594,27.79068055681319,0.39800421258098573,777,9.060738416183904,47.940914072406386,-120.49719198002859
237.49614141283996,43.53460981754376,26.265664490861145,0.3651930217773245,424,5.428486190117538,47.50259965176581,-120.97089604786207
291.1080682900901,43.78096448471156,22.350970581048983,0.6329117030632989,728,2.3118908405303955,47.32302399622264,-120.79610276388495
249.94845978970704,38.65385372360338,24.09749192932249,0.3823709631013458,601,4.061607529962227,47.96673651596729,-122.53782093196385
117.41911511226442,25.118857835457185,13.46362583513107,0.30500778731077444,124,3.292091893519992,47.70092335024815,-121.41904980394644
150.61815366440072,26.893282065929082,13.870555297145028,0.3775282340841436,12,0.0,45.823527952713285,-121.41130720808977
271.42041021130126,42.7185774985774,19.336020384955955,0.6143284805828355,756,2.3070372835451147,46.409924187773406,-123.63351485868769
242.44652579409328,35.61179830111263,15.170396808334313,0.7467799374603384,636,5.705215707312585,45.5044405667145,-118.62702660037458
144.27974329829277,25.65064509732641,11.807513468333422,0.3947943978483123,104,9.288826509611125,45.519428053671525,-121.08446897667285
264.0004971225219,41.0768593233882,20.436945162449828,0.5880533080873999,935,8.346793174743652,47.70478298542616,-118.24474079228504
216.470208871412,39.412512948221256,19.829101213912978,0.5049044274010834,381,2.30549012894974,48.434400427929994,-118.04756399216073
207.5224012870284,39.04549638387622,22.71641598626315,0.41511943029008824,470,18.96989650724052,48.85093033544456,-122.5160416171094
185.13740270422514,34.310427630168604,25.28532545491228,0.5509455542110812,1148,13.0958701353594,47.513388470197775,-119.3985256248091
209.08667202873283,38.668791623792764,21.947590616342733,0.42196491174675566,834,3.9458764295265336,45.73640529344383,-120.69402737085913
246.95185502304517,43.646227782779484,22.52351358788529,0.42416591323203867,923,13.987595915207551,45.42260138179572,-117.8389028345496
179.41115861821962,31.638355434351116,22.434868509350537,0.5595228342155256,232,35.56018889691731,48.25140388614703,-122.48981524576482
210.944803888149,35.66324259895375,19.549871478855465,0.534164205176145,437,4.819760799407959,47.315025905439995,-119.25530759782968
263.4345121304659,38.22011337902569,22.493421145842127,0.5038803188318584,770,3.094018277664118,47.473140084054876,-119.74573514423093
204.48413476511752,34.82465148786156,14.775843868789728,0.41316634726317325,1016,2.678887557580814,48.12584835501884,-121.93288965699718
241.3579865667578,43.58779567101288,24.255030234919353,0.3966416822912714,786,2.3093969690302405,47.813108910929806,-123.04379367444179
78.2244501334445,16.406413683430575,8.561734741571858,0.47730470122320406,1444,9.50491928695294,48.33783301142439,-119.43852167665906
125.76867713689266,34.56340125795725,14.73991763184273,0.3304293156654359,146,7.724933918078724,45.22485562183952,-118.82981779307369
95.14337861794534,18.393180009303748,6.04325991523582,0.3719392859443881,35,4.495692149445992,47.99008254698602,-121.79060859365654
245.2308727412477,41.09760339345926,23.971458496703633,0.32875508331351827,994,17.916100744180646,48.40341102928838,-119.4861717718438
100.03020062869487,27.897150939999317,10.90104308619296,0.344510314533102,151,10.641072990619836,46.144540169833256,-121.23408364671948
125.74831554651449,31.892057240711022,12.374576414811198,0.43423694223092535,1868,29.441098393664827,47.56178909597301,-119.00755181702168
177.29119890867494,33.5861805549254,16.15156010113044,0.5794509825158856,1073,12.913945659728066,46.25664825534789,-122.60549307574163
226.96409095197538,44.59419853939896,24.937770655044396,0.6520539848535918,559,9.308381592252733,48.831884265929816,-117.76849498154678
91.74836799644993,22.69928383017489,14.349165468794798,0.24876240112184553,0,0.0,45.13369428974202,-121.98813282474094
162.70474430574984,37.23207163635732,21.22168066102089,0.381159016239989,1055,0.0,47.31917137533182,-121.42549808570693
44.49893876908727,17.826854511021146,8.818712758521862,0.24352548479225422,1485,25.57518470610685,45.66601418819806,-123.59335633543755
136.64108314909623,31.474143933152654,18.493176204222117,0.33835946263320144,67,9.537962781415244,47.84888082070864,-123.21941451375106
231.48088979517078,38.16024215079688,16.187632783091786,0.46275022491479584,508,0.9274099368611016,45.70356113367465,-120.3889666810137
84.39325849997553,23.127191203714418,4.951351534255346,0.2995081604929968,0,0.0,45.94153304759343,-122.1268512629042
79.37418075336302,23.502829099496225,7.712082460322344,0.5772638254214709,1357,4.627367505919335,46.977483244183034,-118.15163841980464
211.86887584599955,37.18566606960122,15.011196911443974,0.5824503196541675,471,3.1155794044249503,48.659339799987514,-123.89714627941532
226.84950310375774,32.52289961683812,22.28783808590841,0.5561125306529316,751,5.508602988942323,45.84685748859188,-121.34634165929644
137.81880631013755,28.10139882807651,12.433287192194841,0.5160951651527007,0,0.0,45.57696008447241,-121.63858117261636
34.30219606499133,13.294777672076014,11.003488779382433,0.2606394677090367,1779,43.204252574478986,48.035907327416126,-123.86470658357679
227.23584371937318,36.180731298365906,21.35056148156033,0.4116113074135256,812,1.8543341688295631,47.00247812933572,-123.12942120699643
199.78051239485885,45.127068417919226,25.849816232131985,0.5841667829197239,456,8.289099835320444,48.647140449527086,-121.10450127556955
136.81694449916955,27.707060373120484,14.089171454958898,0.17069966075445203,111,5.649659817649475,45.58645822863937,-120.54994790886788
261.0972483048828,35.793353230248215,19.90807397052364,0.5683069604301475,786,27.49144775593599,47.583711572092156,-121.16997176921592
226.50705929476695,38.76018828196605,22.296249411366908,0.6489831187877364,487,5.329399389570067,45.93151658460726,-120.28343625111535
170.0000015028538,28.855312698698874,14.90838997855043,0.32534567799412006,1102,5.980896128272611,45.627041714606555,-119.83407827566023
116.46123350188066,26.14117816751142,8.12507900329653,0.40411092677699856,8,23.42342934506093,47.73371766062908,-123.93053325210515
238.10286648778745,40.84545726454085,22.753488304569956,0.47165476481129354,647,17.2816753143781,47.374738479634935,-120.75133388382547
272.0455442318601,36.35244351501849,17.033098917458666,0.5070653275777981,708,11.552320579577602,48.01930983344933,-117.25550531378688
72.57061179894933,14.29210136787286,5.2771581923618145,0.22247075549378387,2,3.341742801574747,46.23785030578473,-120.36677403909316
273.4039877608632,43.343672094963196,26.393702452628045,0.4741825055248187,688,1.331716316591864,46.79188662552876,-119.25720412778733
149.71160033909973,34.76245132033337,20.45029412810909,0.47183386636546265,258,3.9346702510386296,46.62188670532167,-121.81695299458181
133.5639793216996,27.958529226742574,14.283350327253194,0.4304521356787244,0,0.0,48.936357855866056,-118.58206035293067
56.02127476510681,13.908273585769717,3.970782727220049,0.33776408611980363,1609,20.259172876377868,46.16899582695755,-118.5895496268672
96.06323958675043,24.924068714459438,12.277485682841707,0.2945015634872398,14,7.257781321408045,46.179268953387066,-120.35092766642103
239.45144758023085,36.48629222811206,19.118417464584965,0.5764306716938248,706,4.815470893150897,46.41819283531443,-117.16790323704551
190.9021137556966,32.550109515054835,18.1012471926395,0.5926110024441857,275,15.439521344312679,47.25837632516129,-123.12114849666142
106.76718798066528,30.721224530904507,15.270472891267627,0.15,1216,30.033686124120756,46.00929097705498,-123.88136634577293
160.1279346816553,31.73025064798459,19.941678784532794,0.5289640426600377,168,2.808707378590346,48.6611597615171,-118.60889251770033
271.0563151036494,42.61182138152651,20.38287268157402,0.3376700363648204,673,24.118832320367027,46.062742259465054,-118.34991123844583
125.33569110735623,28.98101141858446,11.833297328049072,0.4111575257970889,38,14.60132539782779,48.58326292624078,-123.15854939615596
143.1589353197462,30.852284654078648,17.53502077948574,0.3896782978943594,1149,7.016009669702014,45.41390025458634,-122.14092016928976
230.09165861881255,36.718892171904244,24.380587675372894,0.6856587989679487,957,5.547544894682542,47.62625080959861,-123.8771334564336
148.8397734745092,32.56435361008505,18.102155549167716,0.5915414283046874,1402,22.92667122794454,48.627942073752976,-121.94683972453605
242.11278388397506,37.698627690652195,21.638364248809342,0.36549019022531637,671,7.5971418094990515,45.67499775359292,-118.5880068825693
86.65366503827138,24.342169003620047,13.88442028467212,0.31253920588691686,1957,36.47578109684416,48.87330784039702,-120.37427630601195
233.3345188386414,35.05675771983562,17.31210272446459,0.6893846424425701,872,4.809673563339261,46.81153344166205,-121.56333084782199
148.01183692065985,31.277028062854605,18.585857840695855,0.33181750669061594,302,1.3411870509068224,48.7828604337641,-121.39782493565569
193.2696159000908,32.929620109821286,15.416905057156844,0.636016213950235,972,15.81690747457684,47.707280174520186,-123.99052461999172
182.9047407806179,40.1169758138576,17.541123360759805,0.6172203995023766,283,0.0,46.206347479494205,-121.90139630704334
125.51729855556042,20.797799461270348,6.761847518398968,0.49281050123603515,1281,22.835506439208984,45.75321009966842,-119.47478880853448
46.837294031432364,14.859840690121896,4.1506846047442405,0.22600738698089046,1381,17.44736147417919,46.2149401849004,-117.1806388932855
95.07627956340633,22.989348238185553,10.172373990107351,0.31395842561203613,1775,18.775115168798386,45.3720696370507,-118.0705742111127
96.71223766042843,27.358166763936506,20.167262976076113,0.3075629001559901,1405,9.894125872390815,45.575471865373316,-123.8348352474813
274.4391475614281,44.20865818335239,27.24140119524987,0.45339840761884964,590,3.215562458398143,45.41864176138593,-117.71007576727612
116.41143914539974,28.112796538214635,14.276802523011098,0.3760824320550357,1255,21.997454193595196,46.691774174966234,-118.51761110690961
163.02769761506744,24.709712045667867,13.912790698798492,0.4397287068714855,0,0.0,48.18231350503034,-118.53736713500314
56.53776445864702,21.203124671416123,14.35100637458725,0.45947382568875483,1980,25.995413853631973,45.56553421686536,-120.794029686975
279.1441351358177,46.59404650093214,25.73015127432212,0.48419672768597066,696,1.854334168853263,45.521281732689346,-121.21396294931849
137.26114255055788,33.00524190931757,13.731707999324776,0.4120433218034394,264,36.844986645746346,47.57371579806932,-121.87958989816765
254.9613632192324,42.84186487676393,32.39494535575005,0.45972077349987994,819,34.79819181553912,45.78873192787226,-123.54013598731945
169.59203043889968,30.42647706480848,18.33882438654237,0.39467665840493193,376,5.4388410715704,45.390440152435964,-122.4023524555441
233.92584407434555,37.44238972578874,21.961235098044057,0.5693094702052842,390,1.6168494939621152,45.66739431282231,-122.27377455515382
240.256243985787,36.42737192097929,15.944572811989175,0.466241875261203,532,7.622878988722267,48.69492558350711,-120.61146051202859
297.32315546095265,44.544628028524855,23.618446557806475,0.5538538211776177,692,12.674939933828593,48.28588501110476,-118.76788915382315
206.14857033993218,40.257702995064406,20.540369248372485,0.49983139660232156,990,1.6779132029874975,46.41625824942037,-120.68333120121437
189.7733458420342,35.868839943419566,14.800041358608963,0.5132950237272969,488,6.7979918688585546,47.62328306930957,-123.59508885386988
196.84579670312337,35.158712711025444,18.237239301511877,0.4080009732215384,442,3.099146773687126,47.14910269467215,-117.29547139308258
120.85294918799686,29.172267639972933,15.371847379555392,0.3414127670851089,137,7.853619533942428,47.70849705393026,-117.40092976634122
164.06165626414503,39.04051874348238,16.01277277984633,0.47533327731895086,132,5.4810566902160645,47.73068460985104,-118.50367319796115
153.37094239604193,28.905682639205555,14.261139271104701,0.5195478606829076,1643,25.104012223288926,47.514936060239975,-117.06070468905045
215.63811327757946,38.3607092337013,20.49353575016612,0.24147172047585502,956,17.42418087409888,46.06440547414923,-120.18862367039816
260.75353100481334,41.46505977851141,20.52753897215651,0.7128699840771053,599,3.2511932536344057,45.156025683051276,-117.26062154822756
205.55843187925024,28.55379307312452,19.10284971182307,0.438437370594431,298,0.0,46.82226712796044,-123.47076471568275
120.09064161495589,32.10582488407395,12.447707301073422,0.4719318843193817,1191,5.663807415071428,48.563895538762814,-121.4402347621704
92.00954403978312,27.388677388562915,14.313580920202332,0.4707375611194736,1442,4.548099517822266,47.2779890340743,-122.42233112395265
238.31867379621448,41.11783600956994,23.469150513951202,0.6361661922196011,455,12.234709103306859,48.32956416680763,-122.6291684110601
154.7820228005782,31.93607829695393,16.831788692905693,0.5428234270625605,1201,8.683496002969495,48.96649737184491,-123.01437935775127
232.0102924054745,40.20160014044762,18.493464760786537,0.40334496740486303,503,11.430139453541493,45.6544648165531,-119.64310450903803
178.4234287135253,33.92061260485089,17.509725116022505,0.4736550809919375,1009,28.918694480393476,47.76711055656793,-118.53074700976886
218.23505604514315,37.44594989897092,23.758757067997838,0.4547743921993222,434,24.207935381555856,47.6971742948001,-119.95191120405748
185.21857361413484,30.97256668702521,19.941500053115327,0.38252906486580934,275,3.0854661712075053,48.919821789433115,-122.97126103288254
237.6015803645388,40.4386117784063,18.991668200651347,0.5536866235472033,621,26.277580880972366,48.9424029358112,-118.3221336104657
123.69523481101861,25.625811039556492,16.858590214002362,0.4459857046795623,1304,27.01825811656927,47.74671444689652,-119.5483170498539
294.51534625717244,44.031969382907214,21.030464514601366,0.6412958484417127,539,12.139366069471942,45.97445916792878,-121.28284005711103
225.82372224125393,43.312557964666155,22.37945126060414,0.6406803125992293,428,2.825028272594187,48.1942233525224,-119.28108793124755
122.07883390610817,24.48192720941163,10.89954504238396,0.4238232762523961,13,0.0,45.42811653684415,-122.18066514530017
54.252403685358274,16.78542017940576,2.709655642936595,0.33769664147002265,2027,10.992984815350752,48.122797216686514,-121.58365454054052
239.03121824098702,34.0204754730855,15.964323101541552,0.6166838068585918,599,3.9524991174481183,48.64078449657879,-117.57759909807606
138.01703717391078,30.503344496447596,16.570529270434502,0.22216770403624653,199,14.190908524594684,46.53133357907374,-121.96646846030006
237.76745512750014,40.20621592342257,23.866680188698602,0.5121048144790467,658,1.6274317555557622,47.52254117993232,-120.71008212289445
228.89264590881135,37.44496513455181,16.848828540279694,0.6010995183909631,665,7.023757759988197,46.7205709283873,-117.7690120382279
220.80955477489067,35.46500186836355,21.230497869763152,0.4169520838600739,708,8.307214736938477,46.751060219952514,-119.04595054812731
100.15751982072375,28.79828021010214,10.743604003392914,0.3673288585898927,0,0.0,46.24148355643248,-123.56457741684709
241.00460954089564,39.95787011520677,17.25561278108971,0.4969098024952775,950,1.6072153299935032,48.048518481801295,-122.9688786900472
269.29872202786146,37.228133270146955,17.16620134058849,0.5701986582324117,607,4.0568912286644965,48.74470625666602,-123.94510886459658
218.54886092973817,38.26395020532088,20.6050067835085,0.41928277815977355,387,3.329600691530487,48.763003436937844,-119.58354746839586
163.32501365894063,31.36575947654266,20.168327949817026,0.590948959450351,178,12.449314370321622,45.699125139499735,-120.86628602212707
120.06778927359713,28.705310859399965,18.114500071095826,0.4931902391205072,182,25.683441352514837,48.49897459862626,-123.06007604368408
233.32713337088896,39.0074786486031,25.426187863882323,0.4197590384133789,583,8.342528149504853,47.949725765708486,-117.29446115260261
139.2734256694166,30.33794066346322,19.042378504769665,0.5222846141473884,1204,35.92014270007082,46.01134960276116,-120.29238193238066
237.33808171416493,37.18734801467274,23.524576424517978,0.5561701291656633,677,3.900830667941477,45.26913845168606,-122.30674694120978
231.91367804267801,41.19375844111898,19.472466012134046,0.44615527741915006,470,10.42887720157297,46.071989067537515,-120.49577500191705
241.55809240986326,42.762184492210054,19.398109368884565,0.44561435297985486,649,18.67940487740089,48.6488329471261,-119.24265767085424
280.370143352262,50.56234465176169,29.0482643395554,0.427840965834478,597,19.72776773341941,47.53271469958309,-123.46632547418506
107.12906039698059,18.453119361445758,12.984660844472433,0.44561377266339436,130,6.161736986451193,47.88421864359149,-122.07707329466476
268.4498267216911,39.844875407854964,20.482412054656763,0.6845775552472202,611,10.12797918084584,46.02860940443638,-118.35124156381204
301.8070828654857,44.64676211357258,26.839434892383693,0.45315486292251783,715,7.357893733330009,47.877552622299284,-120.78234590718137
110.39523550052701,22.34925520460769,13.696232651806646,0.4665486836086783,179,1.6206904226719963,45.11248602511169,-120.17396000577394
244.95131171074647,41.27509260398207,23.839183396572537,0.578460881210258,658,30.735442317003418,46.50128538309205,-120.97028798453371
156.3165349149489,31.13019762639887,19.38430949701795,0.44339354724314517,1098,18.508072811336802,47.50701339416933,-123.69270040149897
232.92955870950294,34.602598062675064,18.090964992214147,0.49725282808241883,728,4.555572936022468,45.58438626216528,-122.8397515412589
198.02482327141337,35.931832860696154,16.948969055407147,0.44911541861714316,1046,25.26682422596137,48.29201429778774,-120.88120852880677
263.5451493647711,35.05598848947013,16.997806766278156,0.49089659416035386,587,15.44320947854756,45.940125195247674,-122.53570174214451
234.6219131169323,38.58704789710111,18.30984791611673,0.47284673703438557,800,29.628175926461125,47.609124451273786,-123.65014679938226
208.76679076056448,33.729196586325266,20.209509032840444,0.47336088941556786,455,13.933789788416462,46.62078857030132,-118.09445235163723
124.16890205829299,29.23686651982632,14.67180217356226,0.31303108952952974,77,0.0,47.38417438191059,-117.13165229585118
168.5008216291107,27.08566670202976,10.799804471597263,0.606799964485735,1148,8.346066380848963,45.42980221051563,-118.44799988202283
52.7667545655233,23.36735894000082,13.3781555674039,0.3440091334158173,1903,47.364982469081426,45.06765119968643,-118.02350554806733
279.11971896794324,44.066815674321894,26.83625440621898,0.38666374755964583,455,0.9274099368611016,48.638257709521206,-122.30616008778068
99.51848954500795,23.24466731176003,18.251506641813226,0.4545045594658905,0,0.0,46.078520035068735,-117.2756111714076
145.79939171609792,31.915760621717443,11.393518439416898,0.38695646904292097,190,3.939575338767231,48.278708011121836,-122.621520068826
240.18722836029704,44.903009740464626,21.916427684979983,0.4311969749395425,624,14.983004279106016,48.9974012018888,-117.33999132746717
174.86366118942806,33.64556812983315,16.637107081066663,0.43735428217889816,1079,7.10510171761284,45.84572503199564,-117.03626494223835
184.77763805942269,34.5404100716589,16.90328429223344,0.42205481156304053,994,36.44310807726502,46.060682964733424,-119.01794035977765
146.0604834662331,29.83882161205787,12.909763435870588,0.5082819942759259,0,0.0,47.651439150538664,-117.13199387745725
112.45845438393333,24.783692845787073,11.090533213836402,0.4984732211740122,245,0.9274099368611016,48.861794538402485,-120.01322154303027
82.68344168273306,18.308951551581146,8.912096199636203,0.43430241799874436,1595,13.051730847836795,48.66325739276297,-122.18320751776737
189.62215162305372,33.724296053794056,17.82445678049665,0.6053896746606182,1106,17.2095931982308,47.01150208026234,-120.94102880034066
219.94800501213012,38.45964373655634,15.975686636863603,0.4913307454757078,713,2.2747433019992296,48.1804411301069,-119.8450734523485
190.4028141254094,35.1041318810283,17.21795396814076,0.2515243970453602,313,3.093141531170619,45.54298341239961,-123.48842906581089
152.95273600137608,30.881347042843093,14.312289615171192,0.3502205506565552,87,8.392360759569389,48.909752736816046,-119.64359714767927
145.6807259348701,27.052714555836047,13.865925277275268,0.41070164772240364,1231,10.652125247967389,48.857412936143945,-117.13175514266393
132.03749206003226,25.236713381385556,13.385782202154681,0.44213806852268994,1257,7.52044639024154,45.65491583151668,-122.66924645151391
257.93846998863506,44.311999418999406,19.733680644511608,0.5057846193090819,659,1.854334168853263,46.19769249921243,-118.45183418598131
252.58203967319432,38.92506858188169,20.027941337974916,0.4750347855129376,677,1.6581163922283197,45.40061999002707,-117.64470844354267
270.17683303308917,33.59701825833851,15.130993727890322,0.5043846405175345,622,4.094858624542832,46.08687039559272,-117.39408885025846
229.9073048516268,39.72798116878713,20.839370919750113,0.5947969173824427,590,4.835154114676586,48.26382315766082,-117.27905076916187
184.29950068213003,31.52467590561976,19.67002305509683,0.5619729853077444,304,10.587320561093813,46.51326242866104,-120.3497825289497
106.68855228941614,29.241489174986626,14.255391073028447,0.4550522903790607,61,6.0828515346918905,45.353587868587034,-117.15884464405947
213.25364135987277,37.830181234761504,17.663957328380814,0.42205815290468585,478,17.232918454481602,46.368902099115616,-118.69882855005893
80.97561523167569,23.905653361418796,14.500941207233462,0.445876238316808,1370,9.515398780974618,48.92553333696512,-122.86829994634127
269.0976935186288,41.47952649755648,18.765579902248092,0.5781825370744671,595,15.654435654393303,47.518734381036815,-120.66169925472421
222.43606177083944,32.08811280739998,17.52407885232111,0.6069168174355578,516,8.289099835320444,46.664643785624634,-118.97168177239597
173.6871020145068,27.0108742557689,12.805324884460376,0.5857967503547498,202,1.6264808935009043,45.66615405398908,-122.26861778926641
135.8520115274568,26.695984437621775,17.27990489486139,0.5266179362305539,162,6.095025748625256,48.94470718913478,-119.5156937151578
199.12151353097502,39.865081203985284,17.755693292929994,0.4965819464185818,1021,23.25684961735377,48.28339603705251,-119.33379664667366
198.75980580184734,37.99650274179536,13.03741570444819,0.48110891570346753,472,11.070957528425735,46.12590920980368,-122.86110179334004
192.9208369567773,32.36359310096132,16.558190331704132,0.35777075584036855,958,13.534596076649747,45.28027478288476,-120.04440281283071
252.92201863096352,33.83889934580696,16.797845557734323,0.5201331493476932,525,3.091450960756768,45.22650222951023,-118.59861162314975
256.389047659975,43.58293957834662,21.99531127389727,0.379382812885848,741,26.421760460954612,45.481512598022135,-120.5077303482484
85.677088378265,23.564775395067336,14.614331658186755,0.4472299390074206,1669,25.57545784401922,47.32307433445769,-123.91527818256725
272.05670521051553,39.279220576886985,23.026922488958782,0.5532823623215137,623,5.476446385642309,48.71505368482197,-123.93673071644496
146.72163120856297,32.56845986170866,12.600159126223934,0.3882466395084766,150,3.0888552240960676,46.98697371202394,-121.50079459220991
225.7066219231928,45.49051013254762,22.59963512105523,0.5302238187820268,505,7.885801110850931,48.37178192982479,-117.51664152097753
323.8551245552507,41.12281574792868,22.124375913029535,0.5741339715691695,590,1.8543341688295631,46.78354647943923,-122.39926254277474
338.0589433902394,47.94716859561728,22.781759443778622,0.5249373929289322,721,10.189788355964357,47.8343341830713,-119.55945417789819
263.8109372090075,41.9624907117427,24.05172995439903,0.5718578327150722,801,5.447187889255762,47.927490949146005,-122.44546890514675
151.51390656185697,32.386863860120776,16.177937094144898,0.3989582788624211,1059,17.880934882874023,45.69585482361335,-121.74831007238316
131.77288693888894,20.64989808381249,10.366518752762179,0.4384498718649141,1171,2.2729382471772652,46.444864235903246,-118.06370537278961
157.36394437884016,37.07081558443353,18.41693747359969,0.6394613522136616,187,2.309366398667924,47.549208626152094,-118.89796990411037
106.61471887683656,19.87026266955445,8.288752923436842,0.4288787115553285,92,8.04771405882616,45.28278643273747,-123.33220505880753
235.3905818240693,41.385501192410345,23.21208151501011,0.6481656702603928,517,5.701510931903923,46.44616075105183,-120.99908585309497
66.3227158308409,18.896508979254733,9.597485100598306,0.5677941826023034,67,8.408543214701151,47.13919786512477,-123.79581165448315
159.25859033332947,31.557726852967345,19.012489137610704,0.3776935848717712,208,3.2410579526401,48.98489797217856,-120.63376897377894
287.37594979820415,49.75742148622136,20.677604751099764,0.671387450225966,637,7.657609623528901,46.89813425048976,-119.36296191809252
50.759671979831495,10.822791587769396,5.083513996693286,0.17529118934380736,1827,9.568610600834553,48.26422702845729,-123.17048163481294
247.81932746294984,40.16109243111725,19.226920596804035,0.6376398382584078,629,0.9274099368611016,46.72826914026647,-121.97780542763584
169.28997025357108,30.895761090425868,20.820495302595074,0.4048787074798039,311,9.590602843593478,48.185562890478835,-121.2151436214849
43.23213055191397,10.887562352729775,5.167107719787674,0.25075698338835817,0,0.0,47.381659206480435,-117.56328282740765
204.8897130850005,33.25849035345317,18.361145836343127,0.6935824494681335,438,20.95535373229161,48.546381766009596,-117.04721489203925
243.02437539167627,36.2445073586431,16.857862916459023,0.520458009186315,762,2.312354665844925,46.64377020940044,-123.6856209070307
94.91059759544936,22.074818251280114,9.191810916946846,0.38164603436602046,133,8.711298068584243,47.41721767928591,-118.67294453553225
108.33858660113462,20.186106055719982,10.718139675711745,0.24857774544479516,1265,23.42602569992177,47.52007472247531,-121.3979315351836
265.88356205431097,40.296126410299586,22.616306025703565,0.4146301153733951,720,24.25753515761591,46.669531767201896,-121.25279269639364
192.94341005413258,30.01260804113253,15.338545171504027,0.4886108420154883,331,0.0,45.577248174749926,-118.72014518657085
113.47622957174522,23.094981210143295,11.740954007804794,0.48116703691791374,0,0.0,45.37423762764934,-117.57101497498213
237.39601391651132,41.57948853869964,26.10248966912708,0.6679837732184422,808,1.4022215649563863,45.06668620239853,-117.34349983848216
144.1127353965384,30.718209985159934,11.89571811332972,0.3204493757518777,266,16.436240803695576,48.49413705698086,-119.96014189773176
186.1956078378249,32.23769690726397,14.391387013013484,0.599452486197112,325,3.07986428219496,45.94589964895478,-121.50015188489648
247.42493532132275,39.887079355937594,18.522747485924047,0.40466192737002243,762,0.0,45.84602699712707,-118.48715639898855
285.90970526608504,39.43752927065684,20.042576746143023,0.5780306787929324,701,6.080197607564968,47.94414160170426,-122.2429903171639
191.20959090634815,38.08399375905919,21.3015665274418,0.341514802377333,257,3.9338141532457245,46.28006445234956,-120.05148179816537
228.75192071365828,39.10661584983667,20.52775453925619,0.3933717491262972,869,6.182704802404263,47.02417876964735,-121.48995076932589
184.02761983782887,34.05416198035323,15.951374545027853,0.43539870355682275,933,11.291684264920962,45.65004426118983,-119.40358248404486
224.48748731570913,42.63927452021904,25.328006451369756,0.6363914579643959,449,5.709499317146379,48.83898288584788,-122.31720760974545
191.559854358599,35.665999273048,19.754945271119066,0.404364027176333,409,8.185875318756139,48.406325600068946,-122.65884937985622
229.13814323044477,39.38041594015823,12.617565468947248,0.45278385469799126,990,27.594750297142514,48.45515849186001,-117.57232639327194
135.04420805539993,30.710627786301576,14.7772059346619,0.4002312001469932,74,0.9274099368611016,46.62709499428802,-123.28737421935324
230.71832672601408,35.25300228765639,19.04911959632642,0.43205037217533687,765,3.704791833718337,48.04944485482869,-120.45829464585547
131.56027974982365,31.38549953766712,13.321899370213352,0.4408487302236576,0,0.0,45.57550462155912,-122.45403051925894
122.7090675168424,31.62565240170694,16.065291101825604,0.42933186531255596,1584,25.023687080181087,45.03447601036712,-123.72749025672033
134.38168039197245,26.758940404146152,9.664513266184208,0.44033304870404466,110,3.2507081858838527,45.07989173031211,-123.74786827196002
147.52314171304636,29.825726171074564,20.050124183203664,0.48073287104868606,1256,9.850617727423192,47.34640694961824,-122.77344759525921
185.5630852723818,33.22697528203155,14.533035513990283,0.4487489202458073,377,28.12268732107211,46.82157962099176,-117.932607518458
227.4456558199039,38.26014825925375,19.039493363290134,0.5985613755335976,826,1.6110970973968506,47.07206139563408,-122.02264879216081
189.15345689006563,37.10885924084912,13.31771923415242,0.4365113504037029,1158,12.176972322567687,45.029852561668875,-117.34678580597293
236.9185965065409,37.76483289807589,20.046044723587244,0.6804043178316306,490,4.174879160636353,46.690746478629706,-119.92864394907565
255.383975014799,36.02861946336702,15.436962470361472,0.444550000520152,757,23.62586274709363,47.872272644803445,-120.94370067161864
80.20405269404732,20.74355389728195,8.03000734337971,0.39538397092467203,1765,15.547897885762541,46.77077480786974,-119.93937815731381
139.84892767502973,25.756922020106163,16.799236493232065,0.35956836681335735,1308,12.782221419550472,47.92887682524889,-120.38311130341613
252.5213952776796,43.672399490692484,23.550090161880643,0.5248349276315484,754,0.9274099368729609,45.932075857587336,-118.68856622369873
82.0888639027908,20.70105236149339,9.401601644426911,0.3774492058789255,1493,32.04995377872372,48.252568017926905,-122.02252753819003
177.09834467067236,30.0462912995053,16.18006136521332,0.5227012304366858,1068,1.611930762827507,47.35372496181381,-121.52864725879789
242.3645826312538,41.74496607575815,18.437465416173268,0.513913379592772,560,7.542788575151894,45.843052397719624,-117.74133988226724
102.98991161625027,18.00346786585765,10.20651640012706,0.4260151444323713,61,5.042517994991794,45.94688190341533,-117.37480440794717
188.46620023780372,31.097703842031002,13.728064853082744,0.25790946204299664,1063,30.04252940428395,47.51212185827815,-117.75209240759467
83.49971888844878,19.389940359466102,9.346312794653587,0.37754502049718375,1480,9.021723964965554,48.319758372849776,-121.0638640422988
128.8971886629058,25.3043054377345,15.41576705136281,0.3969868909516694,1223,34.79823449621348,46.66251112811662,-118.53744147895183
306.73838773148924,46.7922402668053,24.34228540408731,0.5982775848170431,764,3.0765084792975244,46.03320171651037,-120.66564986689231
105.53602786543433,22.789275363440336,7.916771143678089,0.35767713617429825,0,0.0,48.4680464276424,-120.51722103497728
271.5380094648318,41.53091015600035,20.54962783338266,0.5461764983861338,482,3.9270939585052957,47.67707316700334,-122.56723923659901
115.15126952995244,27.49386104199417,12.430066591958767,0.48739066986444657,177,23.162282633458524,46.79234194913231,-119.86208787719039
134.92856611472803,29.83187949803442,9.922627370032323,0.5201309904111172,66,9.226383606275531,46.95160078111721,-122.69704871572657
137.3240952553069,22.33392710481914,16.318850113269164,0.425108690400537,164,2.282466825342174,45.817025871745585,-121.67904710652964
234.40008569165158,38.784188606125014,17.768137427338,0.4872060088955971,1044,7.108070893379774,47.50721052025938,-118.01478858866045
101.23969915393086,27.996426118488237,19.433794177896445,0.3821549122464396,48,6.813675890546861,46.43497004217156,-122.55046933552401
128.15800942638617,31.088571845877134,15.996233697304072,0.37227587006087876,1698,13.854237983774205,48.9825807066974,-123.50189200378597
245.2723279061733,39.052487961321155,19.171585263610133,0.6807337645549526,704,10.230393610584757,46.920734061047554,-123.51694685171029
121.82217615650072,28.295457848026466,18.892223802877087,0.19012971855954866,95,8.289099835320444,46.943542424758455,-117.41450835647825
223.61917647510438,42.88019850410501,18.27434614313845,0.5582988115076906,803,13.765627625393442,47.26340714964269,-120.45155693426716
257.27320940172797,39.45161063938922,22.346568559462856,0.49026824054823404,649,2.9148926675691893,48.66702401247499,-121.13411549728087
135.60529336284932,28.3871724999791,14.922357690517819,0.5535657969167567,179,1.3292352316012064,48.203272399439,-118.32384993294457
90.56424201338619,17.307279562688006,11.717734482755112,0.44984740866039996,1322,23.737927815951814,46.804520279191365,-118.14921850462639
192.42400525300562,36.97832416521882,17.404495885441804,0.5096972886102468,878,23.71722047033724,47.87479706389119,-121.67466276819077
267.8912507207025,46.55828957352684,18.48999958879478,0.5116274160152078,845,10.096576147615323,47.344941995123044,-119.14467359768344
272.3719595720602,42.06280089010904,25.245571394307678,0.5501027444821982,703,0.9274099368611016,46.969468194804996,-118.6021402890368
144.11222689479808,24.802345035772532,17.027546648497008,0.6251626980945418,255,26.97061880305314,45.769263091137404,-119.41744519193831
177.43327871023638,31.93039915008946,16.48361026588143,0.29656980440613623,317,2.639732286144424,46.85574505381956,-122.93883447639931
240.07887393325612,34.47937171433846,17.23235649734831,0.45955030875126457,750,9.79474058548179,45.9832743480903,-117.8688184153806
126.29765536110538,28.993099228084823,16.309957787717597,0.36061600748316697,1267,23.95422636230753,48.65936859940662,-120.22633813084794
161.76618342671887,33.07266307512457,17.72711125976429,0.48908878483862334,1166,29.623372807209545,46.341627253985386,-122.02269301540997
112.25216579627903,24.20993476540671,14.650663018700815,0.4290693005219421,1414,1.3234964609146118,48.80905605813349,-121.02340270193615
125.00709121935928,32.50315772485153,14.985984642232044,0.41963057388290304,1234,4.536178494499663,47.13222116037885,-123.73700236720765
94.77291023487545,25.32502993197797,12.333235598775875,0.4439723217030257,1441,4.553940411991353,47.52617751470464,-123.10493239144307
141.5319605346288,24.09569640902315,15.852271605244447,0.3981025800482484,128,11.246897200047576,47.171761777957315,-118.64117274638897
71.7025724619173,13.240242302944349,10.164745464926062,0.47999649279106393,1579,13.179858135781535,45.517522467866804,-123.99991855671243
141.06404216671373,31.52433775645759,13.365495551884365,0.368779902436955,232,10.18951713532301,46.50328487603176,-121.08403920062395
110.98128171548217,27.875815862246764,15.348210367033218,0.5280621275752378,24,1.3290235996246338,45.3965844491105,-120.34242873240088
170.43554242240518,28.201158725246938,14.408657823885477,0.4205001233224155,243,1.6312565132701848,47.49181617673353,-123.6175590599932
94.75577198478496,20.485001821264827,12.733420411350309,0.47038161002280565,0,0.9274099368611016,46.78749678080175,-117.18845285919367
275.8022236430943,35.23504034830006,12.074485880642488,0.5243951092038708,776,3.2674546577744543,48.11193988628375,-122.4171226812523
103.6029128658865,31.07753531813996,16.487065424502564,0.40909070337727077,0,0.0,45.88188192399748,-121.87060896254603
230.3450162297026,34.070491909063804,17.086241085177654,0.42180373814097405,564,3.889283576221623,45.65826423371734,-121.8724024142148
139.89189824091517,29.053580715177795,15.419329517095338,0.5678290130002304,1234,27.34887121082559,46.62532892385507,-122.38708336517855
188.17718160877257,32.17139178522973,20.66271474681333,0.4590400006250419,934,8.396326732697561,48.70634153287352,-123.98968324539582
170.02121554375273,32.098347702597465,11.647893057840834,0.5288054505803046,435,2.842618693279997,47.841687260049646,-118.89458644138402
139.5903652379721,30.14580503161002,12.242985335174472,0.5899801770044316,1261,6.132953756054474,46.67569449917168,-117.232081501405
115.09063093999345,20.192968541772494,10.061517944933748,0.45999182271771133,248,8.695382732926083,47.06908867901724,-122.42994561700469
239.5708456069199,28.47675698239837,12.201051371918213,0.654710481850814,677,9.311128616333008,45.336852044708394,-119.35866965737604
188.8210715888599,36.66855347465453,19.094694404762926,0.6465204875211616,263,7.010343877804987,48.93830358550445,-118.80672571128899
239.4363253254979,34.6587174160525,19.765940448761434,0.690841154686322,909,7.775571316421461,47.66562921877968,-118.06102234636633
208.87771545511166,35.147637248220626,17.587692606980646,0.4808704911793887,487,4.606030630173068,46.14161627385369,-121.04159562090473
135.69276893598501,31.00172028950783,16.80473283625304,0.4782561820376344,160,14.694132503307364,47.343233576860975,-121.879483660517
93.452053154223,11.66255948479431,10.042365038117365,0.28240870994468176,131,2.855575162426181,45.437929464275975,-121.72293406183879
82.21392462453619,23.51415124958618,15.961926485108785,0.37534159931171446,35,7.837030384305431,48.86334667523033,-119.01165066831041
255.35510961727914,40.68853433582616,16.863627376499345,0.5164176280440289,725,3.704791833671086,45.69913995153346,-118.28254373446055
179.1275584167044,38.737431170374286,18.45364537588286,0.4444158037124337,265,2.2907269311246803,47.59212127222086,-122.72870222570378
106.70825840189774,24.636970535946674,18.589273294822174,0.48131602049200756,15,2.868971138446098,45.98181785015572,-121.40341294289564
106.51593700879485,24.244728944423084,11.50192524681684,0.3267816750970503,22,0.0,47.87024553059414,-117.68641862275595
211.00921424752497,38.20703524591843,19.029427613400905,0.493407222572722,924,2.7802885155287553,48.10728546896112,-118.35314536213683
82.31681939887774,27.607770682514083,15.359674486299335,0.5462288385698619,1923,34.35665657693808,47.693678915645734,-117.10599118066267
261.32806249112747,43.48324810137476,20.8481859979822,0.5624985965141043,865,13.034698559611899,47.45799784102077,-118.72026218222544
263.8630083846376,42.71779926775861,21.689914581068344,0.49323792276141926,512,1.6703889900992874,48.56987637580805,-121.24763359280455
160.73907573866893,32.581367655249835,22.055724869427248,0.5510662586048813,222,18.775115168798386,45.31450684395903,-119.86553516203753
247.9497220801689,35.36171535396431,21.662167364760073,0.5291375810564374,552,18.12995429217019,46.32365906312078,-119.37290022026876
255.11937073027426,37.09898059766277,23.10626236756622,0.5790229482723546,559,8.282369359277926,45.993149918523386,-123.45080928578014
209.26430686368508,41.434516448064166,21.663999424463935,0.47646595637872713,369,0.9274099368729609,48.952055848261686,-120.18852128627294
68.11951353762669,19.82541792051691,7.101109027359911,0.32271436708800955,2023,24.233440770450414,46.55755911866749,-119.03475420069174
96.12671786687585,18.66476025376525,9.301453933812478,0.36034754687153303,0,0.0,47.930450796961594,-122.82875087199258
83.91092313936099,21.146909433763984,6.959806020802116,0.31172007904104526,1437,6.573312828023735,47.73890065552402,-118.5355779780211
126.32953898988603,24.771824153863285,13.350162910113939,0.40618606226420806,1216,34.355611001806516,45.84832494990951,-119.91359053640122
295.3099038612123,42.652514504076066,22.158856754828903,0.588399195381546,830,11.88397820270667,45.9559907208462,-117.33444750011684
274.2554340146135,46.0352380806393,17.775988619963695,0.524999746034121,787,3.847759130887841,46.12513825421214,-123.70304391255176
99.67631913424724,21.206805054836977,13.588821530282027,0.5218417236036641,70,6.147828747095637,46.644509113037515,-122.14271703711174
182.69626199396438,32.59120974572393,19.02721760184979,0.2872867736746435,322,11.069716222773,45.93730026260211,-119.78912284490123
168.91789727819202,32.71859347966641,15.372542456095324,0.5663301878176082,254,10.421780757257967,45.07860593098739,-121.92408061455849
257.64738904107617,40.56496363400246,22.028471262773024,0.5701804266530598,688,36.07398381228174,48.51757222722878,-118.9990308515013
165.2525430083721,28.778430966923075,15.395544120504097,0.3485330648219045,1053,12.96916479462069,48.86243932552354,-118.68696302234649
234.74950246175246,39.6973028015119,21.1269000488981,0.6150684501897846,377,2.721159877255602,46.366281548126274,-123.28238825153468
223.64080266789745,39.58650758563833,18.561324135514784,0.4430404909443021,797,6.972269908110241,46.354027517701894,-120.40301875055263
204.57715121649454,35.348660129671835,19.736193816742546,0.5545826327611184,1074,21.018489914129557,45.028367251097485,-120.43776611086261
261.209859213198,50.2617271717581,22.819909584771253,0.44564981532085013,686,4.9694629129485115,47.7210027533215,-121.41503460849121
229.09337239654008,33.36355507129932,14.93285858267763,0.3905666844221714,577,6.133595586001882,48.301759582994514,-117.4695259620123
247.45786690085373,38.537990724866454,18.07004474041302,0.38623242511164313,810,22.858869782260353,45.586433201440016,-118.20745576088746
69.06923132355047,17.9626079911319,9.316025227531451,0.15,62,9.447866917731382,45.6386653974686,-119.11953432663255
132.87852133083965,35.80165707389584,17.649291066459188,0.46628153304818604,1284,7.378860558780502,48.16033299988575,-118.99971354985502
99.30072080993506,21.1097126378562,7.869853971936443,0.4750718647759905,1830,27.764745283270674,47.46516299341658,-120.76798699330817
193.5334903933741,34.17092781652498,14.548084759894069,0.3459715450838339,996,4.627367505978261,45.179442230510865,-117.55303835232397
126.51277352002036,33.617101952369296,19.517906708759885,0.38688799656307377,82,9.142490515991973,47.490187961849124,-119.137832009227
21.54432779208542,9.660104534378531,6.525933996932151,0.384579201674212,1675,21.054573242555886,46.235670891375065,-118.89713256840929
110.60187896130938,24.861376586116354,22.442639662987297,0.298499295640152,106,6.194039682762324,46.474900621883386,-117.96816367348859
127.79562745864295,19.779439255069253,13.144832024257033,0.39423298022951575,254,2.29000753427791,48.07892567318752,-122.08149887460466
104.07379040327554,30.79746425021436,13.874069666376096,0.520507460167929,1846,3.704791784286499,48.243740770690444,-118.35050367293307
110.2123454468134,22.90926732596583,10.501494183358705,0.4302218238313731,0,0.0,46.60142650735932,-122.63331577930455
252.03531694509752,40.08928801132194,21.10117857949794,0.4476387464586277,798,21.576988273585986,48.78861174402542,-121.58260633428579
177.21503681433717,35.15238525884339,18.36842264409593,0.32600823635944665,323,1.6455279145373194,46.62585087180829,-121.6507268201111
137.52418945739032,24.638124877464058,15.223624697935877,0.5411569241808849,190,1.8543341688295631,48.087344140920436,-117.15032172127601
141.05687660751553,30.1971088847804,16.860665477773825,0.5734845367910282,1306,17.543235189504383,46.93550905825704,-118.00423943376451
85.3080165341432,24.381503946909415,13.6056403930543,0.2305094878703925,39,4.084203551524936,48.590129306088336,-119.09181096886819
155.34363243588476,24.714645575244308,9.217130153967318,0.620411892670332,143,2.280510483964754,48.63104497460071,-118.91060266869226
245.54605850611878,43.303952005438305,25.419797168075892,0.5177787008882114,479,23.638968422135235,45.34966723148433,-120.065490439182
230.142820422696,38.92303873152389,25.970517979065278,0.6405805218890255,1004,14.432899294361416,48.745973325240904,-117.37036533024036
248.55507257462799,36.45167432653039,16.70123633444762,0.5460988841988502,638,12.936641349810118,48.30213936608166,-120.52618872982347
274.9190639415666,43.325509463636784,20.319125734541885,0.4834498752926931,568,15.504980836726157,48.16524285725067,-121.33637603091074
201.14882227705343,36.413762093731336,23.47913775761222,0.541501323279309,304,33.580250759835465,45.80364535874209,-122.85875264147886
112.47201391988295,23.329345245659646,10.790826971272557,0.37142239140514977,1431,29.141953615509568,48.22047683501866,-118.4965604341726
285.74759865053477,45.07558065755891,21.642326829841007,0.44061357375715354,643,15.228203076856914,48.40053093874015,-118.85889247547087
136.78445551098872,26.362768620062365,16.53749993383765,0.32567152449080294,206,1.8543341688295631,46.1566013378166,-121.30951473033106
139.7096707430605,31.358218236736278,17.73751783492132,0.399987885900735,182,7.583007698750768,48.809040313449295,-123.8236461022854
233.19482689110848,42.085860067291435,21.21068799049404,0.6822438566543508,380,1.6478516682275288,45.199440585596655,-118.12701870597392
166.6761138092873,34.254288879261644,25.12569418542019,0.5682122796518048,1333,16.06304127322335,45.59963701298856,-123.92007411582148
216.8229703168719,36.90561004168527,18.615264696203784,0.38478829789611085,647,2.3045513339414194,47.15032455220606,-119.07410154259665
279.832914025273,42.615048765613736,21.862558194837977,0.32787649200129704,771,4.869377713776131,47.303169884489236,-117.2082002319176
48.93866098162593,14.495384026974797,4.759716730607192,0.3583461185564318,1938,23.85181963797745,47.58060033320361,-120.93637070296258
256.13921765698717,41.700393472581816,19.156194132620254,0.6189317316509837,586,29.11945645323666,45.067876517261865,-122.35518616502833
242.97840244311547,38.76618806621966,22.054371687527237,0.5326892576143358,757,7.127098986980816,48.84146709848852,-119.06590292969634
124.20855133779851,26.515770161420672,10.280844271281566,0.5265658881298633,82,0.9274099368611016,45.17835237093658,-118.28010300589091
178.80317623626834,34.01770807864515,16.362827931211868,0.4610086749031703,1063,6.464860749435276,45.57224781089361,-120.17498778745507
94.61123268118169,23.49180039524861,11.677702549697202,0.3842426893656614,1653,0.0,45.05605807010423,-117.23075307320698
155.76007357207945,33.8785310208155,20.237333892440926,0.5294943164147307,174,7.830426442279135,47.267433733176375,-123.63831894839427
96.65062037513528,20.724153966035164,16.060655723762526,0.3539734126253847,0,0.0,48.72906753568389,-120.4664308118683
249.85413317084064,31.042109957211892,18.03202085218794,0.5480813538415825,499,11.110857963562012,47.66378866432186,-118.97082236874215
120.99585419428188,27.85326436282498,15.347984470427004,0.2797631797472585,126,0.9274099368611016,48.29062987392171,-117.96151670195574
169.84313355147395,30.42113269638162,17.494781788963493,0.5605591938156094,224,16.62075291141232,45.05312481383432,-122.74521071664547
228.9411972476429,36.320178833185594,23.13172642824203,0.4715296904337423,380,2.2906585080572914,47.1680611939189,-118.39997562765423
244.25822647973368,39.29684683413518,19.624432808521686,0.4009239197336264,871,16.875346119163655,46.83825191002209,-120.13105046997018
101.03507447190914,22.943706655585956,12.58551483466746,0.4065184440076521,1486,22.358559440417082,46.99587177688317,-121.22412422607026
199.83221609603942,39.33471255128187,23.02351410598469,0.4516672803248321,552,31.33304158234474,45.288852741340754,-123.07799479994634
201.72543530223376,36.958064166393484,22.870455254800017,0.4675216486399484,947,46.92190933227539,47.73774144427723,-117.94292968763762
223.90311257207387,36.606034733944355,17.60044318245248,0.6439199243356153,526,3.704791833671086,47.01288165943454,-122.899087542742
119.49750836894216,24.23437924398133,15.377118671953417,0.3187377652300342,103,0.0,48.060595399445056,-121.8314849855363
60.495721088832035,15.396724037380045,6.962797539544287,0.4044214705939976,1483,28.636914882271263,46.941162536246864,-121.96968127626295
75.02484445797688,21.30337276719618,12.086893103792583,0.29856560869484816,1385,39.91806459707646,45.597526544905726,-117.90010176066401
