rh98_shap,rh50_shap,canopy_cover_shap,elevation_shap,slope_shap,actual_biomass,predicted_biomass
28.576809,6.615902,4.946172,-15.320633,-0.30643654,204.46294095795628,204.35541
40.651833,-1.8717363,1.349082,7.2619824,-2.4273043,223.28000871536963,224.80748
-21.406973,-1.9176025,-5.6026893,-24.719679,-4.216387,121.899185026927,121.980255
56.221928,-4.0250726,-13.671164,10.886832,-5.388389,223.10073137130613,223.86777
-26.571646,2.956795,-1.871179,-33.27762,-0.31003776,120.60705115425252,120.76982
15.086015,-3.0969648,-1.4790944,22.483793,-7.95763,202.4435334779629,204.87978
28.607363,7.2331576,4.049257,-28.301449,-0.3085652,191.1695366366533,191.12334
-23.97989,-1.231797,4.817729,2.513651,0.028601754,161.9937000374047,161.99194
-50.71002,2.0251215,-2.9699347,-28.141788,-1.4354222,100.1194628739251,98.611534
58.39293,-2.6437688,2.4891095,10.591129,-5.347768,242.34749997721835,243.32521
48.334118,1.8064271,4.058723,-26.890339,0.7819868,207.53644221627505,207.93445
-48.0796,-2.0609348,-10.259331,4.290194,-3.1083107,120.68474782356272,120.62551
15.173311,-2.6817884,-1.3673548,-18.364485,-1.3397505,171.7360437857204,171.26353
-8.356101,0.29197836,-0.8188801,-0.6651179,0.34508264,171.72968822515992,170.64064
-18.738634,0.9877015,4.1897273,-17.418741,4.482612,153.4938103422718,153.3462
-99.01813,-1.9152018,7.3172245,-29.246792,-0.4740912,56.39576807881281,56.506603
-12.516049,-1.3360178,-1.775626,-21.372417,2.2150068,144.85276604394443,145.05855
-13.312069,2.2267575,-4.4432645,-1.9592795,-1.5998294,160.61444800353186,160.75586
-19.204655,-3.0796266,-3.7728908,-28.278063,-3.0472074,120.89938437283152,122.46109
35.96079,2.0028162,0.11619658,-11.155903,-1.1614709,205.4606167523204,205.606
23.27008,-4.23534,2.5518374,29.044779,-0.75163376,229.82524002858324,229.72334
20.010046,1.5414832,1.5697416,-42.370907,1.0505513,161.82247950850905,161.64444
38.566975,-0.7853463,-0.10310063,-38.589676,-0.18927819,178.6188118970738,178.74312
61.045135,-1.6128781,0.48417822,-12.564687,1.2056981,228.1926651208744,228.40108
-15.85957,1.23406,1.0954366,-33.474903,2.203973,135.04912530252878,135.04256
-75.240524,-2.4122643,-4.913254,-31.70224,-1.0899909,64.18670211404591,64.485275
-29.778776,2.787195,0.5030217,-30.682959,-0.41639778,121.86525404197432,122.255615
34.872696,1.2946099,1.4313132,21.898449,-3.0245316,235.77536550476435,236.31612
-77.532585,1.6628947,0.12733471,-30.924084,0.81608015,73.96977538773235,73.99316
13.439449,0.10786117,-3.7277262,-47.046406,-0.7596833,141.8879250914173,141.85704
14.583117,-2.269637,-8.256145,-7.534041,-1.7986864,173.289986208744,174.56818
-54.026146,-1.7481152,1.5534551,-24.923422,-1.7235196,99.01618832914936,98.975815
47.300602,-1.8586231,-3.4814906,-8.610238,-3.590128,207.41512145648423,209.60371
-46.446556,-2.6193407,-1.4364654,-31.944681,-5.142662,92.08337328127008,92.25384
-92.2269,1.3994254,-1.547567,-25.538197,1.3327873,63.25410246121718,63.263138
39.34742,0.44265276,3.2912307,-15.211475,-4.572411,202.54183149112276,203.14105
27.276033,-2.2176754,-0.5252101,27.981712,-1.6565274,230.27621135896828,230.70193
-1.8788631,1.1094364,3.3927374,17.666222,2.235845,203.52671583480577,202.36899
-12.864235,2.6336327,10.229235,-34.37462,0.8050969,146.84957019353487,146.27263
-47.381405,2.8355906,2.666488,-28.442139,0.8732615,111.0170530598068,110.39537
-23.407166,0.39167684,-2.6081417,-0.114141166,1.4412416,156.14514006165405,155.54709
59.999336,-3.810874,-5.7366767,14.045805,-8.859624,234.8841836861897,235.48152
-48.68603,-1.5141699,0.19963926,-15.67311,-4.3961005,108.19006022237429,109.77373
54.919525,3.270264,8.529232,3.6414394,3.3032653,254.15186400531573,253.50737
-46.685654,-0.77668923,-0.041231833,-19.197544,3.7660227,116.96384562103184,116.90846
-26.418854,-2.316093,2.6688788,-9.093253,-1.2632082,142.14159504332122,143.42105
63.137817,1.9964184,-5.841872,20.78289,3.3463404,262.2839354110332,263.2654
75.11462,10.066414,3.8507376,22.063835,6.414243,300.2104337926422,297.35342
57.736687,-0.74677503,-2.2282364,-16.856699,-0.46354297,217.18540535328583,217.28506
-27.100832,4.306246,2.8543823,-16.011719,3.7442918,149.81684367103549,147.636
31.260145,3.4942787,0.54947025,6.951826,-1.2093556,219.34475697851772,220.88995
-14.4677105,3.842702,-1.2188011,-0.43334883,1.1296012,168.84797178062394,168.69598
-71.150734,2.6282885,-4.963362,-19.135664,-0.5253765,86.94940668271403,86.696655
-64.95986,-0.21478523,3.256532,-22.244112,0.12153332,96.62094770546616,95.802864
44.3385,-2.044194,2.4010744,14.407287,-1.3863226,237.46541555063905,237.56
67.01661,-1.4997355,-0.058720756,23.281332,2.0312848,271.36690000994474,270.61462
-5.791223,0.12916711,-4.897739,-34.88645,0.111461364,134.7090785433826,134.50879
15.422526,7.746231,0.107613,-39.96496,0.5060301,163.54793676104904,163.66101
-44.952164,0.56531173,2.6594002,-24.416368,-1.2622185,112.63648049999664,112.43757
75.68528,2.387184,3.3638387,24.260443,-3.5388598,282.05654350484843,282.00146
13.374579,0.4210782,-4.6405563,-26.767002,-4.7997355,156.9647869623794,157.43195
39.01519,1.5609958,0.27632153,-40.650036,-1.7290438,178.3369971364165,178.31702
-45.750977,3.734066,-1.6042804,-19.151793,3.6432633,122.23048399182572,120.71381
-54.101475,-1.8707246,1.6268746,-30.887009,-1.4242018,93.28752664435494,93.187065
40.09433,1.0953927,0.25241455,-3.9898546,-0.9054015,215.98144941386727,216.39049
41.11492,-1.3424828,-2.6028435,-0.65114397,-0.97170806,215.4640638227141,215.39034
25.456188,-0.49976712,0.18619327,-16.294012,0.5409238,190.1018281140709,189.23308
43.188816,6.089199,3.4065342,-18.32909,0.6559096,214.7340547895363,214.85504
30.867126,1.6233377,5.0691304,-20.130972,1.264891,199.01666999534405,198.53711
35.999744,-3.9095829,-4.5881424,3.0908182,-4.9804263,203.43522871677197,205.456
30.341118,-11.052018,-0.110291116,-8.96185,-4.3289266,185.7532105182906,185.73155
35.406372,1.1748892,-0.17821938,-7.576209,-4.0650873,203.88237980725285,204.60535
-47.60079,4.193617,-5.1171746,-23.44592,1.8703781,109.35544250198387,109.74366
39.723927,2.422999,2.189437,-9.407213,0.5374436,214.9545228556957,215.31032
65.396095,0.26647338,-1.2134476,20.44436,-1.5655124,263.1141194254037,263.17157
21.82093,-9.509951,-3.7412033,25.084118,-2.3746984,206.04948403851424,211.12282
-42.85632,-0.7663689,-6.2119293,-32.450264,0.5522467,97.69941545007882,98.11088
-10.48463,4.3138947,8.942337,-6.5311427,4.432533,180.19808049935443,180.51663
60.545315,-0.62602514,2.0211341,22.691023,-1.2358389,262.5491330951142,263.23944
-38.56955,1.6469852,3.6788595,-14.804066,1.5933402,134.38198915087648,133.3892
33.46118,2.506417,1.3750243,36.38968,1.1206738,254.4389164577809,254.69652
-27.18397,-5.629264,-2.556376,-45.73277,-4.929435,91.37074437839148,93.81167
50.91956,2.4746008,0.4518762,15.720657,1.0475621,250.71601129082129,250.45786
46.14478,0.31359425,-0.8294437,-11.06249,-2.3807998,211.28351841166688,212.02914
-61.63197,2.9908826,2.5999913,-2.5767684,1.6271083,124.2172834354934,122.852806
54.944054,3.3262136,0.61522645,23.42324,0.5596717,262.5947388321479,262.71213
-56.81841,-0.03771247,1.4871757,-24.539686,-0.0627878,97.67145128098812,99.87217
-41.95689,2.8476636,0.07102789,-19.250515,0.86529446,122.82563553086204,122.42011
39.660572,1.9557871,2.2737012,9.888567,0.32520926,233.6825139647981,233.94743
57.78929,5.869968,7.837478,22.340967,0.8489836,277.8333881678627,274.5304
15.312786,-0.49344483,5.6998715,-49.20927,0.10668723,151.00283803989618,151.26028
61.152782,-0.98458374,0.9134017,19.588747,0.28874213,259.5013604117518,260.80267
30.418882,1.218487,5.149991,31.143871,2.3622892,250.45594912588209,250.13724
18.714748,0.73333734,-1.4982418,-3.0606363,-2.355594,192.6124562861168,192.37721
-26.61149,2.5985363,-4.8129063,-27.967703,0.392417,123.80087317034088,123.442444
63.707436,-1.6673582,2.9216366,20.75951,-4.3177423,261.3699058888496,261.2471
21.518433,-5.609729,-4.266517,-7.855716,-0.8639513,182.91126935938115,182.76617
-76.89952,2.1718202,7.1260147,-31.199484,1.2418503,82.0754598593378,82.2842
-3.8796818,0.48875353,0.8610913,20.61102,-3.1510892,195.16028222591288,194.7737
20.642548,-2.2727046,1.7383713,-24.338593,-2.4595182,173.24765963162957,173.15366
-89.91493,2.393854,1.9618286,-23.852762,1.2787505,71.96363918711496,71.71022
71.8354,3.4028425,4.972789,25.13771,2.6891906,289.78229398137853,287.8817
-44.958237,1.9696534,3.973108,-22.47339,0.07464755,119.02231754531878,118.42937
-50.957283,-1.3316541,1.406816,-32.89961,-1.1411295,94.94729094774456,94.92077
-71.43266,-0.7320495,-0.985788,-30.906881,-6.196023,68.02667012437084,69.590164
27.59455,-1.0829606,0.12435419,-1.6288358,0.054308012,204.96168791474764,204.90498
-28.524378,3.2485058,2.2941504,-10.838148,0.48343524,148.71601089577882,146.50719
-53.540245,0.16642694,-6.868752,-12.2626505,-0.8377889,106.58680994376272,106.50052
54.74493,-2.6540124,1.2066061,9.850906,-5.01922,237.6542027208536,237.97287
-49.755302,-0.2531672,-0.61664724,-21.537134,1.3264306,109.28371102042234,109.00771
-62.31384,-4.6153135,-3.8226366,-19.200245,-2.7317786,86.70195803618961,87.1598
64.478134,-2.1406498,-0.6516669,14.981614,1.1258974,256.11315025419805,257.63715
11.596803,-1.58689,-2.985949,-53.85703,-1.93932,130.87914722702942,131.07114
-40.887856,-4.1428113,-4.809038,-38.42598,-0.6735437,87.76131984810515,90.90432
49.921993,3.998144,-0.84887594,13.883539,1.7083739,248.6751996286811,248.50668
23.60419,-5.7374063,-1.968176,23.502125,-2.3637228,215.42708017220497,216.88068
21.025595,-1.4724978,3.2197177,-1.6301187,-1.7672398,199.14896160976755,199.21909
-102.746155,-0.24119155,-5.556439,-27.81119,-2.8947847,40.50489351595984,40.593803
66.18773,3.585056,4.685268,24.051426,1.624251,280.4139789768057,279.97745
-16.089222,3.214695,9.617073,8.25708,2.17645,187.5713568469508,187.01968
13.969932,-1.1511779,2.7977316,-23.90938,-3.1458087,169.16804325247165,168.40489
-79.56807,-1.2412286,0.85045373,-31.849386,-2.12348,64.96175165510824,65.91187
26.2073,-0.6741976,5.728482,-29.953125,-0.6585105,180.46724791534183,180.4935
-4.8949776,1.0325944,-0.13637865,-37.79177,0.4787506,138.3920669574687,138.53178
29.071085,-3.9811707,-6.588518,2.387782,-5.0733,193.6815527740594,195.65952
53.91695,7.282713,7.2461686,28.969442,3.3105087,284.2555185550219,280.5694
-17.678871,3.4367468,-1.4245172,-23.147083,8.839025,150.09850731009814,149.8689
49.757973,1.383553,6.1394124,24.24493,4.189182,265.7037816996767,265.55862
-24.57687,3.3245542,0.46824488,24.509287,-1.043543,182.44653085919228,182.52527
-42.13977,2.3131335,5.485739,-19.435291,0.18704328,126.93814870438864,126.25445
29.110992,5.0989027,4.4437733,33.24843,0.9319861,253.6859625228965,252.67776
-56.68679,-2.6968305,-0.85335267,-38.76755,-4.2151513,74.97391938275813,76.623886
-98.681015,-1.896979,3.596659,-30.254107,-3.4252665,49.48238450589618,49.18284
48.499504,-0.2848774,2.1017218,0.8529445,-0.34869283,230.5444024158368,230.66423
23.578705,1.3564727,4.7509203,-6.4647565,0.6222126,204.22885552523192,203.6872
-11.986748,0.20318307,-1.5656053,2.8079562,0.70197153,168.82041563525345,170.00435
29.4322,3.782506,-0.12586783,3.8382015,-0.25996786,215.87285489092957,216.51068
38.048065,-1.6648091,-1.5969529,18.679348,-4.732634,227.1728078288959,228.5767
-29.08506,5.2382216,-3.2557516,-26.046917,2.4848294,130.09202434073907,129.17886
69.39115,-1.5117118,1.2604942,20.660099,-12.262717,257.2643295725007,257.381
-36.41666,0.33293056,-0.4971638,-22.63338,-2.6587157,117.77836741908378,117.97062
-18.010447,-0.48983914,9.83363,-12.358506,-2.3273618,156.38094407584447,156.49101
56.261818,3.7053137,4.520599,26.085209,3.4255676,275.34004409497345,273.8422
-4.8972273,3.601385,1.1722386,-14.230231,1.8150506,167.65344769727764,167.30478
23.113989,-2.781064,-2.613486,-36.202835,0.03745286,161.32190043240888,161.39767
25.114191,0.26972255,-2.8170626,-6.4844174,-1.8970473,192.7889331060701,194.02904
15.067987,-1.045509,-3.246791,-34.29775,-6.616958,149.49477072905896,149.70462
39.405025,6.875497,6.116033,32.48816,2.8803422,269.72097279494443,267.6088
-24.540977,1.3304967,-1.616259,-16.32189,3.6952353,144.33167782117567,142.3902
-3.7172782,1.4306394,3.1901624,-8.674706,-0.28558722,171.73635728697818,171.78677
45.2085,0.4121828,-2.1966536,23.488558,0.84567213,247.80918494913985,247.60191
-19.973478,-1.8681817,-10.7575,1.3067713,-6.745843,141.3796332286165,141.80537
75.0816,0.68324643,2.0101678,24.708117,3.4045668,285.9446969126358,285.73135
-18.987535,3.924104,0.36215532,-26.9105,5.4503303,144.4758482274007,143.6822
6.9991193,1.5946144,15.195705,52.39447,4.6030374,261.6019075501163,260.63055
34.98993,5.7614264,1.5493815,30.963129,2.121393,255.2523018127043,255.2289
0.15228486,-0.63147074,-0.8471971,19.659153,1.1053311,199.14350663914564,199.28175
-24.17704,-1.2327217,-1.5955278,-22.368233,-3.8562443,126.5478161801549,126.61382
-19.59898,-3.840869,-2.8288891,-44.428158,-1.8607985,105.78975097328822,107.28583
38.886055,-2.720339,-1.9427178,16.434216,-4.3527374,222.9866931589321,226.14812
62.005154,-7.108075,-3.2834938,19.924925,-3.3202198,246.96898840610203,248.06187
-49.559322,-3.7746725,-1.7563595,-21.511477,-2.921377,98.33832803114504,100.32041
-40.04211,-3.60491,-3.0423086,-36.209934,-0.74733526,95.49822810187108,96.19699
-12.478845,0.75611717,-0.03832895,-8.373975,1.9192704,161.7689700206162,161.62788
-50.798298,-1.2940285,0.07398181,-34.973637,-0.1474544,92.52457121886668,92.704124
-70.92037,3.3669357,-0.46661133,-24.101568,-0.48096597,87.22796459489773,87.24098
20.301365,2.958686,2.3066182,-11.862226,2.3058467,196.2438695005672,195.85393
61.946873,-3.8743038,2.3936577,15.565967,-3.754788,251.2011326558556,252.12108
94.533295,5.278713,4.941675,25.41665,2.1320968,311.84240101255386,312.14606
-103.310936,-4.198996,-9.495316,-27.864887,-1.6266311,33.3589972006748,33.346783
52.72399,-3.691226,-1.4561276,9.345181,-7.322626,226.72127311470035,229.44276
-14.72851,2.431588,0.20635039,-39.12193,-0.4069878,128.32031386273442,128.22409
28.725956,1.0122327,3.732479,-26.620338,12.516694,199.5181827417038,199.21062
-65.80012,-1.6059139,-2.5640612,-32.379837,-0.37644142,76.77744370719923,77.11716
46.179512,3.2473063,2.9308252,25.68065,-1.4505199,256.98067850622675,256.4315
-60.61599,-1.2843568,-1.4390981,-31.501339,-2.9465997,81.75459269151021,82.05616
-19.225267,5.7240887,-0.8093018,-28.006027,0.8717913,138.6409435804779,138.39891
19.10955,1.7934057,1.8459003,-0.6911806,-4.087046,197.1912655592293,197.81425
-47.110565,1.6024345,0.13393529,-28.146797,1.7789112,108.1438696659458,108.10143
25.300762,-1.594597,3.1674886,21.612343,-0.23037119,228.03879130339425,228.09921
-83.75309,-1.1255077,-3.61419,-37.16179,-4.929078,48.84672335622342,49.259853
-33.50473,1.5895754,-0.2726341,-15.864567,2.067122,134.05814974693112,133.8584
33.546448,-0.6189743,-3.9972103,1.3966585,0.49879196,210.85940221663813,210.66933
-7.9255347,3.1466374,3.8489065,-28.62799,0.8646166,151.59043749563068,151.15024
29.697336,1.0044587,3.0035987,26.775595,0.87735665,241.3494670281899,241.20197
46.072674,1.8154271,-2.0727189,21.902914,-2.2679725,243.7835736565104,245.29388
60.542255,3.5486264,2.139621,20.580488,-2.2144234,264.9509575362049,264.44025
51.49238,-2.0344317,-3.3475995,-9.668975,-0.8813547,215.19507774890047,215.40358
49.85051,2.4536204,3.5377274,29.48985,1.7245704,266.89498804664004,266.8996
-6.0451727,1.5478438,3.1980681,-2.6340034,-0.60893416,175.2158298449929,175.30151
-28.581059,5.18361,1.4496139,-29.219,1.1915249,131.25176449942032,129.86824
34.31402,2.0129197,7.2066655,39.439026,2.741342,266.128163522525,265.5577
47.401207,10.763947,7.992579,-0.27697146,-0.22844988,247.4271501767913,245.49593
38.259686,3.5239704,4.725881,-18.872736,0.39642742,207.87953708598363,207.87686
61.10861,-0.22830345,-0.12437165,6.9476666,2.685995,249.61629317304224,250.23317
22.149162,-4.555059,-2.4610014,28.016436,-4.005587,215.2029951613606,218.9876
-5.6133666,0.61302376,-0.23706175,-23.498491,3.0881705,155.0764821790274,154.19583
-12.910849,-1.0995991,-0.70870936,-14.300093,1.5638658,153.06998013065692,152.38817
69.73219,3.0981576,2.0286999,22.674623,1.5620633,279.7496763518235,278.93954
-13.653829,2.8827243,5.6517363,-38.06243,-1.0225602,135.6769281437713,135.63928
-29.679642,0.03343677,0.14790528,-4.305678,0.8491174,147.19019696750996,146.88875
66.14328,2.4923084,0.8272099,23.468798,3.0244255,276.4890941380272,275.79984
25.164312,0.86218166,2.6571987,33.94072,-0.9411304,241.3928465128457,241.52693
65.955505,2.4169009,8.036973,4.6784296,5.4821005,267.3639918528783,266.41348
-1.8441905,1.2257475,2.3086321,43.65994,0.6778623,226.6983283601087,225.87172
18.207792,-0.37638053,-6.4780846,20.107864,-10.468566,199.69217715759504,200.83621
-94.18417,-3.9879794,-3.0257828,-27.7197,-2.3024962,47.69521805374542,48.62335
-57.08158,-3.3984923,-8.97635,-24.472954,-1.3339698,84.09909296815222,84.580124
6.1848416,-10.056954,-5.885463,-33.822968,-6.657313,127.8189738158309,129.60571
76.948456,11.35644,7.248776,28.37223,3.9886248,308.89909261563093,307.75827
-40.747555,-2.5566323,-0.71922266,-20.103434,0.25579417,115.7242800452604,115.97248
14.506209,-1.4852905,-2.4617674,25.643515,-0.90141636,213.9581483246839,215.14484
26.742418,1.2875061,1.5568807,-17.83053,3.6962097,195.5535190761622,195.29605
17.86502,-5.9617453,-4.4883504,-2.883794,-2.91634,179.31209811265035,181.45847
35.65902,-8.58156,-1.0985184,-0.76777834,-0.7735169,203.68109510387765,204.28125
-39.93678,4.1125855,3.3448777,-12.805235,2.9430027,137.95412094893317,137.5021
-62.478233,2.3183177,-0.5833471,-25.333248,2.9014401,101.37120967189692,96.66843
7.354827,-1.4409242,-1.1654614,-23.88318,-6.2860875,154.15580364490603,154.42279
13.094526,0.19321261,4.945201,-47.243958,0.24424234,151.2466477637314,151.07674
30.011028,7.7791686,6.2704296,36.714306,0.64600235,262.9944105929258,261.26462
56.245796,5.7877803,9.388504,26.638021,6.1525784,287.0365888517206,284.05627
-62.215332,4.7492433,5.961282,-13.189452,2.4436448,117.92303781578572,117.592964
67.614105,8.629182,2.2767847,20.192118,4.12139,283.47775186431755,282.67728
53.505196,0.25859797,1.188843,20.437643,0.7520597,255.39791771974427,255.98608
-10.504654,-5.282702,0.40756252,0.39953324,-1.0413984,160.396626484949,163.82205
45.358738,1.386585,1.665109,-21.91774,4.9921246,212.30389954297397,211.32834
-45.99692,-1.297989,-4.098391,-27.964333,-2.412663,96.56225810479722,98.073265
25.623066,1.981847,-0.53026265,2.4442368,-1.146204,207.7505405647738,208.21628
-71.45529,0.76521266,1.9651281,-19.575403,0.15925328,91.58185202072968,91.70247
52.54871,-0.09934113,2.3968444,21.1045,-0.59837383,254.5978986639277,255.19606
61.662888,0.77413756,1.96291,22.17326,-0.43183768,265.68625871400627,265.98502
-74.14264,6.21148,4.270623,-31.70436,0.45327786,85.21142087219852,84.93192
55.515152,4.181201,2.4877117,28.680044,-0.16416973,270.91178932353586,270.54358
10.756723,1.7346878,-2.169238,-53.0414,5.731412,143.21327140951774,142.85573
-18.27743,-2.8834968,-1.393819,-34.850536,-3.4222813,117.42245992997142,119.01596
-88.555954,-2.9855752,-5.984886,-26.980202,0.071382344,55.40213436341787,55.408314
-80.8377,-0.73225045,5.4191465,-18.552877,-1.5329868,83.8285877100982,83.60687
-67.6375,-2.413979,-2.1227646,-21.70137,-0.5553429,85.8578818004629,85.41264
-25.93428,0.12109309,-10.854783,14.892559,-0.5527283,157.03773884900409,157.51543
-27.532667,2.2992885,2.4432867,-23.922003,3.2768145,136.8670999147667,136.40839
35.986824,-0.7925029,1.6492499,-5.6287026,-2.5765724,207.4481541465412,208.482
1.2875233,1.0914176,0.80514693,45.646965,2.0211375,230.79929459905023,230.69589
-58.509056,2.57376,3.9024737,-7.7516465,1.0521051,121.18249458261496,121.11121
-41.574635,-7.8184705,-14.114249,-35.753883,-0.9093503,77.95384721723406,79.673004
27.134348,-0.6365887,-11.220892,23.304857,1.9320537,221.15486236560747,220.35742
-17.702303,-1.0741192,2.4944155,-39.75721,-0.7115528,122.22230390798742,123.092766
-70.70766,2.0784652,3.4717326,-24.23143,8.916721,99.3261413040718,99.371414
42.58889,-3.8840485,-1.2944076,2.8829405,-2.7537873,216.4520746472594,217.38313
62.080635,6.4775214,8.086382,32.047047,5.985079,299.39871945737536,294.52036
-32.433525,-1.3205292,-1.2791352,7.462179,-2.754202,148.38069949583883,149.51839
-19.218582,1.3147304,2.0059726,19.983202,-0.22493188,184.11718766461425,183.70406
15.699641,-0.41517088,-0.97624993,-12.856231,-2.155381,179.25426203542048,179.14015
-106.68072,-4.9033375,-5.73622,-31.041815,-2.4372547,28.805626222198317,29.04418
6.098527,10.606274,7.438626,0.32390863,3.0196898,207.36281122947508,207.33061
-29.500895,1.0104238,-4.9000764,-31.338108,-0.6377233,114.51281612928956,114.47722
9.3276615,1.810615,-11.088554,-27.53224,-8.684799,143.36935605852986,143.67633
72.315674,2.7185073,3.2913382,8.461584,2.8011246,271.463477024289,269.43182
63.78272,3.1923556,0.46594274,15.148396,-1.4823442,261.0685626611475,260.95078
67.43849,-1.0239232,-0.19166078,23.787836,0.9147393,270.4503837777183,270.76913
58.229515,-2.182642,-6.3304696,12.027629,-5.437475,235.55051398560764,236.15019
-12.13518,-0.41947457,-1.027047,-4.4921007,3.1101885,165.6320196188305,164.87994
17.172106,-1.3536491,-5.028025,27.032078,-1.3960083,215.3432888531356,216.27017
7.840306,-1.4757222,-5.6421657,-53.629578,-1.3884462,125.23016812640924,125.54796
-59.63404,-1.6424199,-10.11317,-34.420967,-2.159423,71.7783908058669,71.87349
0.56772506,3.8378696,2.4477615,20.38138,2.42773,209.23419821145507,209.50606
-18.992538,-1.1139483,0.8573277,-39.860615,2.11353,123.18312009602656,122.8473
13.72097,0.056000248,2.5381398,-22.838663,-1.6726359,171.2663407352007,171.64752
-4.129026,1.6614358,1.3309431,-4.3363786,2.0871766,176.94474527181416,176.45773
-56.07924,4.0730667,1.1871524,-19.274616,1.8339907,112.26699838634268,111.583885
-90.73942,1.9707359,0.2503173,-25.790756,0.26507553,66.2141422834606,65.799446
-39.69173,5.549018,1.6822462,-24.398941,1.0925539,126.25463375164485,124.07661
22.78592,2.7429218,-0.24301149,-23.39447,1.2075093,183.48457661686768,182.94246
54.407513,-0.9149393,2.923068,-6.3742414,-0.64697945,229.3344430520188,229.2381
-48.40285,2.0030828,13.621004,-20.935703,4.1759486,132.9800049231551,130.30515
-33.172985,-4.4826407,-3.285128,-25.153486,-3.0599267,108.04346030545408,110.68947
-64.774956,0.95995355,-9.697146,-22.892168,0.2621638,83.65983519396497,83.70134
44.275723,-7.6883273,-2.3992188,15.858742,-5.6672425,223.5286614242468,224.2233
18.848154,0.015401028,-1.4567454,-54.33336,-0.8723827,142.3242649857313,142.04472
-6.810425,2.845684,3.7734861,5.4843717,-0.66688806,184.53573971924055,184.4698
-7.476419,0.8257109,0.57817096,-25.340462,7.1763806,156.02598960438314,155.607
-8.650019,-0.26516587,4.8933673,31.058262,-1.0392601,206.92516981466923,205.8408
17.562378,0.41965044,2.2673962,2.3065264,0.07738125,204.1144052725766,202.47691
13.047517,-1.6708666,-7.3972135,-43.334328,0.5758932,141.153354603434,141.06462
78.202126,2.0848305,-3.0719934,22.469759,2.9487777,282.3004796064528,282.4772
50.035683,2.1963027,4.2293124,14.997942,-0.7705035,250.4434206690927,250.53224
-1.1540359,-0.25210312,0.58405995,-1.7944689,0.59243727,177.76814850196828,177.81946
47.848534,2.0082228,2.0799482,10.219818,-2.070365,239.66025207246744,239.92984
52.179523,0.43217877,3.216067,14.366091,-0.39961758,248.9373063557201,249.63776
33.96694,-11.004373,-4.497137,-20.150047,-4.8043613,172.81537664116237,173.35463
33.13175,3.6690688,5.9630685,33.11653,2.975908,261.287405414297,258.69983
21.407284,0.3676144,8.229852,32.082375,0.2711436,243.5696906153541,242.20183
-46.001945,0.29585186,2.3167353,-12.02098,0.8907162,124.79884471319912,125.32397
-41.080444,0.54453963,11.098725,-10.778966,0.7205165,141.16029331137807,140.34799
39.823486,-3.0881853,-0.2365416,21.83602,-2.3790927,235.5043712800197,235.79941
27.026268,1.9318875,1.703171,9.291606,1.2245858,221.39387401708703,221.02118
-66.40641,4.3067274,2.9790392,-15.848418,0.50321406,106.30044612718238,105.37771
53.6955,1.6089516,-0.10866194,20.976486,4.689412,259.86271764331707,260.70547
-20.983202,1.1724997,-1.2687445,-21.870424,4.154682,141.85813474397656,141.04839
-27.96092,-3.3583522,4.174414,-18.3688,-2.3904514,130.22750891303167,131.93958
49.782845,3.9995348,4.860977,23.95061,-0.26017773,262.7063814123127,262.1775
77.222374,9.498294,6.080043,26.781504,8.203209,308.34590323586065,307.62927
22.301435,-0.41730005,0.54318434,25.980953,-6.637039,221.1337537870912,221.61485
-22.790762,-4.5670586,-2.1243458,-32.18151,-3.1040838,112.6853457279215,115.07578
-29.961618,-1.7926313,7.98831,5.497293,-0.13839693,160.54646845546188,161.43665
13.019916,4.2571864,3.0894086,-1.4481616,-0.45576668,197.6988659882189,198.30621
-29.985188,2.644046,-1.1786772,-31.039347,0.45971414,120.58188516319568,120.74404
13.66887,2.6113741,-1.5180256,-14.114691,0.99885315,181.66486400054973,181.48999
37.241318,-5.294207,-0.28121862,-11.289807,-2.0197115,197.974110982053,198.2
-31.517527,0.9023393,-1.8053803,-21.967398,4.2510576,129.9830960458532,129.70674
43.994755,-1.9754145,-6.226276,18.293928,0.19122261,233.75868720798945,234.12183
-5.8650084,1.233732,-0.34934267,-23.389793,3.3296123,155.60958939948117,154.80283
-51.164795,-0.20349793,7.735824,-23.784039,1.6672779,113.84880173203592,114.09433
60.24532,2.8544364,10.653653,21.852598,3.0301132,282.0643679655085,278.47986
40.73333,-1.0099792,0.34189627,19.144096,-1.224368,236.81781171487592,237.8286
73.78228,18.090261,7.6191616,21.786135,9.47184,313.66367978775963,310.59332
-15.638518,-1.4440591,-1.1938577,-55.174152,-4.430969,101.24468386513855,101.96195
-12.914487,3.3260226,5.0671363,-28.398418,0.39488333,147.93928678406317,147.31871
60.289883,-2.504711,-3.0522618,18.829866,-0.07000573,253.2300801482268,253.33635
53.504128,-7.6742287,-2.3811555,21.330479,-2.9510534,239.84891187797643,241.67183
-60.775574,-3.693286,-6.767793,-43.203354,-4.1873255,60.47540482522058,61.216263
-85.53169,9.704376,0.55707216,-23.770252,1.2113184,82.17650650117258,82.01435
-14.026786,-1.2453402,-0.4488184,13.111084,-3.8144844,172.50163338722007,173.41928
-42.47617,5.101771,4.6614914,-1.9943695,2.846803,148.0963621120101,147.98308
32.644966,-2.6254373,-3.4013543,21.532442,-2.620321,225.21034932628655,225.3739
49.072746,4.0186996,0.7216459,13.926816,3.484825,251.5608987968362,251.06831
-41.365,1.2054201,15.883366,-11.194584,-1.1192538,143.16283303544154,143.2535
39.510902,-1.8434062,-1.9233786,1.635278,-2.032517,213.2448558953049,215.19046
13.348515,1.3043542,0.8402613,-50.05983,3.1599572,148.30693551902883,148.43687
34.477554,0.7184037,0.4807326,23.19866,1.7589144,241.0325880967079,240.47775
60.25735,4.0099773,4.1211343,-0.9716134,0.6230921,247.94043891918224,247.88354
53.115665,-2.5287452,-1.0555352,0.7243072,-0.3060534,230.2946967152227,229.79315
-24.979908,-0.5188445,3.1993926,-38.275665,-3.7368152,115.05710704086654,115.53165
-44.16025,3.1411915,0.16085976,5.096196,-0.36418745,143.66218997225624,143.71748
-20.076542,-0.597174,-4.393843,-44.150803,-6.7429123,103.54727605645502,103.88235
22.391457,3.3786309,-0.54854953,-49.806664,-0.9444321,154.20475218666826,154.31387
-44.34919,0.08619413,1.4197347,-13.040336,-1.5738907,121.34592792462304,122.386154
-107.05566,-3.4131203,-10.112655,-27.772005,1.0414233,32.52839286314105,32.531517
-10.015692,-0.442293,2.2754252,40.321438,-5.49628,206.18814858019635,206.48627
-61.731033,-6.891315,-4.0760965,-14.961063,-5.6664762,80.67618473638922,86.517586
-59.952892,-6.892577,-1.2560557,-5.797671,-1.7971863,102.94276073190346,104.14723
-22.956314,-1.7990311,-1.7093174,-17.326237,-2.2809267,134.34769172077958,133.77174
-46.105026,6.2567587,2.854807,-30.282185,-0.20434362,112.61766315858974,112.36357
27.68839,0.9368513,7.222127,30.25388,2.7231293,248.4201525439053,248.6681
42.962166,4.220321,7.3083887,30.638357,0.29418182,266.3677386418893,265.26706
28.52858,1.7593806,4.3745894,26.22362,-0.7166304,239.3125162600484,240.01309
50.19698,-1.5959697,4.973685,22.285246,-2.2206242,252.73504844114245,253.48308
-24.158329,2.0304632,-1.7652631,-11.647952,-2.4011445,143.07703635029958,141.90135
-37.161884,-4.934804,-0.5088849,-35.823093,0.2846636,101.1422887609404,101.69961
62.943844,-1.9803555,2.4839396,19.579407,1.424445,265.014399258295,264.29517
-62.356297,-0.9401657,-12.98553,-27.048164,-2.7274323,73.36289692684902,73.785934
33.5166,-2.0327227,5.1253457,-2.5038843,-0.9008643,213.3644360665031,213.04803
18.05952,0.4769022,1.4558219,-49.09362,-1.9471462,148.3627250734417,148.79498
-19.76716,-0.8487164,0.66177845,-45.335285,-4.763408,109.0329864441261,109.790764
25.642626,4.276746,1.2961729,6.2344913,-0.34341732,216.8799268783361,216.95021
-31.767677,-0.58739626,-1.284166,1.6733226,-1.7172216,145.4428408615206,146.16049
57.641796,-4.9915214,-3.0142891,12.909134,-3.352908,236.4943713283269,239.0359
-28.666964,2.508409,-6.2562523,-30.547522,0.5694052,117.46679658676284,117.45061
-8.96164,-1.6054381,-5.4013195,-18.927063,-0.7178619,144.4079456055838,144.23032
-61.438297,-0.6197214,1.8691846,-22.160734,-0.0874291,98.34742495929926,97.40655
28.350155,-0.2772263,6.233943,28.47168,0.21485448,242.7745564210686,242.83704
43.114716,-0.34746522,0.44656768,22.371717,-0.01708308,245.5385164870835,245.41205
49.209084,1.7126887,-0.41373986,-19.591614,-1.2161694,208.8128601410181,209.54385
-94.242386,-2.500859,-1.8239375,-29.3773,-2.6605554,48.42452417695314,49.238525
61.28813,0.536802,1.745745,18.672855,0.7239282,262.5615540309709,262.81113
30.973425,2.3445523,3.0839112,25.894924,-0.065424964,242.67083556882892,242.075
-63.829933,5.2616673,2.312552,-25.61033,2.9087963,101.49215249996338,100.88624
-9.891722,-0.7544011,6.5875835,-5.246683,1.5384034,172.66322334838026,172.07678
-104.21938,-4.324274,-9.438418,-21.547638,-0.1581668,40.32164334770653,40.15567
42.549854,0.93493557,6.118322,19.309214,2.6186247,252.04930379623823,251.37456
67.88662,-1.6065055,-1.0696073,21.00301,0.7062929,267.2764574474516,266.76352
52.372395,1.8718473,1.143868,21.44588,0.44943586,257.80006020097863,257.127
-13.42178,0.31975135,-0.739233,9.102317,-0.014685854,176.70318463168724,175.08994
65.75145,3.0308511,2.2643197,24.53852,3.6534388,279.7485566390741,279.08234
48.24917,-0.8976778,2.450797,20.794497,-4.3878703,246.375587487614,246.05254
55.79355,2.1150553,6.5574536,-14.664648,1.4367335,231.8185304042203,231.08171
53.97308,2.8100104,1.6177524,25.745432,3.2934384,267.5948681462274,267.2835
71.090965,6.233679,7.7397733,23.682217,9.280019,298.7342709354845,297.87048
-14.108631,1.0567338,-1.3218137,-3.628074,-1.2237705,159.85162165160503,160.61798
-73.68934,-3.4148898,-13.033114,-26.128614,-0.72932875,61.45637475996681,62.848263
21.503132,3.5751612,8.078014,8.521712,6.2268696,230.29797160471733,227.74863
25.83619,0.51233596,15.226253,8.25363,1.4116778,231.08879519138864,231.08377
24.7074,0.88708436,6.329866,29.737244,4.406446,245.978966947238,245.91173
-85.81536,-2.7598073,-2.906848,-19.685251,-0.7115597,66.88468462217203,67.96476
12.392848,-1.5223949,-1.3509554,-18.73248,0.030625975,170.7483746475275,170.66124
74.58957,1.2908573,1.7429276,14.700893,-1.0344781,270.3220883226616,271.13354
-23.700823,-0.5917305,-3.4687655,-12.559722,1.2338302,140.55865882674135,140.75633
27.963211,1.6033841,0.9118749,12.695572,0.6670764,224.36819286747377,223.6847
-6.7321014,0.6144711,1.3618579,13.920537,-0.26749197,188.66382561124627,188.74086
-34.798256,2.1394346,0.42593822,7.3725677,-0.31694916,155.8357507529577,154.6663
20.740793,0.17705041,-1.266364,19.90287,-1.8552002,217.56536042827204,217.54274
36.719143,-3.614415,-4.7694654,15.126093,-2.8894725,218.47146109122565,220.41553
-40.066208,5.875983,15.389259,-14.523621,4.246987,152.66734606086402,150.76604
30.061975,-0.6694092,1.185661,21.323383,-1.1879957,229.755873815974,230.55733
-43.27221,4.141154,2.7081072,-22.073507,0.82446545,122.79753910697194,122.17155
17.12596,0.49029553,-2.2554598,27.893436,1.0077395,223.3775171580723,224.10556
62.1457,2.9310322,4.2595444,25.03355,2.937394,278.0721760648773,277.15076
20.355923,-3.7038813,-3.763921,26.254097,-7.4470487,210.76511846668868,211.53876
-6.344093,7.3653073,8.345999,6.959258,2.7144253,198.8401134386696,198.88448
30.439152,1.6456614,4.016601,22.779762,-1.2780716,237.23621496101987,237.44672
41.371933,8.244342,9.351117,23.018986,9.028369,273.5088749086113,270.85834
-85.836655,0.5437537,-1.1584293,-20.841064,0.2656294,72.69116394468764,72.81679
-29.270224,1.7598453,0.5785479,-16.36155,4.299116,141.92801217562646,140.8493
30.869106,1.5421661,9.740605,35.965176,3.2247362,262.2606111093374,261.1854
77.480034,1.4907099,2.344689,23.755129,4.067525,289.4339431624542,288.98172
43.323296,1.3672035,2.149876,23.068878,-3.0591886,246.6820652505454,246.69374
-6.72005,1.7490728,2.504112,14.84719,0.75875664,194.5949881876555,192.98268
-99.59687,-7.9689493,-3.5915036,-31.343792,-2.6149895,32.99548697652701,34.72749
44.57152,-2.6930623,-2.4969437,9.5727825,-4.6841836,223.7533917482534,224.11375
-5.862812,0.89767176,-0.21911845,-24.716845,-1.1648401,148.57643228308777,148.77756
77.58647,0.34587452,0.38639972,15.391873,-2.3917162,271.3137493251449,271.1627
34.234585,4.218586,1.7218777,30.009365,0.9564003,251.30533396367065,250.98442
74.02452,4.149705,3.7630506,0.856866,5.546323,268.76224472819786,268.184
-30.3711,0.2982985,4.465009,-30.595776,2.6636252,126.40480095972666,126.30366
12.026962,0.108640686,0.17100242,-13.00206,0.46264398,179.50756026541202,179.61087
-85.0198,-1.7295213,-9.0949955,-9.0072975,0.38971838,75.72995462318858,75.38169
-71.55967,-3.5324209,0.80262095,-10.709204,-0.5611579,94.57756398658492,94.28373
25.97482,-1.4404495,0.06385038,-28.39081,-7.774956,167.12127057058572,168.27603
77.045395,2.0787065,0.6345465,26.106392,0.27136055,285.32260084014393,285.97995
45.798508,0.3327528,3.489335,8.263489,0.35120568,237.8836943512761,238.07893
-46.3945,-8.834728,-5.208716,-16.67366,-5.4458594,94.12724172208308,97.286095
-35.31299,-5.233959,5.4691544,-21.849552,-0.996125,121.58608383737548,121.92004
-8.846811,0.38375574,-0.09614445,-43.30657,1.3569438,128.8713006616944,129.33482
27.106297,1.269203,5.4886584,33.201244,3.1883655,250.31264270547533,250.09734
53.726437,-4.3387127,-2.6132748,5.0300374,-3.8965642,221.1623097301868,227.7515
-17.479767,4.887496,6.721583,-14.380506,8.6650305,171.60235633587197,168.25739
7.689425,-1.9872079,-3.4731863,-44.480534,-0.8293202,136.67882880367262,136.7628
62.031452,-2.8245275,-0.729188,17.606783,-8.58287,246.98438935352823,247.3453
-3.0270567,2.897302,2.9693356,15.093794,1.060588,199.3356839725837,198.83754
-58.51855,4.9066143,2.9860482,-25.43174,-0.3399815,104.39321753032294,103.44592
42.03379,-1.1849098,0.21113032,16.69279,-3.0150003,233.97592520259008,234.58144
-12.414905,3.3753645,-0.35890406,-41.58566,0.98529667,130.58787917407096,129.84476
11.948214,1.690206,2.7032678,38.23505,9.398112,244.9599553821696,243.81844
-28.825768,2.4422681,3.4435565,-27.068178,2.299848,132.04304945156193,132.13524
43.454647,0.28005272,0.14502567,2.0885718,1.9899731,226.7838394171451,227.8019
23.83143,1.018456,3.4208472,-18.154676,1.4093299,191.3570665327881,191.36903
39.604805,-1.2026088,-0.2868559,1.0955942,-1.544484,217.2494754986856,217.51001
-44.06034,2.8559701,0.00856664,-20.418186,1.1413839,119.67326014076768,119.37093
53.478535,4.234316,6.322886,21.473837,4.659078,270.54665385695495,270.01218
57.126175,3.6377096,6.1675234,28.255074,3.3523502,280.1340100862811,278.38242
78.52598,0.48282486,3.9237192,16.537167,0.27874064,279.5870452317621,279.5921
-21.715185,0.96823597,2.4635665,-2.8382864,0.2396169,161.8046739597482,158.96147
36.674606,-2.8407078,-3.218762,17.576622,-6.1358113,217.4124378060165,221.8996
-70.32456,-2.3334477,-3.2339184,-23.124489,-0.1730056,79.61904106187859,80.654076
2.1752582,3.7069912,5.5621004,-15.221458,-0.03696425,176.5731326216445,176.02953
52.757675,-0.4220904,-3.5962179,20.92202,-1.1353762,247.9216451988354,248.36964
0.06696543,2.1330075,4.364082,7.1287985,0.3909695,194.6887342421345,193.92737
-35.254593,0.33284995,-1.2306955,-14.833452,-0.5710836,128.41922197148213,128.28662
63.062447,5.5154557,3.2009683,27.315872,4.4311604,284.37520059358627,283.36942
59.241558,-1.3367382,-2.24598,21.266964,-7.971423,248.0550487848306,248.798
35.86482,6.201215,3.73718,7.7143893,3.0202231,239.61474155008432,236.38144
41.791134,-1.8558041,2.5585616,21.748951,0.9052482,245.17705886196185,244.99179
-39.719517,1.213979,1.6161556,-30.224432,0.121724576,114.55837397286751,112.85144
-27.78417,0.61251646,-2.3732712,-51.024525,-1.619119,97.565747947487,97.65495
31.284346,-2.4127486,-2.911576,-22.106356,-3.7144957,178.6852936371778,179.98286
34.965305,1.3253067,7.4542375,29.003887,3.9384964,260.1208069292066,256.53082
27.650692,-2.2972617,3.2644181,27.774443,1.2456199,237.27491207773605,237.48158
-61.821335,-1.3508705,2.777428,-6.9242206,1.3901426,114.54179911090708,113.914665
-8.4978075,4.7073016,8.880642,-8.09786,-0.3047116,176.39488854273617,176.5311
-35.762455,0.1400954,-5.795149,-11.574907,0.9508363,127.96284906789856,127.801994
-56.391163,-1.016965,-0.4959924,-14.801233,-0.7403892,106.5842379724334,106.39782
-35.29658,0.2915864,-5.8100805,-23.92994,-2.1530612,113.23578970768268,112.94546
-60.78114,-1.0929012,-11.666678,-10.394063,0.105693504,95.82641314941128,96.014435
-50.6858,1.141186,6.188089,-30.732962,0.39066815,106.12501873500284,106.1447
-37.02096,4.1932993,4.7588925,-4.5573344,3.095798,152.49890098132798,150.31339
-62.580524,-0.56948894,1.7071799,-33.450172,-2.7711284,82.2212299088042,82.17947
35.867695,4.4149075,1.6847725,33.241253,1.9669926,257.2441242183982,257.01932
21.945982,0.16910172,2.2988806,0.5526733,1.7008846,207.99897909171105,206.51122
19.326656,2.216884,0.32263207,-29.37546,3.058339,175.93911217455235,175.39264
-20.464481,1.527461,4.2418427,-6.0223804,10.06317,170.12829749911393,169.18912
58.06624,-5.293305,-1.5388747,15.843771,-3.4090393,241.79836298153336,243.51248
-24.732252,1.9316567,-1.017366,-27.937689,4.5853558,133.16997332774156,132.67331
-36.220234,-0.24564072,-0.9187521,-29.74416,-1.2590499,111.1157018169101,111.455734
-26.888315,3.7101417,-2.5868523,7.410625,4.066302,165.70831223350066,165.55554
62.00512,7.886686,4.9153385,37.33554,8.667036,303.5526299919351,300.65353
-22.405104,1.6198266,-2.0832362,-11.871422,0.4356327,145.60559644030084,145.53926
-38.10989,-0.49525297,-0.48576808,-14.979929,-1.7682288,124.3304171933587,124.0045
-98.42384,-3.5618088,-8.051389,-26.676157,0.7304572,43.50122556240522,43.86081
22.46848,-0.7902363,-0.37652948,18.014097,-1.1355673,216.58753697973515,218.0239
-43.477505,2.4853485,1.9339323,-13.595445,1.71748,130.92672153780447,128.90738
-80.27043,-0.96689945,0.9186253,-34.029186,-1.8064141,63.61251590885065,63.689297
45.62447,0.38575435,0.19395658,-9.561617,0.27710706,217.2593071907108,216.76312
-42.711956,-2.2891593,3.6058311,2.6962094,-1.6030102,139.2278724200256,139.54153
-81.46776,0.080389254,-1.6198293,-26.68682,-0.09381693,70.03177756780696,70.055695
53.352512,4.339205,2.4600868,17.084808,-0.5547274,258.5044633683236,256.52554
1.9834374,10.18271,1.4936179,-15.427321,-1.6022308,178.57183416321453,176.47372
56.718807,4.7631683,3.0800416,22.06317,2.1853633,269.44381099283254,268.65433
61.861153,2.3626177,3.3030121,15.382077,1.261609,267.14796728308335,264.01425
-34.460754,9.063103,6.83726,-13.228518,1.948779,150.92886756125483,150.00346
40.061123,0.7607964,-0.8784239,-38.534912,1.0771282,181.51734503685373,182.3293
-74.823845,-0.799813,-4.7100186,-24.560751,-1.3109082,73.12647133933284,73.6382
44.27227,0.35247132,0.8827062,16.301579,-1.2734729,239.42868570145,240.37909
37.788696,3.2736442,6.6376925,28.789396,2.7840912,259.4642829346874,259.11722
42.460537,0.9400006,3.3213418,25.567156,-1.7427654,249.57051691461385,250.38995
-60.90594,2.0778403,2.488013,-28.961103,0.8345636,96.51101157227016,95.37691
-38.131626,0.6181586,0.28333217,7.241167,-0.328925,148.63234949827336,149.52583
-75.9844,-0.88252246,-7.853396,-25.641144,-0.7508214,68.56254959576668,68.731255
-57.651947,4.562596,5.8559995,-17.362127,0.9279602,118.57650940541744,116.176025
-1.3298621,-8.961088,0.8437042,-35.759766,-13.330263,120.81147160116956,121.30631
-77.9269,-1.7898817,-0.9607105,-31.11938,-3.8283007,62.51670981712448,64.21832
39.677708,0.5981232,0.42047238,9.118954,0.46101254,230.19402424225856,230.11987
-97.884926,-5.5383506,-1.2122569,-33.43191,-4.2696605,37.04761786215459,37.506474
-12.697607,4.9582224,0.31458634,2.7506301,2.5411239,177.86183341915756,177.71056
11.327818,-0.92324495,-9.107583,-3.054057,0.11170952,176.44906918988937,178.19821
-72.22855,1.9836401,6.9526606,-5.9419537,2.4497762,113.74002615483768,113.05913
17.604403,3.4502506,0.47401658,11.719675,2.7076428,217.0320033671895,215.79956
-42.905434,-0.24764507,-1.2998383,-34.17537,-1.5192001,99.1898232862044,99.696014
-50.06648,-3.7955823,1.0280874,-15.988256,-0.7866011,110.21042843547144,110.23477
-64.898674,4.4360433,5.281186,-13.701885,3.6361794,115.80236051307551,114.59646
23.287298,1.0617632,2.8442292,33.937668,0.49540365,241.76784469477005,241.46992
55.44575,1.1807991,-0.4887396,1.3770046,-0.16890912,238.22527182598407,237.18958
42.561283,9.889311,6.7459493,33.554436,6.1433077,279.77836636650466,278.7382
54.67075,1.8636533,-0.17612262,17.244831,-0.837716,252.8036604100688,252.60889
-31.738262,3.7817903,1.7144608,9.243716,2.4449406,167.22318290163932,165.29024
12.54824,-3.3230178,-3.4091358,-13.899339,-6.7896004,163.02463595466494,164.97083
-7.399052,3.7562175,-1.6038618,-23.432777,-0.38736433,150.53854240402833,150.7768
11.79103,-1.8698443,-3.0351462,-13.622289,-6.411369,166.69040461877503,166.69598
30.653765,1.3725885,3.4299896,27.357767,-2.102961,239.4306771992527,240.55481
-3.4552505,2.8099668,-0.56025857,-10.685591,-2.7351441,164.45855988019477,165.21727
15.616036,-0.060568947,5.838767,-12.310325,-5.376131,183.709585752567,183.55139
0.444165,3.366513,4.158216,13.882602,7.615575,212.39632108968544,209.31062
69.61665,6.916057,6.8811884,26.67607,3.249409,293.7477782180581,293.18298
-20.201223,-0.48548168,8.149357,-4.4155173,-0.6555303,162.63713507762952,162.23526
-2.182147,0.52827823,1.0342745,17.517727,3.2529733,199.647181211082,199.99472
-11.356391,5.1568146,15.529937,-11.900344,0.6415856,177.6858898867628,177.91518
60.779613,2.2675586,3.4918947,6.026721,2.5708194,254.5458011769078,254.98035
64.871994,0.0016483585,4.122791,15.279642,0.23459832,265.3512693167015,264.35434
30.31998,2.2102828,6.8745756,6.208911,1.7972386,227.55453875749973,227.25467
0.11143307,2.9853685,0.67603695,47.148693,0.66414636,231.6824839978193,231.42935
63.28734,0.8016682,3.3471665,21.953701,2.3463175,271.8035389121328,271.57993
15.815225,-0.7413047,6.1617227,-46.18178,-1.0862218,153.91265685089718,153.81117
67.014725,-0.6259717,3.9435453,6.1549153,3.024821,259.5810489075203,259.35562
-79.66299,-2.1969864,-4.3221965,-28.124184,-0.65145737,64.90280148244716,64.885796
-67.644165,3.0053914,0.61801183,-19.256323,0.5276356,97.80865116501953,97.0941
-22.265617,1.8979769,-1.854915,-15.859193,2.8185246,146.12102634362392,144.58044
22.449114,-0.5174362,3.7797341,24.265394,-2.2553582,226.16094843867265,227.56511
-34.492043,1.2552803,3.7103615,-6.5500765,-0.79874414,142.6505501125095,142.96835
-1.7178948,2.728068,0.8523386,-5.83756,2.8809915,178.91112663233406,178.74951
-45.158325,-0.9812399,-1.9205743,-11.4101,-0.41995162,119.79378885128727,119.95338
-94.06207,-4.5506635,-5.4056206,-30.423489,-3.1349027,41.39649565427128,42.26678
36.844753,1.1948988,3.56406,-10.213103,0.6789118,212.2082184808355,211.91325
-28.633305,-0.904252,1.9456073,3.7896736,3.2256043,159.17114738509292,159.26698
42.223152,-1.9284784,-1.2566653,16.970499,-6.7314553,228.1387381135796,229.12064
-53.220592,-5.1636295,-2.1936963,-14.452756,-3.227636,100.37300254004558,101.58526
-19.273664,-0.22309792,-1.5818563,-22.037027,4.389696,141.5869159780847,141.1177
-20.967773,1.8180324,-7.057986,38.686684,1.0125463,193.58503738408,193.33517
-50.511642,-2.4415236,-0.7389765,7.848674,-0.7459937,133.34139536923834,133.25417
2.9865172,-0.056348566,-1.1180099,-58.35476,-5.0523725,118.25342271985726,118.248634
-5.859222,0.18945648,0.5354905,-29.920744,-0.7605845,145.87558505922317,144.02802
-11.074416,4.0039206,3.2013788,-6.006215,6.248119,177.38131844255798,176.21635
24.244354,-4.68628,1.7061026,22.884123,-0.31793305,222.4693688844132,223.67395
53.69771,1.5959443,-11.237951,27.855268,-0.10421079,251.44814877717823,251.65047
-12.453044,-0.91493005,-7.413791,6.177399,-2.7603364,161.74342802319603,162.47893
60.887383,1.9718451,3.3059,13.41213,4.380392,263.8540956509942,263.80124
42.758434,-5.968867,-4.5305977,15.528452,-5.358367,218.86727605647,222.27266
-9.428014,1.247194,-1.2562172,-9.382977,2.185279,163.22307752230384,163.20885
-49.30566,3.294123,1.056608,-23.816544,3.876214,115.96513041456016,114.948265
10.442521,1.90483,-4.8418036,-25.460976,-6.421098,155.96033910993333,155.467
-41.93896,8.680069,-1.7861373,-21.46591,3.6754987,128.66013213483365,127.00808
-37.94079,-3.5181623,-7.696534,-21.57334,-1.5676584,106.87883284319136,107.54714
-17.439863,-0.11325151,-2.9205074,-42.790443,-1.8143183,114.58427750445996,114.76516
52.565563,0.9116583,2.2323713,10.724629,1.3295524,248.86342756036868,247.60739
32.296524,5.8316264,4.010439,31.967628,-0.3917158,253.58211452728372,253.5582
64.19803,7.4696593,4.4862943,9.552561,-0.06473137,265.8018303251197,265.48557
62.536022,-0.5141687,4.8581185,23.990881,2.3794193,273.49527984111404,273.09406
17.845953,-3.0824003,-0.77962804,28.143782,-0.049890954,217.67522352783976,221.92142
100.21914,4.530853,13.263628,22.69235,10.429774,332.8401085910376,330.97928
14.699938,3.0119536,-0.94938093,-20.075745,0.88993615,177.44675831420233,177.42032
-10.455942,1.6565717,0.26708862,10.750691,1.88854,184.0146294374601,183.95055
-11.275918,-1.397925,-1.0751463,2.3884068,-2.2508943,165.1460288747569,166.23224
55.076576,-0.07896923,0.32822827,24.776388,1.7381438,261.7564257473096,261.684
-70.26182,3.4271815,3.1199825,-17.016426,0.16519442,99.68779020052423,99.27769
65.6748,1.7595302,0.5883798,21.84653,0.92959195,273.94396556430894,270.64255
-53.139668,3.1141531,6.5818424,-17.21128,3.1444006,123.0262504768166,122.33297
20.816523,1.3212605,5.390389,-36.559097,0.87021047,172.32944422156152,171.6829
33.147823,1.3140821,11.487281,32.42213,4.694436,263.53828521312795,262.90927
-29.622068,0.31978115,-2.3567488,-30.408356,0.4129925,118.1921527655018,118.18914
-12.6342,-1.1298963,4.9768376,-11.479812,1.5222936,161.20542408304922,161.09875
-26.649332,0.8741717,4.6434474,5.676191,-0.24381673,164.279310532955,164.14438
-59.749622,-0.40815103,1.1891117,-30.699818,-5.4566092,83.77494845004387,84.71846
-9.917855,1.9675802,-0.44393873,-36.569584,1.848859,137.09088084280188,136.7286
35.42944,4.8450356,5.19401,42.63091,5.868329,277.0117266778123,273.8114
-54.477863,-0.29788998,1.6630869,-12.275469,-0.88052815,113.56340625495348,113.574905
-76.13876,0.75398046,3.6884387,-17.720785,-2.5473258,88.03967777344332,87.87909
-57.254154,3.2567914,0.818124,-23.455471,-0.21996541,103.66926514211674,102.988884
13.995664,0.60431474,0.3879258,-50.645027,-2.2366464,141.90535737397968,141.9497
-20.424799,-1.196475,-1.5835464,-14.041934,1.3935951,143.68905017531554,143.9904
69.925964,4.4876537,3.1472332,-1.4992728,3.730941,259.86747725781487,259.6362
-37.576244,-1.5761553,-4.3171535,-7.03924,3.136586,132.5172456184273,132.47145
-22.6888,-3.5126548,-2.311347,-35.197186,-0.9174404,114.8928500979274,115.216095
-12.638968,-3.1937888,0.3284307,21.033552,-0.7802805,183.70525235614437,184.59262
25.360136,0.86211467,0.1653116,31.419636,0.89203197,239.2436495814817,238.54283
-5.748667,1.633395,0.4326418,27.202568,4.593929,208.19065860997767,207.95747
62.521614,-2.263474,0.9827824,16.494658,0.9115137,258.0620136117997,258.49097
23.953676,0.7233423,2.6654508,-21.728771,4.127088,190.85181329036956,189.5843
47.473274,1.3696595,3.3625345,27.262285,-1.3543768,258.78626666700035,257.95703
-25.09046,7.1379395,3.7354848,-20.534666,3.7740529,149.5614538589585,148.8659
40.4305,1.1847395,-0.38210663,-10.693013,1.0316577,211.1334375750104,211.41544
32.222652,1.2391219,2.7115707,0.9000037,-1.0268071,215.24030950717835,215.89015
-56.031982,0.07356748,0.5211673,-10.381821,-1.2181611,112.6512753793808,112.80634
71.37422,1.3588581,1.3643264,15.430114,0.920114,270.18499229106635,270.29123
24.624123,-2.9065728,-2.4417005,24.712189,0.64733696,223.10083995741928,224.47899
56.3715,1.9914565,6.1245036,23.548769,2.6277893,272.3069796780881,270.5076
9.406707,-6.6810226,-4.0607057,-31.81678,-4.474744,140.05275434871874,142.21706
-65.14008,-0.02916861,1.0028176,-30.887152,0.61442435,85.90465582683434,85.40439
-37.19411,-0.24893133,-4.1332865,-7.769291,-3.01219,127.02623968323483,127.485825
44.9922,-0.65404147,-1.3124295,23.127323,-0.41326228,245.9995068931648,245.5834
-13.936928,-1.727637,-4.634856,-44.017345,-1.3153061,114.13243817856224,114.21143
-20.550707,-4.9428353,-2.071818,-45.188663,-2.838255,103.63525418882216,104.251305
-27.64084,-3.901667,-8.238769,-15.225995,-3.8756397,119.58332127803104,120.96062
68.21469,9.199831,4.531717,26.386469,2.5657144,292.3306007043756,290.742
-68.99342,2.3377054,2.4203825,-30.788307,2.4475696,88.96075624418158,87.26743
-17.408148,1.6714549,0.7189776,-31.174507,4.2502217,138.07099365901394,137.90166
33.000805,3.2532346,3.304082,3.9531126,-1.4914312,221.2724961547085,221.8634
-90.699295,1.7853346,5.7155857,-24.834236,-0.14614283,71.33648996720068,71.6647
39.475124,-9.3088875,-3.8350637,17.396221,-7.631315,211.3709460577389,215.9396
29.627583,-1.0388207,-0.100911066,28.823713,-0.5014485,235.72585414725563,236.65369
68.59279,2.9790123,3.8860762,28.201258,4.1772776,288.0554693738705,287.68002
-41.763397,0.5679964,-4.911529,-7.6653643,-2.2026024,124.18392171623609,123.86862
-50.768257,-0.82201844,2.7791321,-31.478739,1.2295203,100.55988616608492,100.78318
-57.927776,-1.514135,2.2804112,-9.053169,0.32488936,113.98927202807738,113.95377
-62.869213,2.2224605,5.603783,-27.881514,1.2975007,98.18768450439406,98.21658
-79.35155,0.18555883,-8.058198,-18.096376,-1.5736256,72.51063693200817,72.949326
65.45312,4.747079,-1.347708,19.412743,4.6145897,272.88627031756374,272.72372
-11.640714,0.5740353,2.9138145,-12.571676,-4.1897182,154.2421015190894,154.9293
60.796364,5.1592636,4.1402626,25.725773,3.6308331,279.98076888769856,279.29617
46.370663,0.79903865,4.6409674,26.037924,3.5225074,262.4223962402277,261.21484
-7.7157,-2.071304,-1.6841619,-34.207687,0.8773574,135.82717523024166,135.042
41.23851,1.4724866,1.4188095,18.611675,0.27628845,243.1241829173612,242.86137
60.463627,2.9027882,0.72953427,9.73072,1.5046841,255.0878012385481,255.175
36.324986,-4.6010256,-0.53639966,16.811869,-6.310665,221.1123614426457,221.53238
-87.92078,-1.7730852,-3.554339,-25.725533,2.0795894,64.34921484479648,62.94939
-30.425272,1.5695581,1.7968451,-18.539843,1.117481,136.2454833596764,135.36241
-23.850395,-3.058071,-1.7064193,-25.96124,-1.3198972,120.85385103270508,123.94757
13.715619,-4.950155,-2.6621637,-30.831738,-5.0779157,149.79626192749603,150.03714
15.406872,-0.9986472,-3.4389436,-8.493031,-1.6835829,181.46028237169415,180.63629
46.266617,7.4633403,3.8129086,30.51805,3.159991,271.2167586924603,271.06467
-12.547267,-3.1481774,-0.26952913,-26.715284,-4.3832893,132.448413487857,132.77997
26.115026,1.7618947,5.953018,28.118427,4.5000544,247.84075093144727,246.29205
14.706292,-1.5428778,-4.686927,24.088825,-0.87760043,208.50149601555583,211.53133
-37.861637,-4.396717,-4.0001407,-36.172,0.610707,95.17321469028896,98.02377
50.384705,0.8904558,6.6897593,22.978344,3.6453059,266.6860953071188,264.43228
78.16642,-0.0958341,2.8308182,21.18477,-1.9052274,279.9975671037628,280.02466
-44.840275,2.4585793,-2.7284396,14.516896,2.0379934,151.44855602544573,151.28844
-32.083046,1.6623955,8.45227,-24.729303,1.7662603,135.05084980019677,134.91219
-30.229593,-2.3941886,-5.5970836,-13.152372,-1.4577132,125.09012526556644,127.01275
46.443474,5.931942,0.06944256,1.2111354,0.28038657,234.8196071738911,233.77989
-33.262615,-3.8571339,-5.4839325,-2.1037962,-1.7113365,130.48946525555496,133.42482
-27.84146,0.665469,-5.2620277,-0.33459544,-2.4569716,145.16652272525903,144.61401
-3.8049846,-0.35178158,5.3332634,15.539981,-2.2400274,194.06070730691937,194.31999
14.908703,-3.0510066,-8.010555,-19.68543,-0.56294924,163.23449225558534,163.44244
-23.004509,1.6292474,1.5140207,-23.081131,3.4226973,140.9448764995128,140.3239
-14.671215,-1.4039086,14.1687975,-8.10552,3.9990506,173.9439510268889,173.83073
24.063528,6.456828,-2.1276417,-17.477165,5.828977,196.31492322272723,196.58817
-43.210865,2.0998836,10.428945,-3.2050128,4.9208503,151.1950884932477,150.87741
-14.362914,-0.050871752,-3.1056275,-14.342279,-0.18000767,146.7625234936373,147.80191
-44.912014,-2.27224,-4.714844,-27.47233,0.6912748,101.19650386832916,101.16331
51.82463,2.4847527,2.819501,-1.019058,4.1868677,241.486639759244,240.14026
34.42797,2.6564972,5.228837,27.846754,-0.062103514,250.2721389559013,249.94159
-61.110416,1.6432701,6.668391,-9.071523,-0.16505827,117.90846562560957,117.808205
-3.6155837,-0.67246276,2.5753467,39.821514,-2.7766092,214.5018478534317,215.17583
15.16231,4.9803586,-0.68087554,-25.972956,-6.253852,167.12196411047762,167.0785
-108.60501,-1.1885384,-11.850693,-27.719019,-1.91262,28.084969732449224,28.56767
-11.337768,-2.4810867,1.2605045,-12.51526,-2.8977175,150.40815454906812,151.87224
-54.88885,-0.82902193,-8.293928,-12.634843,-3.3550746,99.59838104235102,99.841835
55.840218,3.4916987,3.893965,10.988547,-1.5001961,254.0519244200601,252.55785
-58.642906,0.80243033,3.5398245,-6.0093527,1.6701645,121.7087013869882,121.20376
-30.42796,-0.2699568,-3.586156,-27.777552,-1.3178564,116.28900684102584,116.46413
-24.21119,-0.06168196,-1.6820471,-31.389347,3.8998444,128.13512996400038,126.3991
-27.366737,-3.4611726,0.994744,-22.579416,-2.6429355,121.59030297383914,124.78796
31.517405,0.39726496,0.6887054,5.8405666,-0.12292754,219.7569713585384,218.16461
-27.674091,-1.3821805,-0.43095878,14.939539,-2.5289462,162.09242498640415,162.76697
49.879208,1.0123428,-0.52844286,16.06895,-3.2410874,243.02706740681515,243.03456
35.46924,4.964402,3.218623,26.478722,4.1691914,258.1385595637326,254.14372
80.7635,4.7193313,-4.2313786,21.645555,-2.4501386,280.2905142858731,280.29056
-40.14171,-4.154572,-2.1799018,-20.138773,-1.7541339,109.57022442153492,111.47451
53.335762,5.3917184,1.931102,28.304369,-1.6686243,267.9734244485848,267.1381
-29.036016,2.3886766,-1.5859132,-28.407436,-1.1274315,122.3918634301811,122.075424
42.239235,-0.50581896,-3.4753075,-14.192026,-3.0711312,200.24633623584003,200.83853
27.48033,-1.0706277,1.554683,25.608791,2.6477795,236.6437923446263,236.06447
72.71195,-2.5181932,0.54771346,20.812386,-2.7650692,268.84184732860643,268.6326
-52.891796,0.9318305,-2.6805673,-27.36438,2.457099,100.79501192046702,100.2957
-52.868893,-5.0440345,-9.113134,-28.547241,-0.7124012,80.59652514143018,83.557846
-46.93963,-3.7620237,-1.5974846,-16.61458,-2.3559554,107.3894957610947,108.57392
86.06081,5.103401,6.653745,23.877874,16.530785,320.85847720781703,318.07025
53.318924,-0.2874094,-0.8091111,-31.256306,-0.75148064,200.4407632684129,200.05826
-55.37117,-3.1421335,-10.449854,-13.082624,1.0449443,98.41203986116788,98.84273
-37.119965,4.1844697,-3.5819397,-26.162655,0.054156985,117.32731082798622,117.21756
-0.5224929,0.0072744186,3.7098794,-14.874163,1.065199,169.24147323056138,169.22922
-28.113184,1.5007135,-1.4917036,-39.997803,-2.896679,108.45177301672337,108.84484
48.532284,6.1421146,1.3448805,26.195942,-2.202726,259.6100330230808,259.85617
-26.447386,-1.0355088,-3.300549,11.871475,0.46111882,161.8534571335916,161.39287
-4.7808013,-1.7877095,1.8836735,1.7604111,0.27034265,176.77053693279288,177.18959
-15.488717,-1.5838791,-2.6159816,-20.096006,-1.9015094,136.61502825588198,138.15747
-62.710075,-0.16551071,2.6882117,-33.54897,-2.3572962,84.02002013836714,83.74988
41.939606,0.2585782,4.1625824,11.127141,-2.6060777,234.29015162880495,234.72543
40.660007,4.0020957,1.9526277,29.372374,-1.847212,256.50014956673374,253.98349
17.08259,-0.052659683,5.0102997,-42.52,-1.7771602,158.43355418845388,157.58669
65.46234,4.463849,5.87421,20.059078,0.15413801,276.0525242483656,275.85727
-28.793531,-3.7811217,-3.4793892,-13.5830765,-3.1402235,126.55146456295836,127.066246
-65.739426,-0.99643934,-0.9561007,-30.287382,-1.6037225,79.49600224896993,80.2605
7.668261,-2.2151937,-0.019141639,-17.58641,-3.2549927,162.483278930813,164.43611
-18.56032,5.116177,0.5203595,-25.830688,1.7920511,143.29128212375514,142.88106
-23.132294,-1.0307373,7.1701236,-20.290539,1.088464,144.20541775584297,143.6487
-3.760029,4.153897,3.7915463,-35.31789,1.7237792,150.30971622344322,150.43503
-56.316975,1.1968944,-0.7457676,-19.207386,0.5131133,104.67016465871112,105.28353
-26.694973,-2.0934176,0.22551513,-18.345047,2.8494585,135.75347868815484,135.7852
-19.015535,-0.25108862,4.079326,20.258924,-1.5669757,181.33471867336004,183.3483
-10.159945,0.3793845,11.445348,-24.744919,1.7494497,158.56759550698155,158.51291
-67.149765,2.409971,2.2773612,-18.234833,-0.4496837,98.18544255727645,98.69664
-36.359253,-2.773705,3.9535692,3.3797934,-1.2910266,146.66349915478503,146.753
-29.637066,-0.600857,-2.6724167,-1.297349,-0.9201224,144.68718230534154,144.71573
35.589417,-4.5575843,-22.227123,5.8467836,-3.4668355,190.43592219049384,191.02824
-18.120214,-0.16354804,0.44116762,-34.37506,-0.49253568,126.728856031463,127.1334
62.57958,3.1979492,-1.4978408,23.72195,-5.266699,261.22871965053844,262.57864
-34.87497,0.14978325,-2.6304238,-31.41988,0.5689744,111.7151812111623,111.63697
82.49881,5.8866305,3.5705512,23.814947,0.5797548,296.0641679424741,296.1943
-90.6718,1.2004464,4.6207647,-25.5699,3.4775214,73.45217562148618,72.900566
-48.705734,3.576457,7.733337,-17.690207,2.9971337,128.65474527822013,127.75455
48.431168,1.7648971,3.6689756,19.382244,0.87528,253.47845112427615,253.96622
-68.64498,2.9573362,-0.9384274,-23.288105,-0.38303205,90.08949942563603,89.54633
-100.42776,-0.7083672,-4.231293,-18.628878,-1.1672926,54.73644485576309,54.67988
-3.426102,1.425989,1.354767,-8.1229725,4.14534,177.80066965601583,175.2206
-17.046629,-0.04114369,-2.4382439,-21.69093,-0.724517,137.10626465619487,137.90207
60.96824,-1.7555004,1.8910973,17.888285,-2.3770492,255.67214303563424,256.45874
30.023796,-3.0892391,-5.136242,25.18544,-0.7575982,225.40336528402892,226.06982
-50.56237,-0.41364837,0.9665373,-34.693058,-0.62584907,93.82536319751578,94.51519
-26.1304,0.9891048,-7.6113963,-30.825375,0.8434196,116.96194755791288,117.1089
-88.36624,1.0480357,4.0070734,-25.765526,11.019841,81.81474065563586,81.78672
41.950695,-1.3370407,-0.22424895,-4.564037,-0.9177674,214.55390172305127,214.75116
8.889638,3.321738,4.116406,37.655453,6.6984997,243.01142228524563,240.52539
30.363207,2.4292605,-3.239441,-13.648237,2.305082,198.15797204669812,198.0535
22.396025,2.4579291,-2.1380517,-19.337831,0.8789562,183.7674033284348,184.1006
72.22522,4.5672083,1.7461109,-3.0692267,3.806341,260.070616342934,259.1193
28.594606,0.5995554,1.2467434,30.40532,-0.8639229,239.74724485767484,239.82593
36.877422,-1.604156,-1.6793219,10.196241,0.3158729,223.40544748808423,223.9496
16.115751,-6.1230664,-5.383628,-2.3654647,-3.7163024,175.05174039686642,178.37083
-20.087858,4.1184,-0.73253024,-40.184937,0.8083471,123.59788173216266,123.76497
19.952532,3.26186,-1.3958352,30.642088,0.5034483,233.3806116343974,232.80775
-109.830795,-5.2453103,-12.985516,-32.494392,-4.449437,14.081034129383056,14.838146
-76.24312,-2.995231,-5.8887315,-28.18197,-2.8859215,62.05123460696558,63.64854
-32.180485,0.08938151,-0.017703485,-21.024786,-1.3765951,125.90193481279314,125.33343
-3.789278,0.211573,0.6075266,-25.092226,3.8155653,154.5441297299869,155.59674
-80.06944,-5.2162943,-5.4346724,-29.330795,-4.113856,54.99131433316816,55.67848
38.55285,-4.058271,3.7759118,14.167443,0.7161142,232.3930021735625,232.99762
37.706688,0.13922042,2.1509244,6.836231,-0.26207766,226.6430920204089,226.41466
44.318417,-0.0041889027,-0.20771776,20.607735,-1.6249839,241.52683033632695,242.93282
-44.33001,0.75694084,3.1570785,-19.17108,3.0341187,124.79703305142604,123.290596
21.063974,0.54641783,-0.14684248,-13.306152,-1.2574232,186.97640227161705,186.74365
49.24296,1.2721565,2.3447561,28.583643,7.1231165,267.9963713193099,268.41034
8.3538685,-4.6410017,-5.290679,-36.94191,-9.82585,131.03309808907116,131.49806
74.9456,0.27690098,4.7553463,14.4786215,0.4514523,275.61560444057955,274.75165
25.555408,0.06944245,4.363101,20.460575,0.2827866,230.117511937723,230.5749
-0.7964125,-0.18872786,-1.971178,-17.467949,3.5410187,163.2243850426083,162.96036
-13.504899,6.260805,-0.789491,20.539436,0.8637749,194.60679710112865,193.21323
65.73808,0.110224776,-0.2595526,20.156652,2.596962,266.98547463916447,268.18616
-36.139763,-4.5628815,-5.770698,-35.985073,-5.9271536,89.96781900091341,91.457954
42.154728,-1.8750364,-2.1238954,22.807724,-4.4125314,236.18119462146748,236.39465
-68.28756,-0.24986161,-15.795729,-33.156578,0.1444518,62.41399469200551,62.498207
59.72792,-1.7907537,0.061233427,16.539904,-3.336347,250.64815166860643,251.04555
-22.958628,1.1262312,-2.2849422,-12.855866,-3.7156286,139.1703343262989,139.15479
79.006424,2.3709018,3.229781,18.676964,2.4308944,286.1842306220477,285.55856
-19.420683,-2.2801116,-3.0762458,0.12482205,-2.1686208,152.3062668188586,153.02266
-32.515106,0.06899434,-2.298799,-15.927,-5.970835,121.63469838928208,123.20082
-51.593388,3.3661692,5.9609427,-22.19683,6.08409,122.53159188230372,121.46451
25.999058,2.8418317,0.70996374,9.005348,2.997787,224.09844599512303,221.39758
19.778362,-5.7047625,-3.672875,21.668095,-1.8507814,205.19921635599223,210.06166
26.57222,-2.8275194,-1.4641896,-2.9703,1.5746583,200.85175750478396,200.72844
-3.5848613,0.9784681,6.437212,17.039776,1.9239489,203.2926974787592,202.63814
-18.370903,-3.7323887,-5.721633,5.371343,-4.9669967,150.7628609779185,152.42307
29.40168,2.1090138,-0.10224477,35.653534,0.8715654,249.1096800568751,247.77713
-65.721054,2.9158516,-6.132163,-24.587822,-0.16784176,86.66403849065041,86.150604
48.581444,6.5609493,2.5239878,25.27288,-1.3290339,262.19561271415813,261.45374
17.598734,1.9018761,3.7445056,-42.50466,-1.4021866,159.688008709982,159.18185
35.193302,3.418142,0.117414065,29.297955,4.9608316,252.64246150480264,252.83125
65.209785,4.6838226,2.7826557,23.496355,5.1914024,284.25279617178944,281.2078
-58.6182,0.13108285,-10.018751,-33.681515,0.5609515,78.23775509315105,78.217064
-90.813515,-1.7158496,5.2369003,-29.586105,-0.037879575,62.936994619066624,62.927135
45.50591,-2.2580593,-0.29822966,19.68211,-5.0036416,234.072027063341,237.47176
-31.576761,3.4171371,4.4823217,-29.401995,-0.63104886,126.2643591889103,126.133224
-8.36721,-1.500137,-9.734763,33.61227,-4.996989,188.47891139432733,188.85678
-4.60302,3.6241536,2.2972617,5.3103313,4.8654366,194.5994072209572,191.33769
18.109257,-2.1193717,-0.030039003,-4.8001323,-1.4730555,188.2543648912271,189.5303
37.67116,0.7860591,1.9366912,27.650255,2.5439732,250.23702285655096,250.4318
-26.824665,0.8346045,0.3201248,-33.02177,-1.783797,121.10289492191131,119.367966
47.35322,3.7262127,6.3448205,0.26895562,3.0968246,242.28902149965572,240.63373
-27.08439,-1.6985269,-10.010076,19.438135,-1.5841709,157.66693698899212,158.90466
17.50808,2.0081468,-0.080365844,-2.624638,-1.5699153,195.18699556539724,195.08481
56.266243,-2.2059088,0.4840084,-5.928569,-1.7050474,226.63007350618744,226.75423
43.062145,-0.7531212,1.1674323,24.362627,-2.0050735,244.9762027538825,245.6776
36.367058,6.2167916,-1.6404288,23.649967,5.339378,249.85831553323663,249.7763
-13.120309,-1.9313519,-8.225022,8.665959,-2.4501657,162.02166740483193,162.78276
-53.510746,1.0983845,0.5792648,-25.803013,-0.5289504,102.09202312171874,101.678535
4.9185066,2.7709408,3.443117,20.695433,0.7891282,214.71936031096317,212.4607
-36.947563,0.44546214,-3.9550467,-23.538937,-0.8317871,115.488187053645,115.015625
-43.84446,1.6473043,8.394095,-16.152771,1.4323561,132.91043408042165,131.32013
-53.567898,-3.5994413,-10.734593,-28.477201,-1.7375188,81.61850016386347,81.7269
-18.946335,-0.16440053,-1.2705292,-39.506653,1.778015,122.0813118837562,121.733604
-36.806904,-2.3209457,0.37685856,-30.751032,-3.4123445,106.10552752145853,106.92926
57.32652,1.8504301,3.750215,15.164304,3.5639,261.6459343096366,261.4991
-67.21318,-0.93241596,3.6931865,-18.922237,-0.022933893,97.24941027865783,96.44599
21.78157,0.6795849,2.8434253,-14.162532,-1.8211753,188.94626308922145,189.16455
54.910126,1.8822893,3.546052,30.488558,5.9077063,277.0227965383059,276.57846
32.23676,-4.904807,-4.101285,5.71457,-5.5378222,199.6679684585839,203.25105
-55.722527,0.20671764,8.40867,-10.553049,0.490165,122.57306218052246,122.67355
57.10597,-0.40207845,-3.7228904,11.1993475,-2.0430388,241.99885740740453,241.981
-71.69446,1.4886595,-4.8554707,-28.477882,-0.7946907,75.5798066196517,75.509674
22.447859,-1.381957,1.8700233,22.68205,-0.7332864,224.4123257731212,224.72832
-39.21394,10.381637,8.052214,-22.172716,0.62520283,139.41769590537166,137.51608
54.513252,-0.75749797,1.2062533,12.78082,-2.4204876,244.25105380966767,245.16605
-8.4710045,2.2090178,2.4556482,-32.912807,7.19595,150.39333807334762,150.32045
40.354923,-3.4389603,-0.6420947,-5.6909986,-1.9568931,207.9039442383698,208.46968
25.960123,-2.3940957,0.082593806,18.68699,-6.0703506,215.09527666165235,216.10886
-72.058945,2.5259202,-4.7778926,-24.8288,2.7424493,83.81630536116648,83.44622
-52.134026,-1.4809264,-2.0297549,-16.618345,-2.6147435,105.17887532938772,104.96576
-9.86835,5.8696404,7.3057423,-13.033766,7.597903,179.40229712777727,177.71472
44.137928,2.5238135,-1.3408697,8.190584,0.66839325,232.8741827243614,234.02348
54.941124,5.0031047,6.6893673,34.28542,3.835559,285.51629860565487,284.59818
56.48658,-1.8381315,-3.3909492,13.445392,-4.937235,238.7037710678567,239.60933
52.56048,-0.69081116,-2.4322424,17.899101,0.19034283,246.48045831322864,247.3704
-39.55645,0.63459694,-2.0396566,-13.497235,0.319845,125.66255658568228,125.70469
-1.2060179,2.6079912,3.1968465,4.4273124,1.4811598,190.5312740523387,190.35095
26.038275,4.1191998,-3.3695612,-25.093643,-1.253107,180.16426201644364,180.2847
33.101215,4.23022,1.2982714,25.66852,0.859069,245.3546959844722,245.00089
-38.103764,0.8401389,2.9813764,-15.570841,-0.8555035,127.87930949632266,129.13498
-42.062927,-4.281159,-5.0795074,-20.428564,-1.2232742,104.41782258554396,106.76812
45.238197,1.8624902,1.9751779,25.72214,1.9684004,257.7952462095259,256.61014
71.30202,0.35880756,0.36844128,22.993586,-1.4939426,274.1398424885549,273.3726
64.23913,1.4608378,3.5201943,20.805866,-0.82973945,270.6182782689846,269.04004
67.792595,-2.0211327,-1.6504825,14.97626,-2.1314235,256.8080505589664,256.80945
16.760672,-3.6129773,-3.2084754,-0.47381482,-1.6174371,186.638353182951,187.69157
56.450264,0.33666968,2.0842974,-10.501214,-2.8952675,225.2479879830941,225.3183
64.79046,2.1117902,-3.614803,21.339851,3.4871812,268.55658821660603,267.95822
-8.601835,-2.2656126,-1.8292009,-10.52924,-2.902771,153.47218658573627,153.71498
24.21503,2.2578619,4.880986,25.11093,-0.75191593,235.4551108303326,235.55643
25.54593,0.11784867,2.521905,7.9235964,-1.7520199,213.8761902614062,214.20085
40.42155,6.5478973,4.2007704,39.3575,4.0355473,279.19343395209194,274.4069
45.10584,0.8028688,0.7228366,22.449682,-3.7935417,244.93394699330037,245.13138
50.33623,1.078036,1.6335155,28.305227,3.589094,264.62687089279603,264.78574
-33.70887,0.5315215,-2.407598,-36.23127,-1.7899473,107.07831339536432,106.23734
26.2795,4.723091,-0.1310943,1.4798894,0.59605926,212.11326053952916,212.79108
69.94142,7.587538,4.4585376,28.368057,4.3641605,294.47202693542243,294.56354
-44.660664,1.8446751,4.557666,-21.600098,1.2980707,122.2408609958934,121.28321
-23.998405,-0.99511284,5.0518036,-20.799858,1.6987785,142.06713766338453,140.80075
-30.429102,-0.43924028,-11.98445,5.952332,-1.7767414,141.20383951300448,141.16634
72.37164,-1.0127318,0.22921388,14.037971,-1.3702894,264.2544499140216,264.09952
33.073338,4.7400804,9.449344,-2.955822,7.426504,234.3865877476043,231.57707
26.970133,2.057546,-4.108041,30.86913,0.777072,237.162402293715,236.40941
-17.101768,-0.5072966,-4.5998325,12.407072,-1.9245356,166.94538178940542,168.11726
51.869823,-4.6822867,0.6276821,2.8982792,-4.5081596,224.7605411010313,226.04897
-37.18434,6.744047,4.0804915,-2.2578704,4.9267416,157.8006939492572,156.15271
-15.06494,1.2350599,-3.3754752,-37.354694,-1.7865862,123.6494658532256,123.49694
-4.8805385,0.6207279,5.292269,17.027216,0.17221414,197.24854528122387,198.07556
-57.529224,3.3260374,4.473813,-19.492893,0.14904937,111.2888614961756,110.77035
-25.437878,1.4131067,13.123031,-12.410612,2.1283662,159.1303613068664,158.65965
-50.946316,-0.08106565,2.1988876,-35.32497,2.4223018,98.11834719250449,98.112434
28.515602,0.8355333,5.3838644,-13.141028,14.86957,217.9340760003076,216.30705
-0.448728,3.0447512,0.12081824,-19.630281,1.4458398,164.15889038951502,164.37596
59.09493,1.3615402,6.4156523,21.324596,0.12246967,268.1034082900308,268.163
28.244427,9.523608,3.756279,41.450912,4.000564,269.75443902925474,266.8197
22.050821,1.845831,0.51075894,3.3394816,3.1332884,210.6159332600529,210.72382
-44.457077,-5.898982,-1.2020022,-18.618958,-3.6573105,104.18471338463848,106.00921
34.310696,0.96840286,2.0708144,37.992832,2.4736717,260.18788198095683,257.6601
-45.524654,7.0306993,-1.0402718,-10.203069,0.020597441,130.94534821203794,130.127
-71.99581,-4.9471416,-2.499807,-23.990458,-2.3885016,73.43193765031148,74.02183
47.938015,-1.6783688,-1.0206496,-0.6954305,-2.0818532,221.54351788902025,222.30544
-36.222134,0.5985338,-6.638844,-36.54949,-4.6397796,96.1231182200639,96.391815
46.307228,-0.027654374,-3.2596157,-18.24491,-0.84221613,202.77136172631623,203.77634
-67.85691,1.0300199,1.8743013,-25.172514,0.73150396,90.81172535263951,90.449875
-27.417267,0.9741559,-0.11464255,-29.960537,-1.8641225,121.9847023201473,121.46109
44.526505,2.294195,2.36588,23.8426,-0.44890288,252.70159838259903,252.4239
26.33744,0.14544122,0.9907902,-17.861605,1.2673917,190.9495073599597,190.72311
22.793041,-4.080044,-4.361624,27.081604,-3.1635613,214.4742977947025,218.11299
42.583572,14.981256,10.791325,33.9374,5.297478,290.35278172517815,287.43484
59.41291,3.0339324,5.3399873,2.1046035,2.439497,252.22281534141544,252.17456
24.90084,4.078894,4.288515,36.052242,5.2382436,259.0141097984702,254.40242
11.746578,-0.48172492,-5.789697,-55.760723,-4.405535,124.88137404274414,125.15241
73.84087,3.5465696,-3.7146418,23.477234,-2.282404,274.3813352596518,274.71136
32.458023,0.65447545,-1.863167,25.865543,-1.3913164,235.44696724434704,235.56721
-62.13192,0.34841865,1.2193599,-30.950254,-2.0464473,86.92149568921037,86.28273
26.157673,7.515218,0.52410173,-4.2115297,0.009661837,209.72710543068405,209.83871
61.069214,-1.0578619,0.17835905,15.623223,-2.4233027,253.79739548130135,253.23325
38.266823,0.58602273,3.3281763,-8.561114,2.9814832,216.5557701494137,216.44498
-42.780098,3.9430299,9.670637,-4.061699,-0.1570952,147.01357355222066,146.45839
-5.014157,-0.927759,1.497299,11.664164,2.6842356,191.3651775717109,189.74739
-66.02844,-2.8568296,-2.897924,-31.34806,-3.953394,68.76309049076701,72.75889
23.05261,1.5105914,0.12771282,-5.211972,-0.9880577,197.67156300982492,198.33455
-46.118805,-0.7906734,-3.510783,-12.9367075,0.71979934,117.35893738701012,117.206436
34.100708,8.195977,4.241958,8.430162,1.265923,238.15214099195416,236.07837
-34.02148,-0.27742937,-3.2733293,-31.285162,0.5852173,111.36715456947216,111.571365
-85.13945,-2.9289806,1.3558013,-30.174057,-1.0824155,60.716199823706106,61.874474
-37.25104,-1.4502133,-4.0439434,-36.386368,-1.3919686,99.17948293013626,99.32
63.863663,-2.13925,-5.37934,16.305277,-3.9200335,248.55132537792528,248.57396
-102.95799,-4.0298004,-13.830583,-26.780241,-6.834792,25.137406628087504,25.410204
-19.786053,1.506637,1.4240768,-25.14997,1.1996293,139.08311605574852,139.03793
19.307056,-2.4023786,-2.0812662,5.4351563,-3.5122807,193.82842903110625,196.58995
21.963552,-1.4123012,-1.8747717,-26.723324,1.3504202,173.38620139547916,173.14723
23.79107,-0.34603876,-3.7857852,28.510592,-1.8316616,223.6724654049084,226.1818
-55.249565,4.9163513,-4.9924707,7.5797563,4.642103,136.93866677395255,136.73972
-26.380629,-0.5568093,-6.4299254,-30.486769,1.2056679,117.85533864319964,117.19508
-12.797368,-2.2012935,-8.507442,5.9043393,-2.5576644,159.08291232531624,159.6842
-62.11715,-0.18633653,-1.9392558,-31.00013,-2.335652,80.66036909402253,82.26499
-23.130405,2.8464565,-6.4665804,-21.033836,2.8288853,135.31153449140103,134.88815
-68.65197,5.7680435,10.893828,-21.610117,2.1651943,111.79724305931576,108.40847
61.323143,-0.11228346,-1.93107,-19.807444,1.4552022,220.56842158043827,220.7712
63.631805,-4.373349,-0.16504733,5.8540406,-4.3131227,239.8768072568563,240.47795
29.717525,2.877995,-1.4678922,27.711164,-0.39113232,238.2594107808116,238.29126
77.51403,4.381173,6.3660994,19.526655,6.291055,294.3354394344539,293.92273
-59.29878,0.37186912,-5.574152,-23.913042,0.5346673,90.20498275232316,91.96412
-22.121609,1.2792081,-0.7578637,-31.884735,5.7520175,131.7914220262662,132.11064
8.644427,1.6720996,-3.1860619,-14.751822,-4.183286,167.87049281151957,168.039
39.638588,-0.6630778,-0.91094595,-27.188452,1.2982152,192.0085938514952,192.01787
54.585987,7.10684,3.5186477,27.188198,3.175872,276.9979307008026,275.41925
-61.826828,-6.026724,-4.891438,-25.222748,-1.218064,79.21615958136574,80.65775
58.40922,-2.6641479,1.1601255,11.080404,-0.31528166,247.2297497791311,247.51396
-8.861157,2.6700006,9.586426,27.564936,6.0960183,219.91702796123184,216.8998
35.940456,0.0770139,1.6682868,-34.335316,-1.9519491,181.37885990445636,181.24216
-35.969936,-2.2842793,-5.1373787,-33.50999,-0.27476034,101.97897731874689,102.66726
47.359787,2.2753613,5.85399,26.14253,4.6347513,267.3870740132885,266.10995
-66.98656,0.10380986,-8.88153,-26.62862,0.34937698,78.03489198548318,77.80004
-65.58509,-1.2312894,-6.5870457,-23.25508,-0.33054957,83.06252202199614,82.85446
23.158613,-0.1125319,5.352608,-9.703921,2.6756783,202.25452386646796,201.2141
47.371433,-0.56066835,-1.2685595,16.530678,-3.870153,238.0971479064367,238.04639
8.362629,7.8748174,4.8807535,25.169807,4.5794773,231.239046062687,230.71114
-52.25234,-0.431034,3.3075929,-30.636002,1.1372098,101.47654102246582,100.969
-57.051178,-5.1682467,-1.9642066,-28.978355,-2.836426,83.03834892796601,83.845146
-56.53928,-2.2416267,1.3216397,-34.468826,-1.66655,86.04197708905862,86.248886
-25.756226,0.57740915,-3.9320803,-15.599663,2.5268617,137.47904791561228,137.65996
-15.843284,-1.6610509,2.2313855,8.165616,0.08622061,172.20300534189113,172.82257
57.211166,0.7321741,3.0562375,22.950663,1.5006216,268.3170823168077,265.29446
-76.467995,0.35870305,0.24906717,-26.13191,2.6203516,81.42337202927995,80.47177
0.84031117,2.1910954,0.53444874,-18.831755,5.2862034,170.31645871529508,169.86389
55.028954,2.3555415,10.01017,17.132204,5.11806,269.58090166020804,269.48868
9.858782,-5.1240845,2.8323445,-13.978339,-2.1649904,171.04557321425057,171.26733
15.116065,-0.34479153,-7.212481,-33.407608,-5.4636965,149.2306003460699,148.53108
-39.249527,1.0712463,0.46091905,-34.49089,-3.6059384,103.73823367713588,104.02936
18.61574,-2.8678048,3.5225794,27.784204,-3.2972772,220.88658365616004,223.60114
53.039135,2.6819868,5.6241426,27.793964,8.553446,279.06273453867743,277.53622
-23.972557,1.5109231,7.1064477,-16.058552,2.4042003,154.40239395113548,150.83406
20.323761,8.868409,0.63664603,-1.4544061,0.8662981,209.39667283873115,209.08423
35.140686,1.9368699,-1.9901682,31.772024,1.1716192,248.39107789979755,247.87466
57.978775,2.5866528,-0.8249706,-16.08771,0.13810742,223.4697405630045,223.63446
12.441504,-4.724556,-2.6005924,-26.22677,-4.6686,152.2526825693475,154.06459
-2.3035235,4.37909,7.5646143,-0.46592087,2.0969033,191.37025009921672,191.11482
70.65834,5.019504,7.9589553,23.341282,3.2324665,291.92604425822657,290.05438
13.291891,0.4861072,-1.6855348,-48.96916,-2.8259006,139.08705056830658,140.1409
-91.675415,0.7990223,-2.0392432,-17.723011,0.13882884,69.87579633717593,69.34375
-33.438484,-0.94919145,-2.012173,-24.635878,-1.2791871,116.8035534062941,117.528625
52.505936,-1.2563927,-0.47548828,-20.175724,-2.3703003,208.14948189328263,208.07169
33.717484,0.18126285,3.8563316,-3.5932715,1.5210743,215.5221150895728,215.52643
-23.787468,-2.3735118,-4.2652617,8.406529,0.66547465,156.06388299240876,158.48932
31.152096,-0.758409,0.46873274,-23.871597,-4.223139,182.73005809642248,182.61124
47.5916,0.20235562,-0.14794393,-18.861256,-1.8268639,207.1706058756499,206.80139
-24.099123,-0.35091388,1.5802408,-19.560549,0.7498189,137.9617648834741,138.16315
15.875362,0.48467755,1.5145459,-42.591328,-0.9952873,154.10504018539203,154.13153
-87.94724,8.380487,-8.439179,-25.72896,-1.047261,65.12877852393632,65.06134
-21.762651,-1.674651,-0.6130934,-11.730044,1.0804467,145.4920864516155,145.14352
51.016354,1.0862334,2.6238213,-9.267165,0.80479896,226.2313891714749,226.10751
-4.6277804,1.1995087,3.4459944,-9.05109,3.1684403,175.1328058890049,173.97868
-40.990635,4.1683273,3.1710613,-22.927082,1.2346995,125.29449738902952,124.49995
-25.057688,-0.7235654,-5.736994,-32.336872,2.9829965,119.20107406288496,118.97137
-11.1286335,-0.9122767,-1.2339091,-30.33291,-0.34134778,135.3370455711066,135.89445
32.429504,0.8330051,0.7481197,26.622902,3.9070208,244.3440592707576,244.38408
28.206635,0.2735437,5.931783,30.526878,0.20820007,244.7987537611764,244.99068
40.060127,-1.1094439,-1.8238314,17.819569,-6.9985456,224.9862128463389,227.7915
-56.47042,0.3164194,3.7219653,4.3826413,4.124784,136.8035516978606,135.9191
-5.2157087,-0.43982995,5.020881,12.6569,3.2494216,193.9828490757608,195.11528
-18.7717,-2.930137,7.4761686,-21.46098,-0.79466295,143.36503448590244,143.36229
19.872126,-2.1683705,0.023534276,-10.028668,-2.226733,181.9147026676305,185.31561
15.256407,0.14465494,0.10789735,-16.205284,1.9649744,181.04464744671608,181.11223
-35.46834,-3.9462671,2.523196,-16.093143,-0.4338699,125.82847852088491,126.42515
66.732735,-6.2124643,0.2952027,20.540531,0.25032803,261.1321723498852,261.4499
48.28953,-2.2034767,3.4045937,14.910311,2.4630175,246.12478492228124,246.70758
25.611626,-0.92555976,3.2354667,31.633808,0.2797614,238.97435900084423,239.67876
-86.71636,1.4877312,1.5462093,1.5079834,-0.29540387,97.49782303970268,97.373665
30.072144,4.1710734,3.3130686,-15.897254,3.061431,204.40474027125927,204.56412
-46.110176,2.4687793,-0.5677804,-23.369783,0.6152431,113.27044665838704,112.87983
-16.82651,-1.0373553,-9.768748,21.768467,-6.135234,167.02773285751476,167.84416
-5.261184,-1.2283378,-1.1233859,-0.23252222,-0.14776395,171.59256233435414,171.85043
17.729399,-2.1368415,8.059373,1.8395096,1.0219778,206.8969941502296,206.35709
-46.76875,-2.7551386,-2.5670176,-28.069647,0.46956056,99.6509984982767,100.15252
25.475052,1.249807,-0.6364713,-1.5234038,0.38315892,205.39848922450557,204.79175
61.744434,-2.6703305,-16.248344,16.898985,-7.188798,231.97426261929664,232.37955
28.629503,1.2494209,6.1700926,29.693958,1.2875552,247.06696461546025,246.87415
23.751049,-1.6626017,-1.3968269,1.0836304,1.5011325,203.64129874810905,203.12
-76.09704,0.39655674,3.789782,-31.27747,-0.8087148,75.5926555175432,75.84657
-19.720448,-1.0654838,-2.326327,-26.761343,-1.2036625,126.976570773242,128.76625
-74.58225,0.9561035,2.1722183,-27.85909,4.109537,84.99499311689671,84.640045
33.304836,2.573194,6.310765,-0.7913806,0.57452244,221.9043217442412,221.81555
-11.773583,0.73612356,-0.36154836,-2.650518,0.5593351,168.07805208686904,166.35345
18.29427,-3.0556152,-2.946016,-4.9686604,-0.49141836,186.87130026869835,186.67615
-12.978493,-0.23597926,12.6752615,14.750801,-0.31749156,193.669319697904,193.73773
21.73513,-6.027668,-1.0625681,0.032408003,0.14420474,194.35563060455056,194.66516
-33.60475,0.78849304,-4.0344644,-30.127117,1.4703833,114.99457307439624,114.33608
70.24674,-1.7456937,2.2486978,21.240887,1.9963264,273.84622207062563,273.83072
63.23619,6.336797,5.3147764,27.860844,3.2618086,292.0465936714296,285.85406
50.318558,-0.033220377,2.745743,21.145683,0.37196892,256.3531241831734,254.39241
-53.52403,0.4999117,0.8827189,7.0220385,-0.96612763,133.95778649291566,133.75816
-30.337404,0.91511434,0.7584414,-11.746565,0.5178046,140.8223115531022,139.95097
62.133167,-1.1397939,1.3925313,20.548962,-0.77871615,263.5996387891787,261.9999
59.028057,-0.13253465,-5.4645467,20.908564,-2.0717695,251.5298490338324,252.11134
41.95078,-0.9576408,0.24244592,10.955798,0.9521836,232.2029272316837,232.98721
15.382809,-3.7165978,-9.439704,21.766113,-3.282429,197.9810271747725,200.55383
-7.159484,3.0261087,-0.29927024,-11.7173,0.21353567,164.59361121064765,163.90724
-19.31851,0.33635995,-6.2843313,-23.553713,0.9595479,130.91591515623443,131.98303
12.765838,-1.2215872,-5.585918,-7.652286,-6.753627,171.10193932466524,171.39601
31.957909,-5.71314,-6.401066,-16.05435,-4.99965,176.49423024088102,178.63335
-43.156433,-1.7526989,-2.3650331,-14.882726,-1.1839658,114.20486850965013,116.50273
-32.411766,-2.7309096,-4.721735,-42.6152,0.1447547,97.71883235830023,97.50864
49.504185,3.5888956,1.342236,18.11774,2.055374,256.72872379809365,254.45207
63.702488,3.8481998,5.457356,13.936347,1.7986503,270.7621449384875,268.5868
-13.881428,-0.1820909,-2.972957,-21.554262,1.7011201,144.8271587307856,142.95401
43.629597,-6.570303,-2.6770008,16.282488,-1.5242059,225.79452275779167,228.9841
-15.6599245,-1.2458606,-5.3363633,-0.7807348,-6.0369816,149.48670290415413,150.78375
68.92327,1.7719941,0.1733568,10.562664,-0.27991277,261.16151923965947,260.9951
-5.3214355,9.461764,10.859302,15.817308,4.7113547,216.21080246607843,215.37187
55.568398,-1.3976268,-3.2435377,10.501091,-6.136123,233.96784770844437,235.13576
-37.57593,-0.15085207,-2.5673,-36.37524,0.18103187,102.62728774438904,103.35524
43.05643,-8.9422,-0.2791053,15.851333,-5.3721375,221.3947317778941,224.15794
-86.930916,-4.2382054,-13.490245,-40.164906,-3.4534464,31.43680196423827,31.565832
50.966633,-5.4728913,-2.9752913,15.798915,-6.5476,229.06593417661244,231.61342
-19.926256,0.30890486,6.8525276,9.501592,-0.9126763,176.40395339603046,175.66771
-14.396691,-0.6909932,-4.1530366,-29.375856,-1.8541116,125.98231374653366,129.3728
-19.88264,-0.3463445,5.053637,-8.024623,-1.1260709,154.03353142111445,155.51753
-62.70465,-0.76896894,-1.305499,-31.324781,-1.8327274,81.72877709176154,81.906906
66.20315,3.6790962,2.3665097,25.293308,-0.9730992,276.496466076464,276.41266
29.813307,2.3976576,4.1490717,3.9940293,3.9154637,226.27017878506035,224.11316
-79.717705,1.336792,4.096829,-28.919733,4.2473755,81.00592602647728,80.8871
53.83478,3.0953512,8.948811,-3.107501,3.7127469,247.18769364319488,246.32777
-57.334564,-0.7255563,-2.4637105,-28.513783,-0.69122916,89.49439800826696,90.1147
-11.582538,-2.0258176,1.3482418,5.1463823,0.40303937,172.82300488950466,173.13295
-20.370794,3.4493039,-0.40057445,-0.72698,4.096612,166.62159207699148,165.89113
-72.445816,-0.5209851,-0.6856091,-32.29064,-1.2218567,72.47990710430796,72.6786
-15.066053,4.994311,-1.2435817,-17.465733,2.768495,153.9416019689689,153.83098
-34.297997,0.0039306693,-2.3691974,-18.524183,-2.775437,121.99654442382392,121.88066
30.30694,-0.6405749,0.060741898,-46.037685,-1.9452546,162.14269858791783,161.58778
-26.973225,2.6397047,-1.4095979,-25.357992,-3.0796149,125.88426644970292,125.66282
88.547874,8.062256,10.490715,30.209621,5.76583,324.0902454156562,322.91986
-75.00958,3.6560514,-6.481164,-25.121256,0.0024433187,76.35531150017587,76.890076
19.47828,-2.018662,-2.239626,-24.84551,-3.6542125,165.91639609746414,166.56389
53.29116,0.64427924,-0.19026966,25.825035,0.95029277,260.0481235351205,260.36395
-70.073204,-3.4315176,-15.364049,-10.696525,-0.8189803,78.21001165133062,79.45932
22.276766,-0.4656363,4.9066954,-17.929638,-1.1488594,187.5466578152388,187.48302
64.878944,-0.84088606,-0.7836655,21.552034,0.93753093,265.7703477533668,265.58786
-23.53331,1.443709,0.99150044,5.2114134,1.5607069,166.29428889892338,165.51767
24.633642,-4.959942,-6.132693,28.02355,0.6044722,219.5990755401828,222.0126
-52.778103,-4.7354836,-9.177791,-17.136618,-2.7074926,90.86014487530872,93.308075
72.40643,1.545007,-3.3631182,20.204084,1.7305346,271.9189522503359,272.36673
59.2082,5.486246,3.8593922,0.94106907,2.3716595,253.4312518872504,251.71017
61.81176,7.597613,5.2998476,19.534868,3.9999044,283.772165581587,278.08777
-54.15284,1.0005628,8.949694,-3.3992643,-0.12350325,132.28653401661808,132.11823
-21.117472,-1.2529852,-4.492908,-3.925247,-2.7486947,143.71413991225506,146.30634
-49.687202,3.1839986,0.5288029,-1.6200558,3.6077185,137.0576770418487,135.85684
-74.80043,-1.0939082,-11.425036,-13.922543,-0.7604079,77.91197601228362,77.8412
-52.91581,-0.96620333,-2.8134625,-24.358477,-2.3495808,96.29823109694073,96.43996
-16.39101,2.7602568,1.4756997,-23.142221,2.365129,147.5141976732282,146.91151
26.834332,5.5078845,6.3901067,-21.793547,3.7869349,200.9395144543648,200.5694
6.552741,0.43697804,5.014741,39.352627,4.1852007,236.8495756295472,235.38597
68.764046,7.639566,3.7152975,23.559284,4.45138,291.5816376747835,287.9735
63.60571,0.03601284,-2.1953247,19.831913,1.6711414,264.0210183717144,262.7932
-50.140076,1.3402239,-1.0606734,-20.914825,0.6271494,110.13861364426111,109.695335
30.042727,-1.2750885,3.4487576,13.506446,-0.80549186,223.5081829295614,224.76106
60.661087,3.5382676,-2.4569273,20.857693,-0.79932433,261.0802542472582,261.64453
-24.7737,0.32388186,-4.0564365,-23.94802,-2.3463883,124.97312642921771,125.04296
61.86235,-2.82922,-2.9102914,23.227627,-2.3924503,256.4513130563965,256.80167
26.957884,-1.228759,4.8937216,23.56466,-1.0863279,231.68686957964897,232.94489
-29.255722,-1.0021434,0.46176583,-17.355371,0.7303607,134.44009115123444,133.42253
58.795982,-0.85980076,-0.07531152,21.94146,-2.403517,257.3447710809106,257.24252
-64.177986,-8.105614,-6.1442766,-27.83629,-3.7497747,68.3650149003853,69.82963
-59.10023,-1.5069916,-0.43052778,-40.988575,-1.4731294,76.0450741070765,76.344086
-90.64016,-3.297394,2.3865886,-28.771828,-0.5838238,58.63151972870421,58.936993
-31.209953,-2.1569915,-11.97567,-11.487789,-2.7839541,120.07947462802076,120.22917
52.649933,-0.47394228,-1.3667196,-10.358621,-0.45894977,218.5817278209645,219.8353
29.04842,4.33297,1.1696523,-16.236341,4.3066115,202.82151322943477,202.46487
4.823296,5.1068387,2.107988,-17.442125,3.395863,178.50304515894675,177.83548
64.21604,9.074892,5.7211676,31.95469,5.898162,299.0345701034745,296.70853
56.47856,-4.5413895,-5.134836,17.389147,-5.6787996,234.6367892877568,238.35626
17.140047,3.1050496,5.0326962,-19.337624,-0.072221294,185.742793457147,185.71156
50.851124,2.6643505,0.5215252,-21.983126,0.19735104,212.40615896615168,212.09485
10.132784,-9.737961,-1.9742094,-13.987568,-4.434868,157.08927596762535,159.84189
24.388416,3.4344218,9.43408,8.628967,2.7188876,231.00631155810208,228.44844
20.59819,0.45832294,-0.99997693,0.5446241,4.3178744,205.6434051445321,204.76268
-25.100819,2.665697,-1.520248,-19.293745,2.0800812,138.93417636610536,138.67448
-66.47559,1.320153,1.3133482,-22.893307,4.379774,98.96541331294654,97.48801
31.571142,1.1499288,0.54031146,24.470165,0.035247583,237.9615722193037,237.61035
78.4781,6.1782675,5.543041,25.258862,2.8689876,298.3925391239469,298.1708
-80.98262,0.37913844,0.2850313,-29.261486,-0.39813498,69.9586350278225,69.86545
-34.217445,3.3699074,-4.1710668,-22.881819,-1.8355099,120.36379191171562,120.10757
-83.46753,4.8148093,3.8914986,-24.026525,3.6572688,86.23432880762822,84.713036
-15.509887,-0.25571898,7.107305,-8.806301,-0.31219482,162.40671808675316,162.06691
-9.172891,-1.4233768,-0.22637768,25.400173,-9.688824,184.4971677283034,184.73227
-3.7155778,2.2998998,0.050645813,-8.98327,6.318748,177.26227027820457,175.814
-33.986248,-0.30368465,5.550578,-24.371284,0.31185856,127.28648387225807,127.04477
-2.025492,1.1540027,2.7469797,-3.9298804,-1.2115383,177.2045664135695,176.57765
-6.8350434,2.345387,2.7723029,16.849566,2.1480389,197.98319962148483,197.12383
-26.9612,-0.33250606,-2.8100443,-2.8737328,0.28106195,147.78492432561364,147.14725
-38.82748,-3.1383421,-8.336474,-31.985914,0.47569662,96.47347792836406,98.03111
27.10084,0.7775835,5.809486,24.300932,2.3830416,240.2951055369469,240.21556
65.06587,-6.048897,-2.6464994,12.533466,-0.70062655,247.308479881004,248.04694
64.936356,-1.6767197,1.1981039,0.717877,2.0981042,246.8052738408981,247.11734
-2.7144942,3.5135927,7.1964226,0.94123226,-0.33694535,188.14141523172776,188.44339
-52.89791,2.346451,1.9947857,2.6902432,2.1049364,138.45644825172823,136.08218
-30.487387,2.4311342,18.953806,-6.2614985,4.8861246,170.09820199824412,169.3658
-56.267742,1.9812979,2.3956742,-8.686019,-2.2051091,116.63769575353436,117.06166
18.784634,-0.5568631,-0.32005054,18.24377,-2.021248,213.47590709292496,213.97389
-3.6624599,1.3819046,4.56773,4.790681,3.5378978,191.1183290780129,190.45938
59.62398,-4.7816396,-0.30722436,10.325371,-4.1490607,239.3951500212019,240.55511
33.330906,-5.701323,-1.8532432,4.080733,-2.8724194,202.97998335063093,206.82832
-55.60218,1.1635146,-13.205535,-32.999115,-0.83915246,78.19942898210199,78.36108
21.950167,-0.9880753,-2.8373601,21.29789,-0.07638528,218.0310689328983,219.18971
26.67108,3.252555,-2.4986117,-20.630003,1.0496371,187.4896643620484,187.68826
-15.979584,-1.0973321,4.874167,-10.372771,-1.8567826,155.15197256783767,155.41122
-49.612144,0.6674843,2.2794497,-29.447498,2.8280241,106.6492393603192,106.55884
-48.736103,0.22780415,1.9867804,-34.043476,-0.59271735,99.39667651562672,98.685875
24.45151,1.2684324,-1.5675012,-56.28417,-2.719653,144.5473405836308,144.99213
-45.591446,2.1251125,1.183836,-8.343195,2.4393811,133.26500654308308,131.65736
44.61672,2.1604912,3.216475,2.4306135,2.4030056,236.38837116168693,234.67091
-21.363735,-2.641628,5.9036837,40.994835,-0.10845959,201.51666240861195,202.62834
48.14041,-0.123292625,2.1038992,7.428934,-0.20090441,237.7904419077449,237.19272
-49.022198,-0.9724162,-0.36820793,-24.483505,-1.7712991,102.54201431913832,103.225914
82.84792,5.931272,5.2496696,27.423674,2.6573424,304.7148552598605,303.95343
51.14603,-3.094392,0.45477262,18.298586,-4.7244344,240.92724615579615,241.92412
-46.24522,7.906699,5.4335213,-22.414589,2.6511056,130.29729377549802,127.17509
-66.149506,-1.3731706,1.0479795,4.376406,-3.2154636,113.86551876883686,114.52979
8.027828,-0.41404742,2.9787238,-55.56747,-0.8426911,133.57913969334527,134.02599
-18.99888,-0.5566324,14.265543,22.701918,1.0605662,198.718813469063,198.31609
22.40912,-1.0496639,-1.9905808,-10.229123,-1.5147413,187.7997843110468,187.46866
26.390112,3.164811,4.2648807,9.397468,-1.1804692,222.11226030113448,221.8804
-46.66002,-0.9199068,-1.1498951,-14.877615,-1.2002201,115.31929267238372,115.03596
38.540188,1.2458951,1.332832,1.8273588,1.240323,223.88182855034216,224.03018
-66.21677,1.3844446,2.7556927,-16.658619,0.75047374,101.99830165003014,101.85883
16.435867,-1.6582316,-1.4929582,27.439798,-3.105056,215.07342838971164,217.46301
-49.58107,-1.4813353,4.265132,-21.224203,-1.0431796,111.04838033212287,110.77894
51.856293,1.2845311,4.4414783,-29.413841,0.0701482,208.0377839037949,208.08221
-6.194523,-0.13615365,-5.4281874,-18.633003,-0.27587852,148.98815172451208,149.17575
-11.411658,4.9693055,-2.565112,0.900089,3.1014647,175.26125427115747,174.83774
-34.633022,-2.2762668,-5.433754,-21.578152,1.3334926,118.12398627301124,117.25586
-62.87777,0.16026217,1.3110113,-27.090412,3.9414027,97.48311019507712,95.28805
59.11326,-0.075422615,-1.2329061,23.194593,-2.5186045,259.5562755064409,258.32474
31.884043,6.239264,1.3847827,31.868286,0.78780055,252.53924648661604,252.00778
57.91889,5.38796,6.3491783,23.28204,0.967985,274.6614007356762,273.74976
55.45281,-2.996621,-2.4301496,12.966553,-7.062453,232.14629681725532,235.77373
-64.733055,-0.3847781,10.582688,-20.078741,0.7914541,106.31099557104794,106.0211
20.201647,0.35396102,-1.9198459,-26.919594,0.96848464,172.41272681469857,172.5283
-9.763729,0.17497756,6.305516,2.4083219,-0.29996258,179.2754852544303,178.66869
45.563705,-3.8374636,-8.18343,16.012888,-0.23058823,228.91694618834129,229.16872
59.976715,4.2159815,5.3513827,22.854933,0.087945595,272.9736193365728,272.3307
26.520819,-5.7680616,-2.2469018,20.652704,-0.74217486,217.71779938021845,218.25995
-30.629728,-0.24929158,0.5595129,-17.362383,-0.19182572,131.12324122335573,131.96999
7.588622,-9.211686,0.2635259,-32.361233,-2.5648885,142.85764007158068,143.55801
54.408134,1.1769311,-6.177113,12.419898,-1.2451005,239.7121038235421,240.42628
-62.8435,0.39932823,-0.9659938,-30.369623,-2.2377195,82.39709921070859,83.826035
40.3234,-1.3268452,-5.9615674,-15.762266,-1.718111,195.2203418973,195.39824
36.740036,2.691983,2.070948,-24.727934,-3.1950777,193.45828169995656,193.42355
19.548086,-0.27145988,2.2738767,-45.034714,0.42478466,157.45176340825523,156.78416
20.154715,0.2809412,0.9431599,-18.418411,-2.2788103,180.09975272001083,180.5253
0.10755362,2.070158,10.35457,21.452698,1.9229198,217.1377352508458,215.75148
-34.008766,-3.4876103,-5.908753,-35.969833,-2.4778483,98.06707631354074,97.990746
-59.49459,3.1426344,3.2188008,-18.718927,0.7013064,107.82807191660052,108.69275
67.03484,5.918477,4.8765273,22.138214,0.46265864,280.7151084289976,280.27435
38.601055,-0.9849931,2.4233904,-2.2173266,-0.5920896,216.30946081896727,217.07365
-8.1488285,1.9911278,3.165924,34.89912,-0.13158217,212.9971982337994,211.61942
8.917872,-1.7789897,0.023280056,-9.466325,-1.6777656,175.11050334498955,175.86168
37.795937,-3.285672,0.078538686,-10.3428135,-4.249452,197.5956672600808,199.84027
56.559814,1.254658,5.445448,20.024345,-4.4220805,258.68440833969447,258.70584
41.650517,0.7613835,-0.9603855,-20.564909,-0.67306167,200.3277013341068,200.05714
-53.46122,-2.3216891,-0.050338145,-13.457553,-2.7091963,107.05954827825134,107.84357
-22.950703,3.7053707,0.7965045,23.91499,-0.5215005,184.4320723156959,184.78824
41.86947,-4.093447,-1.2980874,10.865697,-1.2228476,224.9450903453461,225.96443
-86.82134,-0.17003237,-10.514,-8.938414,2.6202834,76.10890516171115,76.02005
-14.3376255,-0.27837604,7.0460653,-21.347012,5.632673,157.03483458442705,156.55933
31.81818,1.8005354,3.6021295,24.703728,-2.9074981,236.75369269638807,238.86073
18.629961,2.1642628,8.188484,-37.058083,1.2817562,173.9548250188813,173.04991
-14.515485,-2.0859432,2.5531847,16.358406,-3.1572075,177.69840643123524,178.99661
-8.427833,2.9731958,1.5806786,-19.960615,0.61203974,157.930174480235,156.62103
8.556381,-2.059871,-3.58618,-52.59119,-4.076698,123.74242226779936,126.08608
38.81154,-2.078372,3.830386,12.720174,-2.5894394,229.9468572558686,230.53789
-34.066616,-2.6808221,-6.070891,-4.398713,-0.87610817,131.92061872699972,131.75046
-68.6159,-4.99913,-2.3174736,-38.64262,-7.404682,56.70726684843349,57.863796
41.139484,-3.843607,-4.086895,19.650703,-3.7709184,226.4921221100197,228.9324
59.351715,-0.11304504,-7.809355,3.1410391,-1.6826075,232.4118908081718,232.73138
-31.43466,-3.4877098,-4.1185985,-11.816465,-1.8592252,124.35712594906258,127.126976
57.914326,-2.19599,-0.029723102,20.624853,-3.1291065,251.20844265224295,253.02806
45.06648,-0.27083626,4.414365,27.157698,1.0042876,257.97893146876527,257.2158
70.567474,0.7641664,-1.2916368,18.631073,-0.26185343,267.85643124883296,268.2528
41.199337,1.8865067,2.58192,0.96388257,-2.7974718,223.81086146154956,223.67787
-41.33757,1.7328092,0.2484098,-28.707123,1.2090216,113.3876616023528,112.98909
-27.816017,-2.6927373,-3.1061258,-50.244015,-3.4236643,92.86029163360551,92.56098
-70.21141,1.9440731,6.647679,-14.946097,1.1254683,104.92324413429516,104.40327
47.58652,2.4080644,-0.065737985,20.347807,0.04292093,251.3555212952918,250.16313
8.263096,-3.9518945,2.0062184,-21.797382,-6.0736375,157.45274947930596,158.29008
-70.24344,0.021754751,-4.544547,-18.48614,0.68959427,85.96775489819005,87.280815
-0.7967377,5.026112,7.73767,-12.267784,5.036886,184.96928323824383,184.57973
-54.738388,-3.4426415,-0.3570832,-33.389942,0.08848259,86.75614575840373,88.004
24.409212,-1.1383665,-0.036028646,19.62105,-0.88416195,221.4845460231532,221.81534
69.52946,7.752787,3.592362,19.98198,2.6405838,284.0932879968384,283.3409
-7.6743145,3.4600399,-0.7338939,7.944984,-0.6098972,182.3380772083023,182.23048
23.744223,-2.4607155,1.9249667,19.532354,-1.8624562,220.3416119811017,220.72197
-98.81067,-2.3143523,-2.001503,-29.138144,-2.1619034,45.34238349014828,45.41704
-0.68189144,1.7538966,-1.3477387,7.648848,4.4758344,192.8840749350867,191.69255
-62.974686,-1.3218606,1.552628,-10.392937,-3.0661006,103.2718023086888,103.6406
-14.111771,-2.0309045,-2.0332258,-11.0482235,-2.2850006,148.04487532268013,148.33446
8.113078,3.0560668,6.1006346,44.551758,5.0930295,252.60638734927497,246.75824
17.856806,0.97121245,4.127724,-6.8062625,-1.7174858,194.55481861619697,194.27571
32.311905,1.4944774,2.3866072,25.518726,2.2805755,245.7212440827663,243.83597
-29.09736,0.8523829,0.1870048,-20.142962,-2.064223,129.2753708730431,129.57846
53.771843,4.382642,6.845419,13.651087,5.282807,264.20839255320845,263.7773
18.711594,2.0283008,10.728278,-46.52452,-0.774478,164.22520104813034,164.01273
-20.279415,-1.5142915,-1.2359685,-15.593181,-3.207305,137.0768623843796,138.01341
34.895123,4.000874,4.6412015,40.570164,8.411896,274.1355033422069,272.363
31.01401,8.690139,1.2272854,-25.883644,2.0872207,197.9256210186057,196.97858
-22.662085,3.6892216,-1.484768,-18.502739,1.2989997,142.30813601684412,142.18227
-13.33602,-0.96312016,-4.257429,-1.1351947,-0.9660801,158.65394484283598,159.18573
33.187073,-1.9224238,4.481109,20.688757,0.18983671,236.75802738227105,236.46799
-66.68385,-1.2198256,-4.456744,-29.036758,-1.773758,76.72334716998768,76.67259
56.958195,-2.655535,-1.7921826,14.098098,-9.115667,234.7580576662019,237.3365
-21.041454,0.08334083,2.8069725,-10.765305,-0.2572826,149.72680429418065,150.66985
13.472207,-0.69227934,-5.492736,-51.891624,-2.649211,132.3364805534012,132.58986
31.200119,2.8497815,-0.44719267,30.982702,0.7074468,244.67743987270867,245.13647
-34.25864,3.2227945,5.5942063,-29.363953,1.915378,127.25951233204704,126.95341
14.389202,-1.4194645,-2.0210042,-35.54561,-0.19574742,154.42535826612055,155.051
-53.227764,-1.9598045,-3.1922462,-24.957972,-0.99184436,95.42637369438457,95.51392
-34.936745,-0.9117399,-2.071211,-37.78151,-1.8536421,102.32145319676732,102.288704
60.402912,0.16579473,0.5563255,17.203007,-2.1950953,256.3828420052758,255.97661
16.879902,1.3971328,-1.8225054,-47.304325,-2.2466924,146.89207537310438,146.74707
2.048767,3.7687058,6.309327,6.64765,5.6545954,204.5723310240097,204.2727
33.7222,6.2538366,3.7490687,29.132553,3.538372,257.63553111379633,256.23965
-38.724968,1.299841,-3.331525,-24.017904,-0.045337215,114.25811614352,115.02366
1.1029164,-2.1242297,-2.3139515,-66.67486,-5.188511,104.40656527323854,104.644966
-30.75445,1.4933106,0.65700376,-19.0851,0.25134137,132.8825193390024,132.40579
-0.06300885,3.3130455,0.15246096,-32.50068,2.9083486,153.693593343715,153.65376
63.418846,0.8177614,0.8976441,-8.138763,0.14816853,236.34606704859831,236.98727
-9.355209,1.984556,5.248713,-38.057507,-0.31599337,140.18215219065033,139.34808
75.21387,-1.1119461,1.0024346,13.324057,-2.6067472,266.1498752808008,265.66525
-77.17148,7.064962,0.5055856,-26.623453,0.09723529,84.12939860100275,83.71636
35.403927,9.090486,4.8872304,15.190282,5.528855,253.00652624109608,249.94441
-34.490765,4.624663,1.1822428,14.035735,1.656949,167.98056681697574,166.85239
-27.81247,0.28321508,-1.0924491,1.5514246,-1.5374693,151.107415873977,151.23584
-48.338467,-1.4344721,-0.1363535,-23.581072,-3.1474175,101.23204818282196,103.205795
-42.651356,1.9226823,3.5690296,-15.294182,2.9266899,130.92881354551108,130.31645
-75.37669,-2.273285,-8.030916,-24.310167,-1.9812535,67.48144153839465,67.87119
-36.565556,-2.7693112,-0.5339085,-30.186728,1.0468118,110.5633388021444,110.8349
-56.55538,-0.35011846,0.03459375,-12.3478155,0.773704,111.99334748218766,111.398575
-8.521023,2.7008722,-0.65206987,-28.706926,0.48717228,144.82442713019157,145.15158
-45.410957,-3.5562286,7.20086,-13.735487,-2.596639,121.364157405203,121.745155
3.7459152,10.148735,2.413407,-13.550553,2.2942107,185.82430493861776,184.89525
18.537888,1.2397419,0.07082786,-39.13275,-0.90970606,159.71829542993655,159.64964
50.588036,-3.5727973,-4.9238286,13.235958,-5.381682,225.26208672612097,229.7893
14.492102,1.5147839,2.0786042,-49.13095,0.8028285,149.75212532361252,149.60092
31.020216,2.136583,0.64846003,24.67245,1.9532716,239.79976442796465,240.27467
15.604024,-5.4098563,-0.3236992,-13.570304,-1.2185541,174.86339708479505,174.9252
-61.189774,-4.4518723,-2.6651616,-30.442186,0.6390156,80.04468938493895,81.73356
57.038822,1.7715907,-3.6264205,5.316104,0.8580471,240.66708037323056,241.20184
66.537285,4.280285,7.590973,22.76518,4.2091556,286.3668471513774,285.2266
-54.714684,0.4272931,6.05996,10.40716,3.105747,145.325708694105,145.12901
-56.565403,-5.0717344,-4.508499,-25.706985,-0.5056963,86.24583992559009,87.48526
28.413527,0.8263242,-10.859593,23.976309,0.77046293,223.0029675637584,222.9707
72.760475,4.3822513,6.094198,29.098118,2.3707197,296.67436067397034,294.54944
38.415318,7.9144363,7.956132,8.7283325,1.2102346,247.0484333271233,244.06808
-39.666626,1.9875175,4.719335,18.592678,5.9477267,171.69812580621922,171.42427
52.159588,3.7481503,6.41823,14.689188,2.3027616,259.11511108497336,259.1616
-53.54818,1.5055866,-3.495335,-37.579346,-3.1750333,83.2772984356764,83.55127
-13.033957,-0.77280563,-4.633781,-25.122503,1.4920087,138.00069874946217,137.77266
26.233192,3.2154756,2.8260915,1.1477797,4.6144686,221.4599458007048,217.88072
45.225037,2.156668,2.6943488,11.143451,-0.2582282,241.4062199381925,240.80481
51.66049,3.1315536,-2.890861,25.983475,7.1420083,266.1499261019438,264.87054
-74.11846,2.6368413,2.5506454,-15.224308,0.65737593,98.0400423817904,96.34568
-32.505154,2.2374175,-3.2514133,-29.036451,1.9328264,119.82145828196244,119.220726
-21.425282,0.6333294,-1.3678288,-37.24435,-3.817705,116.2138511621276,116.621735
14.358786,-5.089022,2.0347245,-33.99418,-1.7852232,155.3612026740703,155.36867
-66.140076,-0.13058051,-3.5333767,-24.947926,0.1535263,85.48931189482288,85.24508
-15.748859,-0.8584116,-2.6217206,-9.744249,-0.76299787,149.46108019327465,150.10745
-55.94301,4.577259,3.1330636,-7.5282087,0.29843947,124.09740880036706,124.381096
-13.143694,2.262692,3.3024576,8.604803,0.5138975,181.8401195627144,181.38382
12.174583,-1.665625,-1.8825147,-17.752357,-1.3192021,168.74065224269685,169.39839
20.334028,-2.4020998,-0.20698807,-1.0624365,-3.1667016,193.2272449894421,193.33939
0.250693,2.5140052,1.9295286,44.01799,0.7330625,229.9880645874307,229.28882
62.754753,9.427204,6.6744695,29.698101,6.7362547,298.2624075879775,295.1343
28.00396,5.7586393,-0.28175703,5.1165357,2.3565333,221.6529580783299,220.79753
69.61387,5.3923492,2.4000306,20.051573,-0.8409998,276.3613305217915,276.46045
30.175236,7.4681377,-0.3258317,-9.612574,0.8785262,208.5969211826997,208.42712
-34.79179,1.8264832,0.0011965442,-28.61016,0.48973864,118.80389421568366,118.75905
-12.924802,-3.0359132,-6.742815,-29.650616,-1.0699091,125.68732523325488,126.419495
-12.382371,1.6055305,-0.7727394,-27.79583,0.6997905,141.35384006713448,141.198
-30.99213,-2.2171896,-0.05065342,15.995593,-1.1025469,159.8028394662367,161.47665
-56.111237,-1.6873809,-2.7918813,-17.57589,-5.0682216,96.22645895868696,96.608986
55.484943,3.0806684,3.5126557,31.355173,5.7371325,278.9652065769762,279.0141
51.05719,0.23286875,1.6718072,21.689156,-1.065404,253.75748612633507,253.42929
-22.603333,-3.1322455,-4.057637,-18.321844,-1.5255817,128.4220096233643,130.20285
57.23268,0.06750278,0.7117366,-3.1152983,-2.0213022,233.2443868054263,232.71902
-8.930953,0.055933207,-0.38274074,-30.990925,0.49283144,140.30425086790788,140.0876
59.381687,1.4758992,2.3536675,7.73513,-3.9405181,246.8238761907903,246.84947
58.527046,-2.2756233,0.52323836,15.738621,-2.177694,249.49137274107895,250.17921
-44.543922,-2.8926382,-3.418307,-17.102234,-3.8404207,104.67437964744602,108.04598
-36.248596,-0.22135828,-3.8709226,-34.07283,-2.389324,102.94631513965888,103.04045
25.530823,-0.17595115,5.418452,2.6663368,-0.5712387,211.70533545210256,212.71198
54.421246,-3.1947021,-0.93119645,17.93853,1.4144951,245.7881581754751,249.49203
61.23505,2.697441,3.1710765,22.867664,0.29503694,270.5263800414904,270.11005
-19.575222,-0.23556338,-2.7296147,-32.54874,0.48162124,124.28599863847816,125.236015
15.326966,-0.040134568,-3.1437335,-29.10503,-1.2346928,161.0505108922125,161.64705
21.578487,1.0335736,-16.95449,24.090914,0.104503274,209.0022796190963,209.69664
-61.268776,2.5935855,5.701703,-27.03737,6.9021235,107.12188232692716,106.7348
-30.599117,2.039728,4.98608,-32.906494,1.4462911,124.8189373243983,124.81006
60.829254,-5.779873,-0.14125559,9.173725,-3.4809837,240.0257822352441,240.4445
2.4565673,-3.9769766,-5.1986833,-12.786923,-2.7716448,156.74449474933508,157.56596
-4.337143,4.015561,2.3106775,28.605541,4.81811,221.85622628308468,215.2563
36.50539,1.3079104,-2.1522868,-0.23168604,-2.3999798,212.9529456486284,212.87296
-22.050198,-1.0760943,-2.3234515,17.031853,-1.5356668,169.7998873079849,169.89
71.43397,7.650518,4.045051,25.319477,-0.23009676,288.4317462532209,288.06277
-99.72266,-0.94596756,-2.5251873,-29.762665,-1.0298396,45.9827162755659,45.85725
-41.58543,1.9539014,12.861113,-6.301647,6.5743265,154.24575562247028,153.34586
7.947233,-4.099403,1.7722212,-28.725004,-6.0209913,149.83051953713675,150.71759
75.67168,3.1148071,1.9901983,15.951617,0.7987479,277.5561338012063,277.3707
54.086666,-1.4725182,2.2667975,-2.9790986,-0.27297917,230.5526100537268,231.47246
54.605797,1.5849661,-5.7759438,11.851497,-1.8463894,239.9921377441672,240.26353
-7.682553,1.8320551,2.2842815,17.638718,4.088494,202.01403083362715,198.00462
73.639496,0.46306977,1.4409487,13.463308,-7.688201,260.7922384722644,261.1623
8.078316,1.5406833,14.565698,48.9793,2.7649724,256.0694323544842,255.77249
66.04429,5.0829415,0.58463687,24.121458,0.8819866,276.79493281920287,276.55914
48.156803,1.0961099,0.8626913,19.821453,3.2885883,252.6918935431903,253.0693
19.79505,1.5098122,3.0181606,6.371961,-1.212178,209.0881557030136,209.32655
-18.984983,0.63442874,10.554355,19.084837,2.652503,194.56175542672165,193.78485
-20.192663,-1.4277143,3.0468006,15.433362,-0.84011877,176.39354089271984,175.86325
-12.630613,2.967086,-1.5730526,-17.384865,5.912793,157.37181841182195,157.13498
71.6324,-0.8738786,-0.8244255,16.993187,-2.1353607,264.5129173178968,264.63562
6.1039357,3.8942459,7.4764,3.7151678,5.314512,207.04029162351483,206.34795
49.63401,-2.376777,-2.8456914,17.327896,-2.7906992,236.6244445784343,238.79234
21.905214,0.4488127,-0.4561799,-9.89181,-0.72285926,190.9144349329116,191.12677
66.83848,0.8911615,3.5453212,19.834497,1.9578719,272.8010847797025,272.91098
-49.427246,0.9433778,4.872467,-22.796028,-0.15049596,113.30096274334451,113.28563
19.702461,0.9922767,-9.846082,-18.275352,-3.3154101,169.12979178509678,169.10156
-37.45931,-0.033639155,-0.64420325,-11.601659,-0.938614,129.71904366651833,129.16621
-36.302143,-0.44595474,-2.5936472,-34.469254,0.78394055,107.05531663249842,106.8165
-41.800194,4.3030496,2.9458487,-20.873451,5.4823284,130.24711430105071,129.90112
-57.06976,-2.5505238,-0.13151665,-17.050539,-0.57438403,102.39706942876823,102.46686
-9.349477,3.663158,-1.0474697,-2.3608768,-1.2558584,169.42822400991912,169.4931
-13.999646,1.6899302,7.274695,8.84322,0.67684555,185.2830448805516,184.32869
-25.88324,-0.08035226,1.4607874,-17.615248,5.8312426,143.65928642692933,143.5568
-44.727406,-3.257594,-3.0713036,-25.742584,1.5956694,103.5322096354912,104.640274
15.666837,1.762195,1.8571192,-19.979704,-4.061898,174.76835569433837,175.0882
19.912077,1.4146118,-2.9256961,-2.2218616,1.763262,197.42507760739247,197.786
58.44646,-5.5044875,0.68438786,16.799696,-0.12924887,248.01522605115292,250.1405
-49.370014,0.082634784,13.485291,-9.502413,-0.7959007,133.8844893663168,133.74323
-55.37164,-0.989978,2.403175,-26.594461,-1.1969953,97.18590198124416,98.09369
72.88532,6.056369,8.181797,6.568251,7.6948204,281.93366946792247,281.23035
45.92526,-2.4719942,0.49982616,9.9300585,-7.2095866,225.8833492920674,226.51715
-68.631935,1.6026613,-7.113373,-22.198818,-1.7286386,81.35843481812452,81.77346
36.722713,-4.24507,-8.697107,-21.94086,-1.6015741,179.00196871974927,180.08163
23.414019,-1.1881127,-4.381632,7.2106247,-1.086526,204.3813468513428,203.81197
-41.854828,0.29689428,8.918722,-11.830726,-1.7653631,133.25565659814222,133.60832
30.273193,-1.5953181,2.6672823,-9.298269,2.4579468,204.65951559206823,204.34854
42.49715,6.7510567,9.594919,25.009602,4.039399,268.6825564567144,267.73593
45.493782,0.52232814,-1.9684917,-11.448054,-0.54131925,211.8161023966693,211.90181
-20.907412,-2.30657,-3.4842699,15.1715,-7.3384175,158.84575054506928,160.97836
50.658337,0.25487638,6.6293654,28.549173,-1.1426287,264.9465123796024,264.7927
-81.981895,-1.8070099,-3.2539558,-33.886368,-3.961779,53.509635959903065,54.952583
-5.416845,-0.4624374,-1.7815603,3.2743933,0.886167,176.21127610915687,176.34335
-73.676125,-0.047530796,5.641594,-9.763993,2.4744532,104.22667261572828,104.47192
-13.35245,3.92341,2.7016182,23.133888,0.14366828,200.29575939461716,196.3937
-13.846929,-1.5869206,1.7467617,-2.8314328,-2.9486525,160.15954937236944,160.37645
-32.2328,2.2272758,-1.3806037,-31.564999,0.16558483,118.04825063196785,117.057945
51.64825,3.2748609,-0.6285275,1.9245863,-2.20028,234.06522048596617,233.86238
-48.53631,-1.695055,0.67185545,-15.603713,-0.062926136,113.84230153612194,114.61745
34.354553,0.991936,-0.86539125,23.019085,1.581162,238.7515749966284,238.92494
-13.878238,2.79853,3.498621,-22.057104,-0.39839062,149.80451172620124,149.807
33.046143,1.6822182,0.8631137,32.767296,0.8948638,249.7137159754788,249.09723
22.620169,1.212158,-0.7354907,-16.3068,4.836136,191.4781569978292,191.46985
-2.3260098,2.3570845,3.868008,21.969322,3.0287015,209.58502963104533,208.74078
-26.843111,1.567263,-0.18040755,-19.083982,2.346493,137.84967331782937,137.64983
-42.63898,5.324481,1.3194699,-5.8848534,4.627997,143.24502050078962,142.59177
16.59622,-0.28140622,3.159537,-56.60433,-2.3833559,140.6891306490656,140.33041
33.615173,4.640049,-3.6819568,9.580289,3.191853,227.7826541761559,227.18906
-23.927372,-1.3655277,-7.497824,-31.637726,1.0385725,116.0747726002959,116.45369
-23.16923,4.9192777,-0.32830283,-17.867043,4.0750704,148.21924798742617,147.47328
22.295435,-2.579628,-0.090773724,21.707905,-6.8510504,213.5982970996489,214.32544
-28.49522,0.622604,-2.3768964,-29.041199,2.9814374,123.96735322893474,123.53426
-61.420906,-0.26739633,-1.5558133,-10.202005,-1.2895142,105.13420249799732,105.10795
-7.56468,-0.054458354,7.695341,-14.215444,4.7582335,172.2983492152017,170.46252
-39.58813,0.9943099,-0.25627193,-15.184619,-1.3869666,124.663629160018,124.42188
37.860687,0.08583724,4.818699,-12.070153,0.48033357,209.7335904824809,211.01894
-26.818607,-0.46431077,3.1780787,-5.031485,0.8475619,152.60093060658272,151.5548
60.905136,0.6952608,1.539748,21.892042,-3.9101999,261.07504073558897,260.96576
55.134315,-5.440933,-0.994846,18.066032,-3.6136212,239.85868512940488,242.99461
-80.95078,-2.0984035,-5.7666235,-16.42908,-2.0544162,71.98850698733536,72.5443
59.1134,-1.2855744,4.903655,23.34693,3.7592833,269.5618885772525,269.68127
18.630798,-2.4442604,-5.3203654,-8.728416,-1.6682454,180.1946611865515,180.31317
-28.592926,-1.8875034,3.6521266,-27.518242,-3.327913,121.56168810567988,122.16915
47.1081,-2.7590892,0.045208417,20.774618,-1.0712912,241.6071891523933,243.94116
66.42355,5.6500354,3.3013546,-12.696739,4.124332,247.2766046115065,246.64621
-6.6600685,-0.28692448,0.13282175,14.927754,-1.725678,185.5615383882605,186.2315
-16.426554,-0.7102899,-4.553158,-43.163967,-1.0825697,113.52484024376449,113.90701
-3.0037036,-2.8629434,-1.5737427,30.065815,0.15617143,200.60265187177484,202.62532
23.024012,5.046093,1.1005024,-4.324044,5.539504,210.86945697958112,210.22964
20.543394,-3.302418,-1.2063555,-6.9379377,-1.2782618,186.5151334529265,187.66199
-37.203854,-5.834309,-6.2326417,-30.018267,-13.8849125,85.23371189560646,86.6696
29.481186,8.974796,6.1242185,-15.081103,2.0750768,212.17603167939387,211.41783
-29.573736,-1.2494102,-2.3245552,19.732204,-0.18055452,164.67111941976452,166.24762
57.444496,3.5484746,6.3588543,12.879144,0.5706957,261.56166329889925,260.64542
25.88986,0.24873164,6.1181054,-2.1980734,2.9005373,212.61015944126564,212.80283
13.917228,-2.2679784,-2.7296312,-50.42037,-3.1587472,134.4131241430137,135.1841
17.804464,-1.3157784,-0.11726716,-17.199099,1.4132291,180.1634689787074,180.4291
18.273727,2.5197124,-0.73997486,3.5125554,1.390067,206.67627696504945,204.79977
54.43521,1.5981789,8.302405,-11.510547,1.3414336,234.36689597335237,234.01033
-63.24421,0.32933387,-9.942983,-30.804085,-0.45735514,75.69524959848759,75.72422
27.966864,2.5800362,3.548151,30.023891,5.085667,250.1932905881884,249.04813
25.345812,0.48403278,-1.2696413,-62.315952,1.8469635,143.8392926485857,143.93472
-59.1516,-1.360075,0.8297994,-35.38641,-1.4819126,83.07025936937936,83.293365
-9.123999,0.58061033,3.0647876,2.5110621,-2.2921813,174.40067573634576,174.58394
69.80974,7.258376,2.9273095,23.45661,4.8247724,288.381156162349,288.12048
20.316027,-4.6303325,-0.26991886,-36.45315,-2.6438694,156.35921157487672,156.16226
25.64373,-0.013439794,-3.3744013,-2.1915822,1.0331624,199.12126071661928,200.94104
-13.573222,-2.3735414,3.6153436,-7.254133,0.1718022,160.09260097531424,160.42981
-87.53274,0.2166588,4.553033,-17.094067,3.0605323,83.17408272804532,83.04692
48.947857,4.4541707,3.0906532,26.687206,4.6594296,270.7531489967903,267.68317
32.876232,4.2253027,4.986145,30.078493,5.4949446,260.2355898065361,257.50473
18.213787,-2.3803923,-6.240954,22.738382,-4.4920673,205.35174621003463,207.68237
13.2682085,-2.2981505,2.749633,-12.564775,-5.6362834,174.885459967551,175.36232
-19.786013,4.7085686,5.055354,32.361572,6.0098124,211.3072610248092,208.19292
1.3319191,7.3924236,4.0359325,-25.5858,3.0501308,171.13836902741787,170.06824
-28.944715,3.019221,7.274909,-3.8490167,1.4249126,158.97167163354982,158.76889
65.25318,2.5103729,5.5696654,16.888496,0.28415132,269.78670816623395,270.34958
-1.4132968,1.5834225,-0.20750536,-21.422497,-0.36418748,158.6384581781818,158.01955
-73.86401,4.1358767,-2.7812235,-17.557793,0.910113,92.16902934161308,90.68653
62.13714,2.781944,5.12216,23.776897,4.538875,278.94912047895804,278.20074
-63.397816,-1.4394449,-9.377264,-17.901522,-1.2793341,86.0514602911866,86.44821
24.847279,1.7984005,-1.1310406,7.1383357,-2.735472,209.18611655015533,209.76112
64.80282,-3.8891323,-0.77503425,2.6718113,-2.943594,239.1682508006808,239.71056
84.32431,5.641938,9.430342,27.48593,3.0177245,311.08927236438586,309.74387
-20.51298,7.5837574,1.086268,1.9267352,0.6573015,172.53319551795423,170.5848
53.695827,0.8716827,0.86701185,17.060257,0.48712417,252.70846238913376,252.82542
24.226927,-2.0668886,2.4050012,-0.5299027,1.5965514,204.92456137581092,205.47533
-42.51288,0.07865858,-5.75427,-13.381102,-1.7752067,115.02419304003492,116.49874
24.52475,-2.9710436,10.960271,-5.284162,1.1392919,208.1218748849737,208.21272
-58.225903,2.4216971,-6.758124,-33.461884,-2.7579381,79.92987062518047,81.06141
68.0029,-2.0554647,-3.1363213,18.835712,-1.593205,259.5940078105879,259.89728
-41.82612,-1.0848933,-5.0391636,-38.855736,-7.402014,84.86800421414988,85.63565
21.585642,-1.7242652,-2.8300543,4.6610756,3.5664053,206.19340942743577,205.10243
-14.38801,0.03572067,-0.59930336,13.436691,-2.5857468,175.75570986775605,175.74298
50.33686,1.8306901,0.986161,-4.085394,-0.54400116,229.0916818606567,228.36792
54.77114,3.4597645,5.4277163,-2.1762586,-1.2930708,240.37800182730888,240.0329
73.86799,1.4844702,2.7755387,19.574839,1.0793537,278.41087465906924,278.62576
-13.390182,5.1531997,-1.5631375,-37.35148,1.2653456,134.3458156085309,133.95726
-0.24120337,1.4519331,6.6595206,9.772247,1.1290561,199.31277806427607,198.61523
-1.4976625,0.9480254,7.2659583,20.909845,5.2250457,213.3612131260948,212.69489
49.02614,3.5545928,5.312948,7.6337485,-0.91384065,244.77016898505613,244.45726
44.800827,-4.7160206,-3.2644024,-15.011634,-2.7864232,198.47098289170512,198.86592
-5.448736,4.3971496,2.3719583,-18.472424,5.0902843,170.44052275670296,167.78177
63.585857,1.2032713,2.1589608,18.085909,1.0487026,267.4022234952235,265.92645
52.151226,0.7232989,-1.8821669,18.7055,-2.515769,246.30787573405956,247.02579
-22.442368,1.3618765,2.2334237,3.9328275,-1.5552338,162.76284797351133,163.37415
62.6842,1.342083,2.603475,8.843228,-1.0897092,253.5613689763161,254.22688
-14.927226,-1.1755596,5.376357,-46.351826,0.6928969,123.17188461512735,123.458115
-53.537334,-1.253692,-0.8257699,-27.690577,0.3476587,95.43194172039834,96.88378
30.736057,2.586438,6.5093913,37.276237,4.2824845,264.5647640074729,261.23422
-77.772675,-1.101554,1.056214,-28.836016,2.4077215,75.29754077562457,75.59723
-49.358185,-1.4397528,-0.27432853,-23.23358,-0.19833362,105.28583087258878,105.33933
61.226303,5.586129,2.1055827,6.803839,2.4622376,258.7820643898256,258.0278
71.36176,5.1377654,4.3721447,23.973557,3.882005,289.76832526222495,288.5708
21.177729,-7.4305935,-5.986433,27.729692,-2.2683482,210.729743365771,213.06569
-70.921814,4.7971234,-3.3622668,-26.391071,0.12727535,84.29939161851429,84.09279
21.527409,-2.219613,2.1345313,8.500335,-5.8321266,202.2950595212416,203.95418
15.184122,-4.0427213,-2.1542072,-4.6266227,-1.1314851,178.44811268715685,183.0727
38.833843,4.0464387,1.9030259,19.580187,2.9778447,248.76717538586183,247.18488
45.920982,-2.586669,-0.8951295,20.721058,-7.0018983,235.94432725605373,236.0019
-99.74859,-4.8518734,-16.547123,-19.360716,-1.8286256,36.67842537849131,37.50656
70.579865,3.9613872,-0.8505133,24.330051,-1.2626034,276.1259363512543,276.60187
18.362059,1.5239795,3.4878159,-17.076042,3.9115984,190.12003195978804,190.05305
-19.861631,5.4287086,18.50497,-7.113417,4.937982,182.77516315103955,181.74022
-31.847704,-1.255624,-3.788906,-24.140684,-2.0313027,114.18830503782996,116.77943
78.84265,1.5499157,-1.3849094,14.061243,1.021387,274.02838467878126,273.9339
-24.122452,-4.389311,-8.62806,-8.226302,-6.879944,122.89473914343456,127.597595
56.687424,-1.2227739,-17.04888,15.671168,-4.24895,229.13825557177145,229.68163
68.998985,2.495781,2.3193398,19.978043,-3.4636586,270.1391189788746,270.17206
42.565037,0.49599138,5.9811945,11.795595,2.033852,243.93683133718943,242.71529
61.733448,1.5618386,2.4842007,-5.5929213,1.1542004,241.29268966753585,241.18439
51.455708,5.3114085,7.1265874,18.654034,1.5092655,264.916671472621,263.9007
42.021553,2.2550545,5.4351664,16.303543,-0.9055026,244.94188599922,244.95338
71.8634,6.634206,6.5180397,24.241705,2.9421847,292.9840747021436,292.0432
55.28254,5.0570836,3.0628316,25.530901,-1.0662242,270.6473627621607,267.71085
-25.209908,3.0990114,13.221717,-25.684366,1.825619,147.71851995563944,147.09572
-53.222206,-3.018641,-8.706735,-28.32414,0.29832295,85.24759094770776,86.870056
43.78625,-2.1701746,3.8302052,7.0132904,1.0513785,232.90987310486457,233.35463
-31.73041,-2.7770305,-4.5631523,-36.92311,-0.34636378,102.64664902533092,103.50343
-48.691772,2.6757517,8.5354595,-20.359556,3.772858,125.9309742549814,125.776276
26.672062,0.9613435,1.2053031,12.818925,-0.49620476,222.0425687374212,221.005
29.381088,-0.6201594,0.7228911,24.31211,-2.6430743,231.36685385923835,230.99648
24.95333,-5.0568748,-3.5894957,19.905172,-3.65836,211.3453721544014,212.39734
21.415907,2.6212127,-0.32421118,-17.736977,2.7054439,188.4219268034453,188.52498
-22.681314,1.9979233,9.44065,-15.009902,0.04655212,154.5390968253417,153.63747
31.383055,2.5439968,0.25638902,-25.24617,-2.9210815,186.7255800959376,185.85977
-105.48812,-2.8559654,-1.2370801,-25.86436,-3.5574121,39.3927791132823,40.840645
18.35838,-1.3401681,-10.131983,-5.8936315,-1.2232417,178.28426486450434,179.61299
63.40764,1.0653148,2.7129934,-12.989718,-0.78775966,233.30498599825768,233.2521
-18.130777,-3.3894303,-3.2161157,-44.303867,-1.7183441,108.6958821450584,109.085045
-46.293327,1.3818907,0.19261114,-7.2437444,0.8852065,129.24621159064495,128.76631
68.02982,8.842573,2.068938,26.874975,1.0611829,287.5499121186637,286.7213
-31.72569,-0.1712538,6.2248764,-37.460747,-3.763821,112.46762880108663,112.9469
43.177906,-0.5410046,-2.01708,6.048876,-3.620253,222.5328835442361,222.892
41.583195,-1.0012513,4.851669,15.064062,2.5535314,243.6784920609321,242.89485
22.0418,2.042775,1.2477518,-44.55564,0.29373443,161.163510381167,160.91386
-87.6571,-3.685048,-1.3674641,-31.55429,-4.7742233,50.484533063394856,50.80546
-44.566338,-0.27598074,4.866939,-28.054754,0.28850684,112.56756172470674,112.10191
-60.046368,3.270213,-2.2336535,-22.5156,-0.88196975,97.82986941330802,97.4361
58.275528,-2.86604,0.06265996,17.401785,-3.6255262,247.605564255562,249.09201
28.125784,3.8126624,2.153591,-11.78687,0.7960433,205.2109694003168,202.94475
-60.637863,1.0651716,1.0878162,-23.25424,-0.52727777,97.14167444574728,97.57716
62.459064,-0.12287892,3.041506,2.0645683,-1.4540094,245.74125293828905,245.8319
-12.036821,-1.3632374,-2.4291344,-9.471435,2.760352,157.72663487761747,157.30333
-77.19561,-1.693464,0.69436175,-16.712036,-1.6866091,82.68810817143881,83.25027
-35.00114,-2.2917798,-2.2505674,-23.051905,-0.19196318,115.10929368995752,117.0563
65.866455,3.677729,9.48649,24.504366,3.6958997,288.18647618137703,287.07474
33.424183,-0.37933213,-5.527143,19.64011,0.7744557,228.24608093587509,227.77586
62.53877,-2.1871102,3.9307742,24.352486,1.7138523,271.7243855308416,270.19247
-5.8246193,3.1300414,3.9706626,36.39129,3.2439206,223.77207464898063,220.75487
57.37831,-0.64435506,3.58748,20.386415,-1.6697937,260.29094132478536,258.88193
-65.95978,0.5545431,-2.4761302,-16.29363,0.8096113,96.66383149515865,96.47819
27.216024,-0.22459656,-3.408465,2.165393,-1.4677463,204.02168460121905,204.12424
-43.733707,-3.8189292,-7.5769806,-8.443288,-2.763579,112.73899350129255,113.50704
-52.701126,1.2884017,8.262162,12.83672,7.255423,157.0814288689099,156.7852
-44.088806,-5.475359,-2.968958,-18.985867,-2.5733545,105.4239829258464,105.751236
19.146938,0.7837894,2.0616944,-16.153547,-1.7527217,184.0913145687744,183.92982
60.319668,0.46713647,1.4789127,18.464653,-2.8198738,257.79117793400303,257.7542
30.463072,-0.030898007,-1.7008742,32.389717,-0.77746314,238.0872086189539,240.18712
-8.458156,1.0953013,1.8666334,-34.59687,-0.4519084,138.52247403659732,139.29858
-28.295858,2.651404,-8.32117,-31.083048,0.51135,115.2502795441918,115.30625
-0.4182928,1.2689035,6.1742215,18.859055,2.1402092,208.67642990035327,207.86763
49.69317,0.089642204,1.8896399,20.325212,-0.9199575,250.0850608614708,250.92131
18.069439,-0.8739337,1.7078743,-29.765966,-3.9606621,164.8196360035162,165.02028
-17.260984,1.8227344,-0.08307187,-43.72187,-0.95686567,119.74389976670372,119.64343
58.216602,-2.3562133,-6.4025083,17.342474,-2.9145782,242.6585215922372,243.72939
-56.24077,-1.6097912,0.35068998,-20.881668,-2.5136716,97.49791002539013,98.94836
47.28711,0.2807849,3.1053114,-16.368464,-2.5152895,211.36361143939803,211.63309
-3.6757941,-9.082045,-9.950768,-17.038555,-3.8906949,133.85553267879598,136.20578
-96.9834,-1.1836683,-21.656633,-40.67225,-3.7593915,14.736952831894158,15.588213
-13.627308,-2.7491105,-14.393699,3.9190052,-3.2449791,148.60701939400855,149.7475
40.091927,0.19493501,3.3347483,0.88835704,-0.5701073,224.1658161395859,223.78358
52.731796,3.0902052,-2.1516113,6.603686,-1.2588036,237.9277109058468,238.85884
-9.960571,3.1564548,-0.17571658,-20.506014,0.6723197,154.20629094483672,153.03
-59.88168,-0.61355716,-1.3878278,-29.340317,-0.706433,87.90460277711534,87.91377
31.031738,6.404974,4.2436166,-4.042397,0.35516205,217.92446676788583,217.83664
32.619358,9.290612,4.153791,2.4423234,3.0573645,233.98599680991487,231.40706
3.896409,1.9414555,-0.29330325,-13.069541,4.0077195,176.5245085028152,176.32628
22.065062,-4.0220456,2.026252,27.17559,-1.4623945,224.7228833826384,225.6261
25.278093,-3.343747,-1.871855,-3.568434,2.8822901,199.05342640950505,199.21999
23.072712,-2.9745932,-3.269669,18.624628,-0.45965666,213.18811113408177,214.83705
22.50961,1.7278582,3.1521947,-1.8270919,-0.8823803,204.26320587659325,204.5238
-57.685074,-1.6148897,-6.1818676,-27.068493,-2.1258388,84.78429202436706,85.16741
42.655403,0.9644382,-0.241908,-0.110482305,-0.09714237,223.2266641366717,223.01399
18.509567,2.6144495,-2.7632036,-49.833473,-1.64079,146.3388129180682,146.72997
66.48692,-0.49416134,-1.5096639,19.220272,-1.4226177,261.1849264953366,262.12448
-4.9402404,1.9170574,4.0535245,46.503773,0.36131787,225.50331129366276,227.73917
-1.8783933,0.016627714,0.71490103,42.39749,-2.2302268,218.355469916872,218.86406
20.102554,0.7852801,-8.130076,-4.9761415,0.08888401,187.4325164563031,187.71416
-35.972404,-0.782725,-3.586716,-30.116116,-5.140543,103.20603762838324,104.24509
-18.55997,1.0807823,7.151337,-21.505215,0.4275635,148.90627553397508,148.43808
-10.30104,1.0564221,-1.0912851,-7.4537168,-1.8388948,160.3074487908258,160.21507
-52.543655,3.0345407,-7.5524487,-19.34421,1.8083175,105.32884007132748,105.246025
-20.699793,-0.028902803,-3.0860713,-11.174769,0.4264389,145.2400945581347,145.28047
23.597328,1.0460694,-4.7612247,-29.063969,2.7475517,172.58427066448854,173.40936
36.865154,12.222555,3.0891783,5.926792,2.0460367,243.45750329054528,239.99336
15.31602,1.5400522,6.3966737,-3.315763,1.3825188,201.56669983877927,201.1632
-63.257988,-1.1351706,2.1402488,-42.115025,-0.7220557,74.65100995888601,74.75358
-7.5654054,4.8112664,6.0132957,-13.185501,3.2319677,173.58185199884824,173.14926
59.39619,-2.8554971,6.298485,23.770437,-0.121419095,266.29356337817427,266.33194
-17.84544,1.2932723,-7.424283,-13.083289,-0.2182514,141.9185339810654,142.56563
-3.7412436,3.3045254,17.628187,11.938764,0.6806985,209.98127759839736,209.65457
43.776726,1.9794998,-2.780393,-4.8687115,0.063629426,217.90223578728376,218.01433
-54.731487,-4.864236,-0.5669535,-9.75215,-3.044478,104.92510273000318,106.884254
71.60909,0.1554961,4.161454,16.728495,-4.2995734,268.0511939201715,268.19864
1.958887,-1.8784956,-7.2479076,-60.920044,-4.38872,107.1600881828994,107.36728
-87.46372,0.19722106,-4.4959145,-11.296031,1.1644516,78.09926001895121,77.94948
-38.219627,-6.755461,-2.7721279,-3.2171993,-6.314591,121.1365574476498,122.56456
49.342865,1.9846307,3.2344258,23.977196,2.8053586,262.8030224777958,261.1882
-29.418657,-2.1882749,1.2491401,-27.03558,2.2035198,124.9385823407789,124.65373
-7.4125843,1.8619599,6.7396913,2.2021024,3.6772025,188.0065403845739,186.91202
-5.568381,-1.4520367,-0.859255,27.842236,-0.79036784,198.62140426291325,199.01584
-66.78827,3.4949338,4.124971,-16.204567,0.6588453,105.23417123823398,105.12949
37.167072,3.643918,1.9372661,18.817526,2.9701867,249.06234123869888,244.37955
-22.537,-1.6711241,-6.6992064,-4.09263,-5.689241,138.95503817873282,139.15446
-58.572674,-4.026769,0.2132432,-33.708008,-0.67980444,82.67787211017239,83.069565
25.882189,-0.90455335,1.6143284,-53.33271,-0.9683397,152.61523907885885,152.1344
-9.559629,1.618284,-0.70978224,-38.59225,-2.1211429,130.34464397330703,130.47917
-97.01242,-4.432816,-1.212014,-20.955244,-2.3793745,53.625020323106185,53.85166
48.79874,1.5425699,2.5236232,20.119463,-1.7212244,251.5065991038392,251.10684
21.947994,0.12756677,-0.69186723,-44.007866,-1.6640569,155.8075620742972,155.55536
8.179643,-0.8943955,-2.0996666,-20.505518,-3.2743678,156.35656748383522,161.24933
53.65825,-0.025373485,-4.740845,21.869402,1.3279873,251.9529521137806,251.93307
-26.34846,2.1770637,15.290602,-12.256908,0.3948047,158.95328458897208,159.10075
28.043896,-2.8494396,2.3725855,10.786084,-1.8928795,213.5673335834602,216.30392
30.843475,5.330715,6.2710905,35.612324,5.032432,266.1260683550027,262.93375
22.832037,-2.3243318,-2.449944,-35.32336,-0.26254016,162.40648573176773,162.3154
-66.34374,-3.9310832,-7.0273066,-30.346897,-1.3176454,70.37329540906025,70.876816
55.350956,0.46436098,-0.50434554,10.315856,-0.7129628,243.51426967381252,244.75754
-55.10046,0.30974954,-5.7829895,-3.2053893,0.63911057,116.24809815575055,116.70359
-17.356045,10.0474205,-0.17183621,0.84299356,1.237399,176.2596515684981,174.4436
-30.92931,-1.9337176,-9.008342,-1.8419365,-1.7507442,134.11231231340906,134.37952
22.36529,-4.9939637,-8.372747,18.33422,-7.2134676,197.8057234926328,199.96292
52.10848,-6.1311803,-7.756433,8.371931,-7.3885684,218.54852620865967,219.04784
-71.50102,-1.1903719,-3.45624,-23.564972,-0.21352987,79.70495422391036,79.91739
26.007154,6.94646,11.80427,10.811732,3.508374,239.65853394044157,238.92159
-61.24403,0.3695379,-5.4048376,-29.564823,-0.5400468,83.4062246550633,83.45941
-10.920664,-0.21516392,-2.99774,-21.900604,-2.5183473,141.1871007953955,141.29106
45.078396,5.154078,4.4445086,-3.5060482,1.1646724,233.357130301059,232.17918
56.009247,-3.935917,-6.41072,19.96217,-2.9467752,242.29502006877624,242.52159
-22.92788,-3.3958306,-4.7350335,-36.76024,-3.3270867,107.37516451244788,108.69747
-31.929905,-2.5834978,-0.47409979,-5.4852643,-3.5713308,135.74191206217492,135.7995
65.9066,2.5651906,0.10810079,14.447426,-1.873954,260.8366445508658,260.9971
75.44616,3.7448778,2.6419961,18.710955,1.7027174,282.47210093389947,282.09042
65.63117,0.96055484,-3.2157102,22.154408,1.4297938,266.2843366974426,266.80414
-59.327854,-3.3371346,-1.4019506,-24.399462,-1.6379746,89.77251592300019,89.73917
41.83358,-0.5690376,-2.994316,3.2057362,-4.3625197,216.34699417806613,216.95705
42.90085,-4.0175366,-6.569741,22.555761,-1.5888505,232.07050386341385,233.12405
-54.784473,4.5105,11.061013,-19.60266,1.412008,123.6331500047522,122.43995
40.42791,-1.253669,-6.330449,8.332919,-2.3653502,216.7306758413616,218.6549
-20.38361,1.9779556,-3.2206905,-19.774172,1.1415995,140.64946661894425,139.58475
14.251381,-0.7374884,-4.561216,8.597928,0.41878197,197.2489282618584,197.81303
-66.860504,-4.39673,-0.043443408,-14.547698,-2.2299075,89.55456758664633,91.76527
18.080305,-2.1583464,-19.064724,20.738752,-3.3082447,194.0121632117047,194.13136
-91.34422,0.2520246,0.6035591,-25.329567,0.5503076,66.22877808451712,64.575676
68.45754,1.5185136,-4.356307,22.052017,-1.7828764,265.41668590186833,265.7324
-57.733776,-0.012969522,-0.6976465,-23.765795,0.59711987,98.41759341435888,98.23046
22.235943,-0.34103736,2.0225172,2.6227882,2.0947785,207.71737612437977,208.47874
-48.980907,-3.845265,-1.7006543,-12.347987,-1.081976,110.25664806751509,111.88676
-2.5134187,-4.0844655,0.25931412,39.885475,1.9712007,213.9101571860612,215.36172
-29.903498,0.58456075,-3.7118683,-9.964103,-0.38821113,135.70047183393262,136.4604
-30.746742,-0.0789919,0.2745992,-24.829048,0.043722402,124.9294895984405,124.50709
82.27241,3.6817837,3.005377,19.598806,5.0936594,295.69898427741003,293.49576
-49.14571,-0.88229114,1.7242005,-21.522957,-2.7364976,106.47569229511711,107.28036
-68.61764,-0.7576178,-2.6556149,-24.738379,-2.3953645,80.20599830788075,80.67894
75.245255,0.10014586,4.1930575,22.809114,2.8617272,284.89539904460315,285.05304
25.282434,1.1884096,0.8579766,21.250473,-1.1358373,227.1250230846705,227.2871
24.557856,-1.5799571,1.2154713,2.0598674,-1.9882295,204.21106698762796,204.10858
-11.412386,-1.1380765,-1.7132244,6.0817156,1.861928,173.3422986354944,173.52354
48.70547,0.90846616,-2.114586,20.649065,-1.313029,246.7315623034156,246.67885
33.418255,0.96893996,2.642258,-34.22829,18.178295,200.61016453840372,200.82303
-21.422808,-0.12961532,1.2500184,19.554958,-1.3166859,177.13457540643506,177.77948
-63.218132,-1.0574988,2.0477312,-24.978506,-0.72678065,90.6875047733517,91.91037
61.546436,-2.8949883,-2.9626198,11.136204,-0.3797,246.35122323021383,246.28903
-55.266403,0.043513365,-11.498631,-34.20236,0.62946475,79.70262303496301,79.54907
48.794765,-3.6275141,-1.3916059,15.358573,-0.27631375,237.7301433989243,238.7016
-21.608429,-6.772723,-3.7554402,-39.70864,-3.9595041,102.63385212572688,104.03883
18.688684,0.8937627,-6.0361576,-24.384645,2.6560485,170.84139053726156,171.6613
27.896662,2.7618108,8.357041,4.730257,2.121964,227.6615412789405,225.71135
-69.99965,3.838288,-10.5597515,-22.692514,0.58185667,81.5524139745676,81.01173
46.58719,-2.2674863,-11.760255,14.890443,-3.4266043,223.0846422316356,223.86693
83.54849,3.1717021,7.957596,25.795458,3.1946452,304.0272107530324,303.51163
-58.12548,-1.079001,-14.584146,-24.0611,-2.389656,79.16467443695527,79.60422
64.959785,3.3113916,5.461783,23.628254,0.24095581,277.69911056725533,277.44595
60.53631,-2.253377,1.3511759,-10.632948,-1.107902,227.47221071138415,227.7368
16.891758,-1.326493,-14.261361,-6.1510077,-0.69999504,173.15288836517166,174.29643
49.90553,1.29253,3.7756023,1.5103563,0.2865758,237.19548551165437,236.61424
-16.43027,-4.63739,-0.16430667,-11.284961,-3.053917,142.5027159571781,144.27277
-66.54819,-2.1609597,-4.619541,-26.405682,-2.3064067,77.55252416765532,77.802795
20.61685,-2.8467526,-3.673347,20.857838,-2.1371422,212.42482352554376,212.6611
22.84626,3.9239693,6.323272,8.597739,3.9170868,225.8354711977819,225.45197
-43.768887,2.189129,1.8355026,-10.787029,1.6256096,130.81587846282775,130.93788
44.120934,1.9441792,2.9503167,-7.3632627,4.4473896,225.71756941128743,225.9432
-39.73913,-2.6234968,-0.396676,-17.449625,0.018826555,120.01688396236736,119.65353
72.36354,0.16916977,4.1638126,16.838114,-5.4489264,267.6010526882776,267.92932
-23.36853,3.210258,4.0872884,-18.660378,4.7231145,150.33696028440292,149.83533
2.0434818,2.227939,9.779771,46.713078,0.6104321,241.3568335303398,241.21829
-59.25891,2.3225508,-0.4333908,-2.4129126,-0.6266629,120.48703100511744,119.43421
31.55608,1.0120323,1.296829,30.685137,0.8598843,245.0536166120173,245.25365
17.972933,3.009325,8.662961,-6.635487,8.133923,211.2149106580914,210.98727
60.304752,2.5806756,2.746254,24.430387,6.420719,277.44066272924584,276.32635
50.21029,-0.7688726,3.5757158,22.222115,-4.0295687,250.35029766178135,251.05334
-54.70104,-0.8192874,-4.208799,-1.8198717,-1.8001738,116.17707364354882,116.49436
46.7967,2.7264895,4.651423,12.930153,0.9065456,248.01530678309987,247.85489
76.79826,3.3848753,2.8327017,26.194132,6.124967,297.66350196514134,295.1786
-42.31084,1.3973328,14.798771,-34.14495,1.7307563,121.47665068964064,121.31462
57.39058,2.5700924,-6.3260603,6.0013666,0.30120218,239.6581099327252,239.78084
-44.379932,1.5873011,-0.58903074,-26.230211,-0.318126,109.30925183449716,109.913536
44.080452,-1.0813627,-5.52866,22.774405,-2.1676774,236.95148267811007,237.92078
27.28014,-0.5658192,-3.3926435,4.1166005,-0.7821956,206.4287031358277,206.49973
-24.33673,-0.685666,2.1130776,12.413117,-2.1255772,163.43255142643437,167.22194
76.924484,6.0602574,6.777258,29.313612,10.037106,311.9116779618194,308.9565
-18.490711,-1.8616002,5.6333723,-3.7613513,1.021671,162.88722006921176,162.38504
73.715195,6.7399855,13.745497,22.937937,11.262594,309.2064189317617,308.24478
-7.783783,5.8710628,-2.2756853,3.86707,0.6392234,181.00620630316,180.16142
10.220971,-4.001254,-1.1729571,8.373189,-3.550022,188.63961083145043,189.71356
61.192177,8.3756695,7.315458,23.067406,7.260611,288.8109508878724,287.0549
-49.596962,0.49666828,5.39656,-3.6954024,-1.4779961,130.9502805110231,130.96648
57.963905,-1.5295081,-2.6539116,13.657972,-5.7900476,239.62009118551455,241.49202
10.105511,-0.9600569,-1.3459861,-65.18762,-1.0678362,121.52491263205096,121.38765
41.93598,-0.36533964,3.1676483,-34.14096,0.5614646,190.5824707415307,191.0024
16.779783,-3.2302907,-4.823159,20.493164,-3.995892,200.5360037178337,205.06728
-47.946537,1.4402386,2.9793577,-3.9160666,3.6691692,136.33640932008953,136.06972
-14.516602,-3.9121873,-4.923826,-11.878911,-2.6635678,141.64782051846538,141.94847
63.220642,0.55804,2.776495,22.002245,2.6831467,270.27522026276864,271.08417
69.07818,7.9375806,7.9572906,24.041897,2.355283,292.2855637803879,291.21417
52.89787,-3.0306814,2.2712054,17.825224,-3.6775463,244.4034738973569,246.12978
22.126617,1.6096658,4.954162,-32.018124,2.1960828,178.10644097015663,178.71214
-31.354958,-2.2207973,-7.5746775,-33.388657,-5.0828204,99.4308896782981,100.22161
35.57104,3.301492,2.0093102,-57.751152,-0.12220256,162.93005658197194,162.85199
-48.86636,-1.9864788,-5.3463693,-21.227028,-1.8467102,100.18929562296086,100.570564
26.596718,1.3676196,0.3230099,24.169376,-0.32067236,229.8441679083733,231.97966
61.296185,0.6010793,0.0857667,18.991169,0.5386512,261.17312911567035,261.35645
-22.994207,-2.270848,6.647112,18.601507,-2.037367,176.53117179288444,177.78984
55.88272,6.0965066,7.437975,18.856833,6.950776,277.9872842201086,275.06848
25.457724,-0.4767441,-0.71054554,29.345785,-0.11594685,232.3188718698011,233.34386
51.103287,0.6437339,0.8938139,-4.4263897,-2.2417362,224.82288777531136,225.81636
50.662727,-7.588978,-4.8178363,14.754951,-6.870765,222.76245272922444,225.98376
28.609163,0.082363,2.690473,3.9928694,1.0187622,217.216688217504,216.2372
56.70842,2.6249852,4.987084,19.717262,-4.7877445,259.28740764601747,259.09363
41.890736,-2.4274669,0.91856366,9.246061,-0.9752584,226.79786497597144,228.49617
15.903714,-1.317732,1.7525164,-35.130577,-1.6548042,158.97958230340427,159.39671
-81.97777,-2.89206,-4.757669,-29.948332,-0.88569146,58.8787464070123,59.382027
72.64416,2.078582,0.61560494,13.450479,3.150853,271.921685156776,271.78333
-29.01011,1.4160197,9.488993,-17.264265,0.09960257,144.32748411394255,144.5739
-58.505585,-6.975792,-8.943924,-15.955503,-7.7411857,78.29916637554534,81.721634
21.451485,2.467041,-0.6592566,-47.753307,1.3014151,156.64847820206134,156.65097
53.63213,2.9681704,1.4097118,21.557064,2.0510411,262.0433144965179,261.4619
70.62428,7.076779,6.268253,19.960669,3.465513,289.56460447966145,287.23923
49.576065,0.66291404,3.2339735,21.469078,-2.927818,252.18110050348,251.85791
-85.392975,-3.7500577,-16.149694,-21.303905,-2.170068,48.78913260714801,51.076828
54.742077,-6.1640854,4.6103296,17.643156,-3.3682656,247.5706641220695,247.30685
19.327904,-1.6650044,-6.658892,2.3285663,-3.0429618,189.81247890101784,190.13324
-8.598847,0.70794326,-0.8178169,-5.7515097,-0.17901784,166.13758717205454,165.20432
-62.917942,0.10360983,-9.155948,-30.336731,-1.1783553,76.58904148062254,76.35818
-28.848078,-0.4091787,0.16594535,-29.212223,-1.5687546,120.01888574526566,119.97128
-61.949825,-7.6189017,-12.971923,-34.975147,-5.852931,50.2556909182464,56.474846
38.420975,6.4410768,-1.4749469,34.462543,0.62772566,258.1413248216816,258.32117
62.025463,-3.420399,-3.715794,18.94038,-3.8724127,247.3041941616411,249.80089
14.012067,2.4982555,2.287377,-28.39329,-0.85740757,169.11516657883746,169.39066
31.692524,-9.723923,-0.593629,10.703556,-1.6504041,205.03731933499216,210.27179
-31.404959,-1.5570289,0.7125941,-11.872464,-2.0456748,134.7992987467729,133.67607
-2.619312,7.682791,3.4359837,-13.003124,2.295357,178.25683261186066,177.63522
-13.825533,-2.4240618,-3.7110605,2.4195354,-4.9927564,154.26583799447644,157.30972
65.59949,2.5028083,0.26767337,16.989157,0.85693824,266.50996276872985,266.05975
36.971043,2.4429147,8.931467,27.177471,6.5949807,263.133342168552,261.96155
40.047962,-0.115033686,2.4525123,11.581057,2.0076828,237.1808943253894,235.81784
67.549736,2.0090344,2.1151493,26.011553,3.703955,281.5095307664831,281.2333
-28.238945,5.4724784,3.06856,-22.946997,0.688924,139.24950517816663,137.88766
-2.43363,0.6369756,3.0066907,-36.625023,-0.36711317,144.59840351359296,144.06146
-19.413427,-1.2208552,-2.856011,-31.420591,-2.392576,121.23351995481391,122.54013
-4.0267463,-0.2962807,7.2559376,14.889051,2.2825153,200.9610186657464,199.94815
57.82727,6.296601,3.7586362,24.244074,4.734953,277.44379073441814,276.70505
-5.5579762,0.83195996,4.6586795,15.988521,-0.87862295,193.7871304258161,194.88614
-64.43618,-0.66699517,1.6924813,-34.67019,-0.1207225,81.43510556423182,81.64192
54.63359,-2.8665304,-5.2303452,20.579342,-4.614331,242.21849333679532,242.34532
-15.483414,-3.7129629,-0.76608956,6.079419,-4.9822783,156.82610178261598,160.97832
32.796528,4.7270885,0.15175427,9.334215,1.6074369,229.39557585300665,228.46066
33.78408,8.939173,6.46065,4.4950056,0.4738005,236.22772045167065,233.9963
-57.270744,-2.4565296,-7.9254465,-37.988815,0.14868757,74.65283030081727,74.35069
-20.870956,0.7099828,-2.6036468,-38.540695,-1.7356765,116.54544321097114,116.80256
-48.616875,-2.098821,-0.31694648,-28.140171,-0.15330482,99.693886713586,100.51744
-21.516073,-1.4853785,-0.33064052,17.989225,0.6179168,176.37530356395453,175.11874
-52.21057,-1.8691053,0.2319995,-39.343307,0.06555349,86.88863217781785,86.71805
-5.056282,0.46370998,3.8294373,-19.20221,3.0096142,162.8908071024531,162.88788
54.31413,6.2303023,7.8869076,4.9566207,10.71383,270.73753426043163,263.94534
39.705074,1.9619215,-7.332478,-29.35965,-2.7399242,181.8925811386465,182.07848
-65.81978,-4.964667,-1.8721063,-28.882408,-2.0147295,74.48667578537427,76.28986
17.859346,-2.2496884,-1.1686656,29.20182,0.2627914,223.80049381394397,223.74911
66.912,4.13441,3.8413553,25.314915,2.3185687,286.4199595659238,282.36505
-17.682634,-0.4507346,3.5890086,-13.83541,1.0108489,152.5565455889585,152.4747
15.948064,-0.8635139,3.3738978,1.6070733,0.9753272,200.0798697781732,200.8845
-60.70922,-0.5865164,-7.9394135,-28.55934,-1.4450258,80.54811016569906,80.604
26.500883,-0.7259074,-0.3352454,-14.480162,-2.1673892,187.790377036668,188.63585
57.82962,8.027041,4.6290736,24.483917,5.759801,282.9248061868822,280.57303
-16.551172,-0.8525928,-2.6803079,-43.33865,-3.5481791,112.31037353154863,112.87266
-6.753099,-0.51714724,-10.767704,4.8739038,1.0950431,167.54287580843646,167.7746
35.96638,-0.12786716,-0.24589223,-48.16395,0.9564831,168.03277415415275,168.22859
66.418526,2.8280933,-6.2495837,23.531088,0.860323,267.59063778142746,267.23233
20.755981,-5.378851,-2.768918,-9.338649,-0.909674,181.7593038006277,182.20349
51.575977,1.5997349,-0.70218146,-13.131707,-2.3715096,216.53000893095407,216.814
-9.189788,-1.2951922,3.8013716,7.6216745,-0.57064235,179.72973373650814,180.21103
8.568688,2.2673273,-0.049117953,-45.73206,4.657555,149.6732315848046,149.55597
-6.4648767,-3.3357708,-1.1064088,22.856136,-2.1758158,188.15797384627507,189.6169
22.878517,-1.8928033,-4.1951036,10.729082,-0.638639,205.9923445940968,206.7246
19.747381,-1.7501645,-3.8170106,13.6955385,-1.4658686,205.9275912090288,206.25351
46.62816,-1.1433458,-2.5654213,8.628776,-1.9108431,228.38527747476024,229.48079
-73.80023,7.620017,-5.2452607,-10.570958,1.054449,99.36261174622464,98.901566
50.52277,0.19447042,-1.8898857,20.617891,-3.0308297,245.56584298804643,246.2581
-50.28723,-2.7739387,1.4392571,-22.446295,0.65286,105.47371156019592,106.42819
38.41423,5.8171587,1.5206923,38.919926,4.515676,269.9564606096161,269.03152
-58.935654,4.0430145,6.220199,-16.681976,4.8330417,119.90465612291892,119.32223
23.42597,-1.6703151,-0.77748436,-0.29436406,0.40774205,202.11922470226267,200.93517
29.525206,7.2339773,3.3732522,12.172604,6.1451526,239.91878104617527,238.29382
52.255333,-1.0733776,2.3975506,22.214054,-3.434623,252.07212629921125,252.20255
18.242605,-4.0039573,-4.6475773,27.803545,-1.5385484,214.2670754565097,215.69962
29.748665,0.9779482,6.2137237,2.831117,3.5100377,224.5116724002796,223.12514
66.859726,3.6333532,13.125291,27.05736,9.465141,300.6496167556059,299.9845
39.374767,0.65619,2.2675295,-1.5564144,-0.341676,220.02366821772503,220.24411
68.76544,7.04476,1.0390123,25.19457,-2.545488,279.1973256445056,279.34183
-71.109215,1.164672,2.2958455,-11.233026,-0.665727,100.59016063581242,100.2961
-19.87549,2.9184613,12.236382,13.633477,2.92595,191.8269414470407,191.68246
67.39687,-1.017154,-2.1614928,13.996349,3.0573905,261.02059749074056,261.11566
-29.904299,3.852882,4.3464684,-14.06255,-0.58409154,144.5678682534091,143.49205
-54.445736,-1.6707665,0.40707234,-29.106695,-2.2046447,92.29070025118702,92.82277
72.552666,4.8147097,-0.4478873,16.822617,0.8713131,274.6407857935645,274.45706
-7.7760806,2.493346,-0.25680003,-7.001178,0.010063217,167.0049592253925,167.31293
52.025845,3.6155198,2.5383747,6.063902,2.1987293,248.92685780934943,246.28603
-50.020027,-2.2332852,1.8170509,-32.594234,-0.2950149,96.99340750936824,96.51806
-28.054354,2.0360453,6.1032963,-13.952069,2.8892658,149.3661409156079,148.8658
60.55671,1.5738436,2.2570803,17.919878,3.5869827,266.4308987752612,265.7384
52.229767,1.410207,-0.11348197,14.48043,-2.321512,244.5210681902221,245.52916
-7.765124,-0.10445229,-0.033199646,-23.236914,-1.005278,148.14719988069268,147.6985
28.03623,12.9505005,0.17565913,-37.510746,2.0803125,185.5861761408776,185.57552
51.067707,6.261004,4.5994167,-0.8789583,0.8530744,242.408178371976,241.74583
67.10216,1.3167127,2.4758234,22.971786,2.5072594,278.00924011051814,276.21762
76.2349,9.741835,4.330575,27.43332,0.35976425,299.52210003778634,297.94403
-53.90249,0.8098324,1.9206492,-2.1012547,1.1805946,127.66363440880298,127.75098
66.99156,0.022774523,2.1787772,14.193067,7.731112,271.4123371856268,270.961
-11.971076,4.361801,0.4625863,-10.364503,0.43240023,162.5236805024431,162.76468
-77.00769,-3.8133776,-1.7519432,-20.255886,-2.5806212,74.00793702230243,74.43404
-23.852455,2.4133885,-4.6929083,-21.626373,0.5877205,133.87978643298894,132.673
37.151806,2.3900676,1.0034976,-23.53915,0.42329553,197.5016974882685,197.27312
26.307976,1.683788,1.0436083,25.945972,0.45854506,234.83379625273983,235.28348
46.16046,-0.7953394,-0.7684588,-54.421627,-0.25464055,169.6580711691728,169.76387
-17.407196,0.4471485,8.958203,-32.24029,-0.03471991,139.08520772235588,139.56671
-65.90369,-5.102073,-3.3538582,-28.368353,-2.5158885,73.47666914903402,74.59971
57.32837,0.27252036,0.12834944,-8.631784,0.51485026,230.80899525958932,229.45584
-27.975077,1.8967853,-2.5305324,-22.35865,-0.8812393,128.37493383616885,127.994865
23.676374,-0.9382894,-2.7281995,24.186314,-0.24679191,223.64113243902733,223.793
-22.26153,-2.5272937,-1.7062216,-9.184538,0.7105689,145.0840198467612,144.87457
-12.317774,-2.965766,-1.8139626,-15.982791,-1.9401627,144.10894395345355,144.82318
40.051716,-2.7475767,-2.1159384,23.65594,-6.1093082,229.5925044368865,232.57845
-3.1190464,2.6160464,7.316521,55.820236,3.1782968,248.60769667157143,245.65584
-12.323047,0.5408233,-0.18920165,-41.216167,-2.2481794,124.26963636670712,124.40782
19.640125,2.8819125,6.030626,-21.735601,3.306961,190.04117868610075,189.96759
-45.771908,0.88761884,6.618584,-26.607065,2.764564,119.83523253710392,117.73533
-31.301107,0.035203736,-3.8133733,-23.145357,-1.9104699,118.40169259695116,119.70851
25.65271,-1.2889979,1.9389045,6.3186255,1.8188543,215.276953758538,214.28365
-54.23103,0.20743881,-9.446852,-26.434692,-2.9638202,87.13901076348859,86.974556
52.620575,4.7499247,5.5093555,22.887136,2.8698258,270.4545443726352,268.48074
-78.88967,-2.3863509,-3.2347481,-22.398218,-7.5018325,64.43584932790385,65.43276
22.05026,-2.3399365,-13.518176,17.952456,-2.936131,199.79312706396013,201.05199
16.685825,-2.9105017,-7.1795673,-10.464028,-3.555253,171.90633270677046,172.42006
65.60722,-0.9854786,-0.89517385,24.409103,-1.9895366,266.22852555859976,265.99
46.138775,-1.6662885,3.002406,23.842516,-3.4324973,246.84375047332085,247.72852
1.804519,7.142704,3.6480458,38.12348,0.77576303,231.9705713621982,231.33809
-40.185997,2.7478912,-0.23088112,-8.615704,-0.8128605,133.2256698086286,132.74612
-25.445864,0.27446488,-0.14081249,-24.08246,-2.75405,128.07086164498787,127.69489
-51.49051,-3.610715,-4.110422,-29.690216,-1.1866946,87.87291866652126,89.755005
-52.313183,-0.19638675,-1.4505752,-10.228192,-0.030933172,115.82115253549722,115.62429
-33.226315,1.4005444,1.6849203,-30.934088,1.006629,119.79482416008092,119.77521
-5.1064644,1.3670992,2.3089392,-4.2992296,-0.2253103,174.1053776220657,173.88866
23.315449,4.831825,-1.5650011,-41.26154,-0.9244523,163.88581282594808,164.2398
40.371487,-0.79689056,-2.4332805,-7.171439,-3.3374538,205.123889502302,206.47614
66.4402,4.109386,6.0323024,21.333832,-0.7210691,277.87978107982866,277.0383
-59.846874,4.849877,16.581207,-21.617107,3.3629818,123.6142230265637,123.173584
45.2554,2.482975,3.0951343,23.941236,-1.2197263,253.6001273979248,253.39859
17.409883,0.21675092,-0.28662124,-2.2649221,0.9686167,196.61223286895023,195.8873
55.88079,1.2195097,4.070106,23.64564,-0.2645867,264.3641261793548,264.39526
1.6775215,5.8210206,5.7233677,17.944174,4.1353416,216.55380031909175,215.14508
70.732834,0.31592286,-0.92708236,20.523708,-1.9697154,268.4917678634583,268.51926
76.948105,3.3186774,5.110542,23.026989,2.8680596,291.12347482872843,291.11612
27.590467,6.0150146,1.051017,11.23069,2.7250297,229.61508840676092,228.45587
49.563805,3.160569,0.120206885,15.65659,2.2678554,251.2262743065748,250.61256
-55.157703,-0.7238359,7.4208612,-28.44318,-0.7386308,102.02582667274798,102.201035
15.328096,-3.3764389,-1.8178954,3.4964838,0.7966347,193.57803334331544,194.27043
56.837357,1.6319765,-0.19569162,9.898573,-2.4081764,246.15608172131863,245.60765
6.9527698,-2.034732,-3.0547607,-47.073566,0.38325056,134.5214841623129,135.01637
-34.23617,-1.5386103,-0.43297186,-19.049885,-0.5189276,123.89000468335898,124.06701
42.71512,-1.3651949,0.7282807,19.642109,-3.7797053,236.90496179474272,237.78427
61.984203,-1.5000354,-4.8257904,12.475408,-0.21309324,246.64861934789727,247.76433
27.529099,0.019163838,4.8309784,33.49331,-1.7504115,244.8018778203131,243.96587
88.84759,1.4616901,9.888573,24.755713,4.3713336,309.9551234658459,309.16846
42.542866,2.9813066,1.6756521,-20.976473,3.6301348,210.00242206454655,209.697
54.570522,-3.2162805,-0.28446877,20.5931,-1.4149851,249.8330922251935,250.09152
28.414288,6.1057796,6.026583,6.241516,5.774647,233.93552932394184,232.40651
72.12845,0.57826287,2.0301747,18.70139,0.36356577,274.59654632540696,273.64545
-51.306793,-1.8810123,-2.2070012,-28.901247,-3.5365062,91.6667344768242,92.010994
78.69028,0.4201025,3.12973,15.383061,2.2992446,279.83671553826576,279.76614
47.74432,3.6884987,0.95898813,16.26523,6.4169946,254.95130724217407,254.91765
59.298744,-3.249873,2.183544,20.395073,-1.9817002,256.2510121469216,256.48938
-5.520564,-0.69777584,-0.3205539,41.070347,-1.9567081,211.62203619532968,212.4184
-59.131874,0.7805319,-6.595409,-23.174885,-1.1722999,90.2891282324016,90.54959
57.706615,1.3372624,1.4291133,23.64738,1.7123457,267.75935379342087,265.6766
-56.446293,0.9461101,-2.3555937,-15.071563,2.353764,109.87404417070336,109.26993
47.47973,2.414218,1.1696787,26.985651,-0.7432916,257.8976945502229,257.14957
-11.679197,-8.236692,-4.241442,-30.756012,-3.3212051,120.5875461792523,121.60901
65.46684,0.9993687,-4.396919,18.943262,-0.46150243,259.65836503733846,260.39468
-26.838577,-1.231596,-3.3959043,-6.2898674,-0.82829225,141.26509618030613,141.25938
-91.89592,-1.6913598,0.90580475,-19.785845,-0.56867915,66.53686889649433,66.80758
-58.167812,0.7877362,2.5028653,-25.714556,0.08522047,98.1154141213842,99.337036
49.017754,-1.9357895,1.7869165,19.291046,-1.2204965,245.13575699980825,246.78307
11.937023,-2.4978173,-6.3366632,-4.4509974,-2.8975706,175.09886476920332,175.59758
80.691475,5.344502,0.11572472,22.87811,2.777633,292.0857792745813,291.65103
18.763378,-3.7699726,-3.4123237,-2.7076497,0.7934744,189.2976660121735,189.51051
-50.638504,1.805151,-7.1871357,-13.556692,-0.16455644,110.12723561341495,110.10185
-2.2563207,3.2076674,-0.10488921,-6.289798,0.9562867,175.97152204954557,175.3565
-26.245457,-0.12112263,-1.9370838,-19.27797,1.1764038,133.27870940967202,133.43834
-33.229992,1.7908889,4.226519,-31.384827,0.18631843,122.74070311313416,121.4325
-75.96416,-1.1372598,-8.53582,-20.501617,2.1158094,75.85299235011317,75.820564
-64.656,-1.9678684,0.18983905,-29.135075,-1.8772128,81.48442087054731,82.39725
58.495052,-2.9791512,0.053275574,-6.929871,-0.36448246,227.81212131586625,228.11847
32.412678,5.265184,3.7461407,4.024237,1.7306817,227.26141328212535,227.02258
35.42172,3.2985923,6.8359485,33.687866,3.3749106,260.74380827093046,262.4626
21.813131,-0.85703284,4.901841,-17.147692,-0.2027016,188.58732946832453,188.35115
-43.08647,-4.9709525,-6.6077085,-36.935936,-0.7492899,84.76841816095413,87.49322
-45.55874,3.5078738,-5.1204963,-19.326574,0.96291155,114.22392166050662,114.30844
20.832542,-3.3315547,-1.8630779,-4.9355173,-2.6405184,187.2549732254736,187.90547
14.66938,5.1040277,3.2072866,-0.48904943,0.73499244,203.97748330930236,203.0702
68.87203,2.0684786,3.6034071,22.675724,0.7150878,277.7692333680371,277.7785
17.679884,0.093656175,-5.360127,26.096956,-9.873004,207.86602530921752,208.48099
31.047466,3.824663,3.7444057,12.098434,-0.47639114,230.72917435673128,230.08215
-4.8648653,2.250846,-1.4361819,16.254679,3.7039816,196.0930603932795,195.75206
-55.546703,0.101074226,-6.6608925,-13.670615,1.3451655,105.46693456664453,105.411606
-1.5230008,3.3464134,0.89842165,-4.95049,4.546896,184.25117801185104,182.16187
26.186432,-1.9585793,-1.0873744,-1.3257895,0.73916465,202.2853787455795,202.39746
54.153973,3.335257,6.067372,0.79994786,0.76035905,244.91959710364404,244.96053
10.743611,-4.7792354,-4.2223916,-1.6700909,-4.1574726,173.54443050888523,175.75793
-15.408581,-3.6680512,2.562892,-10.7761965,-2.502297,148.66917040728146,150.05138
25.209265,-1.5878255,6.6855636,27.889994,-1.093215,236.7169425166723,236.94734
-32.811447,-1.4709772,0.9737293,-16.081867,0.39887115,130.16485706547792,130.8519
29.767736,5.2094836,7.7186265,13.277141,0.14161812,236.14035567279848,235.95824
64.22793,1.2600774,3.3620937,19.61325,3.119009,271.6608902096042,271.42606
-73.03256,-3.2843912,-4.7887845,-36.088444,-4.4377,54.30752885931307,58.211693
-75.34006,0.80908096,2.825339,-15.340048,-0.75461113,92.72824766658763,92.04324
15.645639,-2.7081947,3.3288004,30.22062,-1.7382725,223.08734632338536,224.59225
68.88455,1.9977059,1.9049826,13.793948,1.7243482,268.1596938986343,268.1492
-58.305138,-1.3381283,1.34565,-20.664305,1.4649763,102.28332236624767,102.34665
11.798408,-1.3646034,1.9921788,-14.98716,-1.4540832,175.42524720851944,175.82841
-49.331398,3.9359653,3.729094,0.6696071,-0.024743645,140.04878545054737,138.82211
-20.930813,-5.694772,-5.1300306,-26.35114,-2.1767147,117.44695341962628,119.560104
73.216415,-0.14623867,-1.2885987,20.589405,-4.043404,268.1832028895079,268.17133
15.77284,0.27913862,-1.7978183,-21.656364,1.6722612,174.60539246271688,174.11372
-27.825478,5.4041147,-1.6076287,-17.308302,4.0900044,142.59946493359166,142.59636
13.52602,-4.5318933,0.61391586,-25.688812,-2.8238218,159.68893105194527,160.93903
36.38476,1.037704,2.3167791,10.056348,-0.99006075,228.60664574526385,228.64922
-61.120934,-2.6773098,7.0789843,-26.953423,-0.58975506,95.40745487451262,95.58115
4.4875565,1.685151,-3.3080533,-61.117336,-1.5281973,120.05451362721736,120.06269
-5.783424,4.582402,5.1512575,-5.9364357,0.3831367,178.74472079668675,178.24059
-12.746926,-1.8424345,3.9589887,-24.241026,-0.06235453,145.20866921376924,144.90988
-16.121122,0.13666727,10.924813,-5.5262904,2.89381,173.15256565891897,172.15157
35.636242,-1.4894298,1.078514,5.101111,-1.9895176,217.00172511233583,218.18053
33.903366,3.4260643,6.5924335,-4.2852345,12.682351,234.23051073712236,232.16261
-32.810417,0.92585695,0.09714176,4.404985,0.2856208,152.90478839999923,152.74684
-19.79069,-1.5039538,-3.3965662,-46.843285,-4.0273485,104.0679764437546,104.28175
-56.279163,0.1064738,3.7375152,-32.128403,-0.0535882,93.7496787453015,95.22637
23.158752,12.131761,-1.6044039,-4.3867216,2.1715438,212.01496473980157,211.3146
-15.60894,-1.3441567,8.648428,10.270804,1.4184623,183.7931805216412,183.22826
-24.474543,4.0395784,5.3696327,-20.184711,2.6811917,148.9437715237645,147.27473
34.080708,-1.1481581,1.8166155,-11.030161,0.10125475,203.43153714014792,203.66379
37.884064,-1.3882356,0.1904737,20.208014,-4.825983,229.1895631733065,231.91197
37.907963,4.500937,1.2444326,28.282457,-1.9232217,251.03482314347676,249.85614
60.83602,-6.511127,-2.9590132,18.70374,-5.2251763,243.4078808147776,244.68797
-9.468596,1.3767227,0.2978741,20.704674,-1.933119,190.81643360252053,190.82121
-48.20678,-0.058844775,-1.3969414,-21.848806,-1.6642548,106.57868921046652,106.6679
43.309513,0.41079885,0.8120058,-8.525123,0.5196359,216.21326019310504,216.37048
24.509525,2.563658,8.024644,-19.938135,0.74951327,196.2768669334617,195.75278
-28.337767,-4.270726,-6.4109564,-8.321641,-1.5325009,128.87438143891416,130.97
-21.760262,0.3832957,7.831628,39.890877,-1.8805342,204.1437076006293,204.30858
-10.310527,3.5106752,12.164121,25.372387,1.2560538,212.90911983913367,211.83635
43.788208,1.9268056,1.9031703,-1.7914664,-0.02618966,225.70942716051044,225.64429
28.369751,0.5317717,0.42320928,36.481655,-1.0333062,245.9102972587027,244.61664
26.718416,2.2054057,-2.2707667,-13.692235,2.5093956,195.17598273179885,195.31387
-5.2988,-0.6848588,6.101363,-2.2857895,2.0349123,180.0471702723099,179.71042
59.355625,10.726496,4.7711535,35.841415,7.3870873,300.464568972536,297.9254
23.823128,1.2784051,3.206787,17.126904,1.6298836,226.6121409816305,226.9088
-43.80376,1.0183879,3.2907798,-32.007904,3.8572137,112.4400656372234,112.198296
-7.2677197,-1.296076,-2.1911938,0.7450019,-0.4843988,169.72997401990506,169.3492
52.189392,-3.3809927,0.59228665,6.6832595,-3.2235696,231.36892417327917,232.7041
-44.505726,1.766752,3.107567,-20.70303,-0.5072866,118.60151421490926,119.00182
-13.990205,-1.6054915,0.9435386,8.797186,-1.7136568,171.01844643458986,172.27493
18.941288,-2.2209618,0.24121362,0.55440444,-6.955141,185.6591700363779,190.40439
-29.079353,-0.5531235,2.2888632,-25.598795,2.0588436,129.43434319429866,128.96002
-74.6028,-2.8394175,-1.5396984,-14.1054945,-2.5519974,82.72885796286056,84.204155
24.657541,3.7330902,-0.29617912,-4.092462,0.66457963,205.3883316158787,204.51013
-20.081886,-0.4277355,-2.0156543,-22.554623,2.081562,137.0445103670608,136.84529
-11.818129,1.6987219,9.525429,29.513924,0.3323651,209.7327369591002,209.09595
-21.06072,-0.65398693,1.3721507,5.9059434,-2.4288652,161.89963731424783,162.97818
-71.4751,-5.4882727,-7.4294696,-27.476805,-2.1440918,64.97801947259333,65.829834
-15.0840225,-0.057421494,-2.0053906,-10.13435,-2.6678739,149.09677011391244,149.89455
42.141254,-3.6843724,-2.105629,19.253588,-6.499402,228.21026940815537,228.94902
43.03494,-0.23299736,-1.949767,21.357468,1.1998514,242.4443401421168,243.25316
-34.12995,1.708168,7.1611047,-8.775178,2.0475392,148.41920181398163,147.85524
46.57042,-2.6662414,-2.4848356,20.992073,-2.09472,240.4730080848184,240.16028
-35.680603,-0.88478225,-5.814381,-36.128117,-5.8859076,95.02017488816854,95.449814
-45.989506,0.80691785,-0.068173684,-38.66587,-1.9261471,93.34535204315178,94.00075
3.1206582,2.0207193,0.5580151,49.839123,4.306308,239.68852305740236,239.68845
27.801195,-1.6103641,3.3410072,28.798285,-2.0088754,235.56226645916945,236.16484
-52.37514,1.2286843,0.20951529,-11.22338,0.21498851,118.5253753233058,117.89824
64.57591,-0.27538282,1.1906048,24.174795,-0.66511834,267.1308060206842,268.84457
28.311567,0.8945973,2.8506296,-30.85365,3.282431,184.2934937193613,184.32922
79.55207,0.039353967,0.3499096,17.756464,4.387001,282.6108621082423,281.92856
-41.36377,-1.5011617,-17.294155,-21.761396,-3.603458,93.99109312209444,94.31964
-85.902794,-3.049525,-0.9022952,-17.026794,0.057197165,72.24828533628016,73.01935
-30.31046,1.2625049,1.4731958,-27.90489,0.42597252,124.67562458319628,124.789894
-43.13152,2.6116526,1.8456314,-21.723516,0.7763358,120.28795607654092,120.22208
-65.703156,3.4244623,10.47245,-17.307962,1.7906555,112.5829412834108,112.51997
79.47912,8.258082,8.971685,23.521976,5.6578298,306.9711702154942,305.73233
49.795456,3.0321217,3.2782955,-11.101763,1.8884355,227.09307889488457,226.73608
-21.083733,2.187438,0.50470877,-25.224686,5.615247,142.8613110791536,141.84259
52.682255,-2.536291,-5.5741177,7.280327,-4.419235,226.5235715081018,227.27652
-70.65208,-3.4614377,-5.5438395,-37.9318,-4.592878,57.61716408672247,57.661537
27.31271,0.009980004,-5.0943418,25.967892,0.2305,226.8606828799248,228.2704
29.161419,0.31123558,0.1728705,13.223374,-0.45963025,221.7498998516305,222.25288
18.758406,-2.198497,-3.5445395,-2.0219007,-2.586009,184.45994364394969,188.25105
51.895473,-9.396218,1.0777787,14.854977,-3.6618106,233.91641686387925,234.61386
-11.676796,-1.8769251,3.4550345,2.3647468,0.5328978,173.63944039244151,172.6426
-29.77313,4.4834213,1.2687678,-29.786854,2.6806784,128.96163399577034,128.71645
-40.347263,-2.1203625,-2.0756426,-33.489845,-3.0879648,97.26992566802224,98.7225
46.01389,-11.202476,0.16847812,-3.6314688,-4.6642694,206.03742560374343,206.52776
55.197166,-0.75566703,-0.19277206,18.183905,-5.278029,246.9501563740184,246.99829
-40.51825,-2.2286296,-5.3393564,-41.778244,-2.820696,86.74253785749092,87.1584
40.128937,2.3699102,3.5691047,-4.514002,0.9066379,222.30519330957404,222.30426
-76.27036,1.6864089,-4.3460145,-24.047846,-0.40751132,76.38997292634564,76.4582
-13.464734,1.6214035,1.1992519,-38.071552,-1.3430858,130.09379786230878,129.78474
18.369873,0.06329449,-5.807123,-56.582447,1.7411236,137.433103561408,137.62836
48.57046,2.561533,6.216491,29.36088,2.8411593,269.9940980983365,269.39374
21.00325,0.5110543,-4.6557875,-26.379751,-2.9481385,166.6216744933002,167.37424
-63.545605,1.3351858,1.6013463,-21.451223,0.31729734,98.84270339161756,98.10055
-7.3556376,-0.9671307,1.0957087,14.048338,-1.0911086,185.45725201707063,185.5737
-64.879395,-4.5895224,-8.346697,-12.943563,-4.194566,82.69101638116715,84.889824
-20.55278,-1.5562031,-2.6831772,-42.33946,-2.2135968,110.50178651480748,110.49829
-53.75637,-0.47982764,-3.0948734,-20.101574,0.20875484,102.66521612602816,102.61962
49.885487,1.6397648,-0.30032372,29.520386,-1.5998222,259.59587982251185,258.98926
48.659393,1.566208,-1.5040711,-12.170889,-0.78823954,215.69390681086728,215.60599
15.750786,-8.973494,-3.7206767,-6.427058,-2.560587,173.390230560406,173.91255
63.721664,2.479444,3.5638928,16.237804,2.3972754,269.3354419278457,268.24387
-63.884407,3.6911986,1.7153572,-18.977036,1.1438305,105.20000334530656,103.532524
21.264975,0.4761137,1.9008763,-26.676685,1.2562015,178.96324923368405,178.06512
27.231112,-0.63976955,8.955316,11.720767,0.26111436,227.7300163986096,227.37222
23.409414,2.5195537,7.654913,20.95283,1.2932037,236.02195351710415,235.6735
-17.527792,1.3569903,-1.5745271,-0.3565011,-0.8150288,162.05176718611182,160.92674
-14.573156,-2.3297327,1.7271144,-45.917503,-1.7597365,116.94170401799688,116.99056
0.04646107,-10.266739,1.5306376,-14.774305,-3.5543425,152.9944191477399,152.8254
-58.396343,-1.5202559,-0.5507622,-24.907974,-1.0435932,92.03371673777428,93.4246
50.022266,-1.490142,3.4550614,22.847393,-2.0848782,252.36717026793747,252.59334
-39.334484,-2.0140922,-9.160191,-5.3531833,0.25408936,123.84135635062508,124.23567
-13.232726,-2.148837,1.4761798,-8.662352,-2.9218628,153.8319335035771,154.354
18.14997,-6.0080304,-4.6480646,21.060362,-6.020482,199.31482240820145,202.37733
-19.991228,5.306511,10.15379,-0.7666346,-0.06897299,176.04416702840606,174.47705
-7.7005353,0.6743568,-2.1508443,27.79504,-2.7490773,193.18704939779985,195.71248
50.483086,0.4018361,-4.9246492,0.68799025,2.1620634,228.3047536099856,228.6539
-27.885141,-0.72135717,-8.542823,-23.900227,0.7076188,118.81773434321474,119.50169
18.881676,1.3278817,-1.694285,28.228067,-0.5490231,225.60917483721823,226.03795
-58.838326,-6.339922,-4.021267,-15.212595,-1.3076863,92.96116941164676,94.1238
17.966232,-4.7791696,2.3864927,-3.9806037,-3.7893407,184.57062705254785,187.64726
22.20211,5.8216352,-0.700685,3.7587707,3.372431,214.25023209281812,214.29791
4.8442082,-1.1829172,-5.2482767,-45.66601,1.0029436,133.17386022487958,133.59348
-19.646746,4.1021132,3.102559,-3.0750124,2.0972438,167.45197809534164,166.42366
-13.918914,-1.2795743,3.2280757,3.2060199,-3.5300114,166.85948452320883,167.54922
80.75881,1.7338796,5.871103,21.480135,4.656955,294.90271615624465,294.34467
20.686941,1.7872382,-2.1980088,2.1097887,-2.5974417,198.727473617688,199.6321
-3.6598532,4.7734847,2.1436093,34.97685,-0.511753,218.11717716322104,217.566
63.03616,3.9188278,5.5661325,31.49804,7.036933,292.75326078622646,290.89987
-7.539287,5.6236043,0.5154497,-13.948598,3.784653,169.28275233278802,168.27934
60.443882,-1.4716938,-0.26052475,22.55166,-3.823652,256.02532187461765,257.2833
47.130062,-1.5045211,-1.2890737,18.351507,0.41135508,242.15391332831845,242.94289
57.90796,4.546376,1.0611527,15.39516,4.8091235,265.6460562944639,263.5635
-84.13643,0.33439898,-10.502646,-27.476013,0.061386313,57.95458699096344,58.124294
0.6316461,3.1657937,-0.6604335,-13.580336,-0.8493568,168.80586168548265,168.55084
-61.5703,-5.074803,-0.0362982,-35.67382,-4.173821,71.8299258058421,73.31451
49.699802,0.88587254,-0.6931792,24.038504,1.9666973,255.82784511032247,255.74138
26.984781,3.700371,0.6154811,12.796861,1.0166043,225.4283807431233,224.95755
67.91686,3.8727736,0.04316638,22.6206,7.3755193,283.2823022907545,281.67267
14.251943,-3.3688147,-1.2255694,18.302391,-5.138427,201.7945522153724,202.66518
27.214272,2.4795587,-2.7961328,2.0526729,-3.921036,204.1406999299519,204.87296
-74.14503,0.50236744,-3.059772,-26.113226,1.325122,78.70619295318724,78.35298
-29.763689,-2.0404723,4.53676,-21.856178,-1.0137247,129.8222289487098,129.70636
-22.777258,-1.1965077,5.5263033,4.879503,-4.494168,161.073834214548,161.78152
-76.152534,-2.1517785,-3.0022552,-21.733032,-2.1880145,74.25678257794146,74.6159
-39.469257,2.2342682,0.47628373,-13.584445,-0.67949975,128.6919581846933,128.82089
-64.74137,-1.9539186,1.0100068,-33.269543,-0.80118763,79.91942087383065,80.0875
60.771484,4.247287,4.7135706,-1.1911757,0.23901631,251.9317168010117,248.62381
19.726604,2.3007414,-2.5494854,-11.34985,-0.83575803,186.57695152620764,187.1359
-75.443924,1.304301,6.4519377,-26.098555,2.8364446,89.23543451791586,88.893776
72.890625,-0.4685158,1.977583,22.724669,0.86685526,277.37155839499883,277.83466
-67.69824,-6.6349173,-5.219873,-46.140404,-8.801726,42.79527136931925,45.34844
-29.94267,2.2662241,11.602298,-28.989933,-0.6453355,134.12230893647637,134.13414
21.627666,2.9377198,7.7348475,-1.0043478,3.7250264,216.55137281165895,214.86458
64.33313,1.3057897,5.589963,28.538822,-0.637452,282.66059758883546,278.97388
-56.84507,-1.3706366,-1.0854282,-35.649387,-1.5253847,81.88467081723884,83.36761
-44.24928,0.4366861,1.1434021,-6.8147926,-3.861767,125.4804187411869,126.49785
-77.59123,-2.97662,-5.6313543,-30.7357,-2.1713173,60.24611979607805,60.737335
60.120083,0.3967009,3.2802212,21.778643,0.6396894,266.18346674670784,266.05908
-40.264587,0.19822396,-6.157667,-38.583447,-1.3651103,93.53931381190948,93.670975
46.313175,-0.92285746,2.513315,-17.201487,2.1711962,213.24479147972275,212.71692
-3.9117954,4.0781255,7.4899554,-22.774704,-0.65332144,164.0400582201895,164.07182
-32.061974,2.5066953,5.880507,-5.978037,2.8139975,155.93027984371972,153.00482
-3.1852257,-0.12590715,0.037068702,3.1017358,0.56933475,180.03183710340528,180.24066
-42.424725,-0.9685645,-0.6549423,-31.90711,0.17975944,106.28745705627216,104.067924
-26.84793,-2.0884137,-4.285065,-49.342144,-5.25439,89.51665702402734,92.02557
77.474,-0.19759785,2.891717,25.056736,1.6391593,286.35371220425725,286.70767
65.82571,0.8945856,-3.0918734,18.135403,3.4944904,265.58226267401227,265.1022
33.034035,6.140449,6.09248,33.086323,6.2403874,265.07925169705686,264.4373
-26.20729,-1.5720615,-2.3267736,5.7972875,-4.0127006,150.8632643241955,151.52205
37.252544,6.12708,10.6215315,34.239796,6.6612663,281.03898459859823,274.7459
-98.212555,-0.6434267,-0.9465832,-26.727228,0.91170657,54.87482296684973,54.225494
-25.351976,2.4270098,1.2692074,-17.090576,4.2903132,146.12626432758944,145.38759
-57.38672,2.7988286,7.5993586,-27.685345,4.0236454,110.8458903489969,109.19335
22.112795,-2.1995149,-0.20426677,19.555855,-3.939703,213.12638897892128,215.16873
28.000887,0.96338767,7.161732,26.680895,1.6109437,244.65117672139783,244.26141
-72.01113,-2.9904616,-5.733483,-22.92657,-3.1945007,71.85882260785182,72.98736
-3.211873,0.26526856,8.491065,21.524096,-0.3395822,206.4524468014156,206.57262
13.8715515,-1.1840593,0.4522023,-32.32569,-3.0161994,157.4756484425257,157.64134
-43.301327,0.8308626,-2.7210557,-6.1885366,0.13734098,129.08634082528093,128.60092
-94.22163,-0.6133274,-1.6961434,-32.18158,-3.5848873,47.04264816143654,47.546013
52.750233,0.4295953,4.3517327,26.33618,0.08388793,264.2768645745236,263.7954
-43.983196,2.6751091,3.2779868,-10.886251,0.8252988,132.27678624405323,131.75255
-62.171288,1.3951211,-7.242414,-28.742725,-0.21023896,82.80515031666862,82.872
-5.8093567,0.20344669,-5.1202335,17.573915,1.2305206,188.05295717142485,187.92198
-32.617958,-2.1097476,-1.7435478,-19.933622,-1.9992774,119.88449687218024,121.43939
-14.594785,3.055303,-0.6132993,-2.5559044,0.4470342,166.4995622178555,165.58186
36.889305,0.50409955,2.674261,18.653847,1.648014,240.23439715608123,240.2132
6.4783483,4.0610895,4.2848206,-10.903308,3.2458694,188.39985651834616,187.01038
51.142857,-3.0744061,-0.26897147,-13.499414,-2.0104764,212.58594703441355,212.13326
-17.494783,-1.3927313,-1.3696717,-30.378511,-0.15442479,128.27060975934012,129.0534
43.270844,-0.0840249,-3.102108,-46.368927,-1.0075244,171.56366322227723,172.5519
-83.11843,0.43211856,2.7883017,-19.957846,-0.021337511,79.91568759622079,79.96634
-33.778194,-1.867064,-6.216672,-43.975143,-2.6574337,91.2181074792943,91.34899
51.104897,3.6778688,8.095839,-3.906937,2.371565,243.88524284993036,241.18684
46.68127,-0.74400985,0.20453711,16.28093,-4.3695707,237.2588820372452,237.89679
-31.860426,0.7042089,-4.462952,-24.832472,0.96491957,120.85741634954996,120.35684
-3.2222426,0.54730695,5.8905973,-10.810665,1.6180048,173.5704554097825,173.86667
-30.574152,-2.1848128,-6.685762,8.898562,-4.1020646,142.99992383430325,145.1954
73.04904,1.3184413,3.6395917,16.909319,4.6335387,279.77147723957944,279.39368
-88.70914,-3.49891,3.4895222,-35.516582,-1.3155508,54.32890860891962,54.292915
57.92489,-3.144038,-3.2574108,16.518055,-4.526636,242.5055786798151,243.3585
46.06365,2.6733193,2.4035609,-6.749546,0.6896174,224.568934284244,224.92427
49.66618,-0.6832761,1.051209,-8.242859,-3.5210142,216.868992966086,218.11392
-13.933971,0.7191374,-2.0440395,-25.109573,0.33822036,140.11349261156892,139.81331
-18.350775,-1.3822302,2.938509,-33.79947,-0.46735522,128.71064510432447,128.78226
50.866,3.376244,4.4259014,16.27769,0.37132463,255.2432165069361,255.16081
-74.00351,1.7679198,3.5506792,-29.87913,1.7484345,83.34850224820418,83.02794
-27.263668,2.3062108,-2.6242518,-30.21853,-0.65623075,121.70650108402263,121.38702
-103.93128,-3.465466,-6.483351,-32.369488,-3.2582684,30.09378497420289,30.335672
18.849478,-0.10160206,2.595818,-4.0506253,-0.34314993,196.90485633670664,196.79353
-9.253184,-0.33607656,3.0616252,4.3812404,2.7988,179.66967940805,180.49615
-6.2194705,-0.13750035,-6.7014127,17.45574,-1.8443667,182.2081456735966,182.39658
4.2473545,-1.7646155,-6.535142,-34.865597,-9.47494,130.50563284886823,131.45067
29.196884,2.3150659,4.5220776,31.9418,-2.4511263,245.6997805469536,245.36835
64.0613,3.418868,1.6062242,23.547468,1.9642675,274.27603775795603,274.44186
1.3871058,3.0846233,4.882864,44.98059,1.7062529,236.4484176420847,235.88516
22.24956,-2.1224897,-2.791371,-14.254401,1.479233,183.41417612892332,184.4041
39.12435,-0.5816242,2.1322072,2.4030178,4.0013022,227.06536270574767,226.92303
14.8609495,-2.0128305,-2.9434988,-8.47103,-4.407219,176.68694741530337,176.87003
32.816097,1.3488241,15.624507,9.066763,1.9157261,241.40745911621332,240.61555
-34.92121,7.548858,10.097188,-22.154821,2.1803532,147.691366518522,142.59407
-22.507492,-2.8245847,3.2304432,-4.513429,-2.252355,149.36014240007685,150.9762
17.158909,-2.0715995,-1.0519135,-55.00082,-4.0113072,134.1725405819968,134.86674
-36.791016,0.66501844,-3.5390792,-17.447926,-0.5227746,122.91518656035936,122.20786
62.06742,1.6941384,5.418065,22.89905,1.6793343,273.3226667793061,273.60165
46.909298,-0.57760626,3.201253,21.344133,3.3968523,254.30904866108975,254.1176
88.899826,5.908205,5.2411885,28.318422,4.348604,312.7275890438743,312.5598
29.063042,0.1558569,4.2457137,30.553411,2.658358,246.2779867431477,246.51997
29.163528,0.046972726,1.1903459,-2.0178947,-0.10936036,208.5770757174149,208.11717
20.402973,0.38366255,3.8764646,-18.103544,-4.374541,181.69076586452212,182.02863
-17.73396,-2.939422,-3.5130024,-19.3029,-1.4559137,132.3997110120571,134.8983
-35.20061,-8.268639,-7.115666,-19.626364,-8.672898,97.3372363505682,100.95943
-17.978777,2.6474216,4.887078,23.664833,2.1026351,195.19400385128623,195.1669
60.789494,3.2909298,7.8553615,25.16866,2.0157104,281.0668868871588,278.9639
25.390253,4.3020716,1.6185856,35.95869,-2.5007455,243.08871416125533,244.61258
-6.819522,-1.0684577,1.2421496,16.983597,-1.6991272,187.6310204734032,188.48227
72.311806,4.395123,-2.9509952,17.310019,2.1859572,273.00184075320703,273.0957
-6.6630673,0.4800485,-3.6034014,-30.182095,-0.3285588,139.23985629471483,139.54657
68.25679,-0.15818578,5.2230277,16.331858,-0.36836612,269.7597013065816,269.12878
-80.91124,9.124733,3.9223247,-27.216724,1.9162779,86.84618627066627,86.67889
-90.3692,0.74163264,0.92966497,-26.506306,-0.5049597,66.5232412215212,64.13436
-30.680079,-1.959184,-1.6810557,20.818813,-0.7990559,164.7579351597936,165.54308
-73.86886,-4.7972627,1.2157469,-12.117869,-2.6592631,86.72473335720795,87.61605
-34.270195,-1.3666087,-0.72865665,-20.126629,-0.5977777,122.6535933862876,122.75372
80.81768,6.87906,4.7015014,30.575106,4.2526345,307.9533008359887,307.0696
53.219128,3.3179271,0.7758253,18.82993,3.6392457,259.82927982976986,259.62564
-21.032618,3.214803,-5.007696,-4.2613616,-2.8144403,150.45245001921597,149.94234
29.293543,-0.07151394,-7.1332135,-11.680817,-4.3131127,183.28241298573823,185.93846
-92.63585,-0.97231734,-3.585303,-19.234276,-0.14800076,63.35578204674408,63.267784
-39.94831,-1.2762419,0.34810287,-19.476517,1.419248,120.55754361527278,120.909874
27.862911,0.24490507,5.5374975,28.055973,2.5195847,244.20573131434628,244.06456
-53.735203,3.5398276,-2.7393274,-24.42553,0.18458055,102.72249055753768,102.66791
28.35427,-1.2233983,-0.8186328,1.9115245,-5.6682296,199.19686633750516,202.39915
-27.94729,4.585176,3.953414,-3.4952776,8.532893,166.00599954235628,165.47244
46.67673,1.5769242,3.8464553,24.005053,0.03902039,256.2138379697444,255.98776
-60.37466,1.0268279,1.1275226,-22.338703,0.84400666,100.6103366046952,100.12857
-7.2120643,1.9899805,4.156799,-15.100015,2.6490076,167.78837831153783,166.32733
-77.13859,-0.95660615,-1.3456074,-30.895601,-1.6955662,67.75771934818769,67.81161
-59.339436,2.6576793,2.880509,-28.121128,0.4065142,98.13650474569106,98.32767
-80.665535,2.1597085,-10.66678,-17.673983,0.07720455,73.03608070017543,73.074234
50.238205,-0.09265719,-1.9737941,23.555866,-0.5592811,251.34314963902344,251.01198
-5.201587,0.69750935,2.2843666,-17.39122,1.0366135,162.3218285615325,161.2692
35.553036,6.522457,7.659251,39.59599,3.025061,272.81639032281464,272.19946
-45.898144,7.1454296,4.8949437,-11.154077,1.9569709,136.6491828292763,136.78876
-45.926342,0.99553883,2.316605,-24.007643,5.645115,120.87562083049464,118.86677
69.45652,3.2328668,0.43261147,21.826466,0.254319,274.4821332224295,275.04648
-33.116558,2.6165657,2.0338414,-29.048214,2.3051703,124.31100156951813,124.63439
51.04035,4.9145923,4.109284,24.955267,2.0542278,267.6872448345116,266.91754
45.05258,-4.670363,-3.861077,9.176808,-2.2814162,219.72592905434425,223.26012
-8.32542,4.052247,19.04527,26.951508,3.5598578,227.04268324067948,225.12715
22.778671,1.7117456,5.017217,-20.723665,3.8031952,192.5333550166049,192.4308
39.439293,0.2272186,-12.180029,1.094667,-1.1492764,206.540613561394,207.27553
-29.16823,1.3396581,-6.149486,-33.680943,-0.57801086,111.25426529159306,111.60656
-16.133389,2.7617908,-1.5993087,-19.558863,1.5417339,146.91436749421956,146.85551
42.664886,-0.9525932,-1.2523456,17.832096,-3.8196187,234.573638401317,234.31592
24.87653,-1.5571256,-4.83841,29.428099,-1.4903955,226.0924930334526,226.2623
52.177856,-5.07894,1.371572,-6.6169624,-1.1308192,218.3193143130054,220.56628
-41.88104,5.7356334,3.0890388,-28.008625,2.7306962,121.769317169509,121.50924
42.916683,-9.2068615,-1.6777685,9.816831,-1.723398,219.23866803220955,219.96909
-23.724737,-5.676452,-0.93297046,-32.361393,-2.628053,113.79044853452682,114.52007
36.842583,-2.7425644,-3.9123404,9.418034,-1.0397516,217.25805759640232,218.40964
-53.24104,2.3441243,-2.3884692,-10.965769,2.4358466,119.65485607153649,118.028206
54.424942,1.2879546,-0.017230755,-3.5854008,-1.8216163,230.1927161003221,230.13225
77.8614,7.6627584,1.672151,26.088158,2.0017703,295.98963468868345,295.12973
-47.3751,-3.3731132,0.31507546,-14.326191,-0.34441903,113.42834946110597,114.73982
-3.9352837,0.048892498,-2.3661113,14.353704,-0.62803966,188.16661844188127,187.31673
-22.651728,-0.22294672,4.097665,5.7663574,-1.028731,165.06382021253026,165.80432
44.022926,-5.198969,-3.7175412,13.215678,-4.958035,221.7495901692301,223.2077
43.7211,-7.615263,-5.127037,12.167551,-8.86783,213.2782641107606,214.12221
-57.59714,-4.013799,-4.165267,-33.1222,-2.8015423,76.79653761170383,78.14356
30.356363,-0.6941389,3.3467586,16.012337,-0.7401799,227.99165045309687,228.12476
-53.540394,0.48630205,2.0872424,-5.409314,1.0976307,125.74771798271289,124.56502
18.27177,13.325597,0.19023104,-11.322243,0.4210077,200.89671949305475,200.72997
-37.872833,-2.4743407,-8.804849,-22.515532,-1.5458564,105.67944462102544,106.63014
-63.164337,-4.933123,1.6052188,-26.070446,-1.4173352,85.85606266598205,85.863525
27.347418,-3.5223105,2.2733505,24.73473,-2.0109115,227.13104550304277,228.66586
-42.03913,1.064837,2.5820374,-7.3323584,1.744714,137.3959412943205,135.86375
18.644197,-0.8032349,-1.5946239,1.2555789,0.76775426,198.2887669147947,198.11331
63.22956,3.3594255,4.69794,9.399566,-0.27101427,260.42965410959994,260.2592
-36.189922,1.7317779,-0.07006897,-4.191795,2.4046242,142.95603695239936,143.52814
50.69331,3.2656984,5.0183344,7.6331515,0.9552649,248.23500251171055,247.4094
49.79738,2.90809,-3.6674151,-5.8630376,1.2049121,224.28995566362943,224.22356
-56.57831,1.9155502,2.58683,-17.321009,-0.90650415,109.6796617520852,109.54009
-66.99709,6.6913457,-0.71644825,-12.309646,0.8706887,108.32333115698935,107.38236
-8.853349,-2.3890688,3.8037348,-16.139484,-0.774114,155.59891055340952,155.49127
-31.228252,-0.0012455387,-5.87036,-17.786484,-0.9392272,122.00532084889018,124.01802
80.21129,11.162754,3.4349518,32.674896,0.60621774,309.28100292367105,307.9337
-40.642387,0.3232014,3.9185789,-11.231391,1.4202124,136.726569340298,133.63177
29.135132,7.7029285,2.6349664,2.5056846,1.0999523,223.27640637593743,222.92224
-73.67518,-1.5504249,-15.146169,-39.87719,-0.88932914,48.56850367998136,48.705315
-6.726989,1.5058314,1.2162888,37.780533,-5.3728085,208.1736862927219,208.24652
46.89413,0.5930866,2.2170572,-2.9826324,1.6289859,228.43282974602252,228.1942
53.467773,0.14072959,0.4959107,23.513332,5.1075764,263.1459602009472,262.56903
-34.646263,-4.338778,-1.2435263,-21.327541,-2.404537,113.7205919055488,115.88296
-18.382586,2.9812493,-2.2693603,15.884878,-0.7137271,177.33822000359172,177.34406
24.010235,2.689012,1.4971261,33.398487,0.9370195,242.17100634182967,242.37543
-5.268619,-1.211668,-0.4970978,-13.035258,-0.28365898,159.52978515602376,159.54726
-30.001814,0.18091659,-4.784866,-31.07928,4.096559,118.3035617628794,118.25504
-14.218594,-4.2897944,-2.8857028,4.9841847,-2.3534985,158.4307956204772,161.08025
-57.694008,4.707219,7.454666,-18.523556,1.6839744,117.75176985069032,117.47181
-27.427067,-6.512398,0.92605954,-20.656794,-1.8401856,124.0994984169093,124.33314
-32.267,-4.3166666,-4.3994226,-32.10791,-1.0402726,105.79302621229787,105.71222
-59.186413,-0.06341958,0.3461743,-21.85981,0.83439946,101.34363556388745,99.914474
-60.509132,-4.129976,-8.055824,-15.494442,-2.2792408,88.4062607130586,89.374985
36.716755,5.62936,11.677657,-1.5137578,4.344347,237.3090393237213,236.69798
40.688942,2.1226223,1.9384017,-35.16813,3.0284126,192.66174111783707,192.45383
-3.9080822,0.3451596,4.3177814,1.1691518,5.9953527,187.9917453054898,187.76295
-33.0591,0.29482687,1.1270057,-28.250471,1.3713038,121.75489530125148,121.32714
41.18323,-5.982261,-0.72137153,11.92174,-5.6676106,218.2194105562951,220.57729
-14.154792,5.007593,1.484528,-34.917633,2.183804,139.44040161748865,139.44719
-28.849459,0.48939663,1.556378,-12.531666,2.408807,143.02085666126558,142.91698
15.07185,-2.340497,-0.43565607,-8.770668,0.9059873,183.79149347225848,184.27466
6.3477464,-0.3325384,-3.1997936,-64.65607,-3.071147,114.9322859274227,114.93172
-31.894363,1.2864505,-2.5061026,-21.546465,0.14920893,125.39350421867836,125.33231
-33.215702,-2.2851818,-5.343844,-43.08554,-10.635467,84.1432721707356,85.27776
31.419502,-3.1626241,0.87385416,21.556973,0.4779417,231.2645299691385,231.00917
28.991552,1.483742,1.9099604,28.997667,0.36695662,241.789019632358,241.59349
59.84081,-0.90119785,-2.6106026,22.479868,-1.4896141,257.1784966213331,257.16302
41.57672,0.36493242,3.1913092,-12.846129,-1.0785385,210.9137393408577,211.05188
35.8784,4.7908025,2.390512,26.10825,1.4978281,250.9821313865613,250.50935
28.181845,1.7955976,7.986492,-11.672797,6.849809,213.86109438652653,212.98466
30.787111,1.2997694,-0.24302827,-29.70189,-6.870333,175.1138857634671,175.11523
66.73894,5.2705965,0.22426474,26.554903,3.3286912,281.7868368702024,281.96094
-14.930674,1.0398091,3.0606062,-44.199757,-0.5715722,124.61020614836228,124.241936
27.904997,-2.7025774,-10.530791,-19.594866,-1.0512329,172.20788126915085,173.86913
36.628197,4.1357055,5.8675222,33.77403,3.4598157,267.7392110124732,263.70892
-66.19425,-5.1689444,-0.14580566,-25.056452,-2.902634,79.11890347293955,80.37545
-19.18206,-0.6795648,9.784944,40.069695,1.7849648,211.2477760064013,211.62163
44.981476,7.565749,8.364954,44.831444,7.732692,297.3727336344777,293.32004
32.073463,7.574908,1.139657,2.6344557,1.5950533,226.05342260927904,224.86113
44.638165,-2.0160441,1.6280049,-15.200643,-0.9199037,207.36766902552455,207.97313
-30.724327,1.0295739,0.318275,-6.871938,-3.5154583,140.24645552203893,140.07976
39.02502,0.6289491,-1.131373,-43.48035,-0.013043692,174.87506412196416,174.87279
-27.894146,-1.9207175,-3.6563578,1.256363,-1.7753364,143.78057361256634,145.85336
53.054813,-0.46929786,0.52796406,19.56776,-0.3715309,252.2526194563741,252.15329
-34.162174,0.88350934,-1.7247326,-29.647123,1.5251633,117.48395460735176,116.71824
75.42901,4.0230203,-2.1387613,16.940922,2.1800373,276.4878387010221,276.27805
21.403133,-6.0605893,1.3927327,26.997778,-1.8214833,220.8026243388412,221.75522
-64.5252,-5.3080635,-21.114508,-14.588725,-4.014093,68.55953306545747,70.29302
-10.879048,-0.3830396,1.1349047,3.4973557,2.2234035,175.374287458932,175.43712
-52.76131,2.8506973,3.4345746,-20.762863,0.37590152,113.29019464939726,112.98055
24.638027,2.40281,-3.0578449,-2.1756527,1.7038678,202.92829321896596,203.35489
29.92462,0.31317887,-2.498582,30.350767,0.33541042,237.8846028068457,238.26901
30.487366,3.2552865,5.3623295,33.655094,4.8106513,258.8088810836348,257.41437
37.989002,-5.3019705,-4.74362,19.265175,-5.3068137,220.0459122054658,221.74538
-15.541278,1.4737831,-0.22872113,-23.423649,1.6914494,143.95447790292718,143.81519
26.302992,7.0707216,1.2795993,8.00121,3.9849575,227.8964485885469,226.48305
-16.304527,-2.4539356,-5.1269875,-22.371326,-2.894131,130.32255254624272,130.69255
-95.09056,-1.1471671,-9.21375,-19.1644,-0.35802928,55.255971570160696,54.869698
-36.78953,0.4351187,0.072555855,-24.017485,-1.397754,117.58610013984573,118.146545
-9.2596,0.6088642,-0.10172254,15.037964,2.2034855,188.7044612939546,188.33257
17.441772,1.4218508,-0.83674884,-0.23147099,0.8455574,198.4066578101771,198.48462
65.420044,0.2664492,3.1590087,7.8889008,1.2070378,258.5289882433292,257.785
57.71924,-2.5740275,-0.25526938,10.87257,-5.185852,240.20245270953956,240.42033
-12.009034,9.035579,14.454257,-19.451735,1.4724923,174.75006775505443,173.34515
-53.491177,2.298149,-1.1207479,-24.18976,0.5369057,105.30827089310984,103.876915
-76.89696,-0.43933275,1.0793654,-22.542805,-1.9026827,79.18214080554694,79.14115
59.86382,6.4342036,8.044334,29.31265,2.5059552,287.01396741579265,286.0047
-38.600132,-1.196958,-1.8871142,-36.637936,-2.0922475,99.474586585084,99.42918
43.103725,-0.20492893,1.9489801,22.38538,-0.72260296,244.577493277712,246.35411
-14.597725,1.2024862,0.50710005,-36.09864,-1.5351145,129.22390224912846,129.3217
-66.35832,4.843462,0.3681572,-16.05904,3.0399928,108.22411105080394,105.67782
-70.805145,-3.7934902,-11.110837,-25.226635,-0.8713933,66.38966094536053,68.036064
54.41848,-0.5292212,-3.575256,20.019367,-9.765383,238.70372003644948,240.4116
-8.834004,4.051376,1.1087612,-12.593033,3.7777903,171.62062640496765,167.35446
44.795666,2.5804632,2.4671123,18.289764,-0.598844,247.0859686965046,247.37775
48.657883,3.3209805,7.668258,30.643356,4.69751,275.9566497423002,274.83154
-10.740798,0.6246655,7.2387867,-12.495237,2.624073,168.58237089065187,167.09506
-22.313868,3.7412348,4.8357773,-23.546696,5.0943875,150.16984255660077,147.65443
-52.008797,-4.1288204,-1.6934012,-33.052845,-1.620835,85.2546591171142,87.33884
30.111153,-2.134429,2.6908877,29.513662,0.30128193,240.6946783387038,240.32608
25.000822,-3.5619426,-4.5739617,-23.083374,-2.8112202,170.24592878847227,170.81387
-24.860897,-4.216298,-4.504914,-28.443317,-2.1960523,114.06408542130671,115.622025
-65.26377,-1.6523875,2.0303378,-21.696337,1.2062893,95.1043514936562,94.46772
54.48011,3.0220678,-0.9195277,24.132881,-1.829283,258.9343898554239,258.72986
-49.950855,2.5842023,-0.7486246,-4.5470448,2.3709676,129.79647409492378,129.55226
-38.286007,8.881687,-0.5511261,1.4512122,4.491286,156.58048144466028,155.83073
-78.06702,-4.0535836,-10.675589,-29.286564,-1.4343722,55.32949969433734,56.326424
19.096598,1.9450307,-1.2025406,4.3579116,-1.5211251,201.8625326039454,202.51953
-30.682817,-0.3802602,-4.784223,-29.090246,0.44529867,115.495965446144,115.35128
50.81516,0.24220952,0.26009798,-14.986736,-2.5961165,213.90395589679363,213.57825
-22.931667,-2.8925061,-9.274054,8.577109,-3.7431014,147.0629583060324,149.57938
21.647224,1.5495378,-3.44595,1.6829715,-1.3231099,199.1296659823637,199.95428
41.600014,-0.9588539,-1.2345384,10.288181,0.19872266,228.74255127296644,229.73701
-43.72683,-7.051511,-11.892981,-19.759327,-1.3916764,93.34843034858488,96.021194
37.957214,6.1398597,2.4772727,37.161972,4.212113,268.64408206136875,267.7923
32.866383,2.7482905,1.0223546,-6.3202105,4.2671423,214.82012297242912,214.4276
49.38995,-10.796212,-8.34966,12.799158,-9.257573,210.7319228602962,213.62926
-77.57856,0.038434416,-13.124501,-22.282032,-0.007507286,66.23129656647251,66.88937
59.336807,6.4239445,3.7970018,25.138115,3.7394652,279.25503545683324,278.27917
77.09726,1.5722101,3.2009768,21.810675,-2.016742,281.73489849667726,281.50797
14.093907,0.107574806,2.5580113,-2.0792606,-7.2320914,186.95601627339187,187.29175
-20.861704,-2.912403,-3.4687352,-19.089108,-1.7886311,130.8245983903998,131.72292
-25.46675,5.638162,1.3013003,-16.676098,2.3183212,149.22118099677138,146.9586
55.774754,-0.22391562,0.86948735,18.427443,-3.0888247,251.6002617133115,251.60262
-18.18066,1.6967025,-2.9417248,0.1166975,0.51197296,160.3638675144308,161.04651
3.2577024,1.4113581,1.9510972,-26.69636,0.8632108,160.28750871552018,160.63058
-11.2623415,-0.90434974,-4.7001896,-26.452679,-0.23048732,136.5203249217261,136.29358
-25.527765,0.7885546,-3.4790945,19.880058,-0.599835,170.72037897200386,170.90556
33.29141,0.45997715,6.382764,26.28105,4.2365675,250.642513014014,250.49535
-67.48905,-3.2135653,0.18672684,-27.437876,-1.2103645,78.60305169626999,80.67939
59.307846,3.4413416,2.7698328,10.742088,-0.22165126,255.2889802244769,255.88298
57.222256,2.420738,9.242934,26.370981,3.3077304,279.0596327813974,278.40836
45.084866,-0.06747103,2.676011,-9.800958,-0.30654404,217.14801105034047,217.42957
63.485153,-1.6261011,-2.232553,-0.73036736,-0.13585165,238.5369471877232,238.60385
39.061283,6.006913,3.1514385,4.2490983,3.112167,236.90948660275592,235.42444
39.258472,5.816226,7.7791915,26.95027,2.0947466,263.0672665075398,261.7427
51.73657,-1.450186,-1.622169,15.138595,-0.3055945,241.73816285663543,243.34082
-71.73029,-3.1244655,-4.4101424,-21.570768,0.9298293,78.0219180465631,79.93765
47.53408,0.39347172,1.1832972,8.166749,0.32651922,237.00756060961703,237.44772
51.218117,-10.48254,-0.019076716,12.069606,-6.418455,223.7203362132959,226.21127
25.552929,-0.8035488,-5.247302,26.444223,-2.8563385,222.70499913156925,222.93355
56.025536,-4.0506725,0.90685827,18.89285,-4.5225067,246.28888629002472,247.0957
37.7568,-9.798079,-3.127257,18.014185,-9.830184,211.84799912223588,212.85916
13.783428,0.66565746,1.1104908,10.667945,-4.246948,201.11903676591876,201.82422
21.310587,4.9535766,6.054671,21.163576,5.1461744,240.8466477746466,238.47227
27.75777,6.2208066,-2.9665787,37.302074,0.16532217,248.0725440636212,248.32306
-8.6880245,-3.7177806,-6.579611,-24.655598,-2.8363488,131.85059678887814,133.36618
27.031324,-1.3897419,-3.2082508,-62.9261,-5.2399793,133.26408476968174,134.1107
-76.26541,-2.0855136,-8.372123,-23.036144,-3.3824296,66.11752318825161,66.70185
-31.113653,-0.24627389,-0.5023502,-27.147411,0.25409156,120.71374139565604,121.08802
-38.950047,-0.019603044,-5.2882085,-28.338676,-0.33312976,107.00552848685082,106.91384
39.77144,2.6049423,4.900983,13.229468,-2.040613,238.78138841932045,238.30988
-46.298416,1.5286119,0.077279,-26.632812,1.8941308,110.17823370555412,110.41232
-20.131214,-2.1430657,1.0924432,15.5876255,-6.099351,167.45566716326684,168.15005
53.66734,5.168028,3.9017057,-9.9048395,1.1843475,234.67211902326304,233.86006
-25.256744,-4.2208724,4.357064,-29.756166,-2.1607678,121.26810154353514,122.80611
42.873272,-2.6066182,-14.923052,18.123297,-1.4449698,221.3981463605871,221.86551
-5.4976087,1.9298309,4.38905,16.648636,-0.4464322,197.9955166156539,196.86708
-31.051094,-1.9910042,-4.0417285,-27.67146,-8.110666,106.49229106313692,106.97761
40.854694,-0.43000147,1.6357294,-5.30746,1.1879427,217.86641752325784,217.78465
55.174397,1.8602782,5.873612,22.350195,-0.18392317,265.45768171475186,264.9182
21.00627,-4.422603,-4.497937,26.304522,-0.54334724,215.2617447673103,217.69054
-6.255307,-0.4545059,15.760538,4.8998303,-1.7392093,192.1194045182477,192.0549
54.21143,2.6262314,0.62590647,23.611584,2.6458402,263.2708251085129,263.5647
54.2207,1.262087,4.8917456,21.973974,0.39030161,262.98855835034766,262.5827
55.30794,0.1769382,-0.77748543,-10.327368,-1.5605401,221.35287724512415,222.66316
60.674793,1.3320917,3.8738813,23.078945,-0.2834451,268.69980734690904,268.51996
19.392647,3.7521813,-0.22928451,-17.079006,-0.13744166,186.3611512292972,185.54274
17.411283,4.758577,2.3038368,-20.39906,0.06834889,184.7800714056534,183.98651
16.45177,0.34193856,-2.9571238,-15.38763,-0.043152474,179.2724075660186,178.24939
-57.036728,-3.491836,5.588668,-14.259655,-0.762049,109.7433887562219,109.88197
-23.261875,-1.3582679,-2.4842746,-25.719648,-1.2915385,125.26691080936818,125.72794
-17.151758,0.65511113,5.037713,2.5815089,-1.7487633,169.23062399944652,169.21744
-66.42086,-0.35580707,-9.129395,-10.787244,-1.1681268,91.08642271734024,91.98213
27.680164,0.44366148,8.821843,30.48594,2.4913163,250.4610478843023,249.76653
-29.117783,-2.483202,-7.165409,-12.053355,-0.65027976,124.46175492514848,128.37358
-20.24332,-0.5600537,8.227277,-33.47051,0.07876654,133.73305041045157,133.87567
-29.036718,1.3103878,2.2106702,-10.94163,0.05165379,145.80637260448128,143.43797
-29.955368,-0.593909,-0.4233285,-18.819784,0.22635715,129.53839089832735,130.2776
-26.863945,2.9577594,-3.1583304,-39.555534,-3.2363596,110.37440782466096,109.9871
-11.021463,1.5459371,0.56597286,7.4365597,-0.3623259,178.58451002256623,178.00824
28.394072,1.6313214,-1.7560079,36.570206,3.2156606,249.68527565163637,247.89882
10.932935,-1.278977,2.6514227,-54.77965,-1.2642989,136.06919263331767,136.10495
54.350246,-6.317897,-9.624069,14.956183,-5.5627255,224.47732943383087,227.64528
34.63246,-1.2336572,0.8084862,19.976208,-4.7507696,228.41359238868085,229.27635
-44.424515,1.5327961,-1.1526369,-22.325457,-1.1384331,112.89900749780846,112.33525
50.712017,5.3930078,3.9048853,23.816212,4.053646,269.70720262599247,267.72345
-23.094097,2.7258587,-0.038244247,-22.881056,0.5880587,138.050546510298,137.14412
-63.589725,-2.8132691,3.950337,-27.120451,-2.6039503,86.75573080851709,87.666466
-20.201834,-1.9601595,-1.1371143,22.135527,4.711762,184.09073931117328,183.39178
29.232681,3.64542,4.084937,-21.5479,3.4259045,198.15835927477252,198.68468
-25.595434,4.26562,-0.65977645,-20.75728,-0.47220457,137.43090290928495,136.62456
-35.404446,-5.0100136,-1.4764975,-27.35203,-2.125614,106.57473642999564,108.47501
44.546406,0.8265717,0.19991072,22.938948,0.8364382,247.51258467263827,249.19191
-2.345615,8.251574,25.83428,-15.590568,1.926555,198.86073835840284,197.91975
-21.145224,5.7315927,-0.65718275,-25.400656,2.651489,141.3614737345298,141.02356
-66.04844,-0.48734868,1.6374534,-5.0929785,-1.4070339,109.3379068498023,108.44521
42.46869,-0.061446305,2.538572,12.803964,-1.428331,235.51176210196112,236.16513
47.336346,3.7179165,1.8558887,11.4644575,0.46296632,246.12690321911043,244.68112
-11.606743,-4.0423503,2.6645482,-14.20355,-0.78461146,151.75111508186188,151.87086
69.51198,0.054143455,3.3572295,16.780033,2.9041991,273.3765997441631,272.45132
83.49056,3.7199323,2.957337,29.845243,3.2060356,303.4156476438335,303.06277
-67.6598,3.2080889,1.9539722,-16.048597,2.3952386,105.54352564172098,103.69251
20.465248,1.9148697,0.5397997,-19.796022,-1.0871254,182.28112419929727,181.88033
-3.9652634,2.012919,3.0432303,23.2047,1.478574,206.739372373328,205.61774
-30.17292,5.508079,-1.6956666,-27.92883,1.7814614,127.42449241845128,127.335625
-12.301266,5.4123464,3.3963225,-0.60185534,6.1001806,185.58339641114333,181.84923
63.29285,2.6904957,3.190129,25.580294,2.0365107,276.97777451937304,276.634
-21.62085,0.13317694,-2.6732774,-27.689226,-6.023057,122.0890310899102,121.97029
21.709312,6.985084,3.8773494,-19.79553,1.3441879,193.77171307335135,193.96404
-38.355003,-2.9083688,-3.469559,-23.780514,-2.1982455,109.00209957911306,109.1319
68.6608,10.917716,9.89162,23.548399,3.0047119,298.0953312874364,295.867
62.78647,0.10354968,2.1110272,26.366291,0.2885345,271.8487848394944,271.49963
37.91127,7.5382004,12.139425,31.862598,5.1786213,276.70201058495945,274.47382
-26.383133,0.36210817,3.2602024,7.7558994,-0.6364166,165.09299736331835,164.2022
-26.245646,-0.99772775,-5.833638,-27.301744,-1.6416126,117.30018544163606,117.82321
55.358124,1.5425327,2.3985608,26.191647,5.038391,270.3551982097787,270.37286
55.558582,-0.16904983,0.78918904,-1.7221017,-5.1917315,228.84369891697804,229.10858
-27.5411,6.147113,5.2730346,-10.407442,7.5692434,163.77799442356795,160.8844
40.7363,-5.91034,-5.1096306,3.1637623,-4.809706,205.56344820008516,207.91408
-21.828308,-1.1175666,6.860175,-33.032078,0.40316048,131.04483115816316,131.12889
54.516113,-4.143334,-1.6505213,19.275385,-4.107711,243.1686290025512,243.73357
64.827774,1.4737313,1.4687165,21.70545,1.8845268,272.2516300007606,271.20404
-31.607866,-7.805249,-5.8651667,-49.022724,-5.4113507,75.11217362480201,80.1312
-51.31311,3.0710728,6.2213173,-25.332209,3.8983831,122.0215869808442,116.38905
-6.0553603,2.1568897,-3.1571448,11.174072,0.36031863,185.316080367824,184.32236
-96.756195,-0.43388614,-6.80172,-26.838627,0.4848734,49.56152419635623,49.497974
17.283922,1.2187729,-4.0594397,-47.45407,-1.1721598,145.66108132106956,145.6606
56.243187,-0.84872144,1.2707928,19.044714,-3.8867958,251.4093033623745,251.66667
27.614994,-1.8318261,2.1054583,6.0662603,2.2911942,216.99640058762924,216.08963
-14.900552,3.322782,12.359308,-0.78634375,0.36439994,183.4203645848071,180.20316
-78.43688,-2.4335105,-2.342098,-34.787746,-5.312031,56.20625666182609,56.53127
-22.446459,-2.112282,-2.9001348,-23.182922,-1.8072662,126.49117047315592,127.39448
71.363655,-7.030863,1.3317276,21.420963,-4.2001443,261.7224085369144,262.7292
-22.914759,0.4185946,1.6555115,-20.039871,0.3898346,139.76350161172527,139.35294
-43.460102,1.9493045,1.2864679,-6.758691,-0.5482981,132.11523898834054,132.31229
42.229042,-1.2950557,-2.0239563,19.843296,-3.638037,232.54990339354785,234.95897
-21.890017,2.5339353,1.4113605,-18.86272,0.49303773,144.4329565900577,143.5293
-15.404086,6.7198677,8.859638,-11.116987,1.607398,170.01703919605555,170.50943
15.51995,0.03861983,10.198262,-42.37735,-2.2980468,161.15128819809445,160.92499
52.48566,-1.2986003,-0.20187394,-13.423191,-9.757675,207.09373141508243,207.64789
-79.08873,-6.0956416,-6.859993,-22.483522,-5.4397945,56.87444471248793,59.875877
23.962204,2.156303,6.360856,-2.8249893,0.118481554,209.2150587826964,209.61647
34.97988,4.7769747,2.7124963,13.947884,2.4929624,239.1824435160925,238.7539
-59.69715,-1.2919123,-12.43683,-15.758086,-3.8979025,86.59341997689816,86.76172
36.075558,3.608302,4.1872425,34.47657,0.39864537,259.1503517742587,258.5899
-32.69937,-1.4840395,1.096343,-34.109,0.15645574,112.23722275444312,112.80395
-46.85796,1.2731884,1.4786003,-23.76974,1.367801,113.86338982212204,113.335434
-47.618576,-1.7606587,1.9234686,-12.307608,-0.69713753,119.03981185023709,119.38307
47.788647,-2.093567,2.822659,11.026153,2.0725298,241.3328927589069,241.46002
44.756763,2.5511484,4.1703467,10.503291,0.33261725,243.0661985369839,242.15773
-9.981622,-3.7597342,-1.148608,22.181831,-0.1068573,186.73963766541303,187.02866
-18.395355,2.1739137,-2.6953247,-33.47473,-0.24775688,128.13157662413852,127.20427
-61.304066,1.3032315,1.7890098,-20.665306,1.3089114,102.538749949422,102.275276
-43.79825,3.8125048,1.4419723,-19.348078,1.2886155,124.46706874570728,123.240326
19.292223,-2.4735544,5.785327,34.87979,0.83975464,238.10688497949545,238.16722
-40.934856,-5.717248,-21.663797,-46.04,-1.144143,62.98901994500533,64.343414
-30.121237,2.1037965,9.681987,-17.727768,0.92392886,144.860177853709,144.70425
29.364677,1.2350861,-3.696616,-26.193506,4.285637,185.14484756566137,184.83887
-21.613323,-2.6226616,-6.403844,-18.464695,-1.5513346,123.86979070479067,129.18774
-99.46239,-1.6313962,2.5117803,-29.129078,0.68593,52.82747347569609,52.8184
-6.2734866,1.3619955,1.5980011,8.991757,0.25187287,187.07126376212344,185.77377
36.56578,-4.5914917,-4.2690544,1.3321564,-4.897283,202.3444047124163,203.98381
45.155518,1.8676982,4.7773166,11.753602,3.0192313,245.21291720821543,246.41696
-42.118767,-2.4474394,-7.5765676,-32.51797,-2.5553148,91.7580688253018,92.62747
-73.19438,0.7056348,4.2258782,-29.278713,-1.7658532,79.93926498684293,80.53607
48.76419,1.6801925,4.938792,12.226713,-1.7400113,245.41697361001863,245.71344
-22.601196,-4.520276,0.46463037,-14.716508,-12.864981,122.58802000553686,125.60524
-55.297165,-0.3176498,-0.5619401,-10.37612,0.44804838,113.83524275974204,113.73868
43.96229,10.437916,11.73967,31.40568,4.586575,284.72704215528995,281.97574
42.999985,-0.45003095,1.3448611,-17.077015,2.271124,208.955464061618,208.93263
33.40548,-0.65780014,-1.2586075,-27.041697,-8.954736,174.83294464623518,175.33618
-31.529743,5.1770034,2.4810386,-28.53476,2.6986232,133.1027915970866,130.13577
48.33682,4.2693305,2.797434,-16.628973,5.1145816,224.06966559638389,223.73271
-2.164069,3.7031589,4.8107796,-13.295842,-0.32170495,174.68717408403575,172.57584
-35.285065,-0.5110393,-4.4488144,-24.83332,-3.757558,109.48036640186018,111.00781
11.293358,-2.6396666,-3.8685806,-17.264465,-1.0234274,166.1210049563287,166.34079
-37.8967,-2.2419078,1.1706653,-26.29292,-0.19042747,113.18069035759228,114.39228
-15.32737,-0.08437828,2.3131888,20.32332,0.8003256,185.9082329254776,187.86871
46.093407,0.5713444,1.3170053,22.725447,-0.42511368,251.767556159267,250.1257
-41.08154,-1.3535724,-6.470774,-14.20411,-0.59212387,115.88723629083498,116.14143
52.10375,-6.4606605,-0.65546507,8.594175,-4.993969,226.35318077451785,228.43146
-43.68674,4.0004883,4.2848086,-11.200267,1.8567071,135.98476290166448,135.09862
3.7214203,1.8667958,-0.5030341,49.437054,1.3660265,236.79137866611987,235.73196
-39.48098,-2.016638,-3.543058,-31.573786,-2.0566688,100.53005193395292,101.17246
68.59689,4.429743,7.777547,12.183024,4.1042886,280.97227859016493,276.93515
-54.386395,-8.6454675e-05,5.727704,-29.367891,0.31640783,101.42894471800967,102.133255
28.238983,9.410079,3.1897316,4.1206307,2.1122584,228.037862716772,226.91527
-83.94622,1.4252592,6.9237375,-16.013437,2.5153906,90.95139889788744,90.748314
22.282618,1.0043128,3.7164948,-11.959467,3.375297,197.63538389065877,198.26286
12.5222,-5.66911,-1.5587636,-4.2829657,-4.012031,173.95492490913753,176.84302
28.856895,-0.672128,1.5951453,33.60099,0.9841832,246.2796280717638,244.20872
-56.976093,0.11474144,0.37423423,-23.708069,-0.6667093,98.79816892567382,98.98169
30.087591,-0.18821193,0.50363004,22.897118,-1.1358918,231.93390009931704,232.00783
45.889915,2.1917963,2.2102294,25.238106,-0.56135744,254.8236372395156,254.81226
33.319016,0.4298755,1.0053116,9.70904,-0.2104606,225.0202408408153,224.0963
-4.231147,1.482939,-0.15304872,15.279037,-2.7917624,189.33407689291752,189.4296
51.172935,0.6847268,2.2101572,16.971031,4.7933087,257.15137058502484,255.67577
28.521818,2.2155373,5.5559235,22.879116,2.9322367,242.21360870957596,241.94826
71.185234,0.9550743,5.7353487,24.914722,1.2854675,283.9896450681248,283.91928
47.98308,-2.4964356,1.3313445,5.5197773,-0.45235905,231.5711627550307,231.72902
29.030565,-0.25953373,-1.7023163,35.10885,1.2406735,241.92985826801515,243.26186
-8.794567,1.9231503,1.1233408,28.334356,-0.8520773,201.608616454706,201.57774
-33.37093,-3.2123284,-4.105127,-24.32899,-0.36729416,113.26770270722136,114.45894
-18.42549,0.779236,-0.7402077,-25.736776,1.1946784,136.46269426156488,136.91502
-4.796766,2.2880847,6.1590967,-12.207348,4.444506,176.5349209028181,175.73114
-87.54139,2.4584565,-1.1772074,-21.893965,-0.23220982,71.09683964570385,71.45719
-29.056467,4.0734296,3.5878177,-10.532504,3.947984,154.18906333826257,151.86394
-61.475033,8.098054,-5.266257,-21.010344,1.9951984,103.20269253468864,102.18518
42.9284,-1.9355614,-10.071091,20.424177,-0.8708281,229.78166945213877,230.31874
26.643822,-3.6974423,2.422823,27.297342,-3.8690672,226.90108036836236,228.64119
53.570827,0.2290913,2.9517634,5.175836,-0.71079844,240.7284449973656,241.06035
-6.4467883,-3.2831342,-3.223739,29.645472,-8.532285,187.1873570094283,188.00302
-4.566031,1.733036,-5.263936,8.787929,1.2293347,182.43737232007427,181.76404
52.353832,-1.543142,-3.717444,-9.419371,-2.4738138,214.12544478129405,215.0436
-58.697678,2.7482042,-1.5615681,-13.188044,2.2864532,111.79745519244683,111.43086
-50.370415,1.0388349,1.6000774,-34.42096,1.5086688,98.9378871216508,99.19974
29.189226,-0.24594451,4.1449347,27.811907,-0.40395075,238.89544312205857,240.3398
16.94452,0.48536777,0.5318395,-15.941415,1.2862567,183.1116803221668,183.1501
-34.836395,-1.4716582,2.4255729,-0.8518402,-1.6458622,143.25334852857034,143.46349
-64.15042,0.44050482,-2.5119226,-33.711926,3.3773413,83.66726657070969,83.28706
-48.769352,-0.16329654,1.964396,-30.609297,-0.049894255,103.33722547576376,102.21606
51.165554,-6.4307394,1.5927416,-6.6166353,-2.3200135,215.53113717096,217.23453
30.73289,1.8644975,4.252511,10.726822,1.9570551,229.96039089349065,229.37746
-9.168884,0.7552619,-1.1701101,-8.570817,-0.4853846,161.25395023949133,161.20367
30.09071,1.5736402,0.9569618,31.163967,3.3315258,250.5623726292336,246.9604
-12.379693,-2.236191,-0.6742191,-30.741926,-2.1925478,131.91920624741152,131.619
-20.176756,-2.9500875,-1.2005929,-30.884342,-0.9777928,123.08877169045724,123.654
-80.04033,-3.877006,-14.216558,-23.336798,-1.2742884,55.99832169983932,57.098522
-33.607616,-1.8442887,-1.7824419,8.153997,0.8605213,151.24974394438556,151.62378
-8.934944,1.1680868,1.1443528,-32.82331,-2.2646496,138.3455910333901,138.13307
24.158117,0.08874511,-18.325361,23.159332,-0.84164333,207.6070982975266,208.08282
68.097824,1.7988597,2.0479774,-3.5835736,-8.3634455e-05,248.30008290790283,248.20467
-67.74843,-1.7507244,-7.68719,-23.434656,-0.61031294,78.48521474722091,78.61219
23.808428,-0.4359583,-1.2353871,-17.346367,-0.69159573,183.9396050568709,183.94269
54.524998,2.0267978,1.7441454,25.250446,4.0506577,268.1093501480568,267.4407
-7.74579,-3.2663777,1.1897154,-5.1941843,-2.8695283,160.82025877421574,161.95749
-0.21043289,3.1530101,0.77586526,-16.898138,3.9497738,171.370658936591,170.61374
13.898223,-0.7978798,-1.451754,19.238558,-2.7738664,206.72809551210983,207.9569
69.7303,4.163638,3.079157,23.608164,0.14587091,280.80614762547174,280.57074
36.153843,0.49883044,0.98328,-19.18019,-1.1566017,196.76421355988825,197.14284
-12.3651905,5.444119,12.99367,47.254177,6.0268064,242.64736710982316,239.1973
8.450904,4.9643755,5.6131372,39.26785,7.964152,248.52542385104908,246.10406
75.82874,-1.9647676,-1.6714792,19.76196,0.013848177,271.39402250108503,271.812
-64.03523,-5.46079,-10.984542,-33.634975,-3.8685372,57.56930299819669,61.85944
-9.966766,5.7030687,2.5237613,-28.388494,2.9279323,152.64929691033817,152.64313
28.26853,1.849589,3.8717177,-0.9714917,0.35827193,212.90241025443007,213.22026
60.463223,-1.6913083,-3.196124,14.532243,-0.66774136,249.20804090750485,249.28387
32.795776,0.22838679,4.004855,9.914104,0.3595576,226.9752134261948,227.14626
44.505592,-0.49016115,0.28899127,-41.732647,0.08693926,182.02926761146009,182.5023
63.21106,2.4280756,5.1194406,-2.4797194,2.9639833,252.1146096810297,251.08649
-18.859272,1.4434761,1.0509071,-33.1042,1.089889,131.92614819276662,131.46448
-68.01723,1.0058191,-10.303255,-9.641992,0.4786637,93.58146070313131,93.36559
61.455635,0.025543392,1.9786801,17.428997,-2.486977,256.8854616009956,258.24557
51.517574,4.4621086,5.8803296,28.233091,3.3817952,277.00684725460616,273.3186
18.679466,-6.6047134,2.2767394,-2.882515,-2.3493228,188.6116402869206,188.96333
-22.919834,1.0825683,2.360733,-4.7377353,-6.652274,148.42469686499925,148.97707
33.04288,3.5945945,6.3553324,30.525454,3.709521,258.3534298674826,257.07156
31.358292,2.2762575,0.52159834,29.098476,4.938796,248.8610726574829,248.03694
21.00445,1.6084739,2.2536058,-8.523739,-1.6744559,193.8544286596972,194.512
19.183828,2.8032863,4.084924,-17.4586,2.1523132,190.83193554054031,190.6094
20.114037,-9.226647,-5.500139,21.2499,-2.4309156,199.70083125725216,204.04977
-59.92276,-0.7587883,0.9296577,-32.748642,-0.1328868,86.45098352665495,87.2101
33.168655,5.2263803,1.2021222,32.73905,3.1009862,254.85805690604656,255.28079
-49.957798,3.7610338,-0.16864912,-23.510191,2.188263,112.58234718068594,112.15622
61.596203,-3.5001225,1.4513968,25.295145,0.81266594,264.1599132356818,265.49902
-1.2527008,0.16712113,0.659786,-18.469261,1.300152,162.44058781182855,162.24861
-56.189667,-1.3317469,4.3659043,-33.108593,0.1173339,94.34964452113093,93.696815
60.222095,-1.9161117,-0.3671086,17.309036,-2.899674,250.94668537384956,252.1919
-43.325268,-1.8680344,-3.7650392,-39.686367,-1.4734448,88.10147433021086,89.72539
12.026211,-3.9540563,1.0430706,-30.11234,0.022040555,158.4307935779529,158.86847
-39.571384,3.6794033,8.623906,-8.309661,0.96342707,145.8393266862018,145.22942
21.114725,0.96149516,1.5994684,-17.627748,7.6651597,193.99137348316097,193.55676
10.211035,-2.4956415,-8.579431,-0.81804484,-1.8384095,174.05009850478663,176.32309
-72.576996,1.1637592,-0.23603866,-10.562183,-0.56770366,96.99989955174826,97.06434
57.10465,1.6714934,8.907663,-3.9163127,2.2551749,246.12488516925728,245.86626
-37.574215,2.178072,2.4012446,-26.635258,0.5048568,120.70431617857751,120.718254
21.531473,-2.3332684,-1.0789694,-31.41938,-0.044742238,167.11001348993804,166.49872
57.226105,1.8628522,-2.088693,-0.67354274,2.3342836,239.61497464312907,238.50458
-79.52718,-1.5151099,-12.6362295,-21.756187,-0.77332056,63.62610482711718,63.63545
71.54184,3.7760062,3.9653885,21.439299,3.8169448,287.32231982099563,284.38315
-52.192734,-2.391924,-0.59217924,-2.9310975,0.162737,122.73239906698213,121.89834
-24.712841,0.07820189,0.56249774,-18.4087,-3.590196,133.49801195625142,133.77246
21.160807,-0.1918552,-4.407958,-38.285744,-0.3622047,157.71180405559303,157.75667
-22.567627,-2.2718267,-3.5646935,-33.346146,-9.004378,109.13134095087403,109.08882
29.259504,1.8249503,0.005167371,3.7324853,-0.2554973,214.9148534835058,214.41017
36.0316,7.384618,2.3592274,5.2284093,0.07081472,233.9630165541759,230.91824
-15.527968,-2.2038543,-3.1518419,-25.944172,-1.3578758,131.3094038272638,131.65782
-56.731213,0.719312,-4.1817636,-25.487999,0.52100664,95.15800125694672,94.68281
-22.447325,0.5346692,-0.9882266,-29.374363,2.8147366,130.7101341655729,130.38309
49.758087,5.064661,7.0943203,32.978477,2.487876,277.3987448878192,277.22684
55.83469,-2.9543347,2.96126,9.473363,0.23887138,245.7453267731388,245.39742
-94.028404,0.9253168,3.576534,-19.563906,-1.2602383,69.71501823913223,69.49287
39.196968,7.3773212,10.075913,29.426142,8.408092,278.6027376787269,274.32797
36.90802,1.8204389,4.974566,24.890886,1.9335167,251.1225819695474,250.37097
-68.02345,-5.8850427,-0.60657185,-9.032303,-2.1517427,92.97238010099242,94.14449
-22.967821,-0.90272444,-3.5718265,15.04979,0.025393631,167.77806362592315,167.4764
-73.94373,-0.6083945,-7.11788,-18.813232,-0.012530705,78.85365923898624,79.34779
-33.178394,-1.5648491,-8.632989,-21.858028,1.3067135,115.18262494800165,115.91599
-30.705753,-3.114462,-6.8909564,-41.04717,-3.6851158,94.47259586042024,94.40007
-51.99773,0.076861076,4.1268735,0.20235193,4.2337217,136.79176859607966,136.48572
25.932533,1.9462037,2.9192643,-15.7909975,3.4465656,198.31762001486615,198.29718
-15.866242,1.7948121,5.1087713,-34.95688,3.9399292,139.9070641810036,139.86401
33.21291,-3.3972833,0.7579693,-23.791014,-1.1420716,185.3406643808832,185.48412
17.654804,-1.7269329,0.738934,25.065058,1.6295103,221.37338104302088,223.20505
16.171244,8.956956,5.048871,2.648818,1.8750544,215.90336644915016,214.54457
-18.057888,4.6831703,-3.2923574,-1.2921578,-0.030663919,162.06299593901727,161.85367
52.45716,5.837303,5.0168943,22.56637,4.1028895,270.7016303683485,269.82428
44.78684,0.39164776,-0.45588794,24.831902,-1.175076,248.27100855995715,248.22304
16.76735,-1.8953435,3.2594016,-26.232143,-1.2262853,170.58073390425525,170.51662
-25.370598,-4.5916257,5.6867766,-5.6138844,-0.33592612,149.3871319411463,149.61841
-27.319792,0.81594765,-5.157684,-1.4310669,2.9398093,149.7061078850529,149.6908
41.677647,0.9534904,2.5593886,-35.595444,4.8366637,193.3560921227345,194.27538
61.519302,6.4527245,4.411015,33.333744,11.076174,299.90436698416534,296.63666
-58.917473,1.4542444,1.3553854,-26.092924,-1.1820596,96.73016275568142,96.460686
-33.394566,1.7846837,2.3170958,-13.53596,1.5901635,138.29712527454635,138.60503
25.453667,1.4570283,-2.633578,34.688343,1.4929776,240.6956761396385,240.30208
-7.068812,-0.19916698,-2.2135339,17.259922,-4.709553,181.66354375295148,182.91241
52.822865,2.8090596,0.4463391,27.19341,6.090367,269.3074924283394,269.20566
55.924564,5.5419745,3.6045132,26.132143,1.1196157,271.8165379279431,272.16656
63.732952,4.6175294,-0.47350928,22.973953,3.231061,273.7848079716501,273.92563
-47.913918,1.1132526,2.5105853,-11.499817,3.0972772,129.06012616857498,127.15093
45.604824,0.90825033,5.65428,20.520142,0.97200495,255.08204200949763,253.50319
-45.36461,2.0257397,-2.822058,-10.987365,1.3060329,126.17031448943328,124.00133
24.890717,6.93773,-1.66723,1.7760458,3.5745153,215.52016042797143,215.35542
-51.889557,-0.75452244,4.7752056,-29.937399,0.92777485,103.63916148703184,102.96506
58.93232,11.440101,3.855397,35.256527,-0.27754033,289.3631936562542,289.05035
56.600586,4.402488,12.607437,23.801643,8.426019,286.1184549319918,285.6819
34.027695,4.67504,1.0238758,28.1621,1.5296835,249.7592530675549,249.26192
40.63214,-1.981454,-4.975112,22.030865,-4.764682,228.8553882879676,230.78534
62.432068,-2.5650861,1.610532,-6.830542,0.0053463383,234.2328761758091,234.49588
-2.480441,-0.77227795,4.214466,0.145987,3.8773348,185.0626969550648,184.82875
56.94484,3.523283,1.7584193,-7.3268485,8.113045,244.09578982348685,242.85641
-24.725681,6.0001197,-0.94315875,-26.855127,4.9834657,138.79529311680625,138.30319
-1.516583,-1.7146634,-1.9675825,38.870728,-3.3872454,209.83863287570583,210.12825
27.369453,2.0972047,3.5921643,27.941137,-0.81178737,239.76416402324253,240.03181
65.13923,-1.6949211,1.5816114,12.535,0.89634514,258.70085261013554,258.3009
-62.169086,-0.254939,1.825841,-30.103386,0.5980653,90.09473387997242,89.74008
22.388582,-1.7903727,-0.7520561,26.376743,-0.9946813,224.4375410391352,225.07178
24.368681,-0.6429138,2.484608,-3.0357995,-0.87693435,202.23301379728375,202.1413
-67.77633,4.5151963,1.2083479,-26.183216,2.5441856,95.0781718670413,94.15176
-9.83259,-1.0600908,-3.6536222,-19.37809,0.56076604,146.47074716253942,146.47986
-5.45623,3.2918265,9.715234,-10.546704,1.4344823,179.03641188845432,178.28224
51.169662,-1.145458,1.6071758,22.52718,0.007694952,254.19091657573375,254.00992
47.22175,8.208822,13.510092,44.379253,6.031125,301.8436293171883,299.19455
37.671604,-0.8315597,0.12648745,20.094587,-3.4651067,232.14801232456747,233.43959
77.94274,1.7564107,-1.9833657,18.374939,2.612232,278.47939474229514,278.54663
60.132587,1.6230806,-1.4332116,-2.389693,-0.020527072,237.49614141284,237.75595
68.10822,4.1400323,7.09638,26.658756,4.0909677,291.1080682900901,289.93802
47.36808,-0.46674743,-2.804112,27.116037,-1.0800195,249.94845978970704,249.97684
-44.824215,1.3625951,-5.9106636,-13.287712,0.69254297,117.41911511226442,117.87612
-21.019741,4.2515106,4.1120906,-21.81532,4.4839025,150.61815366440072,149.85603
60.745483,0.7454647,1.8865279,25.226845,3.2865958,271.42041021130126,271.73462
25.60736,2.549974,4.48617,30.585274,-0.5026871,242.44652579409328,242.56976
-38.089622,2.7089157,1.8353745,-6.4112377,1.7795726,144.27974329829277,141.6666
62.31964,5.1934767,4.630383,8.084833,2.761853,264.0004971225219,262.83395
41.376347,2.5110786,-0.59807837,-5.090522,-1.7441787,216.470208871412,216.2983
38.866066,-1.4623743,-1.9380014,-5.6953864,-1.0984861,207.5224012870284,208.51538
17.530968,3.3337548,4.6570725,-22.434652,2.1390605,185.13740270422517,185.06978
35.082848,-5.266537,-4.317168,8.368128,-3.2231314,209.08667202873283,210.4877
61.364124,-2.734104,-0.6550702,7.5764494,1.1334467,246.9518550230452,246.52843
-6.5578628,4.4876194,5.8180356,-5.2786784,1.1431532,179.41115861821962,179.45586
21.503798,0.19610707,6.192255,2.9367023,-0.97474325,210.944803888149,209.6978
37.92762,2.1099603,3.1531641,35.515663,2.842072,263.4345121304659,261.39224
21.344675,-0.6476428,-0.4453621,0.31235534,3.4111412,204.48413476511752,203.81877
56.405033,-3.9208505,-5.9077644,19.802795,-3.3836465,241.3579865667578,242.83911
-77.59906,0.5406163,3.3660827,-26.166922,-1.9015412,78.2244501334445,78.08274
6.8600674,-2.0899599,-8.849655,-47.97391,-1.9821302,125.76867713689266,125.807945
-69.98146,1.1107689,1.3105179,-18.501087,0.938871,95.14337861794534,94.721214
55.136284,3.5920768,-0.57902867,1.7544583,4.4981627,245.2308727412477,244.24562
-41.603565,-3.4603064,-8.946225,-22.765907,-1.4626199,100.03020062869489,101.604965
-11.189861,0.7380805,0.24290243,-43.062458,-0.5546927,125.74831554651448,126.01761
12.100697,-1.6771296,3.6305265,-15.726126,-0.12462014,177.29119890867494,178.04697
52.84081,-6.572646,-2.9836113,8.988199,-3.2822862,226.96409095197535,228.83408
-61.365444,0.29376796,-6.0252156,-22.62471,1.2489066,91.74836799644991,91.37087
16.426792,0.32162416,-8.487338,-17.797121,-7.4251227,162.70474430574984,162.88237
-87.09539,-2.3166175,-14.78311,-27.575829,-2.2574737,44.49893876908727,45.815155
-12.916709,1.1073184,-1.4077803,-31.597542,1.2767305,136.64108314909623,136.30563
33.004547,-1.4973364,0.626209,23.291399,-3.733011,231.4808897951708,231.5354
-63.88069,-0.94572604,-5.8827577,-24.006525,-0.4857165,84.39325849997553,84.64216
-62.21248,-4.713412,0.2779858,-27.92101,-5.6847963,79.37418075336302,79.58986
28.008276,-0.25474003,-3.1947641,7.920035,0.08790944,211.86887584599955,212.4103
-1.3048878,0.41910866,2.0270457,45.38527,0.107940085,226.8495031037577,226.47816
-25.792084,1.2054536,6.5202074,-27.656706,2.2800846,137.81880631013755,136.40042
-101.81777,-0.60013324,-10.100741,-28.685047,-4.302091,34.30219606499133,34.337814
22.96885,0.9436267,-2.1477737,24.869783,0.9772823,227.2358437193732,227.45538
49.05613,-9.043388,-2.682632,-12.016508,-4.272916,199.78051239485885,200.88428
-29.46412,2.4267495,-1.1685216,-16.585974,1.4936312,136.81694449916955,136.54536
33.33535,2.0217922,7.685441,33.30715,3.1889942,261.0972483048828,259.38232
35.423016,0.557021,2.6299386,8.985911,-1.0391103,226.50705929476692,226.40042
-21.837809,0.37103415,0.066431396,9.227406,0.7556444,170.0000015028538,168.42628
-42.617443,3.9270258,-0.13310197,-25.962645,1.2761071,116.46123350188066,116.333466
49.689457,-2.0135145,-1.187906,17.886417,-2.9665403,238.10286648778745,241.25153
34.3221,6.389864,3.994408,37.183735,6.191701,272.0455442318601,267.92554
-92.90461,1.6508094,-4.2297983,-15.160907,2.8103476,72.57061179894933,72.009415
66.21187,0.5455524,2.4157224,25.957085,-1.9687482,273.4039877608632,273.00528
8.478281,-6.542707,-0.9052566,-27.725878,-3.280084,149.71160033909973,149.8679
-29.410568,1.9455652,4.8036237,-27.126354,1.563101,133.5639793216996,131.61894
-94.57001,-0.7107777,-1.5205249,-28.007622,-0.056480218,56.02127476510681,54.978176
-52.5198,1.4350334,-7.3155584,-23.87854,-1.3992265,96.06323958675044,96.16543
28.179853,-1.7930648,4.310532,32.51606,-1.8634791,239.45144758023085,241.19356
-2.6901097,2.7510445,9.020405,-2.8912323,3.0882406,190.9021137556966,189.12196
-25.742662,-2.3249936,-7.8060846,-29.835493,-7.1320586,106.76718798066528,107.00224
-2.5401082,0.8425452,4.3718553,-22.685207,-0.32316285,160.1279346816553,159.50955
66.95683,0.5533084,-1.3251748,22.233688,1.9517196,271.0563151036494,270.21423
-28.095228,0.2314193,-0.96365535,-27.149635,0.9592037,125.33569110735624,124.82568
-18.168379,-2.755209,-3.1854327,-8.172739,-3.597137,143.1589353197462,143.96474
29.608011,1.6452223,6.2697415,9.42027,3.319161,230.09165861881252,230.1061
-4.95616,0.08049222,5.836442,-34.28436,2.3377676,148.8397734745092,148.85777
31.486526,3.079848,-2.4108896,29.3445,0.68898475,242.11278388397503,242.03261
-54.349342,0.94456136,-5.8851266,-33.415024,-0.62287205,86.65366503827138,86.51572
27.103233,-2.7533896,5.156381,24.599106,-0.027369961,233.3345188386414,233.9216
-15.450543,-1.8464177,-6.447498,-4.101668,-3.2222426,148.01183692065985,148.77518
-7.1745358,1.2414421,8.058203,12.939278,-1.4928867,193.2696159000908,193.4151
34.71143,-1.8697081,1.0501684,-29.18865,-1.6064478,182.9047407806179,182.9404
-57.112404,2.916719,4.8992414,-8.219918,3.3004599,125.51729855556042,125.627625
-96.577675,-3.3385797,-10.4475355,-22.028833,-0.3328245,46.83729403143237,47.11812
-57.175022,4.1563096,-2.8312137,-30.33491,-0.4961995,95.07627956340632,93.16252
-39.22562,-1.1943988,-5.792894,-34.99546,-1.8692093,96.71223766042844,96.76596
69.074234,4.2482142,1.195882,19.421118,1.4018455,274.4391475614281,275.18518
-32.313858,-2.3839374,-5.302995,-20.967285,-0.9400361,116.41143914539974,117.93544
-32.60207,11.060053,13.9144125,-14.144204,2.1133604,163.02769761506744,160.1851
-74.15361,-6.456368,-1.4009744,-37.531048,-1.5755506,56.53776445864702,58.72602
72.46095,-1.0238192,1.75537,25.612175,0.8419355,279.1441351358177,279.49017
-17.552542,-1.14955,-2.7116141,-15.154008,-5.9420447,137.26114255055788,137.33391
60.82332,0.8775248,-0.81466806,19.702892,-5.3807755,254.9613632192324,255.05193
-16.571932,1.1249865,-5.8377905,11.512258,-0.4530115,169.59203043889968,169.6181
32.76207,6.5769567,6.1283717,6.4581623,1.8217168,233.92584407434555,233.59082
29.71444,1.978251,1.4109502,27.62809,-0.7131484,240.256243985787,239.86214
74.145645,2.691208,5.4416175,27.7606,5.4652,297.32315546095265,295.3479
36.594837,0.43204325,-1.2337316,-8.282731,-1.2515,206.14857033993215,206.10258
14.215391,-3.5016694,-7.4281545,11.2607765,-3.9700346,189.7733458420342,190.41989
16.454254,-1.7375307,-2.2447507,4.313228,0.41497418,196.84579670312337,197.04373
-29.02421,0.46652895,-6.5139227,-21.793318,-1.886182,120.85294918799686,121.09253
37.350605,0.42241138,-0.88326263,-51.592934,-0.93056595,164.06165626414503,164.20981
-13.745321,1.1637815,8.643466,-27.313086,4.235454,153.37094239604193,152.82794
38.180134,-0.9666983,-6.7891808,5.101695,0.17148568,215.63811327757944,215.54106
52.75957,1.2149175,7.8168283,19.665947,-0.4359885,260.75353100481334,260.86502
-13.453893,8.533744,4.787379,13.220781,10.325476,205.55843187925024,203.25711
-22.499918,-0.62072814,-3.539601,-28.725346,-3.7993455,120.09064161495589,120.65861
-38.9714,-2.4804482,-3.3673217,-38.7257,-3.4808323,92.00954403978312,92.81781
49.427288,1.1044166,4.304373,0.6148959,2.6430514,238.31867379621448,237.93767
-11.704609,0.81506807,5.3524933,-21.981737,3.3152308,154.7820228005782,155.64001
40.191998,1.5175215,-0.06896352,10.793123,-0.27145427,232.0102924054745,232.0057
11.687546,-2.984686,-3.075229,-3.670899,-2.3948405,178.4234287135253,179.40544
29.317196,5.7108064,0.6974505,2.4727426,0.0040485845,218.23505604514315,218.04582
-10.583865,5.9174566,2.9366207,3.243409,2.97334,185.21857361413484,184.3305
42.1575,-0.9939582,-1.5820366,19.248003,0.952439,237.6015803645388,239.62555
-40.50355,1.5991033,-1.0976462,-16.143375,-0.8711064,123.6952348110186,122.826965
68.74425,9.875847,9.1685,20.265871,4.6542697,294.51534625717244,292.55234
51.895863,0.86026853,2.5231092,-7.4447546,-1.3812116,225.82372224125396,226.29703
-44.400673,0.76676613,5.309457,-19.73944,-0.04172803,122.07883390610816,121.73793
-85.26704,0.20853433,-3.0266078,-35.032566,-2.2670574,54.252403685358274,54.45879
20.911768,0.79321295,6.0891504,32.65002,-0.9485227,239.03121824098704,239.33928
-19.081732,-0.8482477,-4.253218,-17.668077,-0.22694819,138.01703717391078,137.76538
42.261665,0.38338676,-1.678718,19.820436,-3.3965724,237.7674551275001,237.23378
23.289,-2.1259015,1.901955,28.475029,-1.1062875,228.89264590881132,230.27747
20.347815,-2.1417966,-3.4147286,28.875856,-1.3691562,220.80955477489067,222.14159
-33.003914,-2.761252,-7.9525557,-35.412334,-0.40153024,100.15751982072376,100.312004
45.331013,3.0560358,2.0212293,6.928012,3.0387123,241.00460954089564,240.21863
34.300014,4.3338356,9.137456,35.762913,3.075728,269.29872202786146,266.45346
32.625225,3.6613226,-1.2881528,5.000221,-1.271793,218.54886092973817,218.5704
-6.9687996,-0.638898,6.887766,-21.49542,5.1812043,163.32501365894063,162.80937
-29.77788,-0.07641873,-4.6695075,-24.179615,-0.22737297,120.06778927359711,120.9128
45.859222,-6.6373806,-3.2568288,21.455526,-2.0736823,233.32713337088896,235.19043
-22.297548,4.1926765,5.60115,-21.459385,-6.720642,139.2734256694166,139.1599
29.028881,-0.270264,2.065274,27.207483,0.9381242,237.33808171416493,238.81306
47.13107,1.4093578,0.8447205,1.0935521,2.2238128,231.913678042678,232.5461
55.353123,-2.6300511,-1.5979677,17.769957,-4.3557796,241.5580924098633,244.38289
76.848015,2.4982002,0.8081335,20.45386,-0.17114067,280.370143352262,280.28067
-67.470985,1.1590137,3.5011868,-10.724191,0.32475147,107.1290603969806,106.633354
49.745464,0.8339728,6.039969,27.213898,4.236676,268.4498267216911,267.91348
79.16974,9.9457,1.6103982,29.83581,1.1245136,301.8070828654857,301.5298
-57.53873,-0.701812,-1.2141205,-8.870662,-0.5243615,110.395235500527,110.99392
49.428074,-2.4521012,2.7230895,19.268927,-2.1523764,244.95131171074647,246.65927
-16.559677,0.7107732,-0.8558943,-3.9367545,-1.6226165,156.3165349149489,157.57936
21.678877,-1.7671267,1.5895815,32.92411,-2.1988723,232.9295587095029,232.07025
23.599884,2.0059087,-0.8596861,-7.6652455,1.6679527,198.02482327141337,198.59233
30.851994,7.0813856,4.409885,31.385117,4.7315645,263.5451493647711,258.3036
42.986336,0.22037834,-2.3941576,17.090689,-2.4656928,234.6219131169323,235.2811
14.320452,3.3218117,2.5439003,7.4463577,1.5046242,208.76679076056448,208.98077
-25.667282,-0.944321,-4.453987,-24.951021,0.48192573,124.168902058293,124.30889
-23.641949,2.4852,9.975844,0.7655799,-0.42189935,168.5008216291107,169.0064
-70.81351,-4.129668,-9.511084,-37.036568,-4.823402,52.7667545655233,53.529354
74.85586,11.429063,6.6018667,3.095603,2.7313218,279.11971896794324,278.55756
-57.164425,3.17055,0.78748876,-26.146435,-1.0900229,99.51848954500797,99.400764
-8.898378,-2.7223504,-0.5715732,-20.661293,-1.1195445,145.79939171609792,145.87039
58.9175,-3.8227222,-7.08803,18.470171,-3.7734172,240.18722836029704,242.54716
9.427778,-1.2993925,-1.6450253,-11.597163,-0.546909,174.86366118942806,174.18288
13.57376,0.8389843,-1.6762133,-3.0503767,-4.8766627,184.77763805942269,184.65308
-14.3677025,0.15447927,7.1300097,-28.81323,1.4915563,146.0604834662331,145.43867
-58.62056,-4.5166144,-0.77421606,-4.4705787,0.10527479,112.45845438393332,111.5669
-73.94752,2.2491658,1.2064444,-27.0195,-0.4394191,82.68344168273306,81.89268
13.876914,-0.4434269,5.8242025,-11.395393,0.6603358,189.62215162305367,188.36624
37.321728,-5.015426,-3.532281,21.663023,-9.646979,219.94800501213007,220.63373
20.41803,3.7164829,-6.4944315,-10.775723,3.6224291,190.4028141254094,190.33046
-11.939723,2.38723,0.6909493,-21.846758,2.1735716,152.95273600137608,151.30885
-29.368576,4.1355424,0.7822622,-14.334897,1.8300391,145.6807259348701,142.88803
-43.046337,1.4686668,1.8306674,-7.7068725,-0.24293916,132.03749206003226,132.14682
61.44848,-2.558981,-2.2428648,20.731983,1.0568821,257.93846998863506,258.2792
47.047516,2.18586,0.17105885,23.635601,0.5047488,252.58203967319432,253.38843
29.182617,10.12224,4.378446,42.41298,1.3483849,270.1768330330892,267.28848
37.809074,-2.6699545,0.14525948,17.795202,-2.061145,229.9073048516268,230.86205
-4.7049913,1.7060709,3.7059066,1.4977012,2.191527,184.29950068213003,184.23985
-28.694094,-2.967119,-4.801448,-29.38126,-5.4422646,106.68855228941614,108.55743
22.926514,-1.717847,-0.9891602,14.16839,-1.4744099,213.2536413598728,212.75711
-56.3887,-3.6152706,-4.160835,-29.212038,-5.284325,80.97561523167569,81.182396
56.45723,3.1794572,6.5696764,21.022497,1.9869549,269.0976935186288,269.0593
-1.0351714,-0.37604076,2.4837499,41.22363,0.7241759,222.43606177083944,222.86397
-15.524703,1.4309385,12.024695,-8.735917,3.6926572,173.6871020145068,172.73119
-32.83574,4.0695257,2.880976,-17.741068,-0.5376202,135.8520115274568,135.6797
38.542213,-0.009705675,-0.3605763,-17.53038,-0.8479472,199.12151353097505,199.63722
19.528145,-7.5007973,-2.061228,10.999593,-2.0251093,198.7598058018473,198.78421
-4.9732504,0.053890612,-3.4964066,15.810493,3.5083761,192.9208369567773,190.7467
24.668827,6.041071,7.1880517,31.956453,2.470974,252.92201863096352,252.16907
61.782658,-1.1363724,-3.4881234,19.472593,0.11297417,256.389047659975,256.58755
-61.674862,-2.7705386,0.8443051,-31.473331,0.56876713,85.677088378265,85.33789
53.263798,2.9865353,4.340608,30.086546,0.2835619,272.0567052105156,270.80472
-6.811857,-0.44111302,2.1268692,-27.86649,-0.3862079,146.72163120856297,146.46468
52.760235,-4.2415147,1.3894958,4.6410284,-4.7448573,225.7066219231928,229.64792
69.42161,9.057368,16.812855,31.911423,11.433088,323.8551245552507,318.48007
98.97347,4.770617,12.7542515,28.764158,12.271871,338.0589433902394,337.378
62.013866,-0.33587524,3.3247335,20.102314,-0.7121014,263.8109372090075,264.2366
-13.919915,-3.7936547,-3.9824002,-2.566507,-2.5638022,151.51390656185697,153.01732
-59.401505,1.1223966,3.8952758,3.4402711,2.9190872,131.77288693888894,131.81923
14.896689,-0.60833293,5.9099855,-40.909763,-1.6567389,157.36394437884016,157.47542
-64.82605,-0.74993694,3.3050108,-10.436646,-0.6030528,106.61471887683656,106.53295
42.505722,-2.2544534,5.953023,8.256723,0.24919926,235.3905818240693,234.55383
-80.57429,-2.5117831,-1.5078802,-23.99893,-3.6373825,66.3227158308409,67.61328
-7.381097,1.4958434,0.10187056,-16.445057,0.8885588,159.2585903333295,158.50366
76.16177,-0.2959144,5.1422324,22.46516,3.7387383,287.37594979820415,287.05573
-98.34955,-1.6312034,-4.839124,-25.598806,0.9646786,50.759671979831495,50.389565
43.383766,-0.23773786,3.36028,26.091438,-4.8884406,247.81932746294984,247.55287
-15.924876,1.3315314,-2.3317351,4.9247537,1.4685187,169.28997025357108,169.31183
-103.54469,-5.572582,-7.5110507,-18.622751,-0.47542182,43.23213055191397,44.11706
-0.9222181,1.1130909,2.6076696,24.21767,-1.7944154,204.8897130850005,205.06534
27.043945,2.2266324,3.9392366,32.402405,-2.1479192,243.02437539167627,243.30798
-59.98115,-2.7480726,-5.1917825,-14.005012,-2.4871478,94.91059759544936,95.430374
-67.802925,4.805166,-4.572962,-6.5209203,2.169712,108.33858660113462,107.92163
49.739574,1.3856941,1.7602155,26.608303,6.034177,265.88356205431097,265.3717
-12.095282,1.1199608,6.4043603,9.934445,5.786837,192.94341005413256,190.99393
-54.21581,1.6921574,5.463049,-21.267818,1.084296,113.47622957174522,112.59938
46.554848,-4.709932,1.5541359,18.293839,-3.8010216,237.3960139165113,237.73553
-19.32239,-1.228844,-5.2508345,-7.272344,-2.8596637,144.1127353965384,143.90959
-6.3216524,-0.21080588,5.6711445,4.518931,1.8869268,186.1956078378249,185.38812
45.36862,-0.15768251,0.2950276,23.842842,-1.8761612,247.42493532132275,247.31621
56.84382,4.506471,8.069475,30.200983,2.915507,285.90970526608504,282.3799
28.502563,3.2438533,-1.8348861,-19.793533,1.294101,191.20959090634813,191.25563
43.310722,-0.32240194,-2.4613924,11.7341385,-2.219017,228.75192071365828,229.88562
10.040993,-3.159059,-4.542694,4.982889,-1.6943746,184.0276198378289,185.47142
50.474613,-1.5057061,4.463877,-8.12771,-0.32611188,224.48748731570916,224.82259
16.75355,-2.4513335,-2.1453772,-0.4206063,-0.42551735,191.559854358599,191.15434
49.335415,0.7856352,0.7556972,-2.8407214,0.9244527,229.1381432304448,228.80402
-13.673965,-0.94493884,-1.1681596,-29.606049,0.06957484,135.0442080553999,134.52
24.257984,-0.66912353,-2.9182944,32.665817,-1.3005815,230.71832672601408,231.87941
-15.349135,2.9579928,2.153672,-37.665096,-0.47666088,131.56027974982365,131.46422
-13.070326,-1.9717317,-0.31330445,-42.51685,1.2357178,122.7090675168424,123.20706
-30.2816,0.011797696,1.2489787,-18.97149,2.313088,134.38168039197245,134.16443
-19.501928,1.7248453,-0.82348895,-14.63088,1.0950941,147.52314171304636,147.70728
-5.202423,0.08811732,1.3038343,11.60093,-2.135731,185.5630852723818,185.4983
27.840055,-0.5852792,0.20179799,22.89458,-2.3507595,227.4456558199039,227.84406
27.398335,3.681727,-0.5206418,-22.478405,1.1438351,189.15345689006563,189.06847
26.509987,1.2630254,4.73406,22.67718,1.1908026,236.9185965065409,236.21869
32.930584,5.829143,0.77113515,35.285114,0.5013288,255.383975014799,255.16089
-66.13769,1.2842226,-0.38062197,-33.398228,-1.1562991,80.20405269404732,80.054955
-32.872597,3.6839674,-0.068588205,-14.171613,1.6643145,139.84892767502973,138.0791
60.1383,-6.200877,0.51510555,21.31229,-1.5000346,252.5213952776796,254.10835
-66.910736,0.84426355,-3.603083,-26.070929,-1.5517225,82.0888639027908,82.551315
-11.995828,-0.8603667,5.1253405,4.797927,0.35932273,177.09834467067236,177.27
53.108406,-2.1712296,-1.8142658,15.662377,-1.3532112,242.3645826312538,243.27559
-69.20255,2.8980906,3.438358,-14.219481,0.86824805,102.98991161625028,103.62615
-3.2010422,2.9603138,-3.013997,12.542154,-0.7908408,188.4662002378037,188.34021
-71.28622,1.0314739,-1.686175,-23.94323,-0.7218817,83.49971888844878,83.23751
-41.85613,1.1174084,0.3755833,-8.394967,-1.995236,128.8971886629058,129.09035
80.696526,7.1158915,5.6300297,24.610611,7.611585,306.73838773148924,305.5083
-54.168945,2.268071,1.6275792,-25.686758,1.2404234,105.53602786543432,105.12397
58.125984,4.9623966,9.52439,10.960588,7.433293,271.5380094648318,270.85056
-36.84743,-3.5909464,-1.9334025,-20.057108,-0.61051995,115.15126952995244,116.804214
-20.28114,-0.08091882,4.9452286,-28.098,-1.4785994,134.92856611472803,134.85014
-48.38503,2.6386843,3.374138,-3.6888678,3.22244,137.3240952553069,137.00496
48.58723,1.740048,3.7710848,-6.742078,4.5662937,234.4000856916516,231.76627
-33.86927,-1.812009,-5.2395773,-32.940636,-3.5297432,101.23969915393086,102.452255
-12.74277,0.18179743,-0.64747536,-40.359234,1.3470243,128.15800942638617,127.62286
42.13043,-0.42361474,-0.8369986,25.402555,0.25593004,245.2723279061733,246.37195
-28.928066,0.636886,-4.650154,-23.669489,-1.5273665,121.82217615650072,121.70536
48.87807,-8.161917,-4.832521,15.995552,-4.7186236,223.6191764751044,227.00432
49.58865,0.8719936,1.2709104,25.07955,-0.43837717,257.273209401728,256.21643
-22.226866,-2.4035034,6.841626,-24.37414,-1.8902127,135.60529336284932,135.79048
-74.904335,0.10273388,1.250118,-17.692986,0.9788823,90.5642420133862,89.577995
19.756163,-6.0752764,-8.65946,13.593852,-1.6758654,192.4240052530056,196.78296
73.995285,-1.400307,0.0980523,14.096339,1.8380243,267.8912507207025,268.47104
62.53266,0.93793416,4.001203,25.104195,-0.8188494,272.3719595720602,271.60092
-47.30932,1.6270323,9.877196,-1.204213,1.1995902,144.11222689479808,144.03387
-6.8318954,0.07342461,-4.4592614,6.1786704,2.5541768,177.43327871023638,177.35873
21.667248,1.5639713,1.2362424,34.60768,2.118844,240.0788739332561,241.03763
-26.133598,-0.80214024,-6.6683235,-20.802862,0.72819805,126.29765536110538,126.16486
-7.0093675,-0.057037607,-0.36918333,-11.721349,0.39051288,161.76618342671887,161.07712
-45.287804,-0.5997361,2.6894903,-27.020176,2.2351792,112.25216579627904,111.860466
-13.537169,-1.7901777,-3.0994017,-29.169361,-6.7610674,125.00709121935928,125.48641
-51.461243,-1.3893514,-0.020102879,-31.307365,-0.81656843,94.77291023487544,94.848915
-40.165585,4.279904,2.4447966,-9.278392,3.765942,141.5319605346288,140.8903
-91.238304,1.830517,8.18768,-27.701963,0.5605091,71.7025724619173,71.48194
-13.576082,-4.0610747,-3.9247143,-16.395025,-0.5949534,141.06404216671373,141.2918
-33.074566,-0.5650953,-1.0881656,-32.471825,-1.1109385,110.98128171548215,111.532974
-20.109211,-0.26874533,2.5209758,1.1723819,6.678729,170.43554242240518,169.83768
-68.60735,0.3075772,2.9258502,-19.567003,0.19832909,94.75577198478496,95.10097
36.026283,5.6388073,8.891186,39.155304,4.1916995,275.8022236430943,273.74683
-20.80662,-4.369437,-4.602782,-44.53825,-1.6786759,103.6029128658865,103.84779
19.902382,2.1262963,-2.353527,29.822378,0.8742281,230.3450162297026,230.21535
-23.922832,-0.97142553,6.7380004,-22.056437,-0.25071073,139.89189824091517,139.38028
-11.512164,0.45633882,-0.3180784,19.265928,0.7128515,188.17718160877257,188.44841
-15.204755,-2.6838288,-0.15332709,12.949148,-3.2435565,170.02121554375273,171.50732
-17.714048,-1.631041,4.524138,-21.361517,-3.0095437,139.5903652379721,140.65158
-68.38612,0.96392846,1.5767674,2.5696812,-1.8994272,115.09063093999345,114.66834
-13.045952,0.9769426,21.733316,48.41028,1.6566257,239.5708456069199,239.57483
24.693066,2.0918465,5.5680013,-21.602554,-2.4758544,188.8210715888599,188.11806
23.42939,1.3423191,9.221748,23.372255,2.1785955,239.4363253254979,239.3879
20.032162,-2.9288385,-0.91923046,17.374416,-1.7027737,208.87771545511168,211.69939
-16.272314,0.53472584,-0.62693566,-26.452993,-0.0692931,135.692768935985,136.95674
-88.44745,7.690994,-2.172783,-6.966001,3.4186866,93.452053154223,93.36699
-59.750828,-2.4992115,-4.2088914,-28.902546,-1.9172685,82.21392462453619,82.56475
50.775303,2.1247544,0.17431524,24.965036,-2.6124706,255.35510961727917,255.27046
35.19997,-1.4079056,0.64368397,-32.542713,-2.712559,179.1275584167044,179.02405
-46.948494,-0.14200842,0.46419144,-25.156485,-1.172904,106.70825840189774,106.88787
-50.12063,-0.1699829,-1.3330672,-20.9544,-0.03123162,106.51593700879484,107.23417
26.254673,-1.4973984,-1.5016007,10.904153,-1.7079409,211.00921424752497,212.29552
-42.109776,-3.723506,1.9462708,-50.20611,-3.2419374,82.31681939887774,82.50849
63.5793,0.20191975,1.5944759,14.990463,1.0668063,261.32806249112747,261.2765
60.570427,4.815817,3.1719365,12.111797,2.7540507,263.8630083846376,263.2677
-12.7261505,1.3412529,3.747925,-11.197516,0.27503788,160.73907573866893,161.28409
28.85986,3.8136458,7.7114215,26.527046,1.050836,247.9497220801689,247.80643
34.111614,2.0330672,6.5464773,27.797127,2.319145,255.11937073027423,252.65105
43.642097,1.8621545,-1.8922203,-12.968474,-0.83830607,209.26430686368508,209.64877
-73.726204,-0.71405566,-3.5050266,-33.134197,-0.12142694,68.11951353762669,68.642586
-68.5659,0.71722084,1.3339804,-19.3534,1.1530862,96.12671786687584,95.12858
-65.20562,-1.2017022,-3.353935,-26.090992,-1.1042463,83.91092313936099,82.88708
-47.16986,1.3562621,-1.3092215,-5.5901823,-0.66160417,126.32953898988605,126.46898
73.77559,6.251917,6.701551,20.484413,4.275492,295.3099038612123,291.33282
73.95988,-1.0109855,4.4258122,17.89867,-0.6783972,274.2554340146135,274.43875
-63.856804,0.425595,4.201954,-19.727215,-1.0418712,99.67631913424724,99.84523
-0.55888987,1.8835219,-4.980483,3.5126908,2.179537,182.6962619939644,181.88005
-6.269802,0.29617137,4.859636,-9.291785,0.65667105,168.91789727819202,170.09453
52.756725,-1.672509,2.5998287,24.08068,0.23857574,257.64738904107617,257.84692
-22.996714,-1.0285001,-4.9998918,16.245005,-0.5797974,165.2525430083721,166.48375
42.726513,4.851257,3.9129305,-0.63080484,3.6662948,234.74950246175248,234.36978
37.187786,-2.5772943,-1.7551467,18.53895,-5.2242656,223.64080266789745,226.0136
24.085068,1.2668084,5.9134808,-10.859392,3.3741875,204.5771512164945,203.62376
69.996025,-0.6475667,-7.5063744,20.242428,-0.46590975,261.209859213198,261.46225
0.3936031,1.4637362,1.673966,44.679993,0.1938824,229.09337239654008,228.24886
45.62658,0.772241,0.69274485,19.556293,0.75816464,247.45786690085373,247.24963
-85.068756,-1.0254296,-9.627971,-17.63829,2.342572,69.06923132355047,68.8257
8.841016,-0.7632822,-0.2557404,-50.817467,-4.002946,132.87852133083965,132.84521
-62.075306,2.210824,3.0637653,-30.207859,5.966739,99.30072080993506,98.80171
18.318167,-1.2627228,-3.8993556,0.8640945,0.15821745,193.5334903933741,194.022
5.3729525,-0.40479708,-7.346052,-50.41276,-0.59723294,126.51277352002036,126.45562
-108.10947,-5.8581324,-5.541334,-34.01914,-4.144802,21.54432779208542,22.17063
-50.85691,0.18129064,-4.661789,-13.901802,-0.19096644,110.60187896130938,110.41339
-67.55695,0.14699066,4.253374,6.96556,3.7486675,127.79562745864295,127.40118
-24.363968,0.14898594,1.0338418,-50.03621,-2.285,104.07379040327554,104.34118
-54.10245,2.1384041,2.7609432,-20.39753,-0.35239917,110.2123454468134,109.89054
49.69966,1.0021855,0.8120844,19.648634,0.26121315,252.03531694509752,251.26735
15.890828,-1.3562021,-3.5452077,-15.328478,1.8518081,177.21503681433717,177.35635
-44.03871,3.4602265,5.565581,-8.735686,0.9830569,137.52418945739032,137.07816
-19.767645,2.6765785,8.579249,-30.637543,-0.23270608,141.05687660751553,140.46153
-57.803658,-0.025525946,-12.199794,-22.744617,-1.1431301,85.3080165341432,85.92684
-34.679165,2.4603648,14.864424,-9.0840645,1.6276816,155.34363243588476,155.03287
56.322147,0.33957556,3.5374327,5.946064,0.25407374,245.5460585061188,246.24289
44.25482,2.189738,4.180194,-1.9014074,1.7793304,230.142820422696,230.34636
28.041605,2.4920082,5.4495945,30.265484,3.4367464,248.555072574628,249.52905
64.71994,4.1505117,2.166787,22.007214,0.6289767,274.9190639415666,273.51712
25.523943,2.7075295,7.824883,-16.565157,1.7363542,201.14882227705343,201.07115
-50.343353,1.2056247,0.42388344,-24.028643,3.9027276,112.47201391988295,111.0038
70.85658,2.4620132,2.3245502,23.43459,3.5468323,285.7475986505348,282.46826
-33.733505,1.128016,-3.5614247,-10.150259,2.3686538,136.78445551098872,135.89507
-10.790592,-1.6150272,-2.5956707,-23.033777,-2.086575,139.7096707430605,139.72186
52.913822,3.4274282,8.232295,-12.995497,2.2222993,233.19482689110848,233.64389
16.950636,7.238949,6.9784327,-44.88346,0.82591885,166.6761138092873,166.95406
25.12822,-5.635295,-4.546203,28.301882,-3.4694579,216.8229703168719,219.62279
65.71708,5.7176714,-1.4257227,25.384583,3.615375,279.832914025273,278.85278
-95.53619,-2.2453964,-1.0648301,-31.094791,-0.60681176,48.93866098162593,49.2956
51.30062,0.007601085,5.245552,18.372847,0.88011074,256.1392176569872,255.65027
43.07567,-1.9173905,0.9364037,24.770771,-2.3625512,242.97840244311547,244.34653
-33.446114,0.63996565,-0.57841337,-23.948818,1.5520813,124.20855133779853,124.0623
12.496513,-2.1237867,-0.64480597,-10.354144,-1.0388058,178.80317623626834,178.17854
-57.544632,-1.1012559,0.14536761,-28.398247,1.6137213,94.61123268118168,94.55847
11.312532,-1.3565121,6.1912045,-41.91432,0.9382673,155.76007357207945,155.0148
-60.897472,-0.37713313,-0.44080657,-23.029953,1.187436,96.65062037513528,96.28561
4.745762,2.8254592,4.5273957,48.298847,5.365603,249.85413317084064,245.60678
-32.779182,0.70073265,-7.5578666,-19.531244,0.7049311,120.99585419428188,121.38094
-18.334002,2.8114197,8.270114,-7.5568643,1.6795073,169.84313355147395,166.71376
30.47244,7.7935925,0.8567896,5.9132185,2.8551283,228.9411972476429,227.73476
46.289425,3.5077615,-0.9741066,14.852118,0.46216387,244.25822647973368,243.98091
-53.431824,-0.44669744,-0.2071187,-25.545942,0.46243107,101.03507447190914,100.67443
32.624477,-7.356463,-3.6028163,4.74557,-5.5445213,199.83221609603945,200.70985
26.902916,-0.24577793,-0.81400454,3.8023908,-7.782331,201.72543530223376,201.70677
22.459162,-2.2464223,2.5600061,21.536867,-0.16424496,223.9031125720739,223.98895
-46.2714,1.3709061,-2.976209,-13.706478,0.82335,119.49750836894216,119.08368
-93.66562,-2.1906033,-0.09587084,-26.097988,2.706507,60.49572108883204,60.499966
-72.70789,0.02431166,-7.302199,-21.944157,-2.9388955,75.02484445797688,74.974754
