rh98_shap,rh50_shap,canopy_cover_shap,elevation_shap,slope_shap,actual_biomass,predicted_biomass
29.330580160742816,3.9778135886240857,4.773844133776696,-16.316584776743145,-1.5168504688546198,204.46294095795628,200.1038195088827
40.123035385877024,-1.2009057658940046,1.2798661698645464,11.026279710548762,-0.4872642729294452,223.28000871536963,230.59602809880215
-17.206050730425915,-1.3804565895380323,-3.228276068195358,-25.510015946107025,-2.0129834219932015,121.899185026927,130.5172341150772
55.7978098882906,-1.410240542875765,-10.471432520426282,15.999520742785172,-1.442487136376523,223.10073137130613,238.3281873027319
-23.735461246717357,1.8010008636794843,-2.6437406845719353,-35.67251583964329,-1.4679390488627795,120.60705115425252,118.13636091522007
18.393448399096215,-1.9411293785379609,0.7720354001608517,25.522132763773694,-6.464101287675373,202.4435334779629,216.13740276815298
28.24613980590938,3.233157201333405,4.03362299615894,-32.05618260289589,0.16086451893146797,191.1695366366533,183.472618790774
-21.412352910105355,-0.5590154328575182,2.167670548312488,4.644062797377198,0.01685602430842391,161.9937000374047,164.71223789837182
-49.10025238481094,0.4116557359136752,-1.792953548948943,-28.46396431260823,-0.5550722419341048,100.1194628739251,100.35443011894671
61.38108713040716,-2.9162100519689838,0.48830424176662607,16.44506993962229,-0.9214669534139134,242.34749997721835,254.33180117774785
49.93173447422849,0.47619558888629754,3.9015685554072133,-26.33014850120183,0.8747005258338876,207.53644221627505,208.7090675144903
-46.54659810006371,-0.38273419707540285,-6.777462202019208,4.511735264305838,-1.876899047381223,120.68474782356272,128.78305858910244
17.822357127682096,-1.177744511416796,-1.2578233290752496,-19.75423270706776,-1.2480497242644257,171.7360437857204,174.23952372719378
-11.08247991408603,0.23368189119559382,-1.8828087252925674,0.8770617466231132,-0.23424189062240178,171.72968822515992,167.7662299791543
-17.355580643172004,1.4639803310274055,3.2509544054528585,-20.766605010720415,2.1129408604397386,153.4938103422718,148.56070681436458
-97.59207870083877,-0.9707701632972938,4.1029830497828605,-27.39956580598063,0.05728911142114083,56.39576807881281,58.05287436242185
-13.394394848668313,0.23950256181428142,-2.0493135587317077,-21.942814944749824,1.0366217911672986,144.85276604394443,143.74461787216788
-12.550154031894126,2.0295564930929655,-3.5401884574128637,0.8011332596108472,-1.0876217694103394,160.61444800353186,165.50774236532266
-17.247095216054895,-0.8285058919057634,-3.111572825218554,-28.64406040520233,-1.3302649823375752,120.89938437283152,128.6935175506182
39.39668047663761,1.2769506645566577,0.3459178708016832,-11.843872223004933,-0.6487064461251109,205.4606167523204,208.38198721420278
27.942413450812204,-1.3855426923169964,1.600651750155405,30.409020256605597,-0.7821633047632498,229.82524002858324,237.63939633183043
20.005124733828822,0.3934113906167981,2.0003631831781803,-43.71104999561125,-0.5983436570487665,161.82247950850905,157.94452252630063
39.923387117248566,0.17705164078907173,0.2464041141462832,-39.27626307809744,0.24366932553039888,178.6188118970738,181.1692659909547
62.53937182162797,-0.09719743321977746,1.3773968110406059,-8.222457244920363,0.004322726734396569,228.1926651208744,235.45645355259848
-14.60083617808478,0.9509827159649655,1.0534401046565163,-34.795203482945155,1.3763838970536117,135.04912530252878,133.83978392798244
-72.772308225074,-1.3110190843306904,-3.9049379152578365,-34.43595094931159,-1.1803802287552236,64.18670211404591,66.25042046860648
-26.889922687823873,0.5991734530596227,2.206128012195848,-27.113139403909678,-0.6395331870213954,121.86525404197432,128.01772305783686
42.06334935983671,-0.07287905144466379,2.59835154954091,24.403092051431397,-1.1306879737321176,235.77536550476435,247.71624280696815
-75.08659337993845,1.1102822602375342,-0.1707709947630815,-32.37855674654618,-0.027782501775378478,73.96977538773235,73.30159550854977
17.626997556482188,0.12265569926952515,-2.5353898370006043,-47.10849794840733,-0.934254731347384,141.8879250914173,147.0265276103325
18.458855478381683,-0.9723652096510336,-5.70392866788928,-7.3454645073604485,-1.1491788354326062,173.289986208744,183.1429351293839
-53.84036133405873,-0.8259389698688947,0.8375979030002547,-26.983784648889955,-0.626946636834252,99.01618832914936,98.41558318468522
47.91963490456306,-1.1401397349708409,-1.83017422979758,-7.419598465969409,-1.4171622703167772,207.41512145648423,215.96757707484463
-43.12486129646452,0.4323344007082069,2.218051254035448,-30.56792342131992,-1.6161461656477216,92.08337328127008,107.19647164264806
-92.11916507509673,2.41607819531643,-0.651653065457494,-27.905969131891446,-0.28634594824300114,63.25410246121718,61.30796184596495
41.68625602942361,-0.5718267129700801,2.544237547646197,-13.31226576439752,-0.30259883657887887,202.54183149112276,209.8988191344587
31.089763526169644,-0.6860094445747253,0.4974035522148776,29.970185379890495,-0.5432435462131278,230.27621135896828,240.1831163388247
-3.5640363885486206,-0.14002702844798515,3.343280037218021,17.86515740541338,1.2974612662947849,203.52671583480577,198.6568521632663
-12.354922096482673,0.3165239956253397,7.226868647609977,-36.485539005952965,-0.35349974880753277,146.84957019353487,138.2044486633292
-48.643997068446545,2.316349021938932,2.0886899787414737,-29.18926718798192,0.34923230233538943,111.0170530598068,106.77602391792335
-22.854846825509696,0.39839085219391357,-2.8773118341862105,-1.2267338127477039,-0.01227418632956981,156.14514006165405,153.28224106475665
59.8744846661875,-2.6030869740173506,-2.8481313404611024,18.626187463988135,-2.9009458845100315,234.8841836861897,250.0035248025234
-48.41702136111128,-0.0025063295459117505,0.03147364465194641,-12.871104440475849,-0.660253655583231,108.19006022237429,117.93560472927292
51.961176692863845,1.1806249230574546,4.783194423041498,3.2020883624831558,0.9661837159934388,254.15186400531573,241.9482849887758
-45.42459929524721,-0.43497754918177317,-0.23232020279046645,-16.18311953050412,0.6957059208452645,116.96384562103184,118.27570621445679
-24.462416587538126,-0.9661024936522712,4.00824811177398,-9.168526283538181,-0.8120873285174458,142.14159504332122,148.45413228986436
59.02582328622045,0.9138380842686504,-5.105796000604173,21.62922308485741,2.1953548503561082,262.2839354110332,258.5134601764342
68.28022530584794,4.256035496701075,2.398341910088474,22.39058773262653,1.1683051698011186,300.2104337926422,278.3485124864008
63.020001059167036,0.4889638818126501,-2.117338857823436,-10.518542411211298,-0.7185240213196891,217.18540535328583,230.00957652196038
-26.35089309188711,1.0509783381505646,1.449930356604377,-16.98903577492329,1.7324285423563508,149.81684367103549,140.74842524163788
31.753661911902167,2.8631742179316038,0.38401200109735306,6.189235491087502,0.47520536823403814,219.34475697851772,221.52030586158898
-12.980055236563812,1.9706108898100485,-1.5806508685157294,0.2072834994822149,0.03650675854626592,168.84797178062394,167.50871191409468
-68.01104822423014,0.8451048862713935,-2.0137987734843694,-21.288350186630375,-0.28237781159612013,86.94940668271403,89.10454676166664
-61.05645908236757,-1.0460167536572094,3.0146994349792453,-23.59515205852706,-0.5177596994891315,96.62094770546616,96.65432871227539
44.39536353876684,0.7565775367007948,1.9054092195656176,16.81834115507456,-0.9995115775126794,237.46541555063905,242.7311967439311
65.06839655272134,0.5099280073538593,0.4405508308173104,22.44476977091548,-0.15241957945655513,271.36690000994474,268.16624245368797
-7.175234869509401,0.7153398002817892,-5.575978541627726,-32.67063937186373,0.5017854489396588,134.7090785433826,135.65028933755787
17.722688970082153,2.357200292408519,-1.292101356341817,-42.75114093254527,0.9007631976921008,163.54793676104904,156.79242704263194
-44.112705359497475,0.766504551535182,1.8079391344892217,-23.764480844138244,-0.15584165388203552,112.63648049999664,114.39643269984278
76.58574029800769,1.2678510400722123,0.9060846983483203,24.738380926954186,-1.328371628337707,282.05654350484843,282.0247022063785
18.83232948144931,-1.4016583788204973,-1.7211894207427314,-26.76129023701652,-0.6636965604941523,156.9647869623794,168.13951175571142
40.430492001484886,0.8677867143892223,0.2589540872912935,-40.946023019273646,-0.7036361271472428,178.3369971364165,179.76259052808015
-43.95551631798545,1.6892603791419774,-2.7931559421152703,-20.526093319571025,0.9534171490027165,122.23048399182572,115.22292881980913
-53.15783336332226,-0.6135588194668662,1.9449277353614545,-31.094043761993184,-1.2583330591266186,93.28752664435494,95.67617560278977
40.93448144425865,1.6360185572422292,0.5886585938286096,-8.520222728262926,-0.5874059774694592,215.98144941386727,213.90654676093283
41.207195585843294,-0.14054094478261583,-1.2635813110530634,-1.1048880654154585,-0.621733385195389,215.4640638227141,217.93146875073307
24.75904449179181,0.8359894398295353,0.9113791617908455,-23.19619499357184,0.37932257831605676,190.1018281140709,183.54455754949356
44.09975589425839,3.0590163131493675,1.117480063998036,-19.26609531347739,-0.3818586905960308,214.7340547895363,208.48331513866785
25.62165951793962,1.8517472006821183,5.022866860359254,-25.935071084582994,1.3687126569208656,199.01666999534405,187.7849320226552
38.76290053374724,-2.6851512459966242,-2.710432513564446,5.482058076909085,-1.9607294545141845,203.43522871677197,216.74366226791685
35.49156740128656,-4.9118731490917,0.8596597385245329,-5.958292058636211,-4.112191636573234,185.7532105182906,201.22388716684677
33.35410670914198,0.12183835822826206,0.07812344673737634,-2.8394339642507074,-1.0965222517008983,203.88237980725285,209.47312916949264
-44.13191994264812,1.2085374304479581,-3.5370635720387966,-25.850072756703465,0.4220953828848442,109.35544250198387,107.96659341327887
39.86197341158423,1.4098740857196326,4.178760178080711,-8.819428927498384,0.016145545716617457,214.9545228556957,216.5023411649395
68.06346650656711,0.44531781121482855,-1.8260135283553405,21.138960566763412,-0.20071322132328562,263.1141194254037,267.47603500619994
24.28346218919384,-1.901480123371715,-1.5436133365853204,26.26453701036227,-0.29788556608185857,206.04948403851424,226.6600370448528
-38.01721885195393,-0.7802318538214387,-4.70333657513357,-33.683715251836205,0.10902725731967977,97.69941545007882,102.77954159591165
-9.376390673293415,2.285205186366789,6.607316226283519,-7.478997020560568,1.8649810020928606,180.19808049935443,173.75713159222514
62.42022568090018,0.13200068732017364,0.3698949597340506,23.33815203098551,-0.1628473183503407,262.5491330951142,265.95244291192466
-42.921651128171675,0.6881447347539827,1.602532258631297,-13.813464974568971,0.8417851363206759,134.38198915087648,126.25236289830106
31.747523849667314,1.0003392964482805,0.7624962322952396,34.12751452660623,0.16074943404720266,254.4389164577809,247.65364021040102
-25.897559685245934,-1.7270924178630147,-2.7751200614247953,-44.9885999794134,-2.636640184919056,91.37074437839148,101.83000454246918
51.596438533388934,0.6389729668774434,-1.1659107338775831,19.2275923369223,1.3980630529268445,250.71601129082129,251.55017302757437
45.223932732503556,0.5218726116344458,-1.8757156902607923,-12.010621131006188,-1.0216388580233893,211.28351841166688,210.69284653618408
-63.99631663370173,1.5035347561630092,2.451293005400757,-10.085140092664517,1.2986867727116187,124.2172834354934,111.02707467924601
50.8871523730631,1.9872400608363954,0.2573951548895892,23.548813128506662,-1.0256074626124547,262.5947388321479,255.51001012602018
-55.173040079580154,0.8215199137087785,2.1729714901708266,-23.468048456915245,-0.1297390225902673,97.67145128098812,104.07868071613096
-45.01140630412655,1.1640830916232114,-0.3708815924139836,-22.724139226196545,0.4544757201167849,122.82563553086204,113.36714856033923
42.6104115285429,0.8813182271252947,1.1677633763672886,9.652794156805905,-0.1543774134535875,233.6825139647981,234.01292674672425
49.86434329684223,1.9926222981947699,3.1588861714240526,23.46647012501529,0.8447888162993096,277.8333881678627,259.1821275791118
15.156033472488733,-0.06156602891144837,3.663984782613872,-51.37497453912318,-0.05684624448293098,151.00283803989618,147.18164831392048
59.11514675037316,-0.19556119614770442,1.4604749505234111,21.715616373625085,-0.2476740336812271,259.5013604117518,261.70301971602885
29.875859574372505,-0.11237582015430757,2.22674853332142,31.87985986516977,0.7883565580720286,250.45594912588209,244.51346558211867
21.35611509241962,-0.04369823820761193,-2.9791160426844434,-2.3083392527971136,-0.5163483825189876,192.6124562861168,195.3636300475468
-22.875646779874543,0.8416484161715468,-6.210789728346884,-29.444965234928915,-0.1318124414661286,123.80087317034088,122.03345110289318
65.97433657463726,-1.670422859600869,1.7690793863565,21.123851519546662,-1.8476498923488913,261.3699058888496,265.2042115999254
25.58608332433661,-2.7783594669931513,-2.0994537204565678,-10.35137351513899,-0.9764683570330633,182.91126935938115,189.23544513605063
-76.1304752399302,1.7085116730296759,3.947555914554338,-30.94149354707908,0.7853652260601601,82.0754598593378,79.22448089797157
-5.392369452854268,1.3108224991498876,0.6594048380411155,21.584078211390775,-0.3948162231282751,195.16028222591288,197.62213674393593
21.991928470878342,-1.0693058417740668,-0.2418797600187769,-27.552506009416913,-0.7508069563890118,173.24765963162957,172.23244677461673
-89.19547177022592,1.5224345683134237,1.999507049356349,-27.174679024960945,-0.7806217539576595,71.96363918711496,66.22618593986185
68.15275832136477,0.423569490228881,1.8048984548751148,24.47102199777202,1.9755066059289095,289.78229398137853,276.6827717415053
-43.779887043176984,0.8594435924925017,2.8398846944369867,-21.803228446169662,-0.020372394954208967,119.02231754531878,117.95085727396444
-48.58973356467714,-0.251757331172133,0.6861474622923194,-34.43727466520256,-0.5144065531289778,94.94729094774456,96.74799221944775
-66.66459881577553,-0.108560933366042,1.3314914540283234,-33.00979075849706,-2.5957883074403316,68.02667012437084,78.8077695102859
30.032202950630833,-1.998695515262587,-1.6570545978030553,-2.313361736583693,-0.5977875997125317,204.96168791474764,203.32032037260532
-28.00669171857885,1.624740975242162,1.6376231336325686,-14.053370213989279,0.4497068552427868,148.71601089577882,141.50702590288608
-50.8583905884229,-0.5625319298322319,-7.711506008230393,-13.153070538070367,0.37391708032008386,106.58680994376272,107.94343488710028
57.07318427730622,-2.0573494964068364,1.5507887923252521,13.084182874885142,-2.285049019238603,237.6542027208536,247.22077430020644
-49.12614586630202,0.47053134844691946,0.5000025787701478,-21.076805586617958,0.3094311647406585,109.28371102042234,110.93203051037455
-57.39980893826152,-1.8512746174746146,-2.4910511887241378,-20.304629755166406,-1.8319981520300368,86.70195803618961,95.97625421967933
66.04121315422056,-2.0946543681587237,1.0090993205700962,18.08818121273605,0.09418161248167704,256.11315025419805,262.993037803183
17.536182983796994,-0.568421888302321,0.7836322504931361,-56.83868033583213,-1.205738351376043,130.87914722702942,139.56199153011548
-35.19009853289979,-1.402619748797704,-3.8379328931770944,-37.593705567341544,-0.23031168418681547,87.76131984810515,101.60034844493423
49.22631611422302,1.4734966118844899,-0.5966731801205515,13.882194245227439,0.004244805079327731,248.6751996286811,243.84459546763
27.54947042358288,-2.325296858388332,-0.49170357354389044,23.310176266920497,-0.4920380463463601,215.42708017220497,227.4056250835617
23.25726518161724,-0.7981073865218826,3.216288832816937,-0.823474188223757,-0.628897103296023,199.14896160976755,204.07809220772845
-101.63062787533583,-0.6086204732597249,-4.280077449456199,-28.746229981941557,-0.49302396605043364,40.50489351595984,44.09643712529201
61.48428887452081,0.5668490224470952,1.8849028794111917,22.411388608494203,0.7269370777088122,280.4139789768057,266.92938333391845
-13.87261545720198,1.2332297873293179,4.861431927545075,4.570605258238639,0.9104690085395433,187.5713568469508,177.5581373957867
16.23921624520889,-0.8650458474298415,0.9384232847040116,-26.97759925176195,-1.9995736656815197,169.16804325247165,167.1904376363756
-77.59419707985137,-0.421485282500093,0.9879854837863618,-34.16811866042366,-0.9622243715184382,64.96175165510824,67.69697696082906
26.91380992021903,0.10956232582600413,4.622996035243812,-32.480932593532586,-0.6797021249414653,180.46724791534183,178.3407504341525
-6.169394856678462,1.5936163364256979,-1.0789632830053688,-38.665883280953445,0.7274299336675002,138.3920669574687,136.2618217207921
34.20255005477266,-3.2306124655896413,-0.7667922427578069,6.808210242826158,-2.871389954702958,193.6815527740594,213.99698250588514
53.26209972843035,4.820759519348957,2.2656233864285236,26.13145283924331,1.126768121674832,284.2555185550219,267.46172046646296
-17.09460407209495,0.5058936909521138,0.13154414494389058,-28.936095923803197,4.512346872318894,150.09850731009814,138.9741015836531
49.62073951420224,1.1264656906522712,2.7918073649824384,26.844781590260013,1.1423716030439868,265.7037816996767,261.3811826344769
-20.75923778755668,1.7512503217574875,-2.1204538862085567,22.43720843208925,-1.4735209880721634,182.44653085919228,179.69026296334556
-41.240037947521124,1.7809657856927381,3.1457717438667054,-21.30034753712447,-0.08429826719702527,126.93814870438864,122.15707064905351
30.30657427769949,1.3793234082272086,2.925911730255794,29.683072266019508,0.2053601859659011,253.6859625228965,244.35525873950468
-53.760185134148024,-1.7232759373487003,-0.5196354569956676,-35.90757312529704,-1.8525677284075441,74.97391938275813,86.09177948913744
-106.1271494815269,-0.49808854017911436,4.002136189345352,-29.1558203264315,-0.31794170062040233,49.48238450589618,47.75815301192301
47.0893326489918,0.43524850038995994,3.1313677064564627,0.3556727463265095,0.013839878267524489,230.5444024158368,230.8804783517679
24.146353654912357,0.5503098155263347,2.1390774076315253,-7.22783827703127,-0.38470087827113686,204.22885552523192,199.07821859410345
-12.692516863168226,0.6441583428382093,-0.21579917717365063,5.798942382905351,0.16325321647228203,168.82041563525345,173.5530547732103
29.92270962676027,2.210703018701957,0.8946042231040736,1.8407805030059576,0.02967786283734478,215.87285489092957,214.7534921057459
42.74154602098673,-0.07521633041102521,0.05722928299735611,21.194443404874352,-3.1207068146181074,227.1728078288959,240.6523124351645
-25.624387285143985,1.7861929831097896,-3.4819009423861385,-28.7060866579419,1.9327199367938812,130.09202434073907,125.76155490576976
68.7916909811864,-3.099911377008886,0.7438677213385155,20.003897359611425,-3.1820086806253802,257.2643295725007,263.11255287583526
-33.256135325991515,-0.10971343140032447,-0.6425418185369972,-23.925898188181886,-1.2964518681144555,117.77836741908378,120.62427623911137
-19.194979799477082,0.786914724036293,5.810674015975611,-11.369085324669461,-0.7945437013661699,156.38094407584447,155.09399678583569
54.718972737826654,1.2694376057952481,1.6400423996987514,26.56911246838872,1.2686486195615347,275.34004409497345,265.32123070260724
-7.245572330455573,1.514289387352115,1.2580968611366965,-14.114436929043258,0.8457854706407681,167.65344769727764,162.1131793309666
24.687874304090723,0.3032883964884851,-4.420439874852404,-37.06625386060274,0.5259282987912366,161.32190043240888,163.88541413525192
25.504975199176027,-0.7290513835838472,-1.656830132900315,-6.100073797334643,-1.036153625980021,192.7889331060701,195.8378831307132
18.639651724196536,-1.2485334838359827,-2.795168706098812,-36.53029947070112,-2.163764748683202,149.49477072905896,155.75690218621372
35.35295359595543,3.965557041331599,2.4951662751728807,31.16907786184681,1.3756199404565352,269.72097279494443,254.2133915861001
-22.412788529489312,0.5860003866901425,-2.4019532920835225,-18.89082730334438,2.136247171012056,144.33167782117567,138.87169530412228
-1.8753146713474858,0.9973710367561897,3.9394520297519757,-11.610493149462574,-0.12076946440007626,171.73635728697818,171.1852626526347
46.435506878938526,-0.41135061426145997,0.24118019157365903,26.060533341619056,1.4354730301934633,247.80918494913985,253.61635969940045
-16.328816127011926,-0.6923740143505397,-9.864435059961728,5.4539439997202,-3.200467935147893,141.3796332286165,155.22286773458455
76.23729293608191,0.5115626906172995,1.6695512130639099,25.884240092268357,-0.14364494072230088,285.9446969126358,284.0140188626456
-18.88692230914782,2.0380123741216423,0.4851753336917057,-31.997837083729163,3.5818356225614023,144.4758482274007,135.075280808834
-0.04798466963105811,1.3507420896184748,11.454020396570332,50.423648098754256,1.40043021461284,261.6019075501163,244.435873001261
34.208934506157455,1.1036063254590827,0.3062840263832286,31.641016195803417,1.0059592422119976,255.2523018127043,248.1208171673519
-1.6513161984031959,0.14768382650171047,-2.269135637360904,20.288605367220917,1.0717499051892716,199.14350663914564,197.44260413448387
-20.171202010112562,-0.8004998788077514,-2.758049568795546,-26.171729357836394,-1.301561440617899,126.5478161801549,128.65197461516757
-17.36802864762631,-1.986611149733242,-0.06782325557970734,-44.083889215156226,-1.153184136715583,105.78975097328822,115.19548046652528
42.22471496803446,-0.6513021992078045,-1.0697864727627835,20.80555606360395,-1.4911287996495766,222.9866931589321,239.67307043135523
64.83023882549573,-2.0833844283163776,-0.16174376201299562,21.972221458930072,-0.9588487723853306,246.96898840610203,263.4535001930455
-47.40347127595947,0.06588087870998878,-2.388940792347287,-19.73482672255786,-1.2961500764753937,98.33832803114504,109.09750888270699
-36.160503502773686,-1.5342212784034404,-2.0390532138987245,-38.65809330206132,-0.22454499871263436,95.49822810187108,101.23860057548583
-11.175778889689504,0.39223525654751284,0.7186050605356068,-7.223563461604203,0.22788796060044536,161.7689700206162,162.79440279772626
-49.86206206045055,-0.5237333316596601,0.4011141271593703,-36.97661201860876,0.35827422115950913,92.52457121886668,93.25199780893573
-73.20747568654161,1.0950603443051188,-2.9388069812190927,-24.717823560262918,1.2181151935623482,87.22796459489773,81.30408618118086
21.191810435591787,3.369697417556276,0.6818519251828121,-16.326299227134133,1.6747419521135742,196.2438695005672,190.44681937464523
63.76670750328151,-1.8629746659850268,0.9603301162703322,17.669684669253932,-0.8129391638562893,251.2011326558556,259.57582533029984
89.43315771755594,1.7188664721030713,-1.5362516675506435,27.96156887152418,0.8869173254028041,311.84240101255386,298.3192755903665
-111.30526420083707,-0.4889306360623273,-5.8193646759438105,-28.494891954456172,0.008278612082286176,33.3589972006748,33.754844016117325
52.58836174671928,-0.530543724546411,-0.06507392289746136,11.218552595337378,-2.061398897758585,226.72127311470035,241.0049146681895
-13.771702872725736,1.621909351698179,0.43325851358570205,-39.09739792857766,0.23672306464873047,128.32031386273442,129.27780699996592
24.517419225780568,1.884521794211994,1.051936472644989,-33.73189364388521,7.26604094165363,199.5181827417038,180.84304166174243
-63.03398282085112,-0.4413086594002242,-2.270098460975631,-35.03233485113376,0.1498439937164098,76.77744370719923,79.22713607269037
44.883184683734534,0.8367728093403629,3.3776835882114185,25.413507019999503,-1.8912252135879954,256.98067850622675,252.4749397590345
-59.81738351447963,0.8619777811024758,-0.1400717841105185,-33.952902898778234,-0.8744477779080473,81.75459269151021,85.9321886771629
-17.266027238851482,2.5596305810578963,-1.6195099138861009,-33.36366979322321,0.6533241294312773,138.6409435804779,130.81876463586525
20.077363883272234,0.34178063203566994,1.7838522319631391,-0.023021195897142962,-1.3645750560901067,197.1912655592293,200.67041736661997
-46.023470212365034,2.2880472362835986,0.54947812459187,-29.228006565638115,0.7449999851302302,108.1438696659458,108.18606543933873
27.467447058901193,-0.058124045735976244,2.5660510714014717,23.310305926571413,-0.07719244947457295,228.03879130339425,233.06350443300002
-79.71911009212036,-0.1986443695418659,-1.065376393610538,-35.83140128714007,-1.9575228286586186,48.84672335622342,61.082961900266056
-32.34174870663757,0.5825687244921036,-0.939726490539754,-18.653838723266883,0.9374199563038199,134.05814974693112,129.43969163168902
34.358444957612264,-0.36273882311847533,-3.4063755023384004,1.887960917408025,0.15398415444772184,210.85940221663813,212.4862925753482
-8.909476392212055,1.9862558588135686,2.8403858793685823,-31.058969137451104,0.010317222445230504,151.59043749563068,144.72353030230127
29.684415815248332,1.0136146769034542,2.724471104166945,27.817519061245736,0.7721828738008338,241.3494670281899,241.8672204027019
43.05337894363733,1.541659467244828,-0.7024707641258259,27.237414499222293,-0.35533314709719566,243.7835736565104,250.6296658702179
60.65766093099497,1.1068629122725009,1.018798077667775,19.350377983091985,-2.049638550732629,264.9509575362049,259.93907822463024
52.404683623705246,-0.40535000749459466,-1.3763533320162573,-8.173482385536488,-0.7244786842229198,215.19507774890047,221.58003608577167
48.323779546894784,2.6769224900077977,2.242076854740066,27.420299040728647,0.9307557076998069,266.89498804664004,261.44885051140733
-6.238051921119995,-0.5490041470687438,2.824140104699887,-2.0902813483164318,0.19993693006057262,175.2158298449929,174.00175648959146
-30.239282644218356,2.8451835493455206,-0.6756473400676902,-29.396164272356895,0.5435626157320057,131.25176449942032,122.93266877977197
30.19151099948743,2.8513240632811545,4.182743149583438,35.03057601266996,0.7415399886018931,266.128163522525,252.85271108496195
44.86929957549668,4.127818222442994,3.9044511090725216,-2.9409575307311413,0.6258380561337785,247.4271501767913,230.4414663037511
41.12301634434978,0.173453605955113,2.974356351388072,-19.71420759573263,-0.6672065062331346,207.87953708598363,203.74442907106342
60.749109366041736,2.9709435582255916,0.4871336110357767,11.914583261992329,2.007965634472603,249.61629317304224,257.9847523031033
24.03549722162475,-0.786837221320584,-1.4570834914966708,30.272169612152265,-1.2839523632348508,215.2029951613606,230.6348106290614
-9.48075222058092,0.028040785437797398,-1.6212405956037967,-21.283300157839598,2.0592981673122237,155.0764821790274,149.5570628500623
-17.163307337172675,0.5620489033726753,-1.6712711610067463,-16.566944379874986,1.886498471837487,153.06998013065692,146.9020413684919
63.42411049653894,1.5784650222087804,-1.6635939356740597,22.89893258267444,0.43541147808941194,279.7496763518235,266.52834251517316
-13.459587549883222,-0.1440686084436009,4.795243914988167,-38.01202779255237,0.20856084974059055,135.6769281437713,133.24313768518567
-27.120730031300994,-0.44877009746728186,0.25946797059047816,-5.016829430179312,-0.01362136554204462,147.19019696750996,147.51453391743735
65.18085000958449,1.8603732979378025,0.8300482532143059,22.942825421798148,1.9477509552408643,276.4890941380272,272.61686480911266
25.916950114267877,0.5768323700354433,2.842055837548301,31.79455505810451,-0.3960517173720734,241.3928465128457,240.58935853392057
63.47181929855454,0.6762768413842861,2.777391740466509,4.614162484900688,0.9352469026937814,267.3639918528783,252.3299141393348
-2.9177443878044325,0.8894782435298312,1.6010708323235545,42.462083016385726,-1.0760330708048862,226.6983283601087,220.81387150496525
20.695671518271887,-0.023201065421005744,-3.639487778166507,22.936817327734598,-6.5015013592981425,199.69217715759504,213.32331551445648
-94.06888612209266,-2.061970669507531,-2.209773888100801,-27.514293278288825,-1.4464298152565107,47.69521805374542,52.55366309808881
-51.648660235811924,-1.5995383069112292,-7.372686875169692,-26.485812164071284,-0.7132104994868791,84.09909296815222,92.03510878988605
11.015594252530493,-4.058276156363681,-6.161970921016425,-34.666465641322944,-1.2915207048762314,127.8189738158309,144.69237770028857
71.88551654025935,4.587485099094209,2.428445234569548,27.865573738773154,2.904586075958746,308.89909261563093,289.5266235599887
-34.87397624644758,-0.44678798420298504,-0.38341913134833067,-23.343438039154425,0.5968519878550982,115.7242800452604,121.40424745803901
18.17940017351761,-1.2105580485085876,-1.3855266374833812,27.94749153959277,-1.2446326074831455,213.9581483246839,222.14119129097122
26.373947741776295,1.618437080159119,1.3682853710652094,-20.18785285897036,2.831730299352219,195.5535190761622,191.85956450471852
24.784660877579185,-3.1618753002277713,-2.723824926417817,-6.187066191454358,-1.3010233545168255,179.31209811265035,191.26588797629847
42.251732291751544,-2.5566095526140753,-2.0568014002948236,3.9336607381626574,-1.0833535693456566,203.68109510387765,220.3436453789951
-38.98619747103297,1.6323396674511326,2.9195544731158076,-16.59772764574296,0.6330412024468193,137.95412094893317,129.45602709757438
-62.05167257086971,0.816013145107364,-2.503802271899684,-28.234537534152608,0.7223269786094692,101.37120967189692,88.60334461813014
14.1396118724887,-1.507065055253484,-1.5418687762082692,-26.558231672643036,-3.4834823226892135,154.15580364490603,160.90398091703116
16.800838817208934,-0.2503417778244788,3.880763868738764,-50.64939236176606,-0.16135607463479545,151.2466477637314,149.47552934305884
26.986440154171444,3.3424545578376668,4.4898487421799125,34.23623104624867,0.019306661150956913,262.9944105929258,248.92929803292571
53.226480057597094,1.8973524633675765,2.672606958316393,26.520740159603637,2.9763529211582735,287.0365888517206,267.1485494313784
-62.44577483041784,2.4312512969699944,2.238831611887852,-16.473413046573405,1.6912853952587628,117.92303781578572,107.29719729846192
64.3769657316921,5.302705205116542,1.5957192922196486,23.05329170053575,1.2829850769107864,283.47775186431755,275.46668387781034
53.82058230653405,-0.38006323635440414,1.6304744961675268,22.342223662988836,0.43732033854609215,255.39791771974427,257.7055544392185
-9.49304987532857,-1.1295462434310768,1.1904392078115142,2.2882836693017174,-0.9169706269443835,160.396626484949,171.79417300274505
43.88885001252334,2.54691165918911,0.28867094343049293,-27.03585465299756,2.5666920617040425,212.30389954297397,202.11028689518614
-45.21503556640525,-1.0404799450032238,-1.1568913766666573,-29.8900770648618,-1.2802011352019933,96.56225810479722,101.27233178319672
26.66333183224863,0.6286329580270782,0.6601853530072413,1.2578271033303947,0.1891636774482074,207.7505405647738,209.25415779539833
-70.11444023080796,0.6546928308503845,0.6083489680639451,-18.688631330663604,0.30188849271304463,91.58185202072968,92.61687560149213
51.985832282287184,-0.2825086264895074,2.380012669953812,23.500887909791086,-0.4392715958612516,254.5978986639277,256.99996951101775
62.61124775631673,0.6420679043838518,1.659662184121271,22.870498694730113,0.11115173355689603,265.68625871400627,267.74964514444343
-74.59501873135227,0.9669101842599586,3.674420888290606,-31.942559399143665,0.5749812523462011,85.21142087219852,78.53375106573625
50.94358076088223,2.482906698886532,1.165032818886688,30.36208113346935,0.9463922226567538,270.91178932353586,265.75501050611814
12.691854697174893,0.664794127338598,-1.7206991046301279,-58.329173583888235,0.9259066220599613,143.21327140951774,134.08769962939039
-15.320337437715997,-1.699590055781156,-1.2238461970676975,-34.50263528838145,-2.012962708351913,117.42245992997142,125.09564518403873
-90.2175907102215,-1.7245706698484553,-4.5446176340272215,-27.305799074326227,0.010496165066732609,55.40213436341787,56.07293494797893
-78.8928439946361,-0.6209001851403473,2.39485553305482,-19.847154395751186,-0.8240093946958122,83.8285877100982,82.06496443416685
-66.55791241144836,-0.5087746472343921,-1.7887694009319057,-23.204389339143628,-0.3814140446762707,85.8578818004629,87.41375702790168
-24.797633640964367,-0.07524944924453048,-8.071843956923683,15.204828459817621,0.38832128921068343,157.03773884900409,162.5034395732327
-25.9933062736395,0.6523315598912997,0.770168057559112,-23.284956945321692,1.976566167518752,136.8670999147667,133.97581943734542
40.17554021871543,-0.7882953069540101,1.0863061924085071,-4.146653096664611,-0.932090965287126,207.4481541465412,215.2498239135543
-2.0233007845548383,-0.3482906394752442,-0.9243845069525446,45.758270329262416,0.4624662586440246,230.79929459905023,222.77977752825956
-58.51405776859808,1.4549149077419907,2.0169592357144,-11.628119616207558,1.0067697114591476,121.18249458261496,114.1914833414467
-36.690335001358974,-4.66516256591986,-8.574592549872133,-36.771564237556376,-0.38311390754617375,77.95384721723406,92.77024860908361
25.13015201810105,0.13288724250401868,-7.878487771113289,24.148372244963525,0.42611586280368097,221.15486236560747,221.81405646859653
-15.472029754185955,0.0720904822557339,4.94062507244435,-39.425948833210114,-0.6743202047381944,122.22230390798742,129.29543363390124
-71.51082712859031,2.316388033174167,3.2625937355761665,-28.842729823266563,3.0641346915911476,99.3261413040718,88.14457637982007
44.985501375210774,-1.547043468801113,-0.6924949506691015,1.388494238399005,-1.6651245033369282,216.4520746472594,222.32434956213862
57.63240841624788,2.096852889848738,3.4090247144895502,34.18698548453261,3.795829017205378,299.39871945737536,280.9761173936619
-29.013658458805054,-0.5137382551236526,2.141870613946459,7.796877905261715,-0.4858097402244946,148.38069949583883,159.7805589363921
-14.839056858519614,0.6683005424384008,-0.1623196175737673,16.17956230615987,-0.28677203856292627,184.11718766461425,181.4147312052775
18.28301741728442,-0.38576772998246184,-0.3103579033188383,-14.218216576322657,-2.068554652633714,179.25426203542048,181.15513742636253
-114.80826370256105,-1.6277885229243925,-2.8146919216711197,-26.68782734061831,-0.4064705079261156,28.805626222198317,33.5099748756341
3.1631388665053644,4.6639773255674335,6.777964592671463,-1.6865418340730334,2.21544309235744,207.36281122947508,194.98899891436542
-25.628472665198448,0.007853405205414197,-2.7647767479789134,-34.37181055652337,0.5781708849126824,114.51281612928956,117.67598119175467
15.334038330854076,0.1814898472501864,-10.105107319653264,-26.337382278519726,-2.6636283099580798,143.36935605852986,156.26442714131008
66.96656726893708,2.1052707101719004,2.497767562812144,6.533635452542734,1.0352907985112443,271.463477024289,258.9935486643102
62.101719566415625,1.7721622438894782,0.5806437059295453,17.804196701136945,-1.191279823331265,261.0685626611475,260.922459265375
63.939381290112145,-1.836681451782407,1.7228720881376147,24.49023068932803,0.32946285286556015,270.4503837777183,268.50028233999564
58.940385420156396,-1.839909914371273,-3.0920836281733486,15.829826638865779,-1.9465691305777348,235.55051398560764,247.74666625723555
-11.662361394426517,0.17506896317641002,-2.699264706017308,-5.87180228882711,2.9465030582283243,165.6320196188305,162.74316050347048
20.54217769217285,-0.5851021429222881,-4.5147123772074895,29.069283017659966,-0.3690369499755705,215.3432888531356,223.99762611106382
14.433339052538905,-0.665329849816442,-2.202815282782774,-55.29285739207158,-1.6372600558998527,125.23016812640924,134.49009334330492
-56.79773585598277,-0.11233074029508579,-9.72422763702688,-37.41102062234331,-1.4103654607891563,71.7783908058669,74.39933655489854
-1.9756195627818107,2.611170250238274,1.0653165146115735,22.84842754586311,0.7843027883070476,209.23419821145507,205.1886144075744
-19.722720017961876,-0.36516090518609035,-0.300696970818794,-40.2655498404234,2.0842910272617776,123.18312009602656,121.2851801642071
16.789766406895158,-0.5591686226575419,1.5267063608498825,-24.479787879642593,-1.1714103712293946,171.2663407352007,171.9611227655525
-1.4928187389249268,0.4031768233153091,0.8428974391527749,-6.3278318881221605,0.7150875828095674,176.94474527181416,173.99552808956724
-55.18681067044107,1.6706722586831246,-2.3585717720457344,-22.932971018777344,0.8875406092134992,112.26699838634268,101.93487627796982
-91.29100204394291,2.060163146148909,-2.5130670356240534,-26.11571865612785,0.6753073876445992,66.2141422834606,62.6706996694345
-38.750563890293684,1.4897271535941679,0.12302071094575424,-26.17796189410043,0.49809219782873354,126.25463375164485,117.03733114931188
21.991316065683453,1.6469245147533433,0.2821776651722455,-28.391087679259712,0.14539588712918886,183.48457661686768,175.52974332481466
57.53463118602634,0.261566431200654,2.0773735013304817,-5.942872885348076,-0.06671054617270024,229.3344430520188,233.71900455837152
-50.21732226562262,0.8346645472278075,6.182793045054539,-19.986528087372243,1.1744554673649177,132.9800049231551,117.84307957798896
-29.019429997965705,-2.253726282778757,-2.4094883566864738,-27.508554588421685,-1.421311533207813,108.04346030545408,117.24250611227639
-60.1476420167907,0.8315046356540113,-8.81188575680822,-24.995536684260017,0.26257815623316205,83.65983519396497,86.99403520536609
44.473550374700125,-3.872756127193701,-1.6065585603763577,18.676050592165737,-2.460336377418287,223.5286614242468,235.06496677321303
22.410362824531294,0.33127893812631154,-1.9204632967101811,-55.665564457440695,-1.1148961616504665,142.3242649857313,143.89573471819153
-7.607281568191937,1.3990403080494698,3.405557935702531,7.79775389154357,0.2634016076975354,184.53573971924055,185.11348904613777
-8.391988489827616,0.7971952180102907,0.2443755286196491,-27.716534880063442,3.1995605182704363,156.02598960438314,147.98762476634624
-11.60066554717143,-0.04893914396573763,3.9343714353345405,29.1012857532632,-0.41759702612846056,206.92516981466923,200.82347234266894
19.20049757431342,0.054469583979437144,1.1842298684492194,0.2252626345914273,-0.1580743596710834,204.1144052725766,200.36140217299845
17.176889601297276,-0.9223648770439205,-7.113182610169151,-38.877635461647195,0.6530657526979223,141.153354603434,150.7717892764704
76.87941767791264,2.0942947111777093,-0.8866256666039036,24.56124613632283,1.1705388958750995,282.3004796064528,283.67388862602036
51.55466668466132,0.38453835411826087,2.9813821650334313,16.48385839770805,-0.8516668188022658,250.4434206690927,250.4077956540537
3.9936742572895008,-0.009649232875002465,0.006737553523930871,-5.6395430271208165,0.284239810681529,177.76814850196828,178.4904762328351
48.45969091433266,0.8028385642857373,2.447393271981317,12.751035926893556,-0.540192044425444,239.66025207246744,243.77578350440382
50.55775052755634,0.9256194049310242,2.314146549006605,17.703289768544295,0.3364817385970526,248.9373063557201,251.69230485997082
39.26112099823553,-4.210324447862144,0.23884922142116444,-19.764318982947454,-3.053529011930759,172.81537664116237,192.32681464825265
32.415091896296225,0.0040431677437384374,3.2932141429287642,32.64625009305293,1.6296457038358665,261.287405414297,249.84326187519545
23.783910846299005,0.6583866946708817,4.3886086019243535,29.605310730333976,0.31324302689177186,243.5696906153541,238.60447677145575
-45.13831442415483,0.3373300055674076,0.6912254516312709,-13.90604751544596,1.2982206060709458,124.79884471319912,123.13743099500535
-41.336702369058564,0.5841305187598106,8.860800828641311,-11.463101532641751,0.03285034433843185,141.16029331137807,136.53299466137585
42.77890094000854,-0.7374724329268806,0.24987373895374243,22.962043941160342,-0.9084141252430001,235.5043712800197,244.19994893328965
28.546681597309394,0.7646355418573757,3.021216211824107,8.628929214159637,-0.15494152903554773,221.39387401708703,220.66153790745068
-64.85640016472901,0.8301998774739588,1.8634428139249735,-17.430525718785375,0.3689685809888919,106.30044612718238,100.63070226020905
52.46614146372983,0.5605632138149651,-0.4971600730863236,22.91569845269419,0.6774040278292519,259.86271764331707,255.97766395631842
-19.908501186762994,0.8334402358303744,-1.12200375375498,-24.895416539459067,2.7195744508771655,141.85813474397656,137.4821100780678
-23.214792561608462,-1.7885238695658443,3.8361664970514506,-14.110606270231006,-1.4453339583884137,130.22750891303167,143.13192670859348
46.806405731725725,2.5310847910493806,1.9496779221397254,21.527595860016387,0.5639807701022185,262.7063814123127,253.2337619463703
72.35167371657295,4.224841781747346,4.48178557177757,29.123548668749667,2.982523736444905,308.34590323586065,293.01939034662905
25.80268328708253,-0.9942750613827328,2.121710536802087,28.141386390063232,-3.843445392432673,221.1337537870912,231.08307663146934
-20.610167305068416,-2.890386468564899,-0.3835694474886759,-32.34213195420084,-1.5095172785673723,112.6853457279215,122.11924441744755
-25.42699741275527,0.3946950626246039,6.50824256768983,6.386848006609285,-0.30862041238606364,160.54646845546188,167.40918468311892
15.16904451685631,1.1889894368713498,2.004623225246514,-0.38558102206314065,-0.7056791083674935,197.6988659882189,197.12641391987927
-31.528099063213272,1.8744376186833969,-0.45983782715534305,-37.13090901010623,0.2923691714024285,120.58188516319568,112.90297776094815
15.43567967601192,2.5145632144818437,-0.9613940194777019,-14.438375220950588,0.5659604409390934,181.66486400054973,182.97145096234067
39.47671532413302,-1.2971039482924236,-0.5057213976235604,-8.300606979849173,-1.221440206747483,197.974110982053,208.006859662957
-30.04582966349414,0.2275524971458305,-2.4539067381483535,-23.158664724989805,-0.11602316721739324,129.9830960458532,124.30814507463272
47.48437362639451,-0.6676302437757905,-4.181012824276733,18.289213036032994,0.22509560370437698,233.75868720798945,241.00505606941536
-9.182742151211194,-0.0835756962981746,0.4640193732570092,-23.4451175242849,2.3329901086201597,155.60958939948117,149.94059098141992
-51.75782013896573,1.9409652238921882,7.633617108441397,-23.157635350697515,0.5408829776536237,113.84880173203592,115.05502669166148
59.31518699361078,0.4788368153554507,3.7549760372324408,21.943280438614742,0.49305250961446634,282.0643679655085,265.84034966576365
44.03505014434069,-1.7615659706157847,1.9314586951475645,21.03628169184363,-0.1784596762023341,236.81781171487592,244.91778175585
68.32415610368824,9.461148346243462,2.6079957603098576,23.078021762656686,4.8340780428610115,313.66367978775963,288.1604168870947
-10.13471815932575,0.16865864269928882,1.1514692910276856,-56.95531715629791,-1.8747760455278113,101.24468386513855,112.21033344391073
-12.909917160702683,1.9945259719190918,4.592609939371735,-28.04791479016617,-0.10207382231212281,147.93928678406317,145.38224700944627
61.72196551100459,-1.2115901827531799,-3.0475126254961498,20.384658815689033,-0.40066685448712697,253.2300801482268,257.3018715352926
59.565568766272854,-2.7395156620444743,-1.0795836927878046,20.26202167147896,-1.006670732994276,239.84891187797643,254.8568372212602
-54.911460577657266,-1.6322562382271772,-4.8991962732612615,-39.830007676596146,-1.9331002235459835,60.47540482522058,76.64899588204497
-86.35601614423626,4.44128405634545,-2.5859265985377364,-24.86349994134082,1.6111634752099844,82.17650650117258,72.102021718777
-12.186418574058262,-0.7011315208136824,0.6832394599222474,10.56346028543314,-1.3943418199022157,172.50163338722007,176.81982470191747
-44.72770905615046,4.279535844385362,3.433881685019988,-1.311451070013569,1.3155947888535,148.0963621120101,142.84486906343045
33.279328395503896,0.14034686138136077,-2.221346576477858,22.473629181098836,-0.43345856274406747,225.21034932628655,233.09351617009975
46.8430917876284,1.3586244554901588,1.2215158986548156,13.962426239292261,0.9090491390259061,251.5608987968362,244.1497243914283
-42.279838266664896,1.383983308060043,10.79489567708884,-14.261078888814737,0.34576647289465773,143.16283303544154,135.83874517390154
42.8859064788115,-0.8220346241190758,1.4234721516004436,2.3590942959530756,0.1987989400345257,213.2448558953049,225.9002541136165
15.410483021958253,-0.5224061335928191,-0.224065771487665,-50.777843510143896,0.11174810989188275,148.30693551902883,143.8529325879608
31.55015677444826,-0.28381907174772486,0.20738487784331647,23.405958415459967,0.6702093242165943,241.0325880967079,235.4049071915571
58.83144142202332,1.0679618354423197,2.30910099601867,0.4595066021727993,0.572660026497549,247.94043891918224,243.09568775349138
53.03145794088573,1.0506505640650672,-1.7325028299215919,-0.17892896230164723,-0.3009587976836463,230.2946967152227,231.72473478637934
-23.573746978806426,0.6344287654952184,2.8240183671430783,-39.63308740874443,-1.4336589893036613,115.05710704086654,118.67297062712004
-50.17876427782867,1.2463069987489206,0.16454303160663172,5.708425608917262,0.8194745776687354,143.66218997225624,137.61500281044948
-13.510664545622937,-0.6278674558372899,-3.5147983707025943,-43.58664815030487,-3.5013871578515907,103.54727605645502,115.11365119101673
25.546548959736818,2.102887535346929,-0.006761135461864579,-50.79815463464534,-0.3926741404873179,154.20475218666826,156.30686345582546
-44.72176042628452,-0.316628683438978,-0.14023883796141073,-14.039697126060815,-0.34865742443112613,121.34592792462304,120.28803437315963
-103.20215604420638,-1.6014809976498843,-6.510548060645364,-28.33627116161901,-0.8638504885384447,32.52839286314105,39.340710118676604
-10.389971541160325,0.4365623921245878,2.129541633784378,39.58303444342141,-2.9300780464828247,206.18814858019635,208.68410575302266
-58.71489172937472,-2.081355748525802,-2.7996280782704384,-15.554798733354346,-1.3519734647709871,80.67618473638922,99.3523691170402
-57.53386373407588,-2.8061147629221366,1.2200916985974197,-5.278023910372913,-2.1356193852631233,102.94276073190346,113.32148677730065
-18.40889156434773,-1.1591436320997635,-2.1466147302474763,-17.0686694318363,-1.1228585490057714,134.34769172077958,139.94883896379906
-46.436154142169144,2.785901903172597,2.041724664782688,-32.72453982648741,-0.06912966744076075,112.61766315858974,105.4528198031948
27.418628258115735,0.7381274765589623,4.566408184076433,31.218590421162276,1.494962709555643,248.4201525439053,245.29173392080634
39.8201702334404,1.0430133381847124,1.466754012794286,30.477170524226167,-0.956656557356254,266.3677386418893,251.70546842262746
30.39846152582382,0.9598839213608107,2.6797605023664333,26.054756744111124,-0.8626181610444773,239.3125162600484,239.08526140395483
52.029418325548754,0.1147820010640025,2.706441496999902,23.1330057375989,-1.4540782013340252,252.73504844114245,256.38458623121363
-20.176176815154278,-0.07410408515976755,-2.5583249959567786,-15.034875627778847,-1.5776679357699606,143.07703635029958,140.43386741151642
-33.33576010496127,-0.7510403846066982,1.9573502788567838,-34.307827266665846,-0.03653650196908186,101.1422887609404,113.38120289199176
60.75392052956952,-1.448716402851004,1.9212229344244338,21.130300657038358,1.2117900129154546,265.014399258295,263.4235346024328
-61.19825708926387,-0.4527290245448509,-9.989743801415223,-29.123856732552635,-0.8541861165526656,73.36289692684902,78.23624410700596
33.78487428146737,-0.07698354117368496,3.160443789843893,-6.103138048244541,0.3349013209412856,213.3644360665031,210.9551146741709
20.167707146219293,0.4652178239454174,2.157123578547716,-51.25894028067414,-0.9926818473486276,148.3627250734417,150.39344329202657
-16.880098554723265,-1.0718659661856185,2.462883760917244,-42.357417006750666,-0.9497343853063249,109.0329864441261,121.05878471928774
27.136556903775148,3.111799571328826,1.0700345091443189,4.796308330989916,-1.2425077744984918,216.8799268783361,214.72720841207578
-32.766980969294245,0.8939945212968103,-0.7137109117366933,1.2829537733218799,-1.3723861220876166,145.4428408615206,147.17888716283682
55.95860203106829,-0.6340225195283415,-0.7312548647698974,17.197505815222296,-0.7328992714286161,236.4943713283269,250.9129480619
-26.95949339767607,0.8712824994941408,-4.992093624605767,-31.397332985369292,-0.20324451080790445,117.46679658676284,117.17413485237233
-8.239435354093827,-1.3586913488901011,-5.131625586415987,-18.121653944191912,-0.7807853272117412,144.4079456055838,146.22282531053278
-59.494314046106126,-0.12184091745650054,0.7463805779664663,-24.552683122680147,-0.48655654524665776,98.34742495929926,95.94600281781335
31.182999195677024,0.4174093723227949,3.4426278592721724,31.313803860845905,0.9119339520637909,242.7745564210686,247.12379111151745
45.52541891203022,-0.2777896736809082,0.3687241133922134,25.02813647087557,-0.8388436606841065,245.5385164870835,249.6606630332695
52.22888529632977,-0.164473840402094,1.684683929921491,-19.542373728757507,-0.02032447060133007,208.8128601410181,214.0414140578257
-94.99683909602737,-2.1028471426498787,-0.1817996786541952,-26.845505732769315,-1.7341372580865342,48.42452417695314,53.99388796314991
62.24193019686788,1.1450622784440412,1.5529408000878964,20.890665014488057,0.8766874559534198,262.5615540309709,266.56230261717724
32.28061768777123,1.3974817650631886,1.407268479129528,25.87129453090366,-1.099638746240243,242.67083556882892,239.71204058796488
-60.72611459829327,2.4513471363735753,0.49846654861257533,-28.279105210476462,0.5712804657256969,101.49215249996338,94.37089121327776
-12.089550073170843,-0.29161798291095387,5.494681561352695,-4.668083178102983,0.7788806611519076,172.66322334838026,169.07932785965568
-113.11794156113854,-0.8284256988133262,-4.948952184985727,-22.320711438672852,0.04933841234393451,40.32164334770653,38.688324400065795
38.358886165996694,0.7945763142915783,2.9953662558487215,23.634756862634234,0.16629637073786446,252.04930379623823,245.80489884084534
64.82819492355922,-0.9626117276920982,-1.2003170721362244,23.325408690685666,0.2431824533239397,267.2764574474516,266.0888741390768
52.76750718782563,0.16143204596257826,1.186620052677178,22.286963920670445,0.42474661355523796,257.80006020097863,256.682286692027
-13.34729854813865,-0.7070923261941291,-1.1777505438906763,9.096269359773029,-0.9698293945767077,176.70318463168724,172.74931541830873
63.40752479363144,2.1363438582723684,1.9784724075547253,24.73272516793483,2.5213984206557303,279.7485566390741,274.6314815193856
48.01413768659147,-0.3143164941182941,0.9659499823896014,20.96574342463326,-2.155520850232566,246.375587487614,247.33101062059984
54.00991211293842,1.4364826274353066,4.147299134930005,-17.862220729796597,1.0276053707450095,231.8185304042203,222.61409538758735
49.77828818302202,0.7034947332425264,0.514096370499834,24.155281876417426,1.2543329770196623,267.5948681462274,256.2605110115375
66.96857083576586,3.8825033809333496,3.5583598613156497,23.29145586037611,1.8662205570782904,298.7342709354845,279.42212736680335
-13.704608032928055,0.4111121981574435,-1.501652059820826,-3.0860295844061922,-0.8617937958020839,159.85162165160503,161.11204559653618
-65.17608594803134,-2.229092003100573,-10.10394893158854,-27.946240002386528,0.24188818884662472,61.45637475996681,74.64153817507783
24.3409699895861,1.5367740181419756,3.838530692915298,8.206513717464443,1.1345827465718774,230.29797160471733,218.9123880360164
28.069683295831023,-0.4613914529809699,8.950698495317388,5.908631157129635,1.7380481024294796,231.08879519138864,224.0606864690629
26.20214210631395,0.2353978635932696,3.695641067488843,28.57020969434082,2.364553823595068,245.978966947238,240.9229614266683
-87.04863318142243,-0.6794126448688849,-0.06723827157108701,-21.754309735347558,-0.1823223007633797,66.88468462217203,70.12310073736128
14.894498535395664,-1.5419285908268687,-1.0892716056382976,-18.77362134380014,-0.04896859500522332,170.7483746475275,173.29572527146044
73.35064989196687,0.10500438138845045,1.2408266282264828,21.473395366223773,0.2033365241284404,270.3220883226616,276.22822966326777
-21.4833047451108,-0.2880159226602917,-2.5114099927239066,-15.206659378535887,1.391592156039224,140.55865882674135,141.75721898834408
29.336628226236854,0.3474461241899008,0.12098301807114273,12.790028285050631,-0.38748798757614034,224.36819286747377,222.06261453730792
-5.926146767539288,0.1853233008689594,1.545599396722455,11.799737105697698,-0.4630346745869686,188.66382561124627,186.99649523249877
-34.16834465867239,1.1436854646196153,0.7225043791781957,6.312413692410762,0.15868697744950758,155.8357507529577,154.0239627263228
23.0579741636086,0.9272150576249059,-1.5443520081128215,18.03364716823512,-1.1089690217954375,217.56536042827204,219.22053223089654
40.64486723012106,-2.7266559472416043,-1.0438853136933461,18.866045684821525,-2.1842424537151164,218.47146109122565,233.41114607162945
-41.262815401873944,3.647046831550922,9.401235963500989,-16.411198056686967,1.667716484112606,152.66734606086402,136.8970026919408
31.143414825848357,0.30593759295180406,1.548817090212318,21.430267507980787,0.15879442180068756,229.755873815974,234.44224831012963
-43.998683616057626,1.609064624629478,1.2531027270144384,-21.766659108973293,0.2034303505033474,122.79753910697194,117.15527184845195
21.580941432244398,-0.2505213184276119,-3.2452058996649322,29.432551928973886,0.02916433222421259,223.3775171580723,227.40194734668552
63.7197351119205,1.2092116336866647,1.5698106335458253,24.966808582981297,2.0244757091053454,278.0721760648773,273.34505854257486
21.96869517719742,0.3645249800699379,-2.0795883072047676,28.29918456336924,-4.860736325701139,210.76511846668868,223.547096959069
-6.26863121016281,3.4581307109518775,7.9228504102439885,6.941798182555472,2.791253073721186,198.8401134386696,194.70041803864652
31.468746015616702,0.349670061459252,2.7748087073739596,23.572900371737276,0.04016729679186934,237.23621496101987,238.0613093243164
36.82894416319247,7.08671721396281,5.127929558758858,20.170903729567346,4.142904012868401,273.5088749086113,253.212415549687
-89.96944551189162,1.662947283676726,-0.7995875214822235,-21.08311785114627,0.24280618478360075,72.69116394468764,69.90861945527628
-28.31651894136063,0.3713839854258309,0.634066996473155,-16.650524154508002,1.5328701948957744,141.92801217562646,137.42629495226296
30.94391971347576,0.5148367886536729,3.6343587878721157,32.45156626935283,1.429830350805882,262.2606111093374,248.82952878149834
73.51406200645691,2.374637425438474,1.8168694885835643,23.815980077274013,0.8180357625106298,289.4339431624542,282.1946016315981
44.937436569135194,0.24413172230269795,1.933047308612387,24.295668196030952,-0.8721115986138226,246.6820652505454,250.39318906880322
-5.842702164860626,1.3388073700258074,1.3444366038156683,13.594985758298222,-0.4212227983959074,194.5949881876555,189.86932164021914
-103.54013884079193,-2.763290638206346,-0.5288779167470156,-28.338720566260175,-1.8506845174308304,32.99548697652701,42.83330439189978
46.4121043427803,-0.8435147369601522,0.6549254352371963,12.28032527467993,-2.368984219334589,223.7533917482534,235.98987296773848
-5.142494222690892,1.4039618489066727,-1.6367770847188152,-21.823410587155543,-1.3793376752856545,148.57643228308777,151.27695915039175
75.27518544160641,0.2470126341540858,-0.7649952241957696,18.340416302582113,-0.5848075918974276,271.3137493251449,272.3678284335822
34.14928093637366,1.204819535801766,0.7324127248118394,31.775674151695043,0.5578604869592504,251.30533396367065,248.2750647069791
68.17523323160896,2.3310623621419126,3.231293886951412,1.9412140471154289,1.9077693512417502,268.76224472819786,257.4415897503937
-30.39025211673919,0.9288007174427233,5.797500681622303,-36.27229666633486,0.6325842136412395,126.40480095972666,120.55135370096961
16.311833535475134,-0.6550483304483041,1.337285098456967,-18.091990398749168,0.7103241585129187,179.50756026541202,179.46742093458258
-79.17380074386949,-0.713054463940125,-8.38879180292269,-12.999481920068478,-0.4098444592133758,75.72995462318858,78.17004348132134
-69.49042203301033,-1.166614788178346,1.2040258362594847,-13.3051481527482,-0.3597263899748464,94.57756398658492,96.7371313436844
30.24771841330766,-1.6145953795577679,-0.10442362711879474,-23.776848709813393,-3.1667984724250324,167.12127057058572,181.44006909572957
77.57828672139247,1.459662791235173,-0.23891807863726813,25.82107290360894,0.5351977440410618,285.32260084014393,285.0103189529755
45.52672785671884,0.14951021852183832,1.6222786805136207,7.46624613966657,0.43135560605547685,237.8836943512761,235.05113537281306
-43.04283761570859,-3.124214096982002,-2.0497993064504656,-20.33698439531959,-1.670462841405373,94.12724172208308,109.63071861547078
-28.116524274677502,-1.676520591239359,6.857540975928467,-23.270322314499694,-0.17826012691658924,121.58608383737548,133.47093053993157
-3.2666454076333062,-0.37288320712731093,0.5254763316519115,-47.69205194078831,0.8164012504191335,128.8713006616944,129.86531389785685
25.394285971575957,0.5765704063346039,1.9122256690573938,31.25781562927583,0.37916914147725744,250.31264270547533,239.37508368905773
56.14706181997633,-2.51988433666855,-1.4207297518774076,7.598313247184876,-3.191482838305513,221.1623097301868,236.46829501164586
-19.851152880962154,2.6256325132716074,3.126739163574997,-17.20319532238214,4.10288712069597,171.60235633587197,152.6559274655352
13.17848682594916,-2.5707988655282827,-3.082268077673383,-43.21668435338302,-0.2142444417947696,136.67882880367262,143.94950795890466
65.92221607179869,-1.7337045476521096,-0.41330599056938777,20.515287158450047,-3.01622255768847,246.98438935352823,261.12928700567346
-5.618723791899894,2.0337405140050455,1.737937359750409,14.073061366200562,0.33395339929666723,199.3356839725837,192.4149857186885
-58.775328714458276,1.2862584224894067,0.7214030503964366,-24.80898345847965,-0.19610013773688037,104.39321753032294,98.08226603354687
41.77412870260307,-0.8341123389601188,1.2891375696173613,19.167481869891144,-1.2454404841160385,233.97592520259008,240.0062121903716
-14.475568765048285,2.145871931401495,-0.4719358344859957,-40.33779939288317,0.7889229642713605,130.58787917407096,127.50450777459146
7.288856181406722,1.4820890640540376,1.2678657341971995,37.937396985258275,4.338080011893219,244.9599553821696,232.16930484814483
-24.940674263340355,1.1650462666959798,0.7497384383475539,-29.34104011548056,2.019586315100792,132.04304945156193,129.5076735126614
44.5578777106292,0.1073882452122797,2.011773026626346,4.066296354528549,0.26607301493818114,226.7838394171451,230.86442522327107
26.35360946400062,1.0175661556055418,2.9288838828650183,-22.277079160428848,0.20041562619286105,191.3570665327881,188.07841283957245
40.69698251876742,-0.16987619406009757,-0.688158541824276,0.544952789820573,-0.6009924365577914,217.2494754986856,219.63792500748153
-46.42184895909038,0.2506924108880578,1.51566168850701,-23.743815602673834,0.21429197734542393,119.67326014076768,111.66999838631236
53.622843710164155,1.9112088035462906,2.766495840964109,20.976319090045987,2.1420392505651025,270.54665385695495,261.2739235666218
53.95007653221387,0.9944441238534716,3.567198603632529,25.746478211112997,2.0552815539090648,280.1340100862811,266.1684958960575
78.93579818772959,-0.8406580674503251,2.110938024071498,14.50132290187726,-1.209796674411897,279.5870452317621,273.35262124315045
-20.455696395562597,0.2590871706449674,2.250467104436016,-6.697300313623232,-0.02180632087711931,161.8046739597482,155.18976811635494
36.04670920675471,-0.5972194130434192,-0.8876183645273431,23.240712118347986,-1.6597452901812548,217.4124378060165,235.997855128688
-68.35344915227292,0.03544064943480178,-2.963919048029449,-24.172825794036765,0.06598828170876037,79.61904106187859,84.46625180814182
1.2834776467832776,1.194812211059756,3.536574160244075,-15.910108734764346,-0.05214281124603577,176.5731326216445,169.90762934341205
53.081832138984836,-0.17112912168458477,-1.9167766240541744,22.16698331346443,0.2810641684587921,247.9216451988354,253.29699074650497
0.9264377553642628,1.1811069615654488,3.9162489070899245,2.046244698229754,0.7066367969487816,194.6887342421345,188.6316919905344
-32.00737130694757,-0.3498749510333181,-0.3440682770319721,-16.927102251301523,-0.37624503428967404,128.41922197148213,129.85035505073265
58.132812537370036,4.382095801862921,1.600059197598645,25.949500597847518,2.593647299826373,284.37520059358627,272.5131323058419
58.69851154666285,-1.2463678929711703,-0.4179966155310544,22.704960262350617,-3.648010716883651,248.0550487848306,255.9461134549631
36.5732240533151,2.261488560475933,2.384203250558928,6.10702944490556,1.1905287537639146,239.61474155008432,228.37149093435607
45.43551082352781,-0.41613402612032063,2.094561364737017,24.253939505575314,-0.7417043041055014,245.17705886196185,250.48119023495008
-37.29434873115235,0.7545244917995995,0.057521022170208984,-35.300540851983584,0.08775770575023277,114.55837397286751,108.15993050792123
-23.83424844415428,0.20520252643383838,-1.5665601176245085,-48.58310706287294,0.4391545997705185,97.565747947487,106.51545837288755
36.294243167961255,-1.76886212455594,-0.6816599128494284,-19.798986781742116,-0.2526051489123838,178.6852936371778,193.64714607123767
33.492441482548934,1.2565515525218105,4.146265114711936,29.663889693083664,0.33262074232172256,260.1208069292066,248.74678545652506
30.150731611593844,0.33377832999292023,2.9642514010469516,29.796330815317813,0.748473113926229,237.27491207773605,243.84858214321403
-61.565104212063815,-0.41142437594332626,1.8872207121422133,-6.598492916216545,0.7064174904927313,114.54179911090708,113.87363356974745
-8.49275426268375,1.7389087847029827,5.718602105214773,-8.059767910271344,-0.00417015980472685,176.39488854273617,170.75583542849378
-33.612776338849784,0.08071873924421279,-7.186245794332944,-13.074017938188483,0.22704192529133113,127.96284906789856,126.28973746450124
-57.78197797776765,-0.8545113408048807,-0.1833529307161105,-15.351670803766128,-1.8821331052611148,106.5842379724334,103.80137071301897
-32.29233690195379,-0.37624764083846785,-4.378600932886623,-25.02291179766195,-1.7677381847124205,113.23578970768268,116.01718141328442
-58.33478910463381,0.11548471873320713,-9.789402641024136,-14.845102547155994,-0.03580053229846197,95.82641314941128,96.96540676495793
-48.282565536645826,0.2875577402752817,5.633121038118401,-32.930544464458606,0.7768809096898882,106.12501873500284,105.33946655831524
-43.470867101595076,1.1795087627841085,1.5985141643329939,-5.350034051789811,1.6771967106694983,152.49890098132798,135.4893353557383
-56.929354709841455,-0.21228861080122194,0.5940453300435562,-35.61401391118783,-1.3791861402959098,82.2212299088042,86.31421882925308
34.1265477121983,1.8623826278540365,0.11060054245112465,33.19026160756568,1.3959428940047143,257.2441242183982,250.54075225541288
24.067717899491605,-0.14171336468325413,1.6820056576579439,-2.0951169611606733,0.7176336475838386,207.99897909171105,204.08554375022527
20.171441175565256,1.2250925312145402,0.10098275506019082,-33.19661690907857,0.3741366070666373,175.93911217455235,168.53005303116515
-20.383498759401455,0.49122848209546965,1.682262271769931,-7.386203344026089,3.8248691015921388,170.12829749911393,158.08367462336702
58.77065487848483,-1.016025683776684,0.19153391193131838,19.761874943988598,-0.5184441883301457,241.79836298153336,257.04461073363336
-22.646400242429287,0.05222603165729195,-0.7087516874247414,-29.74959806876992,2.725111505369429,133.16997332774156,129.52760440974026
-34.433277075496676,-0.5510037813694603,-0.8583774496771854,-26.65285605093915,-1.1221228438383382,111.1157018169101,116.2373796700167
-27.90317647476255,2.208566489939365,-2.2480436807987965,4.420076411374477,3.2100161249555073,165.70831223350066,159.5424557420444
56.14369788103331,2.214718561708885,2.2827930770497162,31.310810582432985,4.264006419513424,303.5526299919351,276.07104339307523
-21.501883043903586,1.1023389551899145,-2.7705847868436297,-10.57710088220699,-0.248560595427585,145.60559644030084,145.85922651814474
-35.336532994944655,-0.41744588562313256,0.5666154372058062,-18.90680525153458,-0.12205468167727315,124.3304171933587,125.63879349476221
-103.76630186425992,-0.2695037134853668,-5.944643915325561,-26.094692644295698,-0.4085863478394331,43.50122556240522,43.3712883861292
26.039245450374857,-0.39515191421227774,1.0659872909181385,21.729925856808674,-1.1807408037346432,216.58753697973515,227.11428275149012
-43.60812267654854,1.4585923907491634,-1.899476013508607,-15.060124040529749,0.38125430665068344,130.92672153780447,121.12714083814919
-77.86417183224603,-1.7879042771188833,0.7687686728096363,-34.14681865991847,-0.5635976799299276,63.61251590885065,66.26129309493163
44.12708427308895,0.035358507049291076,-0.38800200620858094,-9.074242862095016,0.1966480778555474,217.2593071907108,214.7518628610257
-40.1221847573885,0.04495170641653016,3.346636360866867,2.125396948557558,-1.1162346490444455,139.2278724200256,144.13358248074385
-77.88823490553071,0.8883412104260899,-2.1327450260543066,-29.157297117875316,-0.1790564590223623,70.03177756780696,71.38602457327873
53.09177825239699,1.3594198642714685,1.4523565473949545,19.115027486545426,-0.4501006575383503,258.5044633683236,254.42349836440593
0.1369029546187589,4.2493509646772205,1.3467394609102357,-15.9148633665974,-0.06876661572964557,178.57183416321453,169.60438026921483
55.629668233595254,1.7693467958669475,3.094874597332809,22.74742056740224,0.9591710493159002,269.44381099283254,264.05549811484923
59.35212875136538,0.054779801084739455,2.65884156141204,15.627987881577326,-0.5661286787031592,267.14796728308335,256.9826261880709
-39.27399120876648,5.528331967021723,5.200454681350801,-16.516694531254508,1.3136568466409801,150.92886756125483,136.10677462632907
39.956933562370736,0.9665434543091155,-0.44990026288652596,-38.797599512028995,0.4847252039871857,181.51734503685373,182.0157193170886
-73.6391180132836,0.2292682315142837,-1.7460304157279567,-26.404920207569717,-0.9977942454360328,73.12647133933284,77.29642222083211
44.20233410274199,1.0876938016362179,0.002939824567343586,18.137205713274486,-0.9162907664210475,239.42868570145,242.36889954713482
33.19493512602252,4.403031764901138,3.7820309878977354,27.710562911761954,0.974512209458463,259.4642829346874,249.92008987137757
45.06824799912584,-0.2770155539828096,2.6238338455924826,26.48079999271135,-1.0766681849185706,249.57051691461385,252.67421496986478
-59.58186295028039,0.6180393451510146,1.1360454382716185,-31.177683424884368,0.3485995980453668,96.51101157227016,91.19815487763985
-35.119614049857745,-0.6440162554184825,1.3077711776166656,7.668320112277385,0.2539782867985121,148.63234949827336,153.3214561427529
-76.2041800592968,0.47451443374986485,-5.427031721967601,-28.562406564468876,-0.7996859608806808,68.56254959576668,69.33622699847128
-55.513843250319994,2.8046912688553216,3.7398695692921655,-20.09472789809655,0.33496838273519214,118.57650940541744,111.12597494380317
8.245413357299455,-7.461166272060054,0.08109399171149809,-33.322755060943024,-3.80569915713494,120.81147160116956,143.59190373021073
-78.51263612845527,-2.0680026686804274,0.32560900938469384,-31.52208948598461,-1.8170175394185293,62.51670981712448,66.26088005818104
41.28309166016993,-0.11625719757713739,1.931592839317552,8.052006205404316,-0.11606316394445552,230.19402424225856,230.88938721470527
-97.5053996834029,-3.654940794771913,-0.055274580687546294,-30.82200962274164,-2.3298150967776277,37.04761786215459,45.48757709295514
-13.61413596192193,3.899544064045687,-0.358114296411244,2.9387383308859087,1.0199770350068325,177.86183341915756,173.74102604294134
12.399228221892088,-0.09849258930034914,-5.9265647456581245,-1.9188508797356483,-0.6131633793603383,176.44906918988937,183.69717349917377
-70.0240944101848,0.5276326297700976,4.462735022129252,-12.723726070269391,0.9156162858961476,113.74002615483768,103.01318032867754
20.500045280899645,1.1880874357645022,-2.245335574668361,11.128575515523014,1.5283733212333113,217.0320033671895,211.954762850088
-42.93608014062303,0.45634477508420984,-0.6161569798305933,-34.80930925304354,0.041674341171598094,99.1898232862044,101.99148961409409
-48.42907824938222,-0.99274690028401,1.177808322537667,-16.345071541588855,-0.9736816624438487,110.21042843547144,114.29224684017585
-65.01125315520424,2.0228922239221343,3.68990511195296,-14.94732830604931,1.1692012822402436,115.80236051307551,106.77843402819853
25.186751012751824,0.6615265804695541,1.5150363737330677,30.75260669112203,-0.9026844732920716,241.76784469477005,237.068253056121
54.26613737804001,2.1480895291608437,1.1636960542800303,-1.1335163112122193,-0.34540697458787534,238.22527182598407,235.9540165470163
39.58990810755349,4.594744636268155,3.0359683796166825,33.376362370201974,2.527560352734112,279.77836636650466,262.9795607177108
53.84849918620152,2.3678105286297986,-0.219365753795722,19.185218993960287,-0.7223212082610805,252.8036604100688,254.31485861807053
-32.626228614773375,1.4778240952641524,0.39606794270874196,4.885609133469367,0.8367696220948345,167.22318290163932,154.8250590501005
14.208080436493844,-1.401804421633939,0.12217606023639256,-16.558512402351628,-2.1355024258392636,163.02463595466494,174.08945411824072
-5.059590376546002,2.75911288590761,-3.509132917915712,-24.316848565511833,0.23250859559932277,150.53854240402833,149.96106649287066
15.861789083920048,-0.9611729808745885,-3.2457675382517306,-14.794466873624112,-2.60228819436755,166.69040461877503,174.11311036813765
33.69556267784299,0.09117795370158387,1.5528286889280554,28.95626677821734,-0.5093797486420962,239.4306771992527,243.64147322138462
0.2587707234126078,1.0381825256765937,0.6994594838976648,-15.767375470237242,-1.1074495051065694,164.45855988019477,164.97660462897798
16.971514921430433,0.3374552267847444,3.261054105702193,-15.554554087307245,-1.8669396158722102,183.709585752567,183.00354742207378
-2.2722292258276684,1.3129318873634754,2.4769469701592355,13.4782579450348,2.348938569440077,212.39632108968544,197.19986301750555
68.52188816616011,3.7606286472487582,2.8559837635109693,25.64287564974714,1.4560770991630743,293.7477782180581,282.09247019716395
-17.7641293083005,-1.139424123036367,5.140499285918698,-1.8947269415040706,-0.591819275690259,162.63713507762952,163.6054165087233
-3.8648192672323356,0.49058221947684094,0.5099467843651996,17.098377772312983,1.0818573910290257,199.647181211082,195.17096177128784
-14.00614365250568,2.963654145488793,11.336924136590099,-13.17500494114889,0.9672772699236994,177.6858898867628,167.94172382968395
59.86392896501623,1.8229820795436944,3.6976583156105063,5.639837454825421,0.5048619970589344,254.5458011769078,251.3842856833893
64.97524646478615,-1.4276598965317953,1.9296478661983814,16.22118034425932,-0.3205519504692899,265.3512693167015,261.23287969957727
31.17484019559257,0.6054531189655558,4.4464388717655785,3.0106722622865805,1.3166512638019272,227.55453875749973,220.4090725837481
-3.7707424719801894,1.9260499734334071,-0.3042730515557538,47.38241133815365,0.8331461853546385,231.6824839978193,225.9216088447422
65.0746096965835,1.2750552589154065,1.6120533177321381,22.6903215553652,0.6665671587250293,271.8035389121328,271.1736238586565
18.061903709979816,0.12782520148502988,4.802630031692494,-47.802480657905,-0.5918494631562634,153.91265685089718,154.45304569343207
63.11491947826804,0.5469097508635463,4.652623001145279,4.724846037745814,-0.3584235596288399,259.5810489075203,252.53589157972885
-78.16003347853619,0.4024487962227353,-4.2992015409911595,-31.038879378097736,-0.7752474460994394,64.90280148244716,65.98410382383422
-68.31274361032936,1.056050191965574,0.420144040110395,-18.592245337767043,0.21988282841966628,97.80865116501953,94.64610498373361
-19.095004906396294,-0.2793862131594705,-1.3239537148524678,-16.846315305200697,1.0916903760008847,146.12102634362392,143.40204710772764
24.92016801784541,0.6706912922528736,2.623293696280649,25.669596030571483,0.06633258583572876,226.16094843867265,233.80509849412346
-33.69515186949598,0.38648657869636976,2.283521956924241,-5.050487806706584,-0.5876348090427657,142.6505501125095,143.19175092171238
3.0952837224335505,1.2771120021457623,-0.10743154647338593,-10.44478785863632,1.2819875752354504,178.91112663233406,174.95718076604135
-44.69094625262186,0.06419084578321757,-1.3722337188546008,-10.454710380392033,0.2707756568925981,119.79378885128727,123.672093022143
-94.40964360673338,-0.12381361222724376,-3.2654243657721587,-28.317146712442995,-2.0840946342166164,41.39649565427128,51.65489393994457
41.02838275653452,0.9482244283499,2.3260316918897965,-10.39597873367224,-0.25275764500102577,212.2082184808355,213.50891936943702
-28.91373755644,-0.7869836038836217,1.4944436975085977,3.1105512900987384,2.4821984812404496,159.17114738509292,157.24148917986085
45.2645881087695,1.1929842936655004,-1.0337576281025087,19.49137666118684,-3.45774330791538,228.1387381135796,241.31246499894016
-49.18043698682026,-2.940767425083005,-2.2236209870827324,-14.843539081775697,-0.9831950511042752,100.37300254004558,109.68345733947092
-19.944009915094636,0.5607985750663866,-2.597988858008541,-25.453912726166084,2.396263667829587,141.5869159780847,134.816167614964
-24.533538640164704,0.8928329589821234,-7.689490527528521,41.00681386289545,-0.6899096585917543,193.58503738408,188.84172486692998
-51.22650712716808,-1.5013126560285484,-0.6715979315038405,5.416751667295382,-0.15013950761088035,133.34139536923834,131.72221131631989
7.1243837729009405,-0.440898404492815,-0.7338096029497243,-54.2424592431812,-0.7689905083747571,118.25342271985726,130.79324288523802
-9.00177258021324,1.3062564517219206,-1.354428152523549,-29.706065304246284,-0.3954049493263556,145.87558505922317,140.70360233674933
-13.260854012854573,2.160067306086749,-0.21355051857882978,-11.144668764447124,3.24639036107556,177.38131844255798,160.64240124261752
27.223691161268846,-0.42208596858029634,0.6260782419115425,24.665191207277015,-0.47177608566632007,222.4693688844132,231.4761154275465
51.53207803115905,0.5735372781951773,-7.832060128861665,26.371817091418958,0.4841243900081282,251.44814877717823,250.98451353325632
-10.857730675756118,-0.7335841362185129,-6.6238800165726675,10.508667957926829,-0.24194628098414311,161.74342802319603,171.9065437197324
58.672643173353215,1.4275473529344254,3.2288683693420905,15.197012201573596,2.0144371784698696,263.8540956509942,260.39552514700875
46.71068255096924,-0.34938690543828127,-0.975442979386402,21.39472931168667,-0.4218257123071256,218.86727605647,246.213773136861
-11.00594822750873,0.5118169252083572,-2.6468747883047654,-6.595443386834527,0.5369184566573865,163.22307752230384,160.6554858505542
-51.286031297221896,1.7824719289472464,2.6971996667090057,-26.44171013822542,1.6220124880637272,115.96513041456016,108.22895951960916
15.458686338686295,1.0357345727785892,-4.2239319706928,-26.32421367196008,-2.7986891253141892,155.96033910993333,163.00260301483442
-44.7639804370309,2.7028080130107384,-0.6311939994426623,-24.218234393264947,1.5166962132305195,128.66013213483365,114.4611122678386
-33.115878133410604,-0.4411022371120141,-6.359943937187437,-22.600159713309825,-1.0710613264184252,106.87883284319136,116.26687152389883
-15.919399140755733,-0.28542876239847564,-2.455828982364257,-43.94025648038383,-0.8071289169995934,114.58427750445996,116.44697458843346
51.54336259594979,-0.11472117100281767,-0.00954149268987465,6.495024828801612,0.13241006727224597,248.86342756036868,237.90155169966684
27.87764460020447,2.776646157431274,3.5835295428539515,32.39025568460265,1.205550085946871,253.58211452728372,247.68864294237798
61.59834134937789,1.4523194068404586,1.5009835957441593,10.893238603805843,-0.09504072940173391,265.8018303251197,255.20485909770284
61.61275104712752,-0.5143649398511677,2.320480972107843,24.004151835247963,1.2800952107268264,273.49527984111404,268.5581309966945
22.086777033181814,-0.9238480769178653,0.25922389519944905,29.335517668877678,0.15899981191311788,217.67522352783976,230.7716872035906
91.17969881528676,2.671884823400842,5.297588870010348,26.256131407044943,3.5412766274792866,332.8401085910376,308.80159741455407
18.817138390206196,2.1732437674050904,-0.4680645186804699,-21.00512792160301,0.2328481138161973,177.44675831420233,179.60505470247955
-12.786774386107671,1.1909585318435616,-2.6483666637475407,10.54022733959848,1.9072702070225112,184.0146294374601,178.05833189994556
-11.128917518950045,-1.1603600549995527,0.2451499390487059,5.767934674628523,-2.0645878155578687,165.1460288747569,171.51423609550625
53.86738278808703,0.812544555130582,0.24580122093159568,23.525844033454856,0.9804317824993193,261.7564257473096,259.2870212514405
-67.2825763162175,0.8754967977121292,0.6226627481415782,-17.81581447187157,0.28597165637622113,99.68779020052423,96.54075728547838
61.27953371275054,0.536653069213742,1.3699623744077287,21.998188575145758,0.1818152900983768,273.94396556430894,265.2211698929519
-52.493236226886545,3.57931232511327,4.507513484617265,-18.864984680180005,0.8970114707339819,123.0262504768166,117.48063324473495
21.05160153083221,1.2544526650376022,1.9658075267044761,-41.85296455288322,0.4688778010436199,172.32944422156152,162.74279184207174
31.970661333813016,0.1347444653574082,5.201972674399435,33.08454815602058,1.1345595899292826,263.53828521312795,251.38150309085646
-27.021773608753932,0.4317558741694859,-2.0004897878916017,-34.15617263708353,0.49026254342429537,118.1921527655018,117.59859925520273
-12.021523733217771,-1.6362784484128663,5.320442892827146,-11.065049616376447,0.6341477159237516,161.20542408304922,161.08675568207886
-28.34446339496427,-0.4578433899132285,4.645993476351638,1.758770649769384,0.05950287689134254,164.279310532955,157.5169770894716
-57.05168366892247,0.3567250662838077,0.6508589684155334,-32.52651876354109,-2.4323469866320373,83.77494845004387,88.85205148693959
-11.896156132293076,1.0164064201411391,-1.5733088254239154,-39.13830482169448,0.5114784666197136,137.09088084280188,128.77513197868598
34.85686067170979,2.0256453124535607,2.4160530755828797,37.26074865184646,1.8835375763987068,277.0117266778123,258.2978621593285
-51.838101330729174,0.1564145203505606,0.3228335273372539,-13.64851674547992,-0.4707131755213202,113.56340625495348,114.37693366729337
-74.71271233884744,0.33130917514521596,1.7720081698155683,-16.756523354246497,-0.9620585991102236,88.03967777344332,89.52703992409211
-55.362281854413325,-0.3438756578109042,0.8270789440743467,-25.977260929173145,-0.37958459185837673,103.66926514211674,98.61909278215659
16.638721473789982,0.19447824365185337,0.027776144835276705,-52.6657540609779,-1.7407288064602242,141.90535737397968,142.3095098661738
-17.72887455198799,-0.27122671752574407,-0.3668367839624194,-15.986052322383987,0.6480323256732089,143.68905017531554,146.15005882114937
66.94108215835303,1.7851727185154014,2.8543639277211947,0.9007408822248102,1.451547795700232,259.86747725781487,253.78792435385026
-34.4940257077201,-1.539143164283138,-3.7223792432265217,-6.856349183524878,2.3234235642696284,132.5172456184273,135.56654313685166
-19.53395566885753,-1.3094327589739008,-3.404293539999478,-35.42141948627781,-0.92950076068943,114.8928500979274,119.25641465653877
-11.080938845287804,-1.3508901449299409,2.2951866743883724,30.0415975312451,0.1398976834036412,183.70525235614437,199.89986977015585
31.339276336316097,0.5168288515012548,0.19219952069552268,34.737244713012885,-0.24058795904974808,239.2436495814817,246.3999783338132
-8.328179999946169,0.6528220737348901,-1.1888625566662545,26.375451874752986,1.8224207749884462,208.19065860997767,199.18866903820123
60.465004068525026,-0.6758272473100416,0.8287322273795612,18.398191266676193,0.3334225026552899,258.0620136117997,259.2045396892616
22.947364860505655,0.2114610269673714,1.239156113537024,-26.744425785786987,1.9943033283051115,190.85181329036956,179.50287641486514
46.377547850149966,0.5486298815051447,2.844462611131369,25.008047526716545,-2.1572302406261796,258.78626666700035,252.47647450021302
-26.07853444148367,2.2044245298431218,3.607637231949592,-23.084748137413737,2.0060146885547603,149.5614538589585,138.5098107427874
39.94454436295313,-0.7801336810776273,-0.4350284286466023,-10.24718758027564,-0.20755232553417585,211.1334375750104,208.12965921875622
33.18905761551148,1.4242766977707093,2.532675907823197,-1.2179067401737702,0.4880875962009045,215.24030950717835,216.27120794846903
-53.24215221400377,0.0013466921843560305,0.566432379096273,-12.927011387363113,-0.8496371952098306,112.6512753793808,113.40399514603934
69.06070869558016,0.8296207516744548,0.23119650448697995,15.651496211741954,0.7734351353988856,270.18499229106635,266.4014741702178
27.724196350290008,-1.3067549137590702,-0.6003053642225694,25.872409050116648,-0.7708765446527421,223.10083995741928,230.77368544910868
54.20364344924204,1.0237362514365869,2.5199471522070347,23.510092323257304,1.9608458091271528,272.3069796780881,263.0732818566055
13.729215149894168,-2.1731728851969074,-3.444341186589188,-29.785487331376217,-4.215225275119862,140.05275434871874,153.966005342948
-63.06921080068199,-0.5702061304460422,0.6084301446134941,-31.618537518481254,-0.35318279241437495,85.90465582683434,84.85230977392746
-35.99759450827539,-0.46913446519156216,-4.308740522743909,-7.584635235136842,-1.5861413826384236,127.02623968323483,129.9087707573504
44.24221147930478,0.5635290798821225,-1.1894976953155834,25.687371305174032,-0.5716561419273919,245.9995068931648,248.58697489845557
-5.550486514451016,-0.46522603530773954,-4.759806779793942,-46.91111821662564,-0.8508496567612557,114.13243817856224,121.317529668396
-18.99590482715813,-2.111426179603864,-2.1291876430486805,-45.44425584286446,-1.429101977723313,103.63525418882216,109.7451404009382
-25.075224977612102,-1.8868264711659126,-4.8208224325647695,-13.975789049639685,-1.7416978721380236,119.58332127803104,132.3546560682159
67.13998812149606,1.9893237658476806,3.4112312275242576,26.213114371369667,1.3121549163050727,292.3306007043756,279.9208292738787
-65.61572590906462,1.8646366069170701,1.9980698118211857,-33.32021144923887,0.10307670607395668,88.96075624418158,84.88486263784588
-16.557003572569464,1.6911720000049268,-1.4484552183100645,-32.29689784975811,1.7851106592669486,138.07099365901394,133.02894288997072
33.50329055827471,1.1289156810668808,2.3945593754006262,3.468883240549942,0.3985216982776937,221.2724961547085,220.74918742490635
-89.91978197559385,3.444251939521456,3.186703496496427,-26.236475323231204,-0.2967398182080791,71.33648996720068,70.03297519032103
43.18210163632352,-4.009612129786981,-2.460987097547761,19.912773145229778,-3.722495727867393,211.3709460577389,232.75679669768763
30.786258602229122,0.3804486389227737,0.6698368708420729,29.921937786240957,-0.5864240044333647,235.72585414725563,241.02707476513834
67.07879219898427,0.2767790466184237,1.5999930617209137,23.78254218908265,1.0734728872665613,288.0554693738705,273.66659625500733
-36.837020740976754,-0.381372607604338,-4.72131003722911,-10.171534493049743,-1.717056975924041,124.18392171623609,126.02672201655334
-49.81799284631388,0.27730456134169795,2.4013523870378273,-32.006583112909176,-0.6661482357130382,100.55988616608492,100.04294962477998
-56.30494855694771,-0.4792341261114547,0.16207338674405503,-11.807571997107434,0.564116711471794,113.98927202807738,111.98945228938663
-61.25985569412507,1.5919390972559544,4.869073959526592,-29.926467637577723,0.3072555348259051,98.18768450439406,95.43696213124207
-75.83859237557374,0.2586215521292306,-7.21889997673134,-16.170016228948437,-0.2773268804174661,72.51063693200817,80.60880296179435
62.0897376768295,1.714624906883176,-0.7997059481969372,20.455445113228937,1.1633903444293765,272.88627031756374,264.4785089645101
-10.55609117158089,0.570621375779408,3.4156117730306796,-12.206636763415826,-1.2236708428077117,154.2421015190894,159.85485124234134
58.24230236010493,3.295626283137117,2.582747931271591,25.885514079733344,2.827083454511024,279.98076888769856,272.6882909800938
45.66997121170713,0.09350558132976756,2.6659643197023786,27.291508548350944,1.4382338393346736,262.4223962402277,257.01420037176086
-9.805640072253349,-0.22789006658948352,-1.2584394218114854,-32.040314017205766,0.3908514868138575,135.82717523024166,136.91358478029125
42.51978717922908,0.6109181655140787,1.5141747632951752,19.602991386568714,0.36989888498180595,243.1241829173612,244.4727872509244
59.32868102778952,1.328621172324436,-0.21332826384135187,12.747898442012534,2.5258173610588575,255.0878012385481,255.57270661068043
41.53673137999614,-0.8096952181419418,-0.2274622820525963,21.12016821766111,-4.366893368679673,221.1123614426457,237.10786560012036
-89.79671622823597,-0.4943053342089625,-3.7878952952769325,-25.344527463774316,-0.41092212188148414,64.34921484479648,60.020650427959154
-28.596947799509557,0.23947665319876038,2.0297870899198767,-20.820155242365747,0.8478925541013544,136.2454833596764,133.5550701266818
-19.86642651791411,-0.6374424123195052,-0.8476382092211915,-29.100489411899794,-0.6790815206551776,120.85385103270508,128.72393879932824
18.93422931778189,-2.2969084283448167,-1.8047736711293563,-31.72829262338595,-2.870140965195943,149.79626192749603,160.08913050106275
18.826539807216427,-0.8245269667519065,-4.56660015297379,-9.879356084883211,-1.0798304369008445,181.46028237169415,182.33124303704258
47.13584215594575,3.745568276744234,1.5717290705637021,26.159953260612056,0.37151392736997846,271.2167586924603,258.83962356257297
-10.879973100249948,-0.4461982177466707,0.5402160092452261,-22.796488339318017,-1.6473233558531741,132.448413487857,144.6252498674142
26.243266199310423,0.2012735019682536,2.663310975574292,26.716166568120812,1.3067434124302049,247.84075093144727,236.9857775287406
19.471946303060214,-0.2534644136620158,-3.0614671080191984,22.23468509660672,-0.0631830006799396,208.50149601555583,218.18353374864193
-33.05182550445984,-1.4751830771061112,-2.2052636248601605,-36.93385454344477,-0.0825826374846644,95.17321469028896,106.10630748398333
47.71903767592638,-0.2548443368796894,2.879412266512395,19.12055240079536,2.4314442040119757,266.6860953071188,251.75061908170187
75.18038715386703,0.048848481087475006,3.3413417781293067,21.542107856737857,-0.9838951018214802,279.9975671037628,278.9838070393339
-49.50455737007643,0.47892313095634703,-2.4068056251197185,9.030175965932278,1.1205036340661605,151.44855602544573,138.57325660709523
-30.26275772935733,1.0345478809323199,6.863524064214017,-24.21276815738789,-0.3828246204999014,135.05084980019677,132.89473830923794
-27.97780685229042,-0.4222190404474908,-4.487974586815669,-17.524098231312173,0.21933194017889074,125.09012526556644,129.66225010065023
45.089607252729095,2.8619745621195047,-0.27507384685756875,1.1448704266951908,0.5512260423085923,234.8196071738911,229.22762130833038
-27.682874215383748,-1.338641407872022,-3.715604657164133,-0.8315425480470283,-0.8840212764544585,130.48946525555496,145.40233276641533
-22.48316301423811,-0.03951579573565563,-5.3740350552743426,-2.432795864262716,-1.0975352931857725,145.16652272525903,148.42797184863932
-2.214968097075772,1.3128908628048723,3.639883034745832,16.131964431463047,-1.7332614898047616,194.06070730691937,196.99152561346872
17.0828281654672,-1.0973749250204525,-6.797073516898655,-22.104368323385913,0.09418797477651801,163.23449225558534,167.03321624627563
-24.660863996583746,1.3907963363317475,0.6917695039015288,-27.33183838138122,1.2185899640862716,140.9448764995128,131.16347029769204
-17.047803130774863,0.02940124227368596,9.26647212452069,-8.432880178936523,1.6400607656483608,173.9439510268889,165.31026769406756
24.25757807422435,3.3211101595764783,-1.704384434852609,-19.624774846055544,1.4680978396964015,196.31492322272723,187.57264366392587
-45.29994831723953,1.0213105210701776,8.259575615156418,-8.096942971549094,2.295291930576185,151.1950884932477,138.03430364935167
-11.451995547769052,-0.2842066618047833,-1.1977216274454514,-14.408263510652153,-1.0424310561733947,146.7625234936373,151.47039846749132
-42.155444388893294,-0.4533498077238592,-2.801990603178433,-28.924233717514646,-0.6072045444671536,101.19650386832916,104.91279380956117
48.39220765724242,2.16230177094141,1.5894227755174992,-2.456320187709191,1.933394212089187,241.486639759244,231.47602309941692
34.27043627313753,1.3575124627470727,2.237191131811191,29.386111605132438,-0.7380151590223546,250.2721389559013,246.36825318514366
-59.12775719028798,0.7128083714589122,6.1508848871803865,-11.93255911431251,0.09566414863830572,117.90846562560957,115.7540579740145
-5.679028201947553,0.2206424886221228,2.4200101460823276,41.46289338423099,-2.82950735744504,214.5018478534317,215.4500273308787
16.987671766380817,1.2313373940227137,-1.2658846873054797,-23.116642823366895,-1.0559817640466518,167.12196411047762,172.63551675701947
-105.0673651324442,-1.260211765669426,-5.09519432345595,-27.02196436403403,-1.6355921204867285,28.084969732449224,39.77468916524437
-11.9546560886262,-0.9148489196572779,2.4071112885665977,-8.971328517731871,-1.5637153638143906,150.40815454906812,158.85757927007327
-52.31588765159333,0.7466311899051817,-5.014691832338696,-12.778117905889133,-2.4685805230211404,99.59838104235102,108.02437014839843
56.05657297508138,0.874443419786084,3.444662708966856,13.612615264726635,-0.6013024866953317,254.0519244200601,253.24200875320045
-53.36615584236506,0.5356563660265723,2.8363970879996834,-9.88412668432363,-0.40925677028806395,121.7087013869882,119.5675310283862
-27.168918644831002,-0.1475615395033034,-1.3405800273859079,-30.119209390125924,-0.4880911789517836,116.28900684102584,120.59065609053994
-21.13613509821792,0.4028997642919721,-0.7463603016150248,-34.22001599171694,2.538373109165846,128.13512996400038,126.69377835324481
-20.943661654585558,-0.8024395296113302,1.5839025622823664,-21.376256760663697,-2.5824954916154734,121.59030297383914,135.73406599714386
31.497958525432985,-0.45420024637353623,-0.45242381919825375,4.943702566998443,0.13602112637981198,219.7569713585384,215.5260750245763
-25.251155049442538,-0.9330789339640428,-0.31374013380665017,17.289327933170657,-1.4389854447700632,162.09242498640415,169.20738524252408
51.659270295000724,0.8715925404518015,-0.4196075068842254,17.207846224862962,-1.1167945287437828,243.02706740681515,248.0573238960234
33.50404190038556,2.22826276066904,0.5155519930924722,28.650134362797786,1.6455381153485205,258.1385595637326,246.39854600363057
77.11564479720202,1.2243663530611444,-3.1447108266527173,23.63987031758994,-1.6695522038362,280.2905142858731,277.02063530869793
-35.02163238168382,-2.3696915057957,-1.5800250962720563,-22.748555068403356,-1.29041251940198,109.57022442153492,116.84470029977989
48.283079004871325,0.7849255753625468,0.9694893291082838,26.87954949125359,-0.8384949178756733,267.9734244485848,255.93356535405704
-24.414188664860756,0.3957261597363387,-2.235636887026203,-29.864589122791934,-1.0967909808103633,122.3918634301811,122.63953737558477
42.62331046041028,0.3214002899524376,-1.0528581582576384,-14.667972664427529,-1.6556287452222582,200.24633623584003,205.4232680537902
28.566880171277692,0.4225816439217003,1.7883765362353983,26.29210934324204,0.14296654783598578,236.6437923446263,237.06793111385022
71.69765047596097,-0.9085567470671242,0.3645343170012964,23.13749645960084,-0.7879445952264877,268.84184732860643,273.35819678160334
-52.313039293727094,0.17226408648614397,-4.7603294078337415,-31.268248262699387,1.0083289280277277,100.79501192046702,92.69399292158926
-50.55350451545684,-0.9793461470554599,-6.774168100698683,-28.769359853840275,-0.536277542315537,80.59652514143018,92.24236071197038
-40.25441345863593,-0.5938367630856407,-1.269352942420887,-19.807615577497543,-1.359662086944325,107.3894957610947,116.57013604275231
81.5915467958565,1.3406608468462544,4.383857359648042,27.778227987295644,3.245947933613089,320.85847720781703,298.19525779459445
52.984269167988955,1.2191355623744413,-0.2154192608285263,-33.47924574652428,-0.218104558593125,200.4407632684129,200.1456520357547
-51.30045101479561,-1.1054079604403675,-9.342756288769495,-15.095288994536398,-0.15042305099258552,98.41203986116788,102.86068956180185
-37.94583912984995,1.0954435048635296,-2.9692392725297703,-28.993015300269725,0.8117738755397459,117.32731082798622,111.85414054909207
0.9830405004175757,-0.9385404570658983,3.943629906902868,-14.684462719638145,0.29341248040870216,169.24147323056138,169.4520965823615
-24.721870539764247,0.6952334524110668,-1.365809327519058,-40.51986699802915,-2.501573948840391,108.45177301672337,111.44112950959301
51.23803003958667,3.219034368532829,0.9176127281793118,25.61612562906017,-0.4977242403454192,259.6100330230808,260.34809539634995
-22.83369711381296,-0.08536866295527237,-4.100619885753113,10.457670970450751,-0.14920948579492344,161.8534571335916,163.14379269347086
-6.804037086014977,-0.8978690365963277,2.572765002668097,3.9758798916471263,0.4610228495539155,176.77053693279288,179.1627784925939
-15.045920938873664,-1.1148705646918087,-3.7187651105396187,-17.96060715198265,-1.1631538879217154,136.61502825588198,140.85169921732654
-60.32480809659637,1.0965766356843245,0.9131648468917339,-36.92489520900309,-1.1940608813293818,84.02002013836714,83.42099416698295
45.87543044321813,0.7796795087605519,1.3703715172200295,15.27383887336504,-2.1680175277318443,234.29015162880495,240.9863196861673
37.586720151098596,0.6250090116682824,1.0781381368785172,30.562250535682047,-0.020383208677835205,256.50014956673374,249.6867514979871
20.519144308148046,0.6522262958519305,2.4639299459938226,-44.67102735751604,-0.783047062536217,158.43355418845388,158.03624300127868
64.42107459887933,2.2474725585891275,3.842405037074623,20.463940170704692,0.31579047905911023,276.0525242483656,271.1456997156415
-26.790003708028067,-1.8824428361672714,-3.2621624662789848,-12.622853382953895,-0.7285492774837812,126.55146456295836,134.56900520042456
-64.90466098464692,-0.20580651650642326,-0.37374085443680355,-31.027270266300402,-0.9014409326399079,79.49600224896993,82.4420973168062
11.433977984258902,-1.6844259723660502,0.9999901960109322,-16.84551268440152,-0.7056970482466998,162.483278930813,173.05334934659146
-16.7461169000773,1.5590973869988867,1.6625856288286271,-29.065383031178744,1.2086205234276806,143.29128212375514,138.47382047933624
-22.690859270160054,-0.5950992424307526,6.669841087850515,-19.711053649632138,-0.07561873491155108,144.20541775584297,143.45222706205274
-1.6140707526345741,-0.47753866317891014,3.7035430753245047,-35.03584586658603,0.5319652384878145,150.30971622344322,146.96306990275
-52.24428094160959,0.2646490398626574,-0.6105968486909535,-20.529722892439192,-0.028024086604018957,104.67016465871112,106.70704114185516
-24.73417249955508,-0.850566497450934,0.07606728325814302,-19.695028835800127,0.26294393689664836,135.75347868815484,134.91426025868557
-20.332206242109454,0.7366184929740834,3.3079019539881784,20.80021432693103,-0.5945280255219839,181.33471867336004,183.77301737759834
-12.225954962252006,0.998419295203501,6.892043867098091,-25.572008548499156,0.6205433750569613,158.56759550698155,150.56805989794464
-66.84361756104032,1.3336068081808077,1.1141102057985373,-19.934418458164718,0.459058247952586,98.18544255727645,95.98375611406442
-34.87906058135196,0.3566257255360893,5.255440170616001,5.93854813245659,-1.3370944494184356,146.66349915478503,155.18947586917398
-29.477697026120055,0.2784514947217489,-0.14836117839324173,-0.8623643236478995,-0.5505682874962311,144.68718230534154,149.09447755040037
41.910395463584685,-1.539048870362204,-14.25284425598793,10.695440290854902,-1.2784079498717607,190.43592219049384,215.39055154955494
-15.349242413469417,-1.6783587965760873,0.5853440780939994,-33.018992431618834,-0.9697818244019888,126.728856031463,129.42398548336487
61.43638621932674,1.1943109959346143,0.06913357308612658,24.00984102635739,-3.1231750525179724,261.22871965053844,263.441513633523
-35.397127733216166,-0.30994819183883376,-2.1563692926848996,-32.39919621182799,0.5452200196493873,111.7151812111623,110.13759546141851
82.80007822036895,2.4143094342906077,3.075394134622854,24.900784267442575,-0.5161203241400856,296.0641679424741,292.5294626039203
-93.76974266056483,2.527104823268406,2.8127334256587444,-27.43149276220685,0.480590392048157,73.45217562148618,64.47421008953985
-47.76441145321134,2.3265662845022965,4.121039612157677,-19.825150796858367,0.8946654269801638,128.65474527822013,119.60772594490759
48.325571670506584,0.7533474372773777,2.345794302123541,20.061962853100763,0.15622512590890233,253.47845112427615,251.497918260253
-68.18706919097302,1.248960717246693,-4.179148061050142,-24.72623800791058,0.18613912694671822,90.08949942563603,84.19766145559528
-98.35742938787563,-0.4558175489636135,-3.9779537380950822,-19.120611951138056,-0.18963065981554855,54.73644485576309,57.753573585448436
-5.795207732033933,0.09738502746036432,-0.4011322429599232,-8.32745614712953,0.900555709051192,177.80066965601583,166.329161485724
-15.644637215016909,-0.49450187444174765,-2.9687324997002356,-19.176438600417086,-0.5808611850873673,137.10626465619487,140.98984549667273
62.04287892000903,-0.33762448499255815,1.6885466536879379,19.444808346215517,-0.8781724417560208,255.67214303563424,261.8154538644987
33.124819969455885,-0.5625184969918503,-1.4585503409427651,28.504506393777373,-0.5130772698877263,225.40336528402892,238.95019712674792
-49.566934157961974,-0.16211402947649745,0.43724321192693216,-34.00563259414816,-0.48564862305224105,93.82536319751578,96.07193067862319
-23.215505313937587,0.18215013709872174,-5.490315842606081,-31.626502897118737,0.2015257818006136,116.96194755791288,119.90636873657459
-92.34606563633167,0.747740408217153,2.05894122051208,-26.888809349652064,5.5737274087139745,81.81474065563586,69.00055092279607
44.418341224367474,0.9758760182135765,-0.5364686057191699,-5.0905352909468355,-0.46009388877119917,214.55390172305127,219.16213632848044
5.503008054338179,1.5251777374732127,3.323821681808434,35.41081330363976,3.3064235950358136,243.01142228524563,228.92426124363115
30.268490259607738,0.6773694094055857,-3.2349296487507835,-12.670243913867328,1.799928432072394,198.15797204669812,196.69563140980404
26.185256995683346,-0.7327519828458297,-2.2288941100743056,-16.95773948918022,1.3808015354412344,183.7674033284348,187.50168982035947
67.63766106976072,1.7427863208414875,0.5764763916405788,-9.42506778914057,0.9196387833165927,260.070616342934,241.30651164775446
30.120354803410407,0.40243633776528065,1.521172880824927,29.91427838660037,-0.180831234379511,239.74724485767484,241.63242804555756
39.75367445848053,-0.7309534412845089,-1.6203489341653508,10.205537293046358,-1.3592650487850042,223.40544748808423,226.10366119862869
20.047907006744545,-3.493023112872876,-4.1321879726936,-2.701742478819195,-1.4330370553166552,175.05174039686642,188.14293325837855
-19.72310938830341,2.1481908084491264,-1.8805992288589286,-37.76414938882923,0.47342122632898703,123.59788173216266,123.1087709001228
21.242576541731893,0.869953477987198,-2.527418813768178,30.65189493246052,-0.05868355457376876,233.3806116343974,230.03333945517375
-115.69086741313248,-1.2275306876099739,-7.062489000125738,-28.852682757913296,-1.565946867230859,14.081034129383056,25.455500145322038
-75.73895842392952,-0.14722698136850867,-2.9314957103526975,-30.112483025627075,-1.2469639071993142,62.05123460696558,69.67788882285959
-31.134229517333004,0.2369834302098175,-1.2818568880151633,-22.800995939310322,0.11720437720109865,125.90193481279314,124.99212233408988
-0.18027922364889085,1.1286517232397815,1.6324663007801605,-29.67603137467411,2.924583292666499,154.5441297299869,155.68440758970135
-78.95577083276493,-1.8728015664558606,-2.490544627215982,-31.615520866336638,-1.37297555711897,54.99131433316816,63.54740342144426
41.19070541934144,-0.7485315753895754,1.8387409860942912,17.2038020003438,0.010022349332044532,232.3930021735625,239.3497560510577
38.91471809902545,0.09999035538637148,2.7571665282436775,6.734413949111067,-0.7059896252411388,226.6430920204089,227.65531617786147
48.880414588525966,0.1893841900952047,-0.469711423866372,23.759533962278947,-0.09981607115724524,241.52683033632695,252.11482211721233
-47.087149009520054,0.017471062321654546,1.4069293446613307,-20.335916297431357,0.43360888967619193,124.79703305142604,114.28996086104372
25.338492496906692,-1.447627050579129,-0.015204702738472235,-11.613834808528583,-0.10070784820661964,186.97640227161705,192.01613495818896
48.16047131849245,-0.4629247151938955,0.8513400365764027,27.41586243023838,2.3875814101121926,267.9963713193099,258.2073473515617
5.196869023621281,-2.0268061479336303,-4.294395702089058,-34.0815166139474,-2.906382856180645,131.03309808907116,141.74278457480733
70.9117710863621,-0.07725388256913404,1.7607442155980355,17.257466054571676,0.3124443950484791,275.61560444057955,270.0201887403461
28.92114537404819,-0.012333800665128325,2.9570348770217443,20.102878529995596,-0.03006636891211751,230.117511937723,231.79367548282508
-6.216652775522305,1.1073525251926921,-4.214110037258053,-18.68173785864992,2.5301372335437717,163.2243850426083,154.3800059586427
-14.21827709004603,0.5469464482241616,-2.685573503372889,20.67720706288485,0.27839297606474045,194.60679710112865,184.4537127650917
62.09549339079862,0.545844995666795,0.8597461426575206,22.260488405973607,1.4260893338135663,266.98547463916447,267.04267914024575
-34.44333543492216,-0.6600079970215715,-2.208452962057855,-39.0244155343099,-3.678348232284432,89.96781900091341,99.84045671074144
44.27576563534641,-0.2426818934937445,1.1066206374780703,24.498221613717234,-1.1763682451945043,236.18119462146748,248.31657461918846
-64.4301112904677,0.40850497537581437,-10.253937881368952,-35.15226710512051,-1.3742789605466033,62.41399469200551,69.05292660920692
59.04423489525465,-2.56492667643977,1.204021119355659,19.092048970034632,-0.8347705142405745,250.64815166860643,255.7956246653
-17.730203925386235,0.3660104825055921,-2.338497950563019,-16.15680929816405,-1.8795825708037752,139.1703343262989,142.11593360892485
75.8640941951016,1.0612465079824953,1.7985265600059501,19.475150671610287,1.33836327657449,286.1842306220477,279.3923980826075
-18.748426219125385,-1.6551581318540334,-1.6463338775071001,1.9331879848216935,0.1206567322493586,152.3062668188586,159.8589433599202
-28.5151683036044,-0.6633220940982413,-3.6330939001479083,-15.051897892014612,-2.415382386163123,121.63469838928208,129.57615229530836
-54.56502762468375,1.9422461006508516,5.531222441863176,-30.05266666461377,2.3497646876955525,122.53159188230372,105.0605558122481
26.342370710889345,1.8591264494567792,0.029801065496709748,4.58248622133029,1.5352469813773932,224.09844599512303,214.20404829988533
20.543584561187156,-1.6385801075105448,-1.02090812044956,24.827572805033384,-1.030601572535564,205.19921635599223,221.53608443706088
29.645325366074797,-1.58892660360972,-2.01525516799044,-7.459405335752996,-0.0040612162509508125,200.85175750478396,198.4326939138073
-5.776073540754783,0.12292046753699769,4.673555255580262,16.079646527391088,0.8961741916069837,203.2926974787592,195.8512397726967
-17.365320373153864,-1.771818589679046,-4.357404968573612,10.664299710268532,-1.460283366369296,150.7628609779185,165.56448928382852
26.299188797704673,0.5948395643469978,-1.8304755370389278,33.643313201471315,0.47521977816177735,249.1096800568751,239.03710267598268
-63.69300304496537,1.0438917802758676,-5.887569865762415,-26.57873321497293,0.8663357252227177,86.66403849065041,85.60593825113303
47.45864791657669,3.1280410334599833,1.3458099289162744,24.977393042860395,-0.5501988879660781,262.19561271415813,256.21470990518424
20.193067518669498,0.5567538052730265,0.819974869500439,-43.42652238416686,-1.7930393655957984,159.688008709982,156.2052513150162
31.984809893158452,0.5055405092175502,-0.16272877553555992,31.454680615167497,0.5693792004202878,252.64246150480264,244.20669831376514
61.62987269445031,1.3492772688688741,1.4002564412171792,24.15589006944422,2.021496454914985,284.25279617178944,270.4118098002323
-57.00302982640507,0.018278107305397744,-9.227460147165404,-34.78808715677493,-0.7873586015732927,78.23775509315105,78.06735924672282
-90.3096296349307,-1.5634105037072146,2.8039156344279,-27.97794447414327,0.38743580003620004,62.936994619066624,63.195383693018954
48.08440893318295,0.0683673930534957,0.3980297993973204,21.949335903095797,-2.4461916276009776,234.072027063341,247.90896727246465
-30.28616203750571,0.8668468272642949,3.6916063169910096,-28.96074167084852,0.043754254144913594,126.2643591889103,125.21032056138321
-11.209349103108343,-1.218518325290377,-6.498715398459423,36.430986872577286,-1.532249894209849,188.47891139432733,195.82717102284607
-3.8727419167425263,1.5659837199419153,0.619291902830639,4.440738860413,1.250655355889385,194.5994072209572,183.8589447936687
23.09828633149003,-0.7277771398513695,0.5858465924905876,-2.973941179557592,-0.8838568822335828,188.2543648912271,198.95357459367395
39.02209467248286,0.23612036555156724,1.0720044850230444,27.09688885204248,0.17207888844978367,250.23702285655096,247.4542041348873
-24.12435957031612,0.45802467469552216,-0.49484305259547096,-37.309079147156176,-1.3295597243586588,121.10289492191131,117.05520005160577
46.927375037964374,1.6558363772055174,3.0959506136017634,-0.9566709139072679,1.5042877993732147,242.28902149965572,232.08179578557295
-22.88701145784912,0.05633620861479937,-7.164579684324827,17.807466949114765,-0.8967354593070923,157.66693698899212,166.77049342758554
20.41766518171973,0.3155847156991281,0.12321967513701973,-0.7128103565761671,-0.9207360162785282,195.18699556539724,199.0779400710365
61.204857548330025,-2.044732654575844,0.24811782135437718,-0.3539650193146156,-1.135610247949768,226.63007350618744,237.77368431917918
46.039999502327326,0.21613716864705013,0.5304685680087049,24.13370539589774,-1.7096166263538684,244.9762027538825,249.0657108798633
36.0352837166574,2.186457959987642,-1.1973527864530442,19.96394386938818,2.9263400646121807,249.85831553323663,239.76968969553027
-11.094994368431625,-0.5074865203391212,-4.47070027937562,11.338856372639366,-1.7362564851214592,162.02166740483193,173.38443559070794
-54.26251619039816,1.3031313017032058,0.9379938758963892,-27.808009175260764,-0.2942346204676033,102.09202312171874,99.73138206280782
-2.2391724272702467,2.0425286875419237,2.052798403960742,21.664096532340093,-0.11726176603781496,214.71936031096317,203.2580063018716
-32.39699106530064,-0.2124212957709444,-3.0559245561183603,-25.628019721793027,-0.7062853152167037,115.488187053645,117.85537491713738
-41.92676529497208,1.8067729407718351,3.7718039312498597,-19.881875064827927,-0.03158852391605502,132.91043408042165,123.59336485964235
-48.1289012254073,-2.426218906840337,-8.37246282343688,-31.53660748242935,-0.242672547800305,81.61850016386347,89.14815388542256
-16.617363508937167,-1.1532699009478868,-1.8730072310344963,-39.236325539561825,2.0834603318659797,122.0813118837562,123.05851102272034
-31.969706540262816,-0.7031330068858418,2.905949364873461,-28.22740049388279,-1.8625811538784758,106.10552752145853,119.99814504130167
55.943294963242245,1.3687227498921073,3.0556999819382082,17.845747168832176,1.307405610525401,261.6459343096366,259.375887345764
-63.81251496459202,-0.6826359207683206,2.3145740392910232,-23.204943001052428,-0.33509096358290846,97.24941027865783,94.13440606063324
24.638510425884416,-0.33675439021787756,2.8026957944464446,-14.164163952484627,1.04611523062757,188.94626308922145,193.8414199795921
53.11007638643113,0.8427679850014085,0.966005020443328,28.069388855748873,3.7261402229045704,277.0227965383059,266.5693953418655
37.51738205165084,-2.5569810991431563,-1.7114146124676828,5.822340109376937,-2.0807062597307384,199.6679684585839,216.845637061023
-53.83076300285083,0.655178886360495,7.041761030471575,-10.600634410077575,-0.3745938250094951,122.57306218052246,122.74596555023012
57.60386426771568,0.25592220934146165,-2.2168837021991377,14.496283795619265,-1.4308291958007162,241.99885740740453,248.563374246012
-69.41949396709799,1.2699689680822888,-3.3915548331227514,-31.88985211279886,-0.7854147887995081,75.5798066196517,75.6386701375985
23.68405642715325,-0.12017230703992994,2.3236333696142366,25.528652827581865,-0.15595457857061398,224.4123257731212,231.11523261007542
-42.87984560998645,4.956986699212175,5.059894424762959,-25.11914754155463,1.5005137273883529,139.41769590537166,123.37341857115923
53.433152023614,-0.5629698078786967,0.39908807880529323,13.505049776083407,-1.0923923433524592,244.25105380966767,245.53694459860665
-10.276928166896566,2.2981290303696826,1.4177813458828525,-33.92167622684294,3.224387839917282,150.39333807334762,142.59671069376694
40.25999440477143,-0.5120016862115264,1.1314035480084383,-1.8895984420647276,-1.271984781332591,207.9039442383698,217.57282991450694
28.092088411421372,-0.08648263740076308,1.174547899433952,19.455789977668402,-1.1856963773115574,215.09527666165235,227.30526414514702
-70.11493740263813,1.3272319459228095,-5.5438325753639255,-28.996451793915654,0.5833743467889626,83.81630536116648,77.11040139213003
-49.87551104408568,-0.7225331880075615,-1.0380454760533453,-17.213564596661357,-0.07625806833716131,105.17887532938772,110.92910449819172
-8.961283024517794,2.5042373168540126,5.17460877808364,-17.493002618181844,3.3522195894611366,179.40229712777727,164.43179691303556
40.19017580415243,0.6089904899388182,-0.8834883698829036,9.607389660329284,0.02125963105180142,232.8741827243614,229.39934408692704
52.145095913771414,1.9090299064505136,3.3886056823919737,28.224550561475674,2.9571094267292555,285.51629860565487,268.47940836215497
61.369521445345406,-0.05037141163830342,-1.3123387497863364,13.40909893291025,-1.341875100002705,238.7037710678567,251.92905198816396
55.98097144611373,-0.5266241075396185,-0.22591604603949364,21.58561941171519,0.26917912442414205,246.48045831322864,256.93824670001015
-35.08719902443685,0.032608053589266606,-5.260822821503625,-18.609152156611025,0.48164287353776297,125.66255658568228,121.41209379591238
-1.193430624435112,0.9231257528795918,2.970190335562963,3.450836645727987,0.4934748416092546,190.5312740523387,186.49921382268093
27.718420945007168,0.898900162532087,-3.408154235972586,-23.95924507921093,-1.4314973068198658,180.16426201644364,179.67344135687267
32.18276308240072,0.5320277485839712,0.6580605909053213,25.492798524353237,0.18852560165850146,245.3546959844722,238.90919241923802
-32.94157532054439,-0.07605409544925539,2.8925301313303184,-16.36871530480413,-0.5424286778139795,127.87930949632266,132.8187736040561
-39.80708053347587,-2.845307971487857,-3.0212935815970257,-19.63973808803886,-0.42954429214061507,104.41782258554396,114.11205240459614
39.86778683795388,0.6381722626260157,1.367666276416127,27.91865891877758,0.48952768311419187,257.7952462095259,250.13682885022445
70.1189586928431,0.14424069077794213,0.7373552894097876,23.552804664775987,-1.2154192962094483,274.1398424885549,273.192956912932
59.372821892124115,0.8955826565376831,2.262688082212184,22.36495729314369,-0.7439835248746496,270.6182782689846,264.007083270479
67.70447698359854,-0.9269232375887043,-1.091569314692176,20.092649665507043,-1.3236273384859274,256.8080505589664,264.31002362967394
20.364978548393108,-2.847680150635156,-2.3513060509068824,-0.309289156199986,-0.8498670597777513,186.638353182951,193.86185300220941
59.70680854200715,0.28116155499747314,1.6283052634363246,-8.66871012369462,-1.3972799900875874,225.2479879830941,231.40530211799307
61.697443115343056,1.1739306141118309,-3.224885472853191,22.22079244176969,2.4119669886127117,268.55658821660603,264.1342645583185
-9.616069512703554,-0.8125725082378932,-2.248530916640688,-9.848871679575913,-0.2689972194297715,153.47218658573627,157.05997503474805
25.581762412639996,-0.12487266850011362,2.2912273000537295,25.283483265238765,-0.23432961011446923,235.4551108303326,232.6522875706545
27.075765199737397,0.1682502000952586,3.930530141724863,4.848461971118102,-2.230297867396037,213.8761902614062,213.64772651661548
38.11197927777032,1.9872024246128872,1.777195152586129,36.52933687998732,1.878699220075944,279.19343395209194,260.13942982636996
45.32996147479556,0.20144460328788774,1.1932972720736945,23.574848454759586,-2.955781525546583,244.93394699330037,247.19878715070584
51.605571745077086,-0.16506753123087362,0.5974515559202135,25.39852176401447,1.8089738743008859,264.62687089279603,259.1004682794189
-27.895436721147046,-0.48316263133131027,-1.1726804199578238,-38.01460519632937,-0.7452209872298287,107.07831339536432,111.5439109153414
27.26968256657495,1.2667679684323168,3.6374254942870157,-1.649765679030371,0.07035032602420156,212.11326053952916,210.44947754762416
68.69112573996834,3.59067329470843,3.403867098437898,28.349860661056724,2.9022258464931894,294.47202693542243,286.7927695120013
-45.05582470757922,0.6544748830098047,1.752228776316529,-20.888499072586846,0.0856141480347676,122.2408609958934,116.40301089853192
-24.19419233811665,-0.4852355226833834,4.086874849317947,-23.116528603405943,0.43472751514421826,142.06713766338453,136.5806627715929
-27.65183436223369,-0.9358512725831671,-9.503433867422128,6.844142076346535,0.047766260866246385,141.20383951300448,148.65580570631056
72.91307740394855,-1.0715844963859362,-0.1093119626391623,19.275131880803276,-0.5970139742640608,264.2544499140216,270.2653157227978
32.189415742736095,1.7021988207531853,6.04489175341394,-3.752638060828117,3.6960232219664726,234.3865877476043,219.734908349379
25.223509950573916,1.0031248504508135,-4.871948211853209,29.386860379071422,-1.297528694290678,237.162402293715,229.29903514528914
-13.71867851925031,-0.1754051987142927,-2.708427478205382,12.997403221620615,-0.6002579565616903,166.94538178940542,175.64965094022452
51.7333650262636,-1.8133536788294262,0.3532602029508406,3.45161655161664,-2.339714839539511,224.7605411010313,231.24019013379709
-39.19013496787565,3.699573775397117,1.1812681627130928,-3.3605643598674,2.248663779672599,157.8006939492572,144.43382326137743
-12.285420588127995,0.7958411737418126,-4.862335268694898,-37.981161261683226,-0.11488012052039989,123.6494658532256,125.40706080605123
-4.823309217622762,0.573984804403093,3.2911771035160093,17.816939322209777,1.286474282627363,197.24854528122387,198.00028316646996
-55.99872430697296,2.576408312782729,1.4792029474630466,-21.795624320774813,-0.04217313375218941,111.2888614961756,106.07410637008238
-25.523682553736375,1.3395627852416878,9.832077620057962,-15.4850019353494,1.670633014579013,159.1303613068664,151.688605802129
-50.88948939161086,-1.1894252360098319,1.1524258214913108,-35.12024302095747,1.9544544183279842,98.11834719250449,95.76273946257673
26.411206795510537,1.0144234944948385,0.8212630896166704,-17.138110293844207,5.99717138190133,217.9340760003076,196.96097133901483
-1.9106973207789555,1.0891491397568416,0.2343067662423338,-18.58178210948812,1.0836860767516316,164.15889038951502,161.76967942381944
58.80503912297089,0.36850810046835175,4.033747846914303,23.301947629260933,0.9051648843642874,268.1034082900308,267.2694244553141
20.926876081785935,3.2747652210793987,1.1631628404260823,43.666055302893085,1.9710417247695649,269.75443902925474,250.85691804229037
22.85718128948237,-0.3744960277438457,2.5096485789128944,3.4985001077427422,0.9766104666290005,210.6159332600529,209.3224612863597
-43.24464327344491,-2.0879302842168306,-0.591314249996155,-18.57141207742597,-3.11962127069862,104.18471338463848,112.24009571555428
31.867235373913395,-0.2086891702399477,0.64330591243299,35.651209098556116,0.2220607636259275,260.18788198095683,248.0301388496257
-46.88746335916491,2.7280396799404873,0.8441010076295548,-11.268511594983767,0.1198150661248395,130.94534821203794,125.39099767088287
-68.84946337293475,-2.6796056320152584,-1.2414861430551065,-24.94913779180481,-0.794480037181662,73.43193765031148,81.34084389434572
52.738819252328895,-0.06585845416715581,0.9159042687502874,6.340055535363802,-2.3341087205356352,221.54351788902025,237.44982875307517
-32.0741889795232,-0.6223471170610635,-5.738090249324671,-38.3309089693362,-2.903660754623553,96.1231182200639,100.18582080146899
48.610274918228036,0.6138550145030823,-1.6396910200736174,-18.362509620725085,-0.7688508574314504,202.77136172631623,208.30809530583636
-65.8583669102671,0.7406841250189174,0.31442017807434186,-25.281824251344766,0.4763113094198815,90.81172535263951,90.24624132223713
-25.556293294411876,-0.07904048726443003,-0.8540519218061894,-32.039015538031016,-1.3199573065669237,121.9847023201473,120.00665832325662
43.609072826262064,0.36191119541087496,1.5469559743609405,25.31572190969245,-0.7402881954981252,252.70159838259903,249.9483905815658
26.958224073464795,0.33353071807869145,-0.08838683895155348,-22.83744519015544,1.6920489108419472,190.9495073599597,185.91298854461547
26.98077146157518,-1.093710114598843,-1.6734887293868896,31.221260860493224,-1.0833175845344458,214.4742977947025,234.20653276488574
37.951646566495626,4.40687473304787,5.029736608606175,36.97209127210245,2.683120260581051,290.35278172517815,266.8984863121712
58.63550458417214,2.2135881218025535,2.686664514708005,2.8392409273673747,1.2850533801513966,252.22281534141544,247.51506839953873
25.016236998412374,0.7489335169630327,1.4520534075412888,33.73959851073017,1.857817272309958,259.0141097984702,242.6696565772936
16.566214681306683,-0.08612658727725883,-3.8220991533204214,-55.950513895288,-3.065627375907775,124.88137404274414,133.4968645408487
78.34745787040775,2.4386319963115883,-2.6253611247489923,24.406368880016135,-1.4299195356959917,274.3813352596518,280.9921949576252
31.43661943367883,0.395096485234765,-1.6112164435574536,26.26387695853966,0.24979234561642719,235.44696724434704,236.5891856508499
-60.65801407061002,1.1141554964846143,0.04075854133031259,-32.10090142090442,-0.7783857718266075,86.92149568921037,87.47262964580881
24.86200713700231,4.629565267707087,-0.3386348989497062,-8.696910793935025,-0.7050998914492498,209.72710543068405,199.60594369171156
59.39042216387058,-0.78808166144821,0.08851217733947349,16.852390244617553,-1.475240140499147,253.79739548130135,253.9230196552163
41.521162981496744,0.5117322753797845,3.2278755026063575,-10.96211444147739,0.4527226701637161,216.5557701494137,214.60639585950486
-44.91340722698679,1.478958863406485,8.243547762818563,-4.769590036667215,0.2857233547913917,147.01357355222066,140.18024958869972
-6.860980005051526,0.8223708452969123,-1.3639834809960147,11.119355148327475,0.686956009860694,191.3651775717109,184.2587353887737
-64.12177966831005,-0.7724611718710296,-2.123135374827474,-33.77664622095945,-1.9216372389744683,68.76309049076701,77.13935719639194
25.524274627816613,1.8458750026717994,0.8545625650720069,-3.4673179966879375,-0.03943880792093014,197.67156300982492,204.5729722622877
-45.22046415270352,0.02502375889059107,-3.452814870975123,-14.10058711820088,0.05590087274524843,117.35893738701012,117.16207536109236
31.01483162909014,3.572429217267567,4.413213437646541,6.3259079466509265,1.3131547417532692,238.15214099195416,226.49455384374502
-32.05961130011825,-0.6177037161835758,-0.20358581926778196,-31.753158205347397,0.46152883601419986,111.36715456947216,115.68248666643518
-81.17410171369482,-1.2163430472179169,1.1708836658943775,-33.04264349744359,-0.047070441816986996,60.716199823706106,65.54574183705773
-33.997158906181625,-0.754136815971902,-2.660969580679179,-38.327806287002666,-0.8508186945439112,99.17948293013626,103.26412658695621
61.989394455338754,-1.3633582274293616,-4.636674024832671,18.676468819017728,-2.0341649203944354,248.55132537792528,252.48668297303578
-103.02638301899266,-2.269075607580314,-6.163463460232426,-26.00713740318637,-2.4031372414228134,25.137406628087504,39.98582013992055
-16.823913515560704,-0.49694240524114724,1.7130525608724299,-26.845084412174554,0.8914906372452429,139.08311605574852,138.29361973647812
23.029502332805432,-0.6686490678105005,-1.267986613505027,8.45721908792816,-1.9446349107302734,193.82842903110625,207.4604677000238
23.983358323267762,0.14459715812438373,-2.2861638324220515,-23.315652935823937,-0.1264864291575398,173.38620139547916,178.2546691553235
24.276764369501066,-0.28052549614098765,-2.8921359309810235,28.610677863455937,-0.5021092679318808,223.6724654049084,229.06768840924047
-56.6007095920996,1.7309488943845124,-5.344063501526946,7.432662454017157,2.3030108183526767,136.93866677395255,129.37686594446473
-24.21630323842789,-0.16681156620221216,-5.433955070937048,-34.6681645924857,0.8483043872482603,117.85533864319964,116.21808679053233
-12.129562326489442,-0.43413891119530895,-5.923991372209757,8.117886987807177,-1.1895746186267915,159.08291232531624,168.2956366306221
-62.44808244201465,0.6181865627709359,-0.7378521877078444,-32.34047211732504,-1.1394527221995485,80.66036909402253,83.80734396485903
-22.623577277036905,0.4016736827594828,-4.774758152891823,-22.79153085600156,1.2545496002162269,135.31153449140103,131.32137386838275
-68.43866043273715,2.1442410414436477,5.847024749148971,-21.233397176513993,0.7678294755835515,111.79724305931576,98.94205452826017
62.729405123378925,1.2816715359787958,-2.8727187283511144,-16.84419788138225,0.5333285921617581,220.56842158043827,224.68250551312053
64.9012537390561,-3.724498654733582,-0.5278055067567339,12.828158952080514,-1.749666840100736,239.8768072568563,251.58245856088098
32.28546297050147,0.9354240895995306,0.27127052513518696,31.360910921331115,0.12898157927189105,238.2594107808116,244.8370669571767
72.15972559440901,1.9385146993604037,3.189114898911381,21.967323511598615,2.180773104468009,294.3354394344539,281.29046868008305
-55.097115647336814,1.0147172899105896,-5.295329211514584,-25.750663120559242,0.49621143621932295,90.20498275232316,95.22283761805679
-19.752073779521798,0.3410711783364293,-0.02435544788226019,-36.550755710028604,3.3950822100846505,131.7914220262662,127.2639853223241
11.95271992048418,0.14128045224406768,-3.202991072281345,-17.90313955345559,-1.184095012138681,167.87049281151957,169.6587916061877
40.70783983525784,1.692234439569021,-0.20361347564202367,-28.250145151018554,0.36357209778340593,192.0085938514952,194.16490461728642
53.356456529078855,3.768009466710641,1.4998950876699473,24.33118494410648,1.5665546444769596,276.9979307008026,264.37711754337886
-56.77349041699336,-2.4799760689163954,-1.11635951494501,-26.590049994378937,-0.6704396344629995,79.21615958136574,92.22470124164097
60.12419027433614,-0.63564182895599,2.0583755808177444,14.883140604271139,0.5081923692098594,247.2297497791311,256.7932738710133
-12.659970108850956,3.0610250637248377,5.471749262991317,23.860755771482093,2.29778662800922,219.91702796123184,201.88636348869343
37.30242367145583,0.25039871402572955,2.2658430295093805,-32.787188081356284,-0.2744432030326355,181.37885990445636,186.61205100194078
-34.95388608226447,-0.6775273303078516,-0.8032509478095624,-33.367276066432666,0.11293577250614896,101.97897731874689,110.1660122170294
47.68205710627328,0.6695880575598492,2.5433193911517984,26.056186632899525,1.90712974248861,267.3870740132885,258.71329780170805
-66.03568354081543,-0.6774257741420189,-6.525935442255486,-28.721864371613336,-0.28505814434850085,78.03489198548318,77.60904959816042
-62.00546233424374,-0.7290782410337141,-5.188929010052282,-25.77205370819338,0.13673584432952982,83.06252202199614,86.29622942214303
22.287903372950176,-0.32897430714975173,3.7361618741086597,-11.359462298879375,2.0612058485733313,202.25452386646796,196.25185136093947
50.34850953881566,0.07422056909917236,-0.6024750489278661,19.11630584716931,-1.5319815028538644,238.0971479064367,247.2595962746388
2.058611922729802,4.67389728923224,0.36559837811514273,22.728307938943733,1.5190239390053866,231.239046062687,211.2004563393628
-51.4169602364796,0.3674422180358727,2.394966685620117,-31.847487424537363,0.4447466794453416,101.47654102246582,99.79772479342093
-52.74972394157236,-1.5585233082805037,-1.4701203534312863,-27.971046660207936,-1.6345750524298428,83.03834892796601,94.47102755541547
-53.41817486001929,-0.9502114232834293,0.6240850385614024,-33.61023239308935,-0.9449855510563141,86.04197708905862,91.55549768245056
-22.160837295595158,-0.23862101694590465,-2.2979411387303905,-17.161033353413615,1.419686337043688,137.47904791561228,139.41627040369426
-14.54464435897001,-1.0110369875069147,2.974640815441124,9.623878105984154,-0.6553905453875114,172.20300534189113,176.2424639008964
57.900335236219725,-0.5061281676845881,1.4301395456884678,22.867769870875676,1.4581652036468917,268.3170823168077,263.0052985600835
-76.66248929215897,0.2534141918602812,-1.9248818081889625,-26.875391040390426,0.8255262360706412,81.42337202927995,75.47119515852759
1.0409798880414662,1.8639661385950477,-0.41228662814212325,-23.805562663419952,3.6149394262808343,170.31645871529508,162.1570530326917
52.91724210832635,1.3766440703756984,6.025413022921001,19.878572646273973,2.5628767886999326,269.58090166020804,262.6157655079323
13.821020964272654,-1.8228961630384242,2.693378920387123,-14.789427736895885,-0.6341913102866369,171.04557321425057,179.12290154577514
18.221095499565237,-0.4208270326047888,-7.424201153054194,-33.43990535721313,-2.988679950288074,149.2306003460699,153.8024988777416
-34.658777654431304,-0.20019675479334534,4.006606302519228,-33.35208988455336,-1.8778642612238503,103.73823367713588,113.77269461885425
22.899339655841157,-0.28940903488444064,2.8421935294595366,30.34810398913046,0.15830727179503515,220.88658365616004,235.81355228267893
50.83149116128854,1.0123933790087627,3.006955814231923,26.971815751934177,3.2177940846881428,279.06273453867743,264.8954670624861
-22.276815387039345,-0.16944543169355697,5.159839881907399,-22.166707718483952,1.3563136495827832,154.40239395113548,141.75820186560992
20.93703356887688,5.152734437506991,-0.0931154314321544,-6.2395439566166075,1.7700204549944778,209.39667283873115,201.38214594466612
33.71482824814888,1.2744698380931663,-2.325443190410276,31.426443238734056,0.169667460691051,248.39107789979755,244.1149824665954
57.58587906659695,0.6462313296239507,-1.443227539364028,-14.50107856542003,-0.019268834285388586,223.4697405630045,222.12355232848742
17.247145132005624,-2.402725393555734,-1.6873520472371877,-24.722646733882854,-3.5007960454032236,152.2526825693475,164.7886417832624
-1.1324732514434506,2.1743853658877645,3.114710544263008,-0.9791602103115035,1.3152725071903475,191.37025009921672,184.34775182692175
67.2822807991235,2.0935433536465347,3.643121645061156,23.638371200051793,1.9324649205510447,291.92604425822657,278.4447987897684
18.946257846538035,0.10992480822350806,-0.19104495377763497,-47.74456799672002,-3.603940304760558,139.08705056830658,147.37164627083914
-94.02036312344715,0.7201093289293594,-2.9635960364274068,-18.905608801853194,0.393636421098423,69.87579633717593,65.07919465963494
-30.92379001772098,-0.43292909529350226,-2.6536710113821598,-24.587537960714215,-0.67899824975103,116.8035534062941,120.57809053647614
55.05890986831323,0.029307205715936587,-1.7885931667338228,-21.42715463118541,0.08248165404233701,208.14948189328263,211.80996780148845
31.26479836948972,1.5901143952689132,2.987808635978283,-7.319383017608895,0.4393606658183436,215.5221150895728,208.81771592028227
-21.945903914113824,-1.429404698124128,-1.4792963251317608,8.117660528034708,1.038158669885627,156.06388299240876,164.1562311318875
30.64201999450378,-1.8704573366751853,-0.3345317908374425,-19.960896066076934,-1.5614743626679,182.73005809642248,186.76967730958324
50.54526632977563,-0.8141574472354689,1.3056867838378101,-17.125198166808694,-0.9046046046409983,207.1706058756499,212.862009766263
-23.79875177359201,0.2283640478487041,0.6138805466686574,-19.472453425599458,0.16228354235312117,137.9617648834741,137.58833980901545
18.735643341625433,0.41985303193389933,1.103248347724274,-44.495496242151816,-0.4921687986996495,154.10504018539203,155.1260965517688
-86.70876863086085,3.603514404954355,-3.993017745392416,-25.87395288677957,0.7756911322469238,65.12877852393632,67.65848314550436
-20.09920424503134,-1.0001111218401868,-2.3221591649183115,-11.808033175715964,-0.33339512323587495,145.4920864516155,144.29211404059495
47.83523223993119,0.7512161614133877,2.993846788198593,-12.370598107240037,0.9976525091668657,226.2313891714749,220.06236646280544
-8.668609240052827,0.43353829215966205,2.3302341220800087,-6.220057948043803,1.5913658119466427,175.1328058890049,169.3214879094265
-42.068475454693655,2.489103988543409,3.1974225393130657,-22.080060910429236,0.2383529929836408,125.29449738902952,121.63136002705474
-22.549234750828663,-0.19655197736201346,-4.517371986963141,-35.38014602388833,1.8930258404374571,119.20107406288496,119.1047379727318
-11.455303629376681,0.15510642185799817,0.12219558379677552,-28.41582926280864,-0.8455647576027865,135.3370455711066,139.41562122720433
32.0948979938622,1.5420126884231564,-0.96700566983423,25.18879027773007,0.7756632734730238,244.3440592707576,238.48937543499167
30.92604551088341,0.20625354037285315,2.8460840673057413,30.102288364684657,0.5616205593255256,244.7987537611764,244.49730891390897
42.93804658501515,-0.13697786723050456,1.2377164708538022,21.5226192115408,-5.01249271284372,224.9862128463389,240.40392855867242
-58.26470033194483,0.20548149693264642,3.1709525303377033,3.7056555701990925,0.4841217836998365,136.8035516978606,129.15652792056164
-4.973835461448996,0.3097055241563262,4.2261499193945555,10.550309704379222,1.1889354931291536,193.9828490757608,191.15628205094592
-17.183961517367088,-1.3803282839206175,7.7015437779648375,-19.199456629296847,-0.19544778373115954,143.36503448590244,149.59736643498556
22.101999317662557,-1.2057537830686271,0.8865460117971342,-7.4580840068352545,-0.5456214683031515,181.9147026676305,193.63410294258813
18.359822884606913,-0.26973418609635286,-0.07643844072139327,-19.100033305993698,1.397319620359561,181.04464744671608,180.1659534434916
-30.84706071864709,-1.4710516263691231,2.062751280851939,-14.917573888769608,-0.6691117971045059,125.82847852088491,134.0129701212987
66.8037789451313,1.3674103612199464,0.10402072672378657,21.873345059635724,0.45427354934123815,261.1321723498852,270.45784551338585
48.71971007308905,-1.244143413075161,2.1803251947445554,18.04386137236183,0.5829748821716799,246.12478492228124,248.1377449806275
28.998277541378624,-0.2933459248387789,1.9359328515324936,31.866286374083867,-0.026051815973191395,238.97435900084423,242.33611589752013
-81.95300474135733,1.5558744675039238,-0.6710205463779804,-3.674339695993806,0.04955410159246379,97.49782303970268,95.16208045670238
32.289943303962865,0.968993271636105,2.0807516036896954,-14.358584617113287,2.2278327966266707,204.40474027125927,203.06395323013948
-44.1253673892111,1.3937236146834884,-0.3379073408616455,-22.821153827334683,-0.08354154959769122,113.27044665838704,113.8807703790146
-15.359333148359942,-1.0924923743551367,-6.21851413628797,26.55916715859561,-2.024308032450471,167.02773285751476,181.7195363384787
-8.03028007537012,-1.0699770104088038,-0.7122521060429969,2.8232853638027193,0.43716059151259606,171.59256233435414,173.30295363482935
20.021892444906,-0.24521147720791234,4.798745947802033,0.7448693662961976,0.3566988309306889,206.8969941502296,205.53201198406276
-44.654285711272465,-0.7629955489149658,-1.3011657431796666,-26.928808115368106,0.03916971250109426,99.6509984982767,106.24693146510266
26.94041108849321,0.7245243795983216,-1.730842332440716,-3.776113760046324,0.17705916955354206,205.39848922450557,202.1900554164948
64.79240148665608,-0.32187217106257077,-10.211816889109741,18.0403215128983,-0.9953308664175794,231.97426261929664,251.15871994429955
31.13494260220401,1.542418560372333,3.3712762057202807,28.066723053899942,0.2381970299608828,247.06696461546025,244.20857432349487
25.81887410843273,-0.5997559263587466,0.5491671469044829,-2.8427732542954884,0.5579528316883847,203.64129874810905,203.3384817777078
-74.66623259752676,0.8994338324737869,3.0352629308465144,-34.933712804688625,-1.379588934890652,75.5926555175432,72.8101792975515
-18.28496033661353,0.09457566135232172,-2.512654384024964,-26.69158847081307,-0.6538534145502839,126.976570773242,131.8065359266878
-73.42979102948263,1.0141850495608693,2.5809804910265934,-30.977998368907105,1.3867890640335587,84.99499311689671,80.42918207756824
32.7290726127824,0.18762612940384174,4.495483899575647,1.6381681025581203,0.1245756310636376,221.9043217442412,219.02994324671937
-11.859115474460422,-0.13117562707307256,-2.165769711345002,0.14296176756928472,-0.391307513818327,168.07805208686904,165.45061031220837
23.070412812132712,-0.6138690620478174,0.26233502062338415,-5.723663647735727,-0.7832500660161947,186.87130026869835,196.06698192829276
-12.948008121218791,1.0846640562549008,9.707868660055603,15.37181396568377,-0.0917284612456331,193.669319697904,192.97962697086575
27.189789042310444,-2.96826193608635,-1.0311737504267953,-2.2770992367425116,-0.6121882900835975,194.35563060455056,200.15608270030785
-31.682828114024712,-0.007658246140444682,-3.269181919663448,-30.304590167872394,0.513518394578434,114.99457307439624,115.10427681821544
68.85908888491954,-0.8286985477736944,0.9519256120191851,22.156365543392692,-0.022401789036981833,273.84622207062563,270.9712965748568
58.20458178402431,1.1799180267711786,2.246874846653335,26.421408843085835,2.652198684622647,292.0465936714296,270.55999905649463
47.09096749346433,-1.2777899279984113,0.8323655665603913,22.543538723511418,-1.296904993783077,256.3531241831734,247.74719373309108
-56.63756165343037,1.9877890855915845,0.407142795080737,7.805163510068976,-0.15994706446011323,133.95778649291566,133.25760354418648
-30.16071051534459,0.2662314743910011,-2.390676256292454,-14.621451470524816,0.3435566547387294,140.8223115531022,133.2919667583052
59.862931081499056,-1.4674424096003194,1.300993419274861,21.23981644485169,-0.33992914425369924,263.5996387891787,260.4513862631082
59.92390941124144,-0.14757932778667893,-3.199770950799306,23.159474860111345,-0.9290488428875225,251.5298490338324,258.66200202121547
39.04000386738542,0.2984831685644154,0.05491653940470435,13.719736470695581,0.021424535614842546,232.2029272316837,232.9895814530021
20.99229891060357,-2.4325639500712257,-1.4436634489632105,25.427686890358647,-1.3408350142948353,197.9810271747725,221.05794025896896
-4.375639318496768,1.8836070906187465,-0.640395625253482,-13.319718451316175,-0.693839269598563,164.59361121064765,162.70903129728947
-17.628416286329166,0.35780866831714386,-6.091750017103039,-21.39220045448757,0.9603899936598063,130.91591515623443,136.06084877539345
17.63649892969253,0.2010374441091504,-2.5785873974186373,-5.140935629666855,-4.063194618339918,171.10193932466524,185.9098355997121
33.67435409314046,-0.6976035455492037,-2.127328597860234,-16.20379091456434,-2.1097932830531723,176.49423024088102,192.39085462344977
-42.96995645619396,-0.6131417757717802,-0.5951994168720838,-12.767681837584066,-0.3801670045020498,114.20486850965013,122.52887038041231
-25.81105708016492,-1.3081105812668876,-4.44850523669759,-41.317733943778315,1.2996042164713566,97.71883235830023,108.26921424589911
49.18581800630303,1.0792334432199215,0.9510404955539846,17.904942452179267,0.6446600856149329,256.72872379809365,249.62071135420675
62.08555551940895,0.33425369140833056,2.6358280995080494,15.205316621662273,2.4178088239956472,270.7621449384875,262.5337796273186
-13.784184818954214,0.15710144904769477,-2.463433341986114,-21.269154108708047,0.7894677543409038,144.8271587307856,143.28481380507685
49.01203770187204,-2.9360618199323847,-1.902544399383995,19.447730172085393,-1.4419495670569145,225.79452275779167,242.03422895892072
-16.76945779901578,-1.6394942441699856,-3.664364704510335,4.5403975625567865,-2.62101788692803,149.48670290415413,159.7010797992684
69.9521604438519,0.6516051981054783,-0.9900313835216694,16.4434813350753,-0.2957173925292104,261.16151923965947,265.6165150723161
-8.448390102197182,3.1525104779489546,8.489938832366288,12.130333963071347,3.3095943581280194,216.21080246607843,198.4890044006532
54.82466064059021,-0.926305493302705,-1.0312340745890214,11.638237453233447,-3.797660708612287,233.96784770844437,240.562714688655
-36.30066775136634,0.585125596195174,-1.6485302284879635,-37.810334300692844,-0.4499823581685355,102.62728774438904,104.23062782881627
44.69883251919148,-3.1233725887381323,-0.06928779461645271,19.14501026873452,-3.6428748605622143,221.3947317778941,236.86332441534563
-82.63806471970162,-2.6886648151552603,-9.865292340614292,-39.10533612761398,-1.6743748534930079,31.43680196423827,43.883284014759425
56.243825007394754,-1.1482229055529702,0.7704203532262177,18.65832325282258,-1.6075460641868415,229.06593417661244,252.77181651503906
-18.834742281290872,-0.22328265814272932,3.5305217791851224,9.869735030065307,-0.25521215924610147,176.40395339603046,173.94203658190668
-11.274376950368097,-0.34387204181326275,-0.8247311999569965,-25.906728551427115,-2.0583718862308027,125.98231374653366,139.44693624154044
-19.1034256892855,-0.27641696433838275,2.2693047230061487,-7.901572318799384,-0.6679921206151108,154.03353142111445,154.1749145013039
-62.65098371478509,-0.30147754808958643,-0.29276287243980276,-32.77082338809661,-0.8924091903164639,81.72877709176154,82.946560157609
66.46364207161061,3.1705070184762465,2.695574929662329,24.189470737390106,-0.1728710724763474,276.496466076464,276.20134055599874
28.273226613379794,1.0237147152664445,1.2030816169984366,2.262158975705645,1.4572058276953312,226.27017878506035,214.07440462038187
-75.88102958781776,0.9381006493549144,3.4498839997941304,-31.830546368591836,0.9995704064872626,81.00592602647728,77.5309959705626
49.79859954522885,1.2551307634247646,6.050059908879054,-7.982715488043672,1.4697900120331489,247.18769364319488,230.44588161285762
-55.777442567692084,-0.6161328504813364,-1.0441785644870154,-29.284090737898186,-0.26000003176265013,89.49439800826696,92.87317211901589
-12.235266765932556,-0.19333748207832496,2.0230392164031397,4.969543901638061,-0.14400356718113239,172.82300488950466,174.27499217418557
-19.633820531482193,1.1663145002728708,0.07717892669356823,-3.518708648663344,1.2709007361007663,166.62159207699148,159.21688185425762
-69.33853428903159,-0.9214078341563462,0.6589995141276529,-34.65335275191379,-0.8303847326980259,72.47990710430796,74.770336777664
-11.901126746343785,2.5657294324433466,-1.8683308101296001,-22.469916381121877,0.6152081027445282,153.9416019689689,146.79658046892976
-35.31900859853516,0.04242759630795931,-3.8084566223726237,-17.160924675228646,-2.952225584198281,121.99654442382392,120.65682898730977
28.985898919752177,0.9703575587460693,1.0001128576375373,-48.28354746998216,-0.7696600000722962,162.14269858791783,161.7581787374186
-22.500104421589693,0.662624382846673,-1.406175536468064,-26.756022130929413,-0.4382431017372866,125.88426644970292,129.41709606345788
88.88217633345309,5.286421442777927,5.5942695697408285,30.034260669853307,2.629528777633483,324.0902454156562,312.28167366479295
-74.8369929725383,1.4950584740698762,-4.9904416066177175,-26.671978167093876,0.2912092811673146,76.35531150017587,75.14187188032442
23.0598789613618,-1.4068272203908965,-2.565297129388167,-25.03006185356632,-1.8293996615316783,165.91639609746414,172.08330996782254
54.084459808604386,1.998703465161987,0.5435533453946441,23.77385827625853,0.22648036147300069,260.0481235351205,260.48207212822797
-64.09120856971005,-0.7406809337556771,-10.818149695506253,-14.555691268234316,-0.4841088489477131,78.21001165133062,89.16517755518323
20.07958776829871,0.0044383651248525,3.642510525534254,-17.576133973994708,-0.9494833917295117,187.5466578152388,185.0559361645701
61.09482321604043,-0.39317956990699254,-0.9429498863235705,22.36403090685717,-0.6688960811915484,265.7703477533668,261.3088454568107
-26.31490415394148,1.0758635340462182,1.518731620313358,2.9806758842498255,0.8684452510270717,166.29428889892338,159.98382900703146
29.689971367677717,0.06232012811657342,-2.099507046584514,29.088617116410678,-0.14605187800186975,219.5990755401828,236.45036655895453
-49.20883041159902,-2.2342642412005316,-5.526990875071272,-17.95789598620874,-0.6887967206067169,90.86014487530872,104.23823863665025
69.6204949657319,1.0390733490297288,-1.290514744237287,21.58627311690559,0.38093205099683414,271.9189522503359,271.19127560976074
54.84716103934139,2.457736595793166,-0.32205403456017034,1.3780027748194132,1.143515827269532,253.4312518872504,239.35937907400066
58.62063240067989,3.538567849524766,1.7733453312479779,22.652561365741782,1.6611286815221449,283.772165581587,268.10125250005206
-53.42417263770534,-0.7414276102987448,6.475714244915581,-1.8194258644369543,-0.3966651599210392,132.28653401661808,129.94903984388964
-19.47712412540148,-0.4379701877985727,-2.8118773712089298,-4.997101460960128,-1.5746357281559409,143.71413991225506,150.5563079978112
-50.95881195659903,0.7957853469136446,-2.4283653207479516,-2.622693863112134,2.135423612145138,137.0576770418487,126.77635468993638
-72.71320148965016,-0.22841106591446475,-10.272091102366845,-13.71178001927089,-0.6629535941658161,77.91197601228362,82.26657959996574
-48.15936384495646,0.4879836483585417,-2.1710403422524682,-25.633184056192928,-0.9709508754309727,96.29823109694073,103.40846140086245
-14.59617067071775,1.2496652207357613,-0.6035426364212614,-24.7269150806624,0.42268416505665835,147.5141976732282,141.60073786932736
24.741512313352924,1.6188540975991081,3.6791060834632923,-20.50851880919722,-0.2490207044117943,200.9395144543648,189.13694985214286
2.850963470674014,1.0019994053093,3.5676106853935106,39.88379161106934,3.3159610843847,236.8495756295472,230.47534312816708
64.57631847062183,2.8773154543771824,3.1171698526399565,23.168859322458736,1.4748017750480256,291.5816376747835,275.0694817464822
63.02879305062695,-0.9849313105808297,-1.3254722083732908,19.88441958844959,0.008216051617251117,264.0210183717144,260.4660420430756
-47.18332326951036,0.865039038248031,-5.002009404672361,-22.412146136469637,0.23072069963654326,110.13861364426111,106.35329779856879
29.971637002710526,-0.17402554770057932,1.557438076256826,12.875765393082569,-0.4108527219552442,223.5081829295614,223.67497907373027
59.60728386764835,1.6678536384178682,1.125609643326022,22.11005113980059,-2.162321956291987,261.0802542472582,262.20349320423685
-18.466481802089422,-0.39762819466711624,-3.19176607572571,-26.006685575839352,-1.1322519471382353,124.97312642921771,130.66020327587745
63.69106749401078,-1.9649957783232843,-0.5788810987030498,23.385393714644824,-1.2887818162480376,256.4513130563965,263.0988193867172
26.564427504612055,0.0788930519018558,2.650588034051387,24.968134919074497,0.18360129180958962,231.68686957964897,234.30066167278542
-29.436238592024143,-0.5017231201895509,0.6043181854631609,-16.555932737108513,-0.5128643327051143,134.44009115123444,133.45257627477213
59.663525252222,0.5675579447885131,-0.45806743848436005,23.734941716176067,-2.131334736947639,257.3447710809106,261.23163960909164
-62.02861794929115,-5.85431103881556,-2.3493307812356905,-30.132452652876065,-1.1262819827496022,68.3650149003853,78.36402246637013
-55.96229096711619,-1.029092776970986,-0.8498840885612726,-39.702805814577985,-0.6686292114464674,76.0450741070765,81.64231401266188
-90.82780207237656,-1.6183922182090946,2.7347888271823177,-28.742383809613457,0.17493191435509164,58.63151972870421,61.576159512675794
-26.049021946778677,-2.6169281856118447,-6.2520673356782215,-10.008814129067256,-2.0463328122396076,120.07947462802076,132.88185246196107
52.950790873605754,0.33940703854425097,-0.4105767647209683,-8.781013108980046,0.3139267969047991,218.5817278209645,224.26755170669026
31.800192719632218,1.2141718399204073,-1.652387030188488,-17.01790126422513,2.342293309408986,202.82151322943477,196.54138644588474
0.4761145703406061,2.2042436312954528,3.524455976939966,-21.81021980256022,1.8923089304186138,178.50304515894675,166.1419201777721
57.9557634707671,5.777431490402152,2.875342203006233,28.660464731402453,2.972077725801979,299.0345701034745,278.0960964927167
58.799454156513995,-0.6138743294278274,-1.3010546608677571,21.978102680452313,-1.3642213541618562,234.6367892877568,257.3534233638444
20.266987698566663,2.4737409567019815,2.4996452470670065,-21.605789251092773,0.8580445916371546,185.742793457147,184.34764611421596
50.92953584212938,1.3332324079844122,0.029002403754992502,-21.431998831412542,-0.2208502437100576,212.40615896615168,210.49393845008137
17.834728356436496,-5.145494856160286,0.015066486369228206,-8.298392214034338,-2.118611081725292,157.08927596762535,182.14231356222146
23.931327953108763,1.245990133669099,5.594886933424251,6.328125182574973,0.24002910770177235,231.00631155810208,217.19537618181494
23.044578799079652,-0.24727574447993209,-1.4729083661458597,-2.333875209433501,0.45371342000702103,205.6434051445321,199.2992497703634
-21.164692439312297,1.1465752218309873,-1.4435592554348704,-21.644682715101936,0.621168351810423,138.93417636610536,137.3698260351292
-65.96277116618229,1.0923910787101208,-1.2462676693249768,-26.082212718407977,0.45831064410548933,98.96541331294654,88.11446704023554
32.616925074756665,1.0652980883765233,1.2421059041396294,26.636279957337724,0.10294357136278731,237.9615722193037,241.51856946731021
77.48372439146625,4.381758637104336,4.775562627013166,24.516608593821427,1.0555699253139401,298.3925391239469,292.0682410460526
-77.70295475573394,0.407827779306484,1.4866770593452057,-33.64029737734601,0.05606451862912241,69.9586350278225,70.46233409553685
-30.978559742298515,0.9415641934307298,-4.061121873361178,-22.374308887077856,-2.1026065013759623,120.36379191171562,121.27998406065444
-84.59927648237905,5.067718329720893,-0.1583241184108078,-25.54553508859441,0.5743686031163391,86.23432880762822,75.193968114788
-16.491326153637537,-0.1218232456771751,3.5521406414491308,-6.736659443980502,-0.7624283524483881,162.40671808675316,159.29492031704143
-9.985690380608617,-0.27505260582048846,-0.7663294180665031,28.317204037055394,-6.04397249916293,184.4971677283034,191.10117600473362
-5.122051893895347,0.3331119929042653,-0.6851813830775695,-12.008450412938496,2.768227044705676,177.26227027820457,165.14067221903414
-28.906552938748796,-0.4166555487959209,5.730958406963179,-25.436281966106872,0.16700247292672046,127.28648387225807,130.99348729757583
-3.238654135528293,1.596803939517163,3.8858460660614176,-6.898797915544245,-0.4614579367049267,177.2045664135695,174.73875688913733
-9.433213228662604,1.1217719811640934,1.4089284799682356,15.602954222427165,1.6548713774280357,197.98319962148483,190.21032970366093
-24.131702902987122,-0.2553839370194626,-3.2591336344134367,-6.882507623364457,-0.6994059959929347,147.78492432561364,144.62688277755922
-35.76059337876234,-0.4769234383159382,-4.90744801419718,-34.17513007599728,0.2060435884036742,96.47347792836406,104.74096555246825
26.977157533304382,0.41823668110276707,3.8136634260878726,25.6131689832548,0.8107803303984862,240.2951055369469,237.48802382548496
65.32606817141418,-0.49873547229979565,-1.2481544329850647,16.229020998135443,-1.2112932656984288,247.308479881004,258.4519228698998
64.8344817601472,0.4060752978703853,1.5502288982503443,0.5674724604655258,0.3327826257626,246.8052738408981,247.5460579138306
-4.490284012156172,0.9182479769091962,5.04662736791226,1.8405806559576936,0.0573231940985199,188.14141523172776,183.2275120540575
-55.38365420907949,1.6141931226975736,-3.1510742102005573,-0.4527172159994051,1.0866213459779177,138.45644825172823,123.56838570473056
-37.55490213844013,2.1305950389900423,12.592562694603387,-9.485218058856532,1.8428569185952608,170.09820199824412,149.38091132622824
-53.16015937567706,1.0454408115487324,1.9292507921128788,-7.0125679689869225,-0.7644738060707124,116.63769575353436,121.89250732426423
23.77811600681982,-1.1284856368958702,1.261938068840345,21.313251344709947,-0.25946091108954705,213.47590709292496,224.82037574372046
-5.415016504569127,0.7323956434521781,4.011994849991367,5.915737738483167,1.146221208652977,191.1183290780129,186.2463498073468
63.57432927458401,-2.4919289703079306,0.4576227298704845,13.186192501115787,-1.948522187081472,239.3951500212019,252.63271021951536
36.99266076288955,-2.2548467484300097,-0.8372147223206664,7.3685811708764195,-1.3625800022151984,202.97998335063093,219.7616173321367
-55.595315336298725,0.9390337409609413,-9.876802858441708,-34.284473233889706,-0.2929230685123299,78.19942898210199,80.74453611515422
23.831417976474093,-0.6092375353601719,-2.48587492325116,23.755735568401068,-0.38729620583844004,218.0310689328983,223.95976175176133
28.79798095386275,2.6579159085845174,-2.202294888890555,-22.219234863593663,1.1789968397678483,187.4896643620484,188.06838082106788
-13.967925082452926,-0.2911657266164136,3.9499523179360336,-8.339092963134595,-0.5781701606109743,155.15197256783767,160.6286152564569
-49.41280232411419,0.3297235824342341,1.605616849799774,-34.1888067890981,0.5368142080768527,106.6492393603192,98.72556239843412
-47.85797782125553,-0.19010099459267726,1.2649115980547616,-35.14501065902648,-0.06012657208644108,99.39667651562672,97.86671242242926
31.01306732376835,0.5902037694336786,-0.5616201090676262,-48.77140127781265,-1.4213853291415401,144.5473405836308,160.70388124851792
-46.177324256468374,0.9860785810402766,-0.2852162091323392,-11.65341982223968,0.9043484244963637,133.26500654308308,123.6294835890326
43.144136724498274,2.159277182473855,1.651747514162406,5.476749090667247,0.22138192833824366,236.38837116168693,232.50830931147678
-16.80823798051849,-1.6961504522598958,0.7433794827119592,44.24211554986085,0.9218228444191099,201.51666240861195,207.257946315551
49.62525422451589,0.31725824810441583,1.2825020924033999,6.911734174830976,-0.037922365650508015,237.7904419077449,237.95384324553976
-48.11097352665021,0.2223315014972293,-0.08175736542946077,-23.58611552823357,-0.31814999529427457,102.54201431913832,107.98035195722521
81.57322401059035,3.0866867811042806,3.6993400566673222,25.788123238876167,-0.10848832487565052,304.7148552598605,293.89390263369637
53.642917991919006,0.15031506469502506,1.0711077474428035,20.91434895949268,-1.939575730654332,240.92724615579615,253.6941309042313
-49.26502123220823,5.342410772738671,4.298031521624082,-22.164032235267673,1.7161293091142722,130.29729377549802,119.78253500733713
-65.59263112359982,1.1238714888782708,0.9931902422293652,4.462623679677319,-1.2354031547820117,113.86551876883686,119.60666800373923
12.238340758907604,-0.3396962991185346,1.6742623057268924,-56.12257869426506,-0.09499969268227847,133.57913969334527,137.2103452499049
-17.6000415460145,-0.28301827003057173,10.042092831456188,17.373287168904945,0.2804648915874798,198.718813469063,189.66780194723916
26.477699172661655,-0.5364189294064958,-3.533093280923098,-9.389290845084759,-0.5580236848308376,187.7997843110468,192.31588930375344
24.21688938189927,3.26069046817592,0.826317738913078,12.210617117401606,-0.2553454919582435,222.11226030113448,220.11418608576827
-46.00559308367929,-0.281423647264027,0.5046221775920439,-16.62756907749904,-0.41006838591347905,115.31929267238372,117.03498485457295
36.77969304023343,1.4058657002894772,0.90830882258016,-0.2948493117505454,0.10682591150927642,223.88182855034216,218.76086103419934
-62.74796542070468,0.8580171778343537,-0.6992173475217931,-20.95902347173555,0.15172131023113702,101.99830165003014,96.45854911944089
22.417759498719295,0.05731125066976044,0.9989436273655381,29.473970721520097,-1.6603965768208468,215.07342838971164,231.1426053927914
-48.588669482368665,-1.0025824913891352,0.964063261914728,-18.73648836919328,-0.2970578983527597,111.04838033212287,112.19428189194663
53.843286635824136,0.879109807127102,3.2164561182222355,-30.29888935601906,0.421921711932791,208.0377839037949,207.91690178842407
-5.846376433393046,0.9871492744231245,-5.835059154868032,-18.062905648753066,-0.30267984104144946,148.98815172451208,150.79514506770363
-13.017129946114553,3.850494993954191,-1.6109354547131338,0.9579456283289026,1.8471177770891722,175.26125427115747,171.88250986988086
-33.10839187856366,-0.9281210120686073,-4.459240138866719,-23.284458909515834,0.0773768905884873,118.12398627301124,118.15218182291092
-62.71506756325397,0.21963822048628823,1.884706084633802,-29.571880675709732,1.0157327889630081,97.48311019507712,90.68814572645438
58.26750544427006,0.44033287461537274,-0.08247687820145654,23.250317997331237,-0.7411248659939991,259.5562755064409,260.9895714433574
30.797995209613372,2.151572816170271,1.1370002720879615,30.652177648716343,0.8576216035632699,252.53924648661604,245.45138442148848
55.60384670661337,1.0324694461906645,2.3490751171192765,23.314440542483364,0.5438132568336717,274.6614007356762,262.6986619405768
58.23405514919556,-2.719623980207685,-0.34517264604600545,17.688256790273904,-2.015498934485671,232.14629681725532,250.69703325006645
-63.21729939211064,0.9403249071735471,7.683914477065862,-20.643174584847383,-0.25590700168018643,106.31099557104794,104.36287527693884
23.809663832803178,-0.21863145583048738,-1.3406694866447788,-23.093277697633592,0.4569569992543818,172.41272681469857,179.46905906328462
-9.394896483662084,-0.06703824390384087,4.721759328458273,3.297678493365699,-0.7633961552470266,179.2754852544303,177.64912381034745
46.99493659434649,-2.7059342472747163,-4.558461500358803,19.424506918217773,0.3915090141842258,228.91694618834129,239.40157365045144
56.95668159976066,0.953136066908853,3.109014968061679,23.123234028569215,0.07107962231688886,272.9736193365728,264.06816315695295
28.827339364442015,-1.5779396088858744,-0.7725600962808734,21.14990802998349,-0.5654059497399279,217.71779938021845,226.91635861085516
-29.50094245288726,-0.02746366077377263,-0.796905384885431,-16.70875517609322,-0.11424770177150563,131.12324122335573,132.70670249492505
12.39584721036037,-2.9308233229463445,0.6285978566706326,-30.286278407920584,-2.1124179647023005,142.85764007158068,157.5499422427981
54.4843715309982,0.31178304175926064,-2.668008726141185,13.612585750023563,-2.094952553658205,239.7121038235421,243.50079591431705
-62.206203734032584,0.6496846089720002,0.029741163239168172,-32.334187367989685,-1.1141670511257478,82.39709921070859,84.87988449039862
43.36200325145968,-0.7745662839113429,-3.2546511182257523,-14.75766665538522,-0.9082858367310173,195.2203418973,203.52185022854246
41.50160384512204,1.8061947786096553,1.848021494492922,-24.077657373219626,-1.5064909290282045,193.45828169995656,199.4266886873126
21.340612373574817,0.4671912566615811,-0.25462172789296217,-49.5034709746635,0.05692112289097923,157.45176340825523,151.96164892190725
24.3018678123328,-1.0151872412878697,1.1848140383932735,-15.463787681627437,-1.3177258966017245,180.09975272001083,187.54499790254573
-1.9944969543795448,2.9529454466791276,6.132817123318986,20.746998228780754,0.07236574967494215,217.1377352508458,207.76564646540973
-27.510063156757067,-1.6238127375506535,-4.621202931222206,-39.24471561734899,-1.6177529611461934,98.06707631354074,105.23746946731204
-56.40368548139444,2.118946087560634,3.717202633748114,-20.45700534016817,0.255985812244318,107.82807191660052,109.08646058332778
63.272669572723515,2.660927198981294,0.6601737476750619,22.49919878761972,-0.4515246854752925,280.7151084289976,268.4964614928595
40.648811654118525,-0.6652287688800147,2.8583936025191194,-1.9257053134996918,-0.10739132283274049,216.30946081896727,220.66389672276094
-12.189555207688636,1.8446668562806336,2.855884279578123,34.704500176823146,0.5186178184437158,212.9971982337994,207.58913079477435
10.049919754187448,-0.843301780039975,-0.2219071579841958,-13.294649392380965,-1.2323215402578411,175.11050334498955,174.31275675486032
41.12083995539,-0.3193421556594348,0.944854555448584,-8.790649740059722,-2.1408900322519693,197.5956672600808,210.66982945420395
56.82188953368584,-0.5902681144240922,3.637070019278667,22.447985822158767,-3.32222468781335,258.68440833969447,258.84946944422154
42.82067067407641,0.026676603884873577,-0.3702987870364059,-17.97523032398179,0.6607359825263563,200.3277013341068,205.01757102080575
-51.2286160879121,-1.1688833229848878,-0.06780916539822103,-13.950949110882265,-0.6680336742011398,107.05954827825134,112.77072550995854
-20.816917776563663,0.9826290613800985,0.17099764580815163,21.722285182646523,-0.2510510147711776,184.4320723156959,181.66295996983644
38.440069080129085,-0.9574488512795624,1.5232231307818869,15.398741233573805,-0.3190203238243607,224.9450903453461,233.9405811407174
-79.08305603591711,0.042353392792558994,-7.439085075407706,-15.160976687280924,-0.3951976245768701,76.10890516171115,77.81905484094521
-13.310693010950828,0.2320871277535375,7.251325885143864,-24.0748901027392,2.2715727909118857,157.03483458442705,152.2244195614567
31.707940447470246,1.6670749433492642,2.4474647386349218,26.103615752946492,-0.48909249450737896,236.75369269638807,241.2920202592309
20.69598454081209,1.8321142834814663,5.268255643949716,-41.45697192565027,0.911302605959437,173.9548250188813,167.10570201988904
-13.637753046083832,-1.1958324435042234,3.134598478192057,17.04084668072752,-1.9113822138042404,177.69840643123524,183.2854943268634
-12.422013424626712,1.5968918358686577,1.0831117671674417,-22.56386930378621,0.8933382629111439,157.930174480235,148.4424760088709
12.707129579632692,-1.1495302717343812,-0.7821445874741232,-51.74730661661877,-2.5206345286860263,123.74242226779936,136.36253044645588
39.27769561666341,-0.36462584275304516,1.6950598592916033,15.987440153307036,-1.4390362516368236,229.9468572558686,235.01155040620853
-31.202091086634553,-0.7685741145877573,-6.67108241803272,-3.900220192954655,-0.9070966310565024,131.92061872699972,136.40595242807075
-66.49584153544284,-2.3855641156175302,-0.5776904225423737,-40.39281012321846,-1.820200492166364,56.70726684843349,68.18291018234757
46.00080847686394,-1.200310910333934,-0.2328720037050935,22.924006389088056,-1.105270768331503,226.4921221100197,246.24137805491796
57.87904340341716,0.08324357034404434,-3.258824555382256,2.9814448643789353,-0.17960339527486494,232.4118908081718,237.36032075881914
-27.762113160536973,-1.3281057465510953,-4.279882317488208,-10.154008431801797,-0.9226943787429881,124.35712594906258,135.40821283621554
59.51044891878258,-0.5597165164871792,2.3179847526240964,22.33139279895076,-0.17436249215582586,251.20844265224295,263.28076433304983
48.14765523159388,0.00037324088821932605,2.3296974899930025,24.699466527364283,0.3750322735262646,257.97893146876527,255.40724163470088
73.94840831432727,0.9498234921175874,-3.4204744547741726,19.828980402590734,-0.1259089945129504,267.85643124883296,271.0358456310821
41.016681674786426,0.3502737346333901,1.7240253763715125,0.5644487604433659,-1.3917081552802175,223.81086146154956,222.11873826228992
-39.629058042898485,0.37111320928054065,1.6147582787038721,-29.632043074283466,0.14243451090002257,113.3876616023528,112.72222175303999
-25.332355102486872,-1.4965483496386653,-1.491397187644252,-52.08184600137342,-2.0699195894260565,92.86029163360551,97.38295064076583
-67.0385247165788,0.8488399852921902,3.218966619922185,-17.811369708227748,0.5333540841552304,104.92324413429516,99.60628313590009
41.06671220890811,0.17687137102324885,-1.5218965759642546,22.525190228299124,-0.3192298677843801,251.3555212952918,241.78266423581874
13.371460444992705,-2.9898021473930796,1.6964425539637296,-20.556052856335764,-1.9541134718427167,157.45274947930596,169.42295139472142
-68.71264258663709,-0.19220498002578199,-0.5095469461865996,-20.329658098861316,0.635508432445489,85.96775489819005,90.74647269207183
-5.664072931808486,3.3011933812071543,9.924544390869384,-14.250725270032756,2.1502675799678093,184.96928323824383,175.31622402153843
-52.225810411295,-1.2084244710012984,0.14397246989869408,-33.377992544461705,0.18202612965259612,86.75614575840373,93.36878804412935
28.43486272027721,-0.7904975084294013,0.8586230591268292,20.191323251241467,-1.2702944360920536,221.4845460231532,227.27903395746057
66.43241106601273,4.453502615704793,1.9972429777872591,20.55279086814015,0.5960171920566486,284.0932879968384,273.88698159103654
-8.77009970404444,1.3496125020845164,-1.1556920611460741,7.145264886242842,-1.1295972880723033,182.3380772083023,177.29450520640094
26.64473216182221,-0.038177915736744415,0.7971748460732327,21.525115756100643,-0.6990403643204708,220.3416119811017,228.08482135527464
-97.35361107948098,-1.328654925536247,-2.5423469835718646,-28.8691783827888,-0.409058130420333,45.34238349014828,49.352167369537234
-4.549308403847774,1.450519403376527,-2.1072666187646485,4.346972781803673,4.803935615759724,192.8840749350867,183.79986964966372
-60.200562794720724,-0.48461798129548606,1.5100906845163917,-12.985822548665054,-0.006917140415539063,103.2718023086888,107.6871870907554
-13.42921664205701,-2.079174078461282,-2.038513330206796,-11.872574353180719,-0.12108213565433663,148.04487532268013,150.31445633177617
4.351301131010703,1.3319065633024596,5.582581576764941,48.99097088850385,3.2247679287145625,252.60638734927497,243.33654495963142
16.409746928972424,0.7302547541533102,3.6434590450420674,-11.871914044401063,0.10810950487032284,194.55481861619697,188.87467305997342
30.780660062013414,0.48231472581895407,0.8954540689826558,25.29108048953545,-0.19098778698236352,245.7212440827663,237.11353843070412
-23.787086660011532,0.5623923091611199,0.20162322973810307,-23.375491838204674,-0.8550485334878851,129.2753708730431,132.60140537853303
48.5406428330774,3.373838299238877,3.8597783538439563,16.701588587954237,2.1711477083043014,264.20839255320845,254.50201265375495
19.18015121548181,0.9289813869244773,6.07141632864555,-49.603183815572514,-1.2776800765818768,164.22520104813034,155.15470191023417
-17.923629821086127,-1.7725343131504492,0.5840410702513065,-16.452472088009166,-1.9805504190564016,137.0768623843796,142.30987130028524
31.090085208220245,1.5840259347969874,2.058451119282412,36.956790392422384,2.268436264051401,274.1355033422069,253.81280579010973
29.98822238178789,3.9252141957409945,0.8423024315287215,-28.349326179373623,0.9916617086279088,197.9256210186057,187.25309140964896
-22.214324216869592,1.2348344307566703,-3.232869133972866,-23.510501498462634,1.1190518543243781,142.30813601684412,133.25120830711276
-12.616934829551385,-0.2448469076434862,-4.114795578797626,-0.6861280539284305,-0.5766451717729041,158.65394484283598,161.61566632964244
35.82747351098718,-0.14769283523909088,2.5048365380311717,21.501115679156513,0.4511822245977051,236.75802738227105,239.99193198886974
-65.00146888183063,-0.671070304701024,-5.582326090735737,-30.817115655555867,-1.246139505143674,76.72334716998768,76.53689643336953
61.724500989745124,-1.3207357982738441,-0.28232085868828394,18.619861101205252,-2.3167032592292522,234.7580576662019,256.2796190460939
-19.68544813722129,-0.14985918627513148,5.000452554377741,-11.304785655083569,0.19165281843341,149.72680429418065,153.90702926556693
17.40452239161443,-0.3443466108032048,-5.154510735145066,-50.719450520928106,-1.612518300040708,132.3364805534012,139.42871309603225
32.25030846659799,0.13837455507986665,0.4765327598257308,32.42449025770376,0.4032091427945472,244.67743987270867,245.5479320533401
-31.234678274112913,0.9881493546598498,4.508294882616826,-29.515360819715248,0.276357559955039,127.25951233204704,124.87777957474002
17.27547081981142,-1.0670202583802804,-1.1963180790415056,-35.484995461941665,0.1867798653015088,154.42535826612055,159.56893375708648
-50.71224424530007,-1.8206026809825642,-0.37791272450926827,-25.54781405015306,-0.7330473599466021,95.42637369438457,100.66339581044572
-34.478041719103885,-0.397219267213516,-1.2731261385556345,-40.78882653664975,-0.9077924590532837,102.32145319676732,102.01001075075959
61.506830466231754,-0.474004000958647,0.28339191155690996,19.80628805951121,0.5020827882133236,256.3828420052758,261.4796060958913
19.325027123206805,-0.5580982044845211,-2.921871052417695,-46.097046549488205,-0.957289724673468,146.89207537310438,148.64573846347832
-0.6258471152354147,2.3203268076628074,4.152787570833974,7.307935912620951,1.8143214778899215,204.5723310240097,194.82454152510826
33.40260108987661,1.298323772652537,0.9064889505448864,28.956713479440943,1.970568758498305,257.63553111379633,246.38971292235018
-32.72427833768921,-0.16985789535391613,-2.0699008177994838,-24.079705766473896,-0.9007667592217394,114.25811614352,119.91050729479957
7.3107464470627415,-0.7398880068407623,-1.538732737854913,-69.69350753288612,-1.6461989717521484,104.40656527323854,113.54743606906318
-31.551164233752775,-0.1993655142769868,0.8249411966734993,-17.637836049140915,-0.22239580006983106,132.8825193390024,131.06919647076992
-3.148506931617167,2.1088904268757216,0.5521779044768583,-37.35541288878889,2.749051795344693,153.693593343715,144.76121717762842
62.383576221511724,1.1712008500745816,0.3816247425604927,-6.809268454520838,0.48305203732390267,236.34606704859831,237.4652022682857
-10.77737474537007,0.5328354761314592,3.1607708445824376,-38.511020157967124,-0.8008686180759848,140.18215219065033,133.4593596706373
75.38304476644973,0.9267240970063918,-1.737485249816168,17.26400313982457,-1.6742077776886293,266.1498752808008,270.0170958471102
-78.92951108730676,4.505113947210691,-2.2437998850930665,-25.43631208168593,1.5816147147292792,84.12939860100275,79.33212247918942
32.31118455341004,3.842283198313025,2.6887096180733314,15.995280197937767,1.16992222007413,253.00652624109608,235.862396659144
-38.12270568404617,3.4380751160857836,1.5318019645622711,8.381062666971028,0.21047814126852954,167.98056681697574,155.29372907617827
-24.862990071337837,-1.1732899467350104,-1.215755100254695,-2.322843976751477,-0.7553050384790155,151.107415873977,149.52483273777793
-48.417777557906874,-0.7348152156349059,-0.7565001609516021,-20.545173170205295,-0.8396797580158123,101.23204818282196,108.56107100862201
-43.36156423563398,1.1350277500159436,3.1339554714307782,-16.391554387738957,0.8404763822239065,130.92881354551108,125.21135785163364
-71.16852453049249,-0.08060653170492757,-6.2097097748814525,-26.364199417055556,-0.6051679119790009,67.48144153839465,75.42680870522422
-33.11261800634506,-0.22141844668038116,-0.29482972563221,-30.964264969328717,0.45644097832063574,110.5633388021444,115.71832670167223
-52.88250578311154,0.14272986678366045,0.01682544619275334,-14.823948845272307,0.2197797261725809,111.99334748218766,112.52789728210085
-9.917876597396685,2.0698535377624836,-1.1704485501853275,-27.07181287518407,0.09804093988598574,144.82442713019157,143.86277332621947
-44.13357463119545,-0.8950668508222898,6.547819496268187,-11.651456462834743,-1.768025796626908,121.364157405203,127.95471262612531
0.45982746240637995,4.861864963714187,2.240740749825312,-15.67532261600845,2.359407543766784,185.82430493861776,174.10153497504018
19.79308038868828,0.6034885124706834,-3.748508687984284,-41.07325202058003,0.10642792872456527,159.71829542993655,155.53625299265525
55.115782450417186,-2.664032403955605,-0.17972988041140295,18.973076921358125,-2.2980240379227594,225.26208672612097,248.80208992082078
16.99175647650374,0.13628475788096117,2.035646125875381,-51.52142598712214,-0.09768789065253733,149.75212532361252,147.39959035382182
30.956605423349973,1.4372607688193382,1.4314814864502354,23.463654486354415,0.5420153255457011,239.79976442796465,237.6860343618559
16.961451335263565,-1.3369467136519528,0.582092833039091,-13.958816231916861,-0.5808244048993166,174.86339708479505,181.5219736891704
-57.47286773037164,-1.9756134572805082,-1.9543384355266407,-32.00128876877916,-0.5441866601064644,80.04468938493895,85.90672181927147
55.02546835322662,0.705973093708431,-3.196809063066157,7.74304612679566,0.2793998063903146,240.66708037323056,240.41209518839082
61.65377451551054,2.1713310503883347,3.6127909844186927,23.6284349330927,2.3367965801628223,286.3668471513774,273.2581449349083
-58.58256461762658,1.7300362873840331,4.323718572355366,4.2704114548328045,1.4979402490918738,145.325708694105,133.09455881737398
-53.952350438550965,-1.1809698607579064,-1.557139119875352,-25.520905643078315,-0.8406191905691112,86.24583992559009,96.80303261850557
29.648610862219797,-0.6833040813100301,-8.668083178900552,25.208045854992047,-0.2123923173588605,223.0029675637584,225.1478940109794
69.61713736337269,0.3699339664474919,1.8514675314214832,25.875635072237902,0.7390330550388929,296.67436067397034,278.30822385985414
34.963683935469014,2.901400886070997,4.882745931439195,7.986924800756131,1.6882094668087704,247.0484333271233,232.27798189188022
-42.848130092393745,0.5266213875554978,2.1197327583054024,14.00695255532563,3.1485569489403837,171.69812580621922,156.8087504290688
52.30439123190723,2.7677177290800046,3.3205768587924456,17.83319138582957,0.8172846227428979,259.11511108497336,256.8981786996888
-51.668243673704964,0.0762513209420378,-2.9426784750275132,-38.4640566621706,-0.676776962749499,83.2772984356764,86.17951241862418
-15.052789800449812,0.5041056142399818,-4.890345096463097,-22.06292213758406,0.8935712756503071,138.00069874946217,139.24663672672958
26.976830089874397,1.4494331711007775,1.9207729598627536,0.7943000646809056,1.016277411773094,221.4599458007048,212.0126305686279
44.623129145147026,1.3524860919421515,0.7996904687704025,10.831826397903635,0.2783115157341181,241.4062199381925,237.74046049083344
51.23653314500517,1.0251366973957465,-5.5456939339161835,23.439039752583746,0.6892670369375784,266.1499261019438,250.69929956934305
-70.88865546424486,2.484023939486463,-4.118030503698163,-18.64269105492626,0.4478639376270938,98.0400423817904,89.1375277255818
-31.050535902249916,1.0225935457286597,-3.4257711289491666,-32.45532493448466,0.40470641831377807,119.82145828196244,114.3506848696958
-18.609813384127595,0.8255055123893721,-3.2333686874833525,-35.45504031249102,-3.3725971407846598,116.2138511621276,120.00970285883906
19.934891598251305,-4.196914489370248,1.926446150969568,-32.97960110248791,-0.929245860977585,155.3612026740703,163.61059316772227
-64.44983831278988,1.49334882743282,-5.952976046765771,-31.506961391719955,-0.05398181788019624,85.48931189482288,79.3846081296133
-14.669309595695184,-0.8699117437470376,-2.8543792103414285,-4.272062394990053,-0.6682900270375319,149.46108019327465,156.52106389952496
-54.498603007873314,1.9061265481641145,2.3093277107980437,-9.914920950277022,-0.33881046345126115,124.09740880036706,119.31813670869704
-14.588020293200827,1.365278666602091,3.2591326816949047,9.992159127578114,0.23396811848882343,181.8401195627144,180.11753517249923
16.504535603557972,-0.7050613776220515,-1.5842838225139275,-20.559981627053684,-0.26114067337332586,168.74065224269685,173.24908497433057
22.249947174991053,-2.0580630833293334,2.15500212717565,3.446130064543743,-1.3972100150225024,193.2272449894421,204.25082313969506
4.022654679095199,0.583347688497705,-1.2169963819058014,42.89911629796212,0.3974644439301262,229.9880645874307,226.5406035989145
56.94252226042739,2.3604068973828243,3.4118757880525195,26.14368667106494,4.087841311124666,298.2624075879775,272.8013497993892
25.826932629158346,4.824512266302492,-1.5707896988417944,-0.8544228532172067,1.3499244887144275,221.6529580783299,209.4311737034525
67.27743493942076,4.100807429248828,1.1799148981524976,21.884052768363354,0.07410400440066324,276.3613305217915,274.37133091092346
30.60242634823617,2.9999079048333126,1.581973016626968,-13.71696753247094,2.4111455458077784,208.5969211826997,203.73350215437068
-32.97838208217707,0.2655029423796721,0.9111999650452767,-30.52281721691401,0.16106548532640907,118.80389421568366,117.69158596499913
-13.794735648366656,-0.6698608074441209,-3.9520217110334235,-27.006389033507585,-0.500289060944923,125.68732523325488,133.93172061004037
-12.703854413039684,0.9397342734273963,-0.15606992757340096,-28.767054106954596,0.09714399145776298,141.35384006713448,139.26491668865475
-25.943370445604856,-1.127701183883374,0.14030233307141757,16.995789187817373,-0.43333996259940716,159.8028394662367,169.48669680013737
-52.0579874862885,-0.08702265672740425,-1.096523788597909,-18.2977066671549,-2.8430609349373404,96.22645895868696,105.47271533763036
51.66828123182755,3.4342502714816083,2.059167194612956,30.76940421148718,3.108230690507235,278.9652065769762,270.8943504712538
53.465269866409706,-0.3299561257966814,0.7031492945353054,22.398899618864824,-0.4059691054300029,253.75748612633507,255.68641041991927
-16.9307811327448,-0.977729990911274,-3.1100438795934346,-14.391146005925203,-1.1726986585399333,128.4220096233643,143.27261720362154
54.59823637351167,0.12259576771141058,0.043837411311073285,-4.899817664567139,-1.407566399954532,233.2443868054263,228.3123023593485
-10.322534987713908,0.1253377916677636,-1.6522840061559556,-33.313748004254094,-0.3042752518173841,140.30425086790788,134.3875124130628
56.84071359073315,0.7882606959560006,1.5974927667570478,8.320541051957246,-1.6796596581383914,246.8238761907903,245.72236531859994
61.5722842228988,0.46361337695245736,1.631951065705225,16.544913788675192,-1.3462666189090915,249.49137274107895,258.721512706658
-42.80005748042121,-0.9474007612594548,-2.104065292812193,-16.338324940144062,-2.6376346054071496,104.67437964744602,115.02753379129179
-34.317739049531056,-0.8776057690950633,-2.7765047176135953,-35.43223886657834,-1.1460526072584574,102.94631513965888,105.3048758612592
27.989856628841345,-0.13685114455278405,4.104416962815066,2.1564890435450472,-0.5268579721023257,211.70533545210256,213.44207038988182
56.69698377715874,-0.5614138412297851,0.8191916246546388,21.82721534807165,1.2262472868369991,245.7881581754751,259.8632410668294
61.395484928586576,0.4389173864421585,1.561985604324043,23.582449567763096,1.0117227836055187,270.5263800414904,267.84557714205675
-16.637140942676897,0.03531594879443383,0.034442744481927565,-32.12436742571828,0.07676227100817058,124.28599863847816,131.24002946722612
16.99374056014524,0.3800946557253042,-2.503497394416882,-31.04757939510716,-0.29538787115886034,161.0505108922125,163.38238742652354
21.267765623987756,0.3240558734135318,-12.492325846513129,26.33886066396333,0.21214245604038476,209.0022796190963,215.50551564222994
-58.74492285981115,-0.002865820697589458,3.136920736201123,-31.596771667880084,2.496896546144529,107.12188232692716,95.14427380529345
-28.896409520518716,1.578469825473876,6.727469263150453,-36.63414515829968,0.14634765343507886,124.8189373243983,122.7767489345773
63.49123697778629,-2.0164764118799248,-0.20936287371143172,16.50570424069724,-1.8577524189840593,240.0257822352441,255.76836638524333
7.713770461250046,-1.8772576503206848,-5.865966001184918,-15.84243379713472,-1.3443887383282906,156.74449474933508,162.63874114561693
-6.332613592328995,1.8797633492037678,1.6482845430541915,27.50266094794083,3.2400368323526365,221.85622628308468,207.79314895155966
39.39548606455816,0.16876065305476406,-1.9187298004300197,-0.007672221337836796,-0.7001416120897627,212.9529456486284,216.79271995509131
-19.48128518529009,-1.221935354000746,-0.5082015343413924,13.001999286501963,-0.5826086330937837,169.7998873079849,171.0629854511118
66.39081760625018,4.113694088864826,2.128141357720684,24.085016880811366,0.4062093257002054,288.4317462532209,276.97889613068264
-100.98752115659782,0.4170904006611469,-1.6466408700348227,-29.563282130217893,-0.9539470783902444,45.9827162755659,47.12071603675576
-47.83585805347976,2.6508669376001825,10.571286535246873,-3.605915606000974,2.00832126569872,154.24575562247028,143.6437179504002
14.504228989054642,-2.096879767988275,1.9548705180987056,-25.411189601145175,-2.884188828301873,149.83051953713675,165.92185818105384
72.86367462807345,1.0055716030257953,0.7765771667147361,17.91481489643915,0.6791063339534987,277.5561338012063,273.0947614995424
55.82147575241136,-0.48176087055949784,1.6844528299484383,-2.5449747700276544,-0.5014781839352199,230.5526100537268,233.83273162917274
56.26047556281588,-0.47515538419357845,-2.844679516800288,14.975591684008531,-0.8067122670337799,239.9921377441672,246.96453695013267
-8.384494895505295,1.4802153613516487,1.195436636858906,16.814877161189454,1.2751039502965085,202.01403083362715,192.23615508552663
73.10233910139586,-1.519676841371141,1.0952549603091204,16.447692882376582,-1.1191295753608421,260.7922384722644,267.8614973986829
4.17676077127203,1.0750380396529744,11.157529917389231,49.24544325406903,0.633547279911855,256.0694323544842,246.1433361336302
60.09423600011223,2.318342143279972,0.9493262411796165,22.86551499399332,-0.705430258157298,276.79493281920287,265.3770059917443
40.80462369947119,1.5260183494294275,1.8727250066142331,21.65958125702516,1.8795954409943019,252.6918935431903,247.5975606248716
20.048273975894062,0.24616430866485323,2.503280335415408,6.220262901966596,-0.6727084082054817,209.0881557030136,208.20028998507246
-20.15390180022631,-0.08065073742007893,4.9429225040533185,13.681182461209838,1.950604082038577,194.56175542672165,180.19517338099195
-21.675422052025155,-0.6608333759128506,1.745660966965139,18.907742661687923,-0.28227639463400883,176.39354089271984,177.88988867741836
-14.472858060351271,0.3112750153746886,-1.717035730159154,-20.002433429622112,3.9313195823346225,157.37181841182195,147.90528424891346
70.7975190667143,0.11032683109180252,-0.06974057023274023,17.506972205960775,-0.22510185090536367,264.5129173178968,267.97499255396326
7.020659644387475,1.3206054456985634,5.624047782329422,-0.9928050351755808,1.3986804218654412,207.04029162351483,194.22620513044166
54.49294480554385,0.7537373290505565,-1.584724759067444,22.386958509886117,0.03044082881034424,236.6244445784343,255.93437358555929
26.123637762917255,1.561381850302395,-1.7548658107294135,-9.785871857715955,-0.20085958564372614,190.9144349329116,195.79843923046667
66.19122976013671,0.39000013940295336,1.6491064602237198,20.302843293125154,1.1633418389302523,272.8010847797025,269.5515383631541
-48.5678391430174,0.8807482728939912,4.143345812213478,-23.733869831633488,-0.4488753823235579,113.30096274334451,112.12852659946982
21.33456794904375,0.8129469458740549,-8.795707981502261,-19.108669911243755,0.021176349168754126,169.12979178509678,174.11933022267658
-43.595163609875506,0.3389232001664808,-0.8900699754220696,-11.923098495024718,0.09703294995059315,129.71904366651833,123.88264094113055
-33.49805202616694,-1.4277404837158196,-0.1874046743705799,-34.639812121167836,-0.19211574660743863,107.05531663249842,109.90989181930998
-42.80342448688323,2.6213384387089143,2.617515973563954,-25.03529807858018,1.5570475619664883,130.24711430105071,118.8121962801124
-54.53798163780306,-0.9215923118205802,0.5137506573012515,-16.96306957326506,-0.49316806544446906,102.39706942876823,107.4529559403044
-10.858564296751522,1.8425675189962287,0.7467718837072118,-3.5673045080684265,-0.4245026361073638,169.42822400991912,167.59398483311236
-14.665938443305391,0.5199964597027701,4.73000743064388,7.236705102004356,0.28312592189523667,185.2830448805516,177.95891334227656
-27.257823533216335,0.4283674400244012,1.2824032809681143,-17.660288843112873,2.237950619525967,143.65928642692933,138.88562583552627
-40.83617908448346,-0.45616422491401587,-1.0298049114159618,-28.031280717252603,0.2553305396300435,103.5322096354912,109.75691847290017
17.80263428004314,0.7091848478938754,1.4757432528891525,-21.79850258018693,-2.2554892850485406,174.76835569433837,175.78858738692728
22.340351397044582,0.420637767713472,-2.0758596728784293,-2.1974343296839876,0.15877581628837428,197.42507760739247,198.50148784981954
60.47590082016292,-1.7050631505929768,1.3965429043710809,18.867045547298073,0.09014895432211656,248.01522605115292,258.97959194689577
-50.9821022191813,-0.5852732877019666,9.273339278519007,-5.904421663064532,-0.059001440841379454,133.8844893663168,131.597557539067
-55.701432392428714,-0.20717167287531202,2.3351918658213857,-26.873775998007783,-0.6351988571606466,97.18590198124416,98.77262981668562
69.36189227667731,1.9492208835552554,7.177237787180995,3.571938541032168,1.1109427493202948,281.93366946792247,263.0262491090999
47.87155047257743,-2.1072678043664435,1.3172310918105747,14.674683092313607,-3.2337596674932954,225.8833492920674,238.37745405617682
-65.06957088683077,0.4712754387270571,-7.224499140557203,-22.235122892211166,0.03245764273248414,81.35843481812452,85.82955703319736
42.145466173861934,-2.4666166017742803,-3.1453257166960973,-18.875904417603945,-1.5435879298697113,179.00196871974927,195.96904837925337
23.985905858829568,0.7140236046150894,0.17017195074577907,6.494827018874396,-0.15722922432282588,204.3813468513428,211.06271608007813
-41.83604393497202,1.169002790360437,8.412651451235034,-11.954376624206414,-0.7479857139077992,133.25565659814222,134.89826483984638
31.284409264988696,0.08741707227018401,2.713489980851917,-11.321256536808502,1.9079097146891006,204.65951559206823,204.52698636732785
36.856358726420225,2.3048226964069314,5.300866769555751,21.97938227672574,1.5963978450622107,268.6825564567144,247.89284518550699
45.97106150409699,0.5840913750076182,-0.7143151507745741,-6.93772784825954,-0.8768968441470375,211.8161023966693,217.8812299072584
-18.07245724388764,-2.036600950748008,-2.1734546843684655,20.7027056574582,-7.132598497941314,158.84575054506928,171.14261115184962
47.87145469233529,0.1407263419786039,2.8710644742505815,27.186235988810278,0.8777498172556707,264.9465123796024,258.80224818596713
-81.21736434199087,-2.4449374142864504,-1.3836151022536083,-34.46643946785981,-0.5592925658785672,53.509635959903065,59.78336797906649
-5.915111767106848,0.10454390138773799,-1.9792456742634374,4.368128367107526,0.17025081312749168,176.21127610915687,176.60358251158846
-73.14676292077245,0.829588762495286,3.5358279744335723,-12.479574034664754,1.1637783652612028,104.22667261572828,99.75787501808796
-15.717331097002772,2.9079731101685673,0.24511067430241917,20.478013743654945,0.07637269041821461,200.29575939461716,187.84515599287738
-14.28596043437481,-1.013743398052158,3.0210934533275604,-2.158575439923908,-1.2637484338098408,160.15954937236944,164.15408261850266
-32.43753456616109,0.6833001488869742,-1.4601990756726293,-33.92566263292151,-0.6258981182619117,118.04825063196785,112.08902262720697
50.935088017749194,2.4030735601222832,-1.2152110478634681,1.048675286145284,-0.5327330982131678,234.06522048596617,232.49390958927623
-46.70325041601014,-0.40078422409150516,0.807239035741394,-16.529586374421743,-0.22713281924701384,113.84230153612194,116.80150207330787
33.64639589981222,0.12495018663557261,-1.053569323034137,23.12243598245848,0.6254585974615547,238.7515749966284,236.32068821467092
-11.764489187299677,1.6285191097356115,4.172277087256356,-21.924524782325932,-0.027930074531781438,149.80451172620124,151.93886902417057
31.853648627989756,1.5303183708045707,-0.10287957741439374,32.538441839975555,-0.06164869092370067,249.7137159754788,245.61289744176932
22.573866057369585,1.3017807642000536,-1.4087392892789756,-18.08723291301087,1.4860187377474074,191.4781569978292,185.72071022836386
-6.22274836181996,-0.11240169861350606,3.2576314880171005,21.99344516409456,0.6911015982951277,209.58502963104533,199.4620450613096
-24.865517829757472,1.3116354503106946,-0.2768110616195044,-22.337554107871767,1.0728947746958852,137.84967331782937,134.75966409709443
-44.52514996903138,3.1700992931173917,0.44062995530718235,-8.981902344836614,2.591749044451702,143.24502050078962,132.55044285034347
16.145015663818956,-0.5064203792405061,1.540300846857444,-57.47332034075105,0.09362792800784278,140.6891306490656,139.6542205900292
31.434963496382785,2.8274049356419098,-3.6479921981741557,7.524159143317263,1.1730645856931605,227.7826541761559,219.16661683419792
-21.031022334928657,-0.7652084822817019,-4.73451391176667,-33.052106409317986,-0.23688198424213597,116.0747726002959,120.0352837488
-21.962236391172883,1.8843787178308706,-1.6584807686694787,-21.084241710587513,2.561665542700638,148.21924798742617,139.5961022614375
25.845909581536727,0.021426084819231243,0.26233198821241005,25.288627445156806,-5.569861429829408,213.5982970996489,225.7034505412339
-29.44351617036536,1.409410070634643,-1.547572787314049,-35.58163288664214,0.6767894667220864,123.96735322893474,115.36849456437136
-59.90022399145303,-1.6910669761419113,0.32791933888752955,-8.310150073207353,-1.4088750869774112,105.13420249799732,108.87262008244417
-8.20930452528239,0.5831141405375819,5.606193455758578,-14.826965504827458,1.5296960321922763,172.2983492152017,164.53775046971444
-37.30743157319398,-0.21171874691703624,-1.158217043034812,-17.491566332542384,-0.7277803542853755,124.663629160018,122.95830282136384
39.870003048677205,-0.07111358266518718,1.8974747481932934,-10.769857184428657,-0.05996650181395532,209.7335904824809,210.72155739929815
-23.405618356511308,-0.6571625070065883,2.176503191833566,-7.027224118485924,-0.527522459329575,152.60093060658272,150.41399262183683
60.58507271116049,-0.6404291268018968,0.6344871788849071,22.254586399660248,-3.7897911449300516,261.07504073558897,258.89894288931004
57.46721595354865,-0.11241910284056618,0.362332735035091,23.68703274059562,-0.36420001535454694,239.85868512940488,260.8949791823202
-78.54086190913178,-0.5442522609160978,-3.2240856941423797,-14.579930480333575,-0.8723693229049306,71.98850698733536,82.09351720390661
58.15432168309462,-0.19287785133366886,3.322839315562285,23.865565564392938,2.483292928318548,269.5618885772525,267.48815851137095
20.66498524722765,-0.9458486138920311,-4.380586130360724,-8.504538534484741,-1.131001169836892,180.1946611865515,185.55802766998983
-22.791741480456032,-1.4345760257689133,2.854718719027462,-25.510446288903516,-1.4592973424409195,121.56168810567988,131.5136744527954
49.2841237819765,-0.4899630558112122,0.277567656448328,22.232488057920502,0.2755316228101298,241.6071891523933,251.4347649346811
63.54357309602315,2.8960119446751373,0.9561209182875987,-14.513717616000834,2.166709218820023,247.2766046115065,234.90371443314146
-7.63317621908037,-0.43567858783603686,0.5326129290320272,15.103858230696948,-1.3055761776659427,185.5615383882605,186.11705704648287
-14.599124580062673,-0.7971414196702494,-4.4534353481910705,-43.74450287259933,-0.696914610109429,113.52484024376449,115.56389804070321
-2.3783007211076916,0.11931049310503906,1.6063705634725314,33.60588639448306,0.7475374342715037,200.60265187177484,213.55582103556108
23.235200598269696,1.5966345850283605,-0.08082361122109005,-10.249299286733333,3.699040263775413,210.86945697958112,198.05576942045494
23.718419880691687,-1.4326453246407345,-1.4619077212254432,-7.885343703470497,-0.024964700640312632,186.5151334529265,192.76857530205086
-32.554158198356056,-1.500789009161052,-4.7399049900432715,-29.496423742997017,-8.297700193316112,85.23371189560646,103.26604073746408
26.310906144043145,6.294666828982,4.901395961113347,-22.6552821279442,1.1444178299740781,212.17603167939387,195.8511215075066
-28.1597880321447,-0.24462085954546386,-1.216314128077018,15.832302946551591,0.21078370526782025,164.67111941976452,166.27738050338795
56.44103592748313,2.6148157324551047,2.7899313504140366,11.917626754359755,0.6437020208676021,261.56166329889925,254.26212865691508
24.561551628115215,0.32000123915396156,4.27085723914601,-2.900396046687212,2.2157468463568804,212.61015944126564,208.3227777774212
16.63922731652439,-1.0552811289708106,-1.3025176054116157,-50.20349307812883,-1.5713798496162186,134.4131241430137,142.36157252573298
19.054067370125026,-0.5210374938565262,-0.23153677729551342,-15.078077486149065,0.5505258631342974,180.1634689787074,183.62895834729395
21.345648221910576,0.49960868831841476,-2.485241382172314,1.2313793318468074,1.2924693566321266,206.67627696504945,201.73888108787153
53.693311514796896,0.6450883569286069,3.1028571577296855,-8.326218622851094,0.4859193339376864,234.36689597335237,229.4559746118771
-60.71326094493452,0.054840384823778926,-7.670456609249093,-33.18564704677962,-0.7553767873410119,75.69524959848759,77.58511586785501
27.602575664928057,0.7278994515092242,1.0215579325252058,29.227650038180492,2.3602142324580875,250.1932905881884,240.79491419093804
31.2438201929816,-0.1330966595530882,0.22412780023133708,-61.63792231722179,1.489731581368344,143.8392926485857,151.04167746914374
-55.321656319580065,-0.8058065882147649,0.38178717772878706,-35.02513336090303,-1.0477407451484582,83.07025936937936,88.03646703521734
-4.991894473408678,-0.6026775069295481,2.4846344109704877,1.5912388506801773,-1.851466428469211,174.40067573634576,176.48485172417938
67.26973191447041,2.3299124515337053,2.33283650724052,23.625360871542807,1.9487196569155243,288.381156162349,277.36157827303964
23.808939129422168,-2.129337493946258,0.19880118004981234,-39.11158946725811,-0.660630790572206,156.35921157487672,161.9611994290313
27.063562394880474,-0.22102067443835033,-2.3567735138031716,-2.1903935897690268,-0.1344435854652701,199.12126071661928,202.01594790274027
-11.850734456994417,-0.09729970920496188,5.297104865831904,-1.9427994065102707,-0.5983239356039017,160.09260097531424,170.66296422885432
-89.15585300962009,0.5868429089454449,0.6665594057068505,-18.466611856864056,1.6412699481664426,83.17408272804532,75.12722426767078
47.07721337466719,1.2565070515057923,1.0713092269265458,23.99904269113699,0.7582429252725096,270.7531489967903,254.01733214084518
30.45895790459942,1.7273702680351635,0.6639584074969536,30.066369559508345,2.146491703077715,260.2355898065361,244.91816471405534
24.183221065109016,-1.3250758904508602,-0.3928243520746882,25.404893760554128,-1.8967079792466124,205.35174621003463,225.82852347522683
15.313777082612223,-1.1602078502309692,2.412986000850293,-13.609359396746862,-1.641637464486499,174.885459967551,181.1705752433342
-27.333049514530558,2.924273530857354,2.80235532232014,25.21393997633805,2.0187752953112694,211.3072610248092,185.48131148163375
-2.59446417663235,1.1457013545819126,4.418356222315022,-28.89739045707838,1.866924222460073,171.13836902741787,155.79414403698283
-32.42443071506861,2.7163466518109223,5.733141671124118,-11.338647277294706,0.1706762458105648,158.97167163354982,144.71210344771995
62.1373235269322,1.112325295018521,2.7678686074732286,20.252706684563,1.2752574839761364,269.78670816623395,267.40049846929816
-1.6455305968898226,1.908882535920658,-0.42365403475891705,-24.225124605117067,0.053499009818116734,158.6384581781818,155.52308918031036
-71.5348765414961,1.8961219266045968,-7.238955690001797,-20.834930751911585,0.38594879874071547,92.16902934161308,82.52832461327303
61.43332486110723,1.1847196827440696,2.6107072927161745,24.510509565286796,2.385974696457533,278.94912047895804,271.98025296964704
-58.79089108396313,-0.13442145498100108,-8.350043829398123,-21.11329040838916,-0.4242949743894578,86.0514602911866,91.04207512021709
26.144178693552963,2.04745737954627,-0.7212892986975191,5.8440594595579824,-0.16370261151656634,209.18611655015533,213.00572049377868
68.17623522058608,-0.7237295786455429,-0.9986275613925247,3.2287174671852674,-0.6989425865997381,239.1682508006808,248.83866983246935
75.90998722988101,2.909166210748177,1.9233830682329365,25.871756053589344,1.9986826574253285,311.08927236438586,288.46799209120985
-19.780358727807105,2.6383186142068364,-1.1773605572906707,-3.1100560207507186,0.13190671283987898,172.53319551795423,158.55746689253417
52.160708599575095,0.9959154003900719,-0.4414686686447849,20.225864159133913,0.5092517840037982,252.70846238913376,253.30528814579452
25.975330475377927,-0.24608266938207768,1.1556894451110058,0.2839668410294129,-0.3794312879639855,204.92456137581092,206.64448967550842
-40.22282442958175,0.48100724741488365,-4.822786575481803,-11.727836954335718,-0.04237035754132925,115.02419304003492,123.5202058018106
24.332608335045975,0.014254055181782094,6.096927083636195,-6.627184751763097,1.6250268779422508,208.1218748849737,205.29664847137985
-55.0036290381315,-0.45028246455816606,-5.200545614508993,-33.76494907231483,-0.9335422644066298,79.92987062518047,84.50206841741401
69.47846188806868,-1.089111666404868,-0.47389755960450747,19.339539403572438,-1.3651577932961572,259.5940078105879,265.7448511436697
-38.9329405473808,-1.4576344116507622,-2.5396924810623376,-38.43093228509992,-2.4597024248002373,84.86800421414988,96.03411472134178
22.822995851642354,-0.7967379605905006,-3.218879249619409,0.8685344965588107,1.581873574067901,206.19340942743577,201.1128035833961
-12.342981418314192,-0.6431016242726367,1.6134290563497162,17.602666382266634,-1.2116279172160171,175.75570986775605,184.87340135014995
49.42690401436871,0.9870589408164847,0.91277261415261,-3.298212016969119,-0.5150845983750435,229.0916818606567,227.36845582532945
49.89545703755173,2.0080404997904773,2.9954530424721755,-1.7167311277529151,-0.21024648602182644,240.37800182730888,232.82698983737492
76.14620388450575,2.788023758564666,2.181609145716652,22.971794537792785,-0.18415061861083998,278.41087465906924,283.7584975793029
-14.407006798351771,2.7462742055894616,-1.9978209275258065,-40.88782606527405,0.6175075676659588,134.3458156085309,125.92614485343931
-3.4282177727620575,1.0570694822726094,2.7730398125675264,8.07356877481594,0.9366633613094058,199.31277806427607,189.26714052953946
-3.7455529060684745,0.7017474910871235,5.298907033215786,18.31170977129136,1.8220517486277532,213.3612131260948,202.24388000948989
47.48297127637077,1.5099932858071572,3.028310606941885,10.780492974928645,-0.2396664842804724,244.77016898505613,242.41711853110445
47.71729226258489,-1.6170108901742015,-1.6386109599527592,-8.660244737667323,-2.703181007398251,198.47098289170512,212.95326153872819
-10.979682593498318,1.4471596830198208,0.9779751983871575,-23.594670648054727,1.0465008918091585,170.44052275670296,148.75229940299997
62.53202012866798,0.21089578597614436,0.6295719320334924,18.953155039533673,-0.018886788963599587,267.4022234952235,262.1617729685833
51.703057839336694,0.7528717913155686,-0.16219731643705296,20.01182808291894,-1.4015845884639238,246.30787573405956,250.7589926800065
-16.534624265567015,1.1458815534240991,1.3895776805125404,6.209458337878773,-0.7338066649070941,162.76284797351133,171.33150351267696
60.776241097505576,-0.7464029362853825,1.5784052445850405,12.865534710339869,1.2775136683293302,253.5613689763161,255.60630865580995
-14.43569785971408,-0.9489278193773043,3.4396646439066476,-42.93678281608647,0.2703875581894203,123.17188461512735,125.24366057825371
-51.94347646076827,-0.766564178874625,1.0875582484530595,-27.127906393115193,0.675074335037065,95.43194172039834,101.77970242206683
27.76922731600174,1.1287180133107897,4.539228476391632,33.93411239804064,2.6795679364244847,264.5647640074729,249.90587101150663
-76.24759892689285,-1.1090916538721032,2.3531508033946387,-31.9406639670713,0.7345117674265155,75.29754077562457,73.64532489432078
-46.5208040486813,0.49974304253451696,-0.507449602672479,-23.33886647661825,-0.23105115850977612,105.28583087258878,109.75658862738923
57.680785947540954,2.685293780897282,1.5825576142648405,9.2909926064674,1.5320724101452776,258.7820643898256,252.62671923065173
68.3057472224369,2.5019802549269694,2.211219180825971,24.899436699458814,2.004009164333196,289.76832526222495,279.7774093933169
25.75006768766523,-1.7631468366275311,-1.6404182910404028,24.753304370357505,-1.313171148494899,210.729743365771,225.64165265319795
-72.3227089808002,2.2164020603632695,-4.697457770683631,-28.505600660139194,-0.09120210863240957,84.29939161851429,76.45444941144324
22.867226910834425,0.12250704855026316,1.9233626736459664,11.326805198229893,-1.5906431544165602,202.2950595212416,214.5042755481795
19.465377182152572,-2.144827956590395,-0.4794685465785457,-3.21566316644741,-1.0215479453483038,178.44811268715685,192.45888643852385
38.24173429398489,1.6574706287904626,0.24073091639239663,22.648935685144828,0.7955391110386499,248.76717538586183,243.4394275066873
49.21598677071099,-0.4916247005529951,1.5063779481087267,20.373832054841976,-1.5788137830560887,235.94432725605373,248.88077516138844
-94.85019906166065,-2.160215166289119,-6.94086826804324,-21.818208833944645,-0.7745874251542406,36.67842537849131,53.31093811624319
71.2300386605862,1.3031316893266396,0.39726456672923555,25.46242533698441,-0.003859024065298786,276.1259363512543,278.2440181008971
20.80317461812198,0.693817148657108,2.762589812944936,-20.802553529493423,1.5893786680913184,190.12003195978804,184.90142358965844
-20.59748971421614,2.5885551759819827,12.148469697603158,-13.453717054171973,3.2692631380887627,182.77516315103955,163.8100981146217
-31.269015811806167,-0.43577422930542475,-1.3562553138835691,-26.190135893709012,-0.5025640725762291,114.18830503782996,120.10127155005688
77.09216543274314,0.2950957911049171,-2.4222973470656877,18.32761766288659,0.2519080903302981,274.02838467878126,273.39950650133073
-19.691174560113236,-2.1528312350845216,-1.795696087045267,-4.287007377313112,-2.287960959526948,122.89473914343456,149.64034665225296
54.72793764820998,-0.726640923983618,-12.299346258798337,17.858949924115926,-1.7567244203286718,229.13825557177145,237.65919284055184
70.55407589690728,-0.06064054464631851,2.8973214091534043,21.783664288522186,-1.2931163035721505,270.1391189788746,273.7363216176986
39.85712097413803,-0.6490854874854821,3.109984115169473,14.183373569787394,1.1439961476431233,243.93683133718943,237.50040619058893
58.742307561029676,1.0418161234639316,2.9939711650775562,-7.39714340227641,0.22223765792336922,241.29268966753585,235.4582059765532
46.19579697984481,2.199917649619986,3.282788105044673,20.31820859709303,0.10286291795956515,264.916671472621,251.95459112089858
38.39268142344934,0.9983368152146881,3.563512735152351,21.829277544619885,-0.7234918124860236,244.94188599922,243.9153335772869
66.93474085188517,1.8812231688412449,2.6418410898228135,23.55724697114414,2.1210461515201464,292.9840747021436,276.99111510454895
52.809620856693144,1.146704377042988,0.6708063283039094,22.201800628615306,-0.7275563057589739,270.6473627621607,255.95639275623256
-26.928456562351588,1.657526255340615,10.550704606241986,-29.40968246128983,1.114565376671621,147.71851995563944,136.8396740859503
-49.3083568646982,-1.565759557434529,-7.433730318059892,-27.574788749784283,0.09551403728948625,85.24759094770776,94.06789541864968
43.00171511693678,-1.2657169480645254,2.465387309687336,5.948202684404946,-0.015000661317292191,232.90987310486457,229.98960437298337
-27.357911460487138,-0.543845606455694,-2.7901189017394867,-38.768201346595085,-1.0716761091483824,102.64664902533092,109.32326344691074
-50.06258225415309,3.5050870270727024,4.942433810046321,-21.103772037747458,1.0651413293456267,125.9309742549814,118.20132474590106
28.8669491737439,-0.4225963186616876,-0.09404863582191078,13.28699464435555,-0.2269819657817164,222.0425687374212,221.26533376916984
29.320615361382036,-0.5342388193399072,0.0265044411362924,23.86965925876327,-2.008575203692074,231.36685385923835,230.52898190958757
25.981844569474795,-0.4104270370723123,-1.9092235249915739,21.207711969953788,-0.2181948260005511,211.3453721544014,224.5067280226991
22.951521129663757,0.44680282377484465,0.02945965104979608,-19.186223231880202,2.172986068112173,188.4219268034453,186.26956331205605
-24.24255118106865,1.1221045464457329,4.824677994536841,-17.179116988888044,0.4210751751376357,154.5390968253417,144.80120641749977
31.545388503628544,0.3805307358999122,-0.5333909599667997,-24.509533319931567,-0.9976349057121268,186.7255800959376,185.74037692525536
-107.47350376026942,-1.0730906472174029,0.2620825486837974,-22.11341998018363,-1.1097409907128137,39.3927791132823,48.34734404163636
22.18578954850043,-0.8751382323875457,-4.328359084285442,-3.613797136778584,-1.787231325671067,178.28426486450434,191.43628064071382
64.13730539156646,0.80389176671654,1.7603192430723766,-11.915727972994691,-0.6107377510696624,233.30498599825768,234.03006754862628
-17.359772282921274,-1.9660977289609323,-2.8376344031962564,-41.43437436685876,-1.7036579995224703,108.6958821450584,114.55348008987603
-49.09738448635412,0.3516579442703709,0.8413151771380585,-6.172501969158225,0.4578928449578517,129.24621159064495,126.23599638219159
65.34315135983529,2.9595089184971415,2.134866835337073,27.3330322350754,1.3680896633369168,287.5499121186637,278.99366588341854
-27.852040891980995,-0.6840450209623415,5.337340432060488,-37.43626594676093,-1.4639504142304764,112.46762880108663,117.75605502946038
44.04812609912279,-1.423464679066205,-2.970424505019818,8.384538594816986,-1.5555832870309,222.5328835442361,226.33820909415897
36.79089671062776,0.5093996271427905,3.05489690354415,19.956582693455807,0.7187625984923939,243.6784920609321,240.8855554046
21.5144798738413,0.987608365566725,1.794824606833828,-49.027791360089466,0.08850903159480435,161.163510381167,155.21264738908414
-83.22244383817885,-2.2877046153177707,0.07847647215915989,-34.316463901576256,-1.5673476204428793,50.484533063394856,58.53953336798021
-46.117283268403376,0.7046701963923633,2.6307927472302413,-29.541250888803727,-0.41770592220357267,112.56756172470674,107.11423973554864
-59.56361543683739,1.1907183405854405,-4.8962581165358685,-23.709733718192524,0.9083950822399948,97.82986941330802,93.78452302259608
59.429922123928975,-2.765096089760835,0.8231382025771321,20.095669799829885,-1.0009034045333984,247.605564255562,256.4377475033772
25.906557092659614,2.52589932855403,0.7822983862328957,-17.190859065758666,0.3851961905878154,205.2109694003168,192.26410880361203
-59.18805325415923,-0.544226909292052,0.0047773561037467065,-23.826392553703386,0.39938029098270095,97.14167444574728,96.70050180126886
66.06964638503382,-1.7074184086859254,3.1163396003981974,2.366811028247213,-0.20559764698996316,245.74125293828905,249.4947978293371
-11.994341742829812,-1.3441452714708306,-0.8979215014879558,-9.623276610671457,0.502860680185005,157.72663487761747,156.49819242506067
-74.48976080410716,-0.6059153367129434,1.3600060450319318,-16.65248654628453,-0.5718659950231744,82.68810817143881,88.89499423423953
-30.879796881159162,-0.6036281441818127,-1.341373853817734,-23.820898682296374,0.8591819980023369,115.10929368995752,124.06850130788483
61.820409561718115,0.7759721979355019,4.665306603777492,25.54169064377149,2.53056660826873,288.18647618137703,275.1889624868071
33.28394064475095,-0.40058908533767995,-2.157122275026596,20.904778739514732,-0.01701741156042111,228.24608093587509,231.4690074836776
61.052792572116054,-1.1265471285649211,2.4209120669271846,23.011245219684415,-1.1882498156846544,271.7243855308416,264.0251697858133
-6.295100332799751,1.5844095595728427,2.7538756659132337,33.32236691954128,2.069082916068149,223.77207464898063,213.28965159963235
58.398110712070945,-0.05620586376391798,1.357329037751575,23.021593525074092,0.0002455305075616742,260.29094132478536,262.57608981297665
-65.53629492901666,0.5239941292429231,-4.908582099685895,-19.5000961386805,1.0731977715987795,96.66383149515865,91.50723560479537
30.294014440994687,0.19148963095330918,-2.0098185467245235,0.25194333635083266,-1.9957812061048221,204.02168460121905,206.58686452680598
-37.1990846579581,-0.9313202334629026,-6.414777145198652,-7.990749506879495,-2.763020546810874,112.73899350129255,124.55606478102769
-54.44228974137634,0.40702729853787695,6.5541347290825644,7.960676143778278,3.59008656988777,157.0814288689099,143.9246518712482
-40.19501794576241,-1.35378675671637,-1.8299256758236493,-18.204551579367987,-0.6874134716325938,105.4239829258464,117.58432144203427
20.687798906720033,0.8929492961319387,1.4268771696041265,-20.54317551297929,-0.9367539940441832,184.0913145687744,181.38271273676904
57.51766413527538,0.5005996753559389,2.7174560823916303,21.407713878451624,-1.3656231995563184,257.79117793400303,260.63282744325375
31.36058017207673,0.5021316400071895,-0.6579434609368463,31.325498799075604,0.2518137933879322,238.0872086189539,242.6370978149462
-3.4879176670665846,0.6662817490153613,2.8722930707082726,-36.92410666735429,-0.7724344082226411,138.52247403659732,142.20913294841677
-24.525400018389927,0.2384407724827814,-7.609482356395403,-36.289177765809164,0.23361101708540646,115.2502795441918,111.90300852031034
4.305912437570892,2.4791387652301933,4.925913145317559,12.736096396630215,0.7216745369105708,208.67642990035327,205.02375215299543
50.5487528818125,-0.1417979074476525,2.3513280250233692,22.152622617114897,-0.5781629431130453,250.0850608614708,254.18775954472594
20.186217023045117,-1.1089649971109334,1.286613326181,-30.023888145390018,-1.1301406293618244,164.8196360035162,169.06485344869998
-18.03231787538978,1.4224987436055272,-0.9686110393184236,-42.38669668978972,-1.3367786217180448,119.74389976670372,118.55311138872366
60.61389738697604,-0.835018239439157,-4.294306772401124,22.207705808882395,-0.40657296682354593,242.6585215922372,257.1407220885315
-55.15879272516363,-0.6427080618653739,-0.8826789509722288,-19.634053252374724,-0.8665935740911186,97.49791002539013,102.67019030686852
48.7384322004469,0.21687984634203858,0.9647693900995123,-19.42660257133111,-0.6733838731807833,211.36361143939803,209.67511186371314
4.993367805551837,-3.7481002794348965,-4.9487208810936005,-20.08089397582514,-2.1328576167319078,133.85553267879598,153.93781192380231
-91.50104034962395,-1.534683905888522,-12.248536642976765,-41.65770924873178,-3.5875030804414965,14.736952831894158,29.325543643672873
-12.812649150668037,-0.7352215461284145,-11.138303449681645,5.063573124635777,-0.9597548117743283,148.60701939400855,159.27266103771916
41.397671232873414,-0.12445060072872617,3.1065099952972917,-0.3278908567760107,-0.07233156392509531,224.1658161395859,223.83452507807655
51.32752349871388,1.9873224756973478,-1.1353399664519428,8.517083857906712,-0.4236508752718636,237.9277109058468,240.12795586192874
-10.608291615893679,0.8311135226621263,-2.236198545880907,-19.138731683487613,-0.36413418926992724,154.20629094483672,148.33877435946596
-60.76734718154992,0.6518931884023829,-0.2471044710750978,-32.986011472615594,-1.1727096784115385,87.90460277711534,85.33373725608618
31.068783221294236,2.1764188824585924,4.281679850624411,-7.167369122192776,1.9668139207912865,217.92446676788583,212.18134362431226
31.473983438876907,4.9551635638043035,3.1460571931154333,-0.07929343287485728,1.2419356079770363,233.98599680991487,220.592863242235
6.379673078749267,1.6851804946223548,-1.9055279045153428,-18.7110694762544,2.150225139514189,176.5245085028152,169.453498203452
27.52696624304088,-0.38152183963400643,1.8934155529143821,29.252044337416066,-0.07700091325792638,224.7228833826384,238.068920251817
28.085463814813327,-1.765628632052581,-1.7842482850118944,-5.055081331666982,0.27103946120884576,199.05342640950505,199.60656189862692
24.74196876190761,-1.4911107303116553,-0.66244633485258,20.97475112198115,-0.30924017721729263,213.18811113408177,223.10893951284376
25.550960440908696,0.7809680397354419,2.7643883394369704,-1.2816215130373667,-0.7351156949428469,204.26320587659325,206.93459648343674
-58.47596630599094,0.5533801123120433,-5.491204823012706,-28.55698855035148,-0.36285490877688414,84.78429202436706,87.52138239551746
40.99567506262575,0.7597019627026277,-1.7609560374699953,0.20640570188780685,0.5294671713801195,223.2266641366717,220.58531073246328
24.2360994374277,1.0801381611465521,-2.0574794574759925,-49.6207805983535,-1.1073450598367267,146.3388129180682,152.385649354244
66.25640749267667,-0.9307721536254342,0.4128475287516224,22.649770181647277,-1.3003969689780457,261.1849264953366,266.94287295180766
-4.698227547533371,0.9990652863713101,2.89128425504875,47.438984775567846,0.7175950706917087,225.50331129366276,227.203718711482
-0.2748747573405806,0.36016835205646086,-0.2103290924399447,39.43580101677153,-0.11320622983042312,218.355469916872,219.05257616055349
25.958805210769246,1.2437422407047627,-7.246414386306692,-4.5627737784207545,-0.7928724595329967,187.4325164563031,194.4555036985503
-31.07686006970449,-0.6365540045023268,-3.0698540782282873,-28.78787476388592,-2.970960703446909,103.20603762838324,113.31291325157025
-17.258030367696705,0.5341950311465729,6.8900915823898945,-23.977337031474583,-0.2160799329796398,148.90627553397508,145.82785615272286
-12.802075279225445,0.782372211797581,-1.5384509806005944,-6.208991228194899,-1.1861254857488535,160.3074487908258,158.90174610936378
-49.444415099460734,0.8758832455349467,-6.490709771059594,-22.060622148213554,-0.015621623088083236,105.32884007132748,102.71953147505036
-18.465650908739153,0.019918075152532976,-3.5614467641083065,-13.063674438602835,-0.2986076360980699,145.2400945581347,144.48555519894066
24.154560656730688,-0.14910884409832806,-1.3436555830083479,-32.254566244006895,2.989826577042798,172.58427066448854,173.25207343399586
33.87827177733414,4.7439007808914475,2.4989144250984823,3.940469079540806,1.1544358700491013,243.45750329054528,226.0710088042515
15.882530352252001,0.028700401254596573,3.1553512309433236,-5.355619402625562,0.6314319617590335,201.56669983877927,194.19741141491943
-58.91108015915533,-0.8830865743777396,2.8806350493324815,-39.66028367015639,-1.8827262327242773,74.65100995888601,81.39847528425646
-12.04636869258876,3.470079038788796,4.050579571696965,-14.23807341758351,1.9216803350174614,173.58185199884824,163.01291370666752
57.37819662371314,0.17785616039090124,3.0962937639613632,23.06145526725224,1.2067436314807414,266.29356337817427,264.7755623181339
-17.90026686592115,0.4435319630347091,-6.3037921556433645,-12.05688493047957,-0.3762360605906716,141.9185339810654,143.66136882173544
-8.090328855708428,2.803813810199817,10.119126579257792,12.996713493922499,0.2332625465366662,209.98127759839736,197.9176044455442
45.423787241510794,1.0018620817129484,-2.4816374714963065,-6.203529149344791,-0.3638329117758603,217.90223578728376,217.2316666619423
-52.787729795855974,-2.1181449472945926,-1.0409185251241209,-9.163696185131247,-0.8220504349896302,104.92510273000318,113.92247698293927
73.40741482249054,1.7796561676546359,2.425462175623999,20.015616755498893,0.19670997355570163,268.0511939201715,277.6798767661591
7.842467902211918,-1.3112131819102426,-5.934593775130669,-61.8843201930989,-1.081582614729621,107.1600881828994,117.48577500867725
-90.40399537857856,3.2273021056772904,-2.7023969131657744,-17.417561230639333,0.8430860916779905,78.09926001895121,73.40145154630606
-35.844549200164806,-2.018943403273253,-1.489477587097611,-3.0974123684686297,-4.049707713910403,121.1365574476498,133.35492659842194
48.6627787653236,0.27223059000960925,0.706583556939196,25.14894788321067,0.9096453571049948,262.8030224777958,255.55520302392407
-27.85098675572496,-0.06476728959530453,0.06570541689924586,-28.698939870250797,1.045536977249401,124.9385823407789,124.35156534991533
-9.15215761779378,-0.21852615550865565,5.563959351004712,0.14140237739103848,1.6689358861215489,188.0065403845739,177.85863071255065
-8.530374031232322,0.41304798635194195,-0.5745277263272507,30.94632420470272,0.18098425633836587,198.62140426291325,202.29047156116982
-67.04560896564256,1.2446425815447866,3.245965645278676,-15.371250463206625,0.47263710931049757,105.23417123823398,102.40140277862105
36.03938898775539,1.9669145716974457,1.1745571139892854,19.247862136451463,0.8882934006369053,249.06234123869888,239.17203308186743
-19.454111168749613,-1.693165696831868,-4.861828165920756,-3.8701757901012908,-3.064112160791204,138.95503817873282,146.9116238889417
-56.14402132361023,-1.1894554483084987,-0.17607445178320777,-34.09207744878134,-0.960610961647204,82.67787211017239,87.2927772372039
31.65547556514083,-0.685510263672309,2.720037371217726,-54.6672758828424,-0.15583383693369507,152.61523907885885,158.72190982424684
-9.009723385535711,0.3562947585478931,-1.7875931229309057,-39.44072733710773,-1.3713797945298662,130.34464397330703,128.60188798977973
-99.0687938757184,-1.2040330913453503,-1.6314185259195562,-21.136391496594904,-0.25532502607866664,53.625020323106185,56.559054855679044
47.17486178373628,0.3798724530491267,0.8810815090961942,19.703432066695314,-0.13325448452116595,251.5065991038392,247.86101019939218
22.276888659011835,0.7935552345456572,-1.0981380330186636,-50.35519759474933,-1.8775000726983553,155.8075620742972,149.59462506442642
14.01406443069845,-1.6270590777630618,-1.8323594987902112,-19.916707996643837,-1.503013899119847,156.35656748383522,168.98994082971723
53.34896173705001,0.3264262846668351,-3.458954835648445,22.304343557869284,0.3357386809694425,251.9529521137806,252.71153229624278
-22.352126314266407,1.2500440114291425,10.494743824567946,-16.050995360179023,1.5218265979769194,158.95328458897208,154.7185096308651
29.56239903377962,-1.3056247050152856,2.0992572644325005,14.460443343637767,-1.2050209624453105,213.5673335834602,223.46647084572515
31.240128402426873,1.1572366064934518,4.3852381977510655,33.01295919558287,3.302535768327987,266.1260683550027,252.9531150419208
22.78257389016911,0.07842406628131166,-2.669277199990053,-35.44816753502749,-0.7343952815125966,162.40648573176773,163.8641748112564
-64.29384267303257,-2.421217118007326,-5.838214627663418,-28.764256895800283,-0.9177709061121668,70.37329540906025,77.61971465072314
54.596128060989635,0.19709266291823715,0.14498771447713668,15.108159977706304,0.8491504237779028,243.51426967381252,250.75053571120472
-52.02299937336001,-0.32307585571315295,-4.367386338272755,-2.0346649989803476,-0.1870955479320801,116.24809815575055,120.91979475707802
-14.818656752520203,3.805349983171207,-0.516034437304875,-1.6933153437637751,0.6444394343672458,176.2596515684981,167.27679975528474
-27.33207607898962,-1.853948018774542,-6.880141938080147,-0.7702509914213136,-0.9072381197090623,134.11231231340906,142.111361724362
25.503443508146052,-2.3899467487258996,-3.0135871999422,18.802069509727914,-5.810010374419119,197.8057234926328,212.94698556612337
56.26588147437574,-1.2610879133938186,-6.248309675355532,11.631907665005016,-3.8409145341626125,218.54852620865967,236.40249388780308
-71.15450324317517,0.2028822022379651,-1.854201143006026,-24.54048119728205,-0.7260953197875522,79.70495422391036,81.78261817032147
26.328339485308497,2.2358241487380077,5.573020214078343,7.407918479391138,1.7388164029130058,239.65853394044157,223.13893560176507
-55.56005165089834,0.907131273200035,-4.393771314335264,-33.668234170423744,0.782486364505099,83.4062246550633,87.92257737338366
-11.917360026100994,0.21712550541813083,-2.831723382843084,-25.378453992361123,-3.5908589535307924,141.1871007953955,136.35374602191914
42.649607095691984,1.8448221538720186,2.435721145650244,-0.8709531075411442,0.8835308294962761,233.357130301059,226.79774498850566
56.24210400074993,-0.62213677187714,-6.280519021937873,21.88482940947276,-0.8990474657204888,242.29502006877624,250.18024702202348
-17.659069677400822,-2.2129018873027557,-3.278795341746369,-33.35618960695679,-0.9777673072326819,107.37516451244788,122.37029305069734
-31.733089535716203,-0.6380637701753527,0.3408664741300114,-6.7742945240178525,-1.0816406559559804,135.74191206217492,139.96879485960147
63.69467801466038,1.8674430736283776,0.43111138015876993,15.509829300639929,-0.9451523628521606,260.8366445508658,260.4129262775707
70.199430363405,1.2392115675284299,2.717558712326511,18.477462979522794,1.0809170722305361,282.47210093389947,273.5695975663473
64.81383738589312,-0.22561927380153168,0.13756311482545736,23.680414015390348,0.9632391090440333,266.2843366974426,269.2244512226871
-57.3207415008378,-2.05556902954537,-0.9147288753413261,-28.84056570683173,-0.6216131104611101,89.77251592300019,90.10179864832097
44.48241409129715,-1.0534056348287786,-2.0870664704279713,3.0898464760826077,-1.653210968505056,216.34699417806613,222.63359436495455
42.34708543144907,-0.68919969977824,-1.3858882344958539,25.148157322632365,0.1639737991850838,232.07050386341385,245.4391454903284
-53.672163277995004,3.145012354890432,8.052790741706444,-21.26817235368091,0.03464841782999875,123.6331500047522,116.14713275408823
39.835349979117694,-0.03307523853146398,-2.4586548844623657,13.426413760582475,-0.35854866589335116,216.7306758413616,230.26650182214894
-18.541469252196226,0.7660768570345313,-3.6833602179288496,-20.160465214521757,1.1226729266656903,140.64946661894425,139.35847197038976
18.42987368925777,-0.7318497998269538,-3.186165869070775,10.581092419642774,0.32738258334872483,197.2489282618584,205.2753498946868
-64.69171958452587,-0.7937941221663762,-0.27557198533998556,-10.690416223279435,-0.47092337422728286,89.55456758664633,102.9325915817975
21.566578730170885,-1.3348551150118988,-15.739242342039713,24.8057239866131,-2.026336319867399,194.0121632117047,207.1268858112019
-93.23937144841092,1.2275739681200146,-0.5448157138904466,-26.292461272188532,0.14255923400153325,66.22877808451712,61.148501638966906
71.28631974522214,3.3067061846833923,-2.1536050225210235,24.131811616853707,-0.09537989968998427,265.41668590186833,276.33086949588284
-55.85222037079078,-0.968324704629477,-0.31800265474802863,-26.077251456865852,0.11443039519249919,98.41759341435888,96.7536480794951
23.45468043193023,0.8896378191974013,1.8925464535373206,3.816176300221053,-0.36478755376446076,207.71737612437977,209.54327032245817
-49.115760123380234,-1.0944044661554202,-0.8425746350298094,-9.724329194130076,-1.1762185646783767,110.25664806751509,117.90172988796223
-2.3132227696146463,0.06105348088038279,2.260578995229612,40.3275607675615,0.8019156259842325,213.9101571860612,220.9929029713769
-24.313856038177512,-0.03153257141396738,-2.186597653042402,-10.747701461858165,-0.6164296571948983,135.70047183393262,141.95889948965015
-28.442570303540222,-0.2348529506627913,-0.2904587728495348,-26.603433790087127,-0.41236584554974925,124.9294895984405,123.87133520864822
77.4362742874584,1.149917461066597,1.050604095769661,20.636794150895234,1.7230210523229175,295.69898427741003,281.8516279188474
-45.744464488896845,-0.3577296192669036,1.5512997110725038,-22.125696286794522,-0.4813137648084315,106.47569229511711,112.69711242264195
-62.29065249520077,-1.0630711889314648,-0.5903603729395216,-25.000240850818013,-1.690818830986563,80.20599830788075,89.21987313246036
75.54943150068259,1.2931820758719892,3.465943123952989,23.314908968203728,0.7719552996390918,284.89539904460315,284.25043783968397
27.875843846918656,0.5565866980091713,0.8690702486347945,22.568563190436105,-0.7841549737203749,227.1250230846705,230.94092588161354
26.99706804615779,-0.460913707681983,1.6499212783466861,-2.8826394508375244,-0.5637813435141461,204.21106698762796,204.5946716938071
-12.824812703936193,-0.010115470650911767,-2.2304683510324574,7.052653457873608,1.1077765119651097,173.3422986354944,172.95005031555516
46.69183112363382,1.1938402421324443,-0.9263674089030205,23.32645215291514,-0.09596754814739304,246.7315623034156,250.04480543296813
30.633442502023364,1.1855585525665826,0.7289225701557676,-38.703281790688294,11.424701432863513,200.61016453840372,185.12436013825698
-18.99508340516352,0.6635970759133639,-0.7862669624641752,17.85821128039334,-0.3591912920026118,177.13457540643506,178.23628356801237
-58.56520377235043,-0.22497976879994055,3.3504629114723357,-25.53651985434797,-0.5450797902066735,90.6875047733517,98.33369659710516
58.188025107387375,0.9616694815098549,-3.0364972040098386,13.50004275903041,-1.0054754051883164,246.35122323021383,248.46278161006438
-54.772076961848775,0.26037884337913214,-10.30913875785674,-35.83698140066495,-0.6446719230115583,79.70262303496301,78.55252667133198
49.670158019330664,-1.139728108107986,-0.3526760212655366,16.125673010786578,-0.5945307480323969,237.7301433989243,243.56391302404757
-18.5536167287461,-2.993389082582212,-0.9928998749422275,-37.70234439839246,-2.6187715518279346,102.63385212572688,116.99399523484718
20.73935400895187,-0.746704893530447,-1.4516378804525498,-24.02754372469005,2.0165992601288076,170.84139053726156,176.3850836417434
29.130005019221517,0.2157685373105503,4.527220010926361,2.773852008464565,0.7356399806198577,227.6615412789405,217.23750242787847
-66.04721016693303,0.9835254930475811,-10.951735770827975,-24.80226353709328,0.08680245464906873,81.5524139745676,79.12413534418008
50.07094993362762,-0.5145541196578319,-6.512874976143549,16.02934463924687,-0.27352415586886747,223.0846422316356,238.65435819254057
84.45721233538453,1.6432626231895404,4.329083262452861,27.316329765113228,1.6627300517140018,304.0272107530324,299.2636349091891
-55.40933563912322,-0.8387713259064994,-9.788539949917276,-22.990682587002585,-1.2068050622263466,79.16467443695527,89.6208823071597
64.49506520584613,0.626934494818753,2.411507475693236,23.73867578388427,0.5543277780168527,277.69911056725533,271.6815276095944
59.39426813940784,1.2579136223419372,0.5694770726223786,-5.5444172989211316,-1.5001161480401342,227.47221071138415,234.03214225874686
18.644905883600963,0.31000343283709675,-7.90219841722661,-5.240962384143895,-2.275103751033327,173.15288836517166,183.39166163536942
48.792320937241385,1.1153789633184916,2.4508538786177323,1.399686698260493,0.9327596608014292,237.19548551165437,234.54601700957525
-14.16135168820807,-0.9153943947787785,0.8416657074450701,-7.939564644774662,-2.074978376431132,142.5027159571781,155.60539347458834
-66.03736240413507,-0.6781825269749028,-5.139322760178227,-26.144505590616752,-0.08734360784931802,77.55252416765532,81.76829998158206
22.61126261496877,-0.8436318616985551,-0.35156940124453484,20.85552426716385,-3.507852167707827,212.42482352554376,218.61875032281824
24.131920371354774,4.131683685265904,3.8603914276184947,4.119156813108562,2.4704076271078663,225.8354711977819,218.56857679579142
-42.6460269044407,1.2441551028025426,0.34215032571803755,-11.024340931531565,0.6626504492357244,130.81587846282775,128.43360491312077
43.97052203288779,2.4273562637962236,1.047667871731515,-8.373125545390037,1.3975927225184492,225.71756941128743,220.3250302168808
-34.981019706942014,-0.4676335386155454,-1.1229545610632345,-19.06656356421534,0.11214512889003148,120.01688396236736,124.3289906293907
70.91860207695926,-0.5142676117874477,2.105231518543009,20.046402692673485,-1.3716748410859625,267.6010526882776,271.0393107066364
-23.13081184657815,1.0428817625978626,3.1502759987893247,-21.913055333204895,2.4441045383750457,150.33696028440292,141.44841199131702
1.3872172977483823,1.4589936179041496,7.733991428823275,49.10735917230033,0.6640982862908008,241.3568335303398,240.20667667440287
-57.51429210679862,1.8122326904027453,-2.8258955500766465,-3.5526560538424103,-1.2908084937701305,120.48703100511744,116.48359735724985
33.010472371084326,0.5636605745045075,-1.442685797995757,30.360420977059775,0.5324162443132957,245.0536166120173,242.87930124030424
19.727829389180858,4.309258420138958,6.155873134342255,-9.379592778270514,2.479022945590475,211.2149106580914,203.14740798231776
55.741652487436006,1.1071422812518337,0.7302568200640407,24.70593101674254,2.31748057694006,277.44066272924584,264.45748005377146
51.586466904266864,1.2615922437739073,2.4084955395841856,23.57148134204034,-1.4677084374776685,250.35029766178135,257.2153444635235
-52.24529918276127,-0.40380104884676804,-2.828124220668386,-0.46826771875965684,-0.5265611788773878,116.17707364354882,123.38296352142231
45.39263378037248,2.215824348008632,1.4848754071149273,14.274183990813606,0.8414279625688373,248.01530678309987,244.06396236021448
71.78558953137674,2.384070982193057,-0.699644401659004,26.255539713779477,2.3376066591388924,297.66350196514134,281.91817935616507
-43.33324775188935,1.446568313834361,8.624372492338184,-35.27296441266385,0.0795582871630104,121.47665068964064,111.39930380011862
54.94169514634264,0.9019178116855079,-5.466653725330185,6.1144008460924235,0.5617969215845826,239.6581099327252,236.90817387171097
-44.359785287618294,0.4093112372708912,-0.7641364477404964,-24.117010074786915,0.3160000767427764,109.30925183449716,111.33939637520469
41.91936781738173,-0.19554502338994476,-3.00197215372684,24.853797815219895,0.021144293301487243,236.95148267811007,243.45180962012208
29.35196065941898,-0.41409938135889685,-0.025365464820789135,5.17442646480513,-1.0611716716560227,206.4287031358277,212.88076747772456
-20.95141568763965,-1.071431676484711,0.8364091038807752,15.062505473038225,-1.0145976304258615,163.43255142643437,172.7164864537048
71.68457195703412,2.9541272594787373,3.665565516633246,28.42589520657211,2.8382982643487273,311.9116779618194,289.423475075403
-20.845743812604887,-0.95027052877408,2.5435830325770623,-3.9923836507443364,0.43796316004522917,162.88722006921176,157.04816507183557
69.38020351316953,2.459902590684408,7.638418553746544,24.837989432218713,4.463514587550881,309.2064189317617,288.63504554870366
-9.13005608602254,2.6164992272002334,-1.9444926944882308,5.500733226643956,0.628490260771341,181.00620630316,177.52619080544068
16.315348997956157,-2.7789950451865155,0.9746534816219874,11.061949961879753,-2.5208669540553057,188.63961083145043,202.90710731355244
53.943602159355585,3.4926633525876665,4.255001242795692,22.552037173569236,2.112554267187715,288.8109508878724,266.21087506683114
-51.221818442720696,-0.21045833040155668,5.563169405623045,-1.524472388013595,-1.318511016049351,130.9502805110231,131.14292609977497
59.1285666158272,-2.8738389630440326,-1.0561861625906472,15.209237207646199,-1.6324458375164392,239.62009118551455,248.63034973165847
13.007814361210281,-0.5129743338716318,-0.3150365961932938,-69.1332292474246,0.4904830854951256,121.52491263205096,123.39207414054923
43.42495990346718,0.7285749062462835,1.7210676172083152,-32.23150726593726,0.6019280505715052,190.5824707415307,194.10004008289326
24.27689944881534,-1.8054749552526566,0.04879046401294478,24.42852206424598,-1.4100167315965437,200.5360037178337,225.3937371615608
-47.754448697152114,1.2504191553236401,-0.02422549434406692,-6.059388083354764,2.258075872943799,136.33640932008953,129.52544962475224
-11.858839421612325,-2.862082067319817,-1.2234664340643515,-8.81971613699653,-1.7047574313959042,141.64782051846538,153.3861553799474
60.40629587104246,-0.1197682740791306,2.232581247850303,23.807948394811547,2.0072733503292994,270.27522026276864,268.18934746128946
64.67217017101179,3.1216599499369857,3.4450463545988605,24.602351470525516,2.0078397321386583,292.2855637803879,277.70408454954645
54.20967457539914,-0.4830603891170498,2.5955982005149814,21.016440947832972,-0.6178040172257654,244.4034738973569,256.5758661887399
22.75503906536578,1.0847898940234697,3.778749093251217,-30.61523001383713,0.9034659340817331,178.10644097015663,177.76183084422271
-29.761793544088146,-1.6773015246217176,-5.422429108116227,-34.20581798479304,-0.93952255522265,99.4308896782981,107.84815215449575
35.35857114283192,1.108044267481584,3.5933912105778125,-61.06686417659479,-0.3540558114739049,162.93005658197194,158.49410350415866
-46.09007290281648,-0.980451876332242,-3.5728821168692395,-20.448389008470112,-0.8072809159261289,100.18929562296086,107.95594005092265
29.26774590952269,0.14582639008114412,-0.12301083160249415,26.93975141292827,1.252349727750061,229.8441679083733,237.33767948001653
59.87835502472803,-0.11234387006648197,1.8794265937730221,22.061169619346224,0.630540058519133,261.17312911567035,264.1921642976358
-21.221391544437513,-0.814343195874258,4.978821944909443,19.84168665871313,-0.8965911793761531,176.53117179288444,181.74319955527167
53.91513185214892,2.0145086428707897,4.457855126568159,19.585815556712173,3.347701392313933,277.9872842201086,263.1760294419501
26.186513924465128,0.056582432429405985,0.727923099560275,30.770514821655652,0.9963473629921671,232.3188718698011,238.5928985124395
51.5008034873989,0.7688247848155967,2.314640179483917,-3.7697759350339246,0.04576751970634819,224.82288777531136,230.7152769077071
53.56769484395468,-2.745744833200798,-1.151321012772744,18.004325491590386,-4.864917565397972,222.76245272922444,242.66505379550935
28.544202654540992,0.5756718648931471,1.8756765764169023,3.1361741690676346,0.5456986965109711,217.216688217504,214.53244083276556
56.87076581528213,-0.3789324343952759,3.5140687729577995,21.78844200633194,-2.9682751089869743,259.28740764601747,258.68108592252474
41.18015630982889,-1.0008644760494934,0.8033244521261947,12.020943784693577,-0.1495647778332752,226.79786497597144,232.70901216410184
17.716151719699802,-1.7631110815940654,3.8081929983748344,-33.865705668478356,-0.48786017568440104,158.97958230340427,165.26268466365477
-80.28009974239107,-0.5593211053305708,-2.429649872306541,-33.07504570412112,-1.1524406070006756,58.8787464070123,62.35845984018617
70.712522177068,1.311283448666333,-0.004478658628243533,16.80042175217253,1.2644048931481129,271.921685156776,269.93917048376125
-23.0490582250045,0.15732950545615917,6.758262905968731,-19.849226055517793,-0.1328996499281187,144.32748411394255,143.73942535231166
-57.122681533299605,-3.436662472564695,-3.9540082361896087,-14.88600274795295,-2.3640747002412774,78.29916637554534,98.09158718108925
22.27194749312654,0.6818780862269683,1.9154754846389521,-52.613086639619354,0.31660852379250515,156.64847820206134,152.42783981950154
54.054774773020995,0.7488112619823941,0.2175781291111775,19.982755096080723,0.16729217649198064,262.0433144965179,255.02622830802414
65.7369573420377,1.518564642633621,2.2560261177697822,19.43782219880762,1.2584461781345258,289.56460447966145,270.0628333507182
49.97960356402787,-0.1086319957214539,1.7009074217133668,21.72821734131098,-1.5961559823242477,252.18110050348,251.55895722034387
-78.31580380419224,-1.294249760969993,-13.455293105362493,-23.542898432327952,0.027696102010429113,48.78913260714801,63.27446787049409
55.19240534866167,-1.4467000779186308,2.193015071369281,19.544289278048314,-2.460241884549847,247.5706641220695,252.87778460694636
19.428890592806344,-0.4800241600396025,-3.859436428104187,1.544379485561185,-1.1606646358385866,189.81247890101784,195.32816172572151
-11.737867071385018,0.495699701317374,-0.9344504141783042,-4.396433106353402,0.11924840150379602,166.13758717205454,163.4012143822408
-60.238188359488575,0.20323462783224364,-8.361704474507691,-32.8426168331392,-1.3629609347885845,76.58904148062254,77.25278089724351
-27.187207513673663,-0.16768457841033177,-1.0433850856923623,-29.833447624202144,-0.8841894544187029,120.01888574526566,120.73910261494063
-59.043792379121065,-1.339419872345283,-11.754487876911925,-36.29258667709758,-2.584179894803026,50.2556909182464,68.84055017105531
36.987049130837335,2.2071998607634313,-1.1992087187276914,34.14091308832178,0.6803735768382901,258.1413248216816,252.67134380937196
66.79552929341615,-2.041020399643197,-0.2516511228490751,21.19259693207587,-0.6883336249950699,247.3041941616411,264.8621379493393
16.293788647587814,0.9102905806989217,2.7482368945273956,-29.247291450232265,-0.2660569844158962,169.11516657883746,170.29398455950184
37.550886616352614,-2.84988043882935,-0.2003033973055182,14.695624690158846,-1.2223408755121776,205.03731933499216,227.82900346620158
-30.934580569802637,-0.496970475410586,-0.24032117291629237,-13.270494073916192,-0.6393989571346352,134.7992987467729,134.27325162215627
-7.273881495951034,4.039638812618296,0.5440000227690779,-17.115549192884114,1.332858512581439,178.25683261186066,161.38208353046934
-10.909323353303023,-1.793285608486332,-1.0276672880090127,3.170167600471479,-1.3988315693953621,154.26583799447644,167.8960766526141
61.480420543614706,2.409370440986113,0.4695691102980096,19.418863113087706,-0.13118708214884744,266.50996276872985,263.5020529971729
35.102933782243355,0.8801239911499976,3.560230960350378,23.888330854032017,4.387581402145147,263.133342168552,247.6742178612577
42.04465722103052,-1.0101567551496449,1.0606236381494374,12.924874863524138,0.4308083329286716,237.1808943253894,235.3058241718189
64.38188976985813,0.670008140851589,2.4809793432250444,23.73216335940946,2.2940390607052477,281.5095307664831,273.41409654538575
-26.97391906020554,0.8800006698263305,-0.08056248060104891,-25.64798563498514,-0.3757788609296128,139.24950517816663,127.65677150444306
-1.3809876855425702,0.0883847563379892,1.9272521215880678,-42.97537608638214,-0.6530080806772848,144.59840351359296,136.86128189665985
-16.808950228040498,-1.5151116069473012,-2.6096564134093843,-31.595932209094975,-1.542266973385182,121.23351995481391,125.78309944045972
-0.9869139955346627,-0.4156825082347292,4.582758983819046,12.92081808440071,0.9808975150199765,200.9610186657464,196.93689495080594
55.03830363028554,3.3165170274047453,2.803338249871275,24.12366549470336,2.24154665186294,277.44379073441814,267.378387925464
-1.9324981758965538,1.15205293890961,3.401960675346693,14.447788652092969,-0.8689245460482836,193.7871304258161,196.05539641574006
-63.16900789679724,0.15221564226499143,0.839972453686768,-37.61428040516812,0.16875712572878895,81.43510556423182,80.23267379105066
57.318055404260285,0.039802671773408446,-4.614053693581789,21.199139946421873,-1.6359396633679482,242.21849333679532,252.16202153684256
-13.336699978083686,-1.0304871631438608,-0.4110058415888669,8.907464024666416,-3.288748681794036,156.82610178261598,170.69553923139188
31.408543077181,3.841379432794771,-0.493919117993095,9.929510720818609,1.5673121119281324,229.39557585300665,226.1078430960653
31.901319872219155,5.3410626514936625,2.812485202922312,0.8532859714265798,1.1422574309317612,236.22772045167065,221.90542800033052
-51.286194101753495,-0.6869991523521614,-7.627601506236959,-39.077109146720446,0.31822906519859806,74.65283030081727,81.49534202947048
-18.678159058896977,-0.24541097009244955,-2.485552728631171,-36.60832667865444,-0.6838995192497195,116.54544321097114,121.15366791581238
-45.371552164689746,-0.5106911211274893,0.43248922101285603,-27.946900622627865,-0.011956462787902657,99.693886713586,106.44640572111769
-18.041185007557697,-0.41887457972427594,-0.6569910719028184,15.946218052437347,-0.41679025896870686,176.37530356395453,176.2673940056192
-50.2405957881656,-0.8015267200774085,-1.1179281008441155,-39.25307572682406,-0.8224484302268628,86.88863217781785,87.61944210519772
-6.5475217970844115,1.1747363223286515,5.182845502283557,-18.761476558232285,1.783553668268652,162.8908071024531,162.68715400889997
49.509309072500216,2.3016048980187005,1.5009744565502925,8.826834406725196,2.3526170523722967,270.73753426043163,244.3463567575022
42.05879885411739,1.249923019564048,-5.224259330939048,-29.489653826417857,-1.4199861217474266,181.8925811386465,187.02983946591482
-64.03707854100341,-1.1301837311275338,-2.39512363329281,-30.738204550952073,-1.3784880608444736,74.48667578537427,80.17593835411635
14.23629735076064,-0.17953566782055047,-1.5488155086895408,35.43321575584377,0.26080376701121816,223.80049381394397,228.05698256844215
64.36726262914698,1.0273239611491174,1.7728369553899954,24.897782760112523,1.5865237422481795,286.4199595659238,273.5067469193841
-17.131482896338188,0.3479210495352744,3.719428758455824,-16.449717516578588,1.1593256361138824,152.5565455889585,151.50049190252395
18.809321616597167,-0.08642032286356997,3.647867455422565,0.1537974893630182,-0.13858357012727085,200.0798697781732,202.2409995397278
-59.74729782719974,-0.42075359843150184,-5.885824479334112,-29.784978255704292,-0.4472961654331748,80.54811016569906,83.56886654523413
27.957310896981937,-1.3120055421298438,1.3149593101684693,-8.468417627060305,-1.5639179846168065,187.790377036668,197.78294592467938
57.05270719765964,1.5618241293229522,1.7100230996175634,23.064688928788417,2.454834847747703,282.9248061868822,265.6990950744733
-14.944236186941625,-0.3861853450623675,-2.3808400101432605,-42.68984277257555,-1.5904538051274582,112.31037353154863,117.86345875148578
-2.37251492932592,-1.3578217045338168,-7.8752650275131115,2.4466516737966986,-0.1572456517796817,167.54287580843646,170.5388212319806
34.431617913698744,0.1122572045228163,0.5273951709691036,-48.72851543876859,1.5250217200159213,168.03277415415275,167.72279344177463
64.5777708243768,0.9901523409440351,-7.446056970783263,22.517413535815237,-0.25624211330658947,267.59063778142746,260.2380544883832
26.990492425707682,-2.5313460503234024,-1.693939590983314,-9.823171368396794,-1.0296907262768824,181.7593038006277,191.76736156106364
51.77397068367642,0.8624566680790496,-1.1895243330138832,-13.408055094507288,0.18370747498583612,216.53000893095407,218.07757227055473
-9.81299866901501,-0.9809403476360558,5.472477844201656,11.604104603132049,0.44513582632892074,179.72973373650814,186.5827961283481
12.532998815884294,2.2149284553613175,0.027395857511042107,-48.83635703095874,0.7993171313366524,149.6732315848046,146.59330010047066
-5.451204908765583,-1.9623309098908375,1.1550699347658564,26.716974540152204,-1.1366106130190332,188.15797384627507,199.17691491457938
25.340845764742603,-0.4528306958752136,-2.277592486714468,10.546129074821266,-0.4213035484793748,205.9923445940968,212.59026497983112
23.96571501633321,-1.5764989009329484,-1.6216045108664527,19.816590393704203,-1.0332998244883733,205.9275912090288,219.40591904508597
48.61396852295056,1.061657124010217,-1.2704614409642705,9.977279404938018,0.10740681735669727,228.38527747476024,238.34486729962637
-71.39441401089539,1.7477217226066946,-6.042166765863407,-13.09944049114778,0.6193162580633275,99.36261174622464,91.68603358410027
50.13979596605658,0.4461539740924706,-0.3508260514489858,23.27257490077471,-1.6183443189764293,245.56584298804643,251.74437134183643
-47.037534763827686,-0.04296371249264693,0.38725115399113086,-21.775794679625236,0.047914980499102075,105.47371156019592,111.43388984988165
36.68086061313881,2.2571512778801925,-0.6181658060692322,36.316460317227914,2.2473960582839534,269.9564606096161,256.7387193318006
-57.964805598125245,1.9248952752821773,3.5876608221504,-16.839103324790454,1.3370085681099677,119.90465612291892,111.90067261396385
24.669233220167502,-1.8163252255578697,-0.5926316289630232,0.43403321106613924,0.6040278349653241,202.11922470226267,203.15335428301415
30.05149601951009,3.975804441768248,-1.0125475412961444,6.66314573090195,2.1752578157779805,239.91878104617527,221.70817333799832
54.604782760558486,-0.3436827436375065,2.3704847904132853,22.295685273113357,-1.0141334799153021,252.07212629921125,257.7681534718673
16.98013182235903,-0.7750464869721094,-5.024363940064718,31.04984718840752,-0.49985367706013506,214.2670754565097,221.58573177800588
30.97798582128069,1.0223687013095253,2.780180530818784,3.2368502814093723,1.2885138610556381,224.5116724002796,219.1609160672112
64.35689684327187,2.426624505349139,7.005464448915294,26.982050353402002,4.165979070804736,300.6496167556059,284.79203209307803
38.992789564834624,0.5942768519253093,2.3355760067970954,0.6967091482183102,-0.3808903920299267,220.02366821772503,222.09347805108152
68.54506237661084,3.4845286462355554,1.2257202676796228,25.129782989873096,0.05516272962987893,279.1973256445056,278.29527388136455
-73.96918471798836,1.4701103714918868,-0.9426654633789162,-12.953251963989311,0.3466563725278293,100.59016063581242,93.80668146999707
-18.997923085632767,1.495457658333842,7.22308060392724,13.416030420856082,1.4623554204251186,191.8269414470407,184.45401788924636
65.1385527313439,-0.5473375887541572,-2.3302072812383,15.656764671141225,1.0100657715684116,261.02059749074056,258.7828551753967
-28.99622018180889,1.1414377808360183,3.950433752325643,-16.462981223802238,0.2612790963674,144.5678682534091,139.74896609525433
-52.036630793044864,-0.9401145814852423,0.30586221131783115,-29.82027124361502,-1.1333306213029604,92.29070025118702,96.23053184320557
67.66688486133737,3.5869725301947297,-1.115484951147044,15.24743677255439,-0.32197073054658515,274.6407857935645,264.91885535372666
-7.862004362372668,1.2854349258302717,1.27296719466637,-8.774653624867609,-0.9155018893572913,167.0049592253925,164.8612591152352
49.89936072560674,0.841817853881352,0.6870716887270809,5.840352682628705,0.9398437015804,248.92685780934943,238.06346352375928
-49.972092879017445,-0.7218859119937147,0.13399793601788726,-33.17431901564849,-0.5054294263790106,96.99340750936824,95.61528757431533
-27.671530294052104,0.7398603194722805,5.637908491327595,-15.508444126570899,1.4456358036235855,149.3661409156079,144.49844706513727
58.502185387932485,0.4400761418469473,0.22352844719339338,19.342722268597257,1.7170371829488396,266.4308987752612,260.08056629985475
51.47595577238906,0.04666306019962857,2.077497982868437,17.39825568415881,-1.4188219663599075,244.5210681902221,249.43456740459172
-7.262429350514802,0.36336444334924484,-0.450294137528565,-25.85905132451355,0.10998578190292845,148.14719988069268,146.75659228403165
27.377859574895073,6.167383333664506,-0.6972375376266307,-41.441095946260695,1.2030215538699782,185.5861761408776,172.46494784987866
47.19055850153659,2.546804713490032,1.7532090758627883,-8.035107473995835,0.7346340295342446,242.408178371976,224.04511571776393
64.15730675066341,0.3502275475728102,1.0479910046052028,24.290825306016675,1.137027339071938,278.00924011051814,270.8383948192646
72.35365466798598,5.450957323130326,2.259088224761631,26.561782479158072,0.7261506661861179,299.52210003778634,287.2066502325558
-51.69598099158917,0.12461875706925829,2.5175791933701825,-0.712868411265704,-0.1283786461514633,127.66363440880298,129.9599867727701
62.92365224416676,0.4119162718744361,0.8979665464025482,13.462538352283083,1.846865540497698,271.4123371856268,259.3979558265595
-11.20198998564201,2.556050568520771,0.06080911593505029,-9.976660100408838,0.0712904029789051,162.5236805024431,161.36451687272012
-75.46917615479288,-0.9807979239022291,-0.6435109708912603,-18.66714840947913,-1.0408805138956008,74.00793702230243,83.05350289837415
-21.586694833142595,1.311833789798524,-3.4752157395957792,-24.56331779781908,0.31892575627264336,133.87978643298894,131.86054804685128
40.09971800633345,1.3734279994558798,0.2186900980017573,-23.09968119703972,-0.4882421077081949,197.5016974882685,197.9589296703802
29.02089515510516,0.37710974603529096,2.5090582305525255,28.227213264626002,0.1197142486828606,234.83379625273983,240.10900751633835
48.81084259387581,-0.4752875810366944,-0.5028749660962436,-53.11897603685713,0.2257375870081034,169.6580711691728,174.79445846823035
-14.763970832989179,0.42982356404109584,9.424281205863506,-32.411018838474504,0.24909938303592272,139.08520772235588,142.7832313528137
-62.82177813841256,-3.2204362943950873,-1.0585606155878533,-27.822312598675506,-0.7896799971608792,73.47666914903402,84.14224922710623
55.05663385203629,2.417509161803856,0.3599201115428947,-10.865752953108245,-0.0942418230926256,230.80899525958932,226.72908522051824
-22.426007714484218,0.8539792255679387,-2.080925181173397,-25.5499132759734,-1.3142448533437927,128.37493383616885,129.33790507192998
26.75268054101138,-0.4059580756687313,-2.6181537405466138,26.182290494140815,-0.4293064367622879,223.64113243902733,229.33656965351113
-17.181687891679,-0.88725136695035,-3.0039346122578734,-7.900864389077593,0.1676735197230048,145.0840198467612,151.04895213109378
-12.415580074157454,-1.1239611878020361,0.45245713568594137,-14.479893209152166,-0.9065979414181028,144.10894395345355,151.38144159449263
46.08436658850584,-0.9943890814910208,-0.6432102229012926,24.805294039382396,-1.2517851292215765,229.5925044368865,247.85529306561097
-4.497723277775022,0.8304912469712938,4.7613431440716125,53.34864643969674,2.1595460036159073,248.60769667157143,236.4573204279163
-9.003321031860855,0.051838628015419275,-1.2673477435555047,-44.85682765515848,-0.034968581633287116,124.26963636670712,124.74439048714312
20.769138504360328,-0.4874556573430525,4.332286756140901,-24.70233344277742,1.5000681509653389,190.04117868610075,181.2667211826826
-45.38911378910632,0.46718318757221566,4.887409154790778,-29.081942609297318,1.8710873973070021,119.83523253710392,112.6096402126029
-24.775898095346356,-0.06156246774662196,-1.5264532586579307,-25.95442005296953,-1.8674207460684746,118.40169259695116,125.66926225054847
21.279654322416288,0.02100372406792001,-0.03925101092823887,7.3249878777661666,0.26116709553583844,215.276953758538,208.70257888019395
-55.58693830526628,0.8641318003102584,-9.934644458799191,-25.701044958033854,-0.6491016063601044,87.13901076348859,88.84741934318652
48.33130508536831,1.4840686601248911,1.2619391926154298,25.465357410508595,0.9773466800796646,270.4545443726352,257.37503390003485
-77.54186262608061,-0.9764809327119675,-1.1230011526808854,-21.660447550727504,-3.225040107382007,64.43584932790385,75.32818450175108
22.58717887660093,-1.5164396042496968,-10.061015985972064,20.490131421341854,-1.806223411913292,199.79312706396013,209.5486481671438
22.203762676406914,-0.3427972810140634,-5.351899262096457,-10.152264299816357,-1.393501015094858,171.90633270677046,184.81831768972106
63.931608432951755,-1.1889617996468596,-1.9814937452164825,24.220312195500842,-0.36320034568203324,266.22852555859976,264.47328160924377
46.31910451714518,0.4517422272085996,1.4261233322422668,25.725982654284806,-0.9890981368247047,246.84375047332085,252.7888714653924
-3.072384037741617,4.96713201381252,1.2633270785007424,37.426733605485936,0.13381727041084213,231.9705713621982,220.57364280180497
-40.18113871667365,-0.45724696721248864,0.2642154999745134,-8.608775654746879,-1.607583827642815,133.2256698086286,129.26448720503578
-21.44226375006258,0.06060692281447055,-1.9557775616940032,-27.86837307331456,-1.094387261417576,128.07086164498787,127.55482214766356
-50.23959155525056,-2.1020355688750283,-2.250167892565914,-26.253017288064708,-0.43818771020932756,87.87291866652126,98.57201685637206
-50.41576725087879,0.18183373907435507,-1.255243457326739,-13.452333650958975,0.500396693215493,115.82115253549722,115.4139029444613
-30.033103343476245,-0.18170053116672344,-0.02490167726372943,-31.350034036715932,0.5374444133356865,119.79482416008092,118.80272169605091
-6.959166243855709,-0.17073516622535745,3.322511801967789,-4.950601854864851,-0.2511806376226661,174.1053776220657,170.8458447707353
24.44036366611467,2.079354681562627,-1.4273603181915606,-42.690619180028484,0.5752454171822613,163.88581282594808,162.83200113797608
43.98708787139752,-0.912800855553943,1.2883784412869714,-4.182782125981649,-1.4941913285391433,205.123889502302,218.54070887394573
65.35473142959691,2.6894982065300255,2.2789804570339744,22.40691213559145,0.2876743461522333,277.87978107982866,272.8728134462401
-59.881358102216865,1.9973531295188744,10.588845294647106,-25.61134256798306,1.8509662798529927,123.6142230265637,108.79948090515373
47.11108826166737,1.6362477539253768,2.1948915327742906,25.635771168288528,-0.3616139030803642,253.6001273979248,256.0714016849117
19.424982244790232,-0.01597347863662198,-0.37213448555814177,-6.549393177651295,-0.49971104575408964,196.61223286895023,191.84278692852618
57.56691364949284,0.12056213047735183,3.8193508635779807,23.952863568144043,0.4286311583535548,264.3641261793548,265.7433382413821
-1.8335650199336715,2.384335404346477,3.4061143174312494,18.49037374632969,1.744831500154726,216.55380031909175,204.04710681966424
69.19079597498624,-0.2505096648647228,-0.7728290844015574,22.065049946462775,-0.7162875662682404,268.4917678634583,269.37123647725025
75.34646151956849,3.372329661480869,4.652616029345803,24.083556698327605,0.6876501349192674,291.12347482872843,287.9976309149766
28.9232979914619,4.300242402207057,0.16079399025596683,8.44441550503038,0.9854232225931586,229.61508840676092,222.66918998288395
48.84517507574502,0.6973698906846034,-1.655857189445914,13.981384383203233,0.4987449712967145,251.2262743065748,242.2218340028191
-54.251304750593775,0.3370873837118798,6.408567919146271,-29.8489914103856,0.24422095806809124,102.02582667274798,102.74459697128238
18.84069529196964,-1.375875499129149,-2.011820615431145,4.390192517817367,0.22890378940848838,193.57803334331544,199.92711235597082
55.22021402222361,0.628688191201455,-1.076829092600977,12.100633784681191,-1.363365455602292,246.15608172131863,245.36435832123897
11.725898237457526,-0.4540053168550812,-2.3927821945989143,-47.98165821562319,-1.1217084103448316,134.5214841623129,139.6307609713721
-29.6887280098998,-0.33279137693497207,-0.4141222386068071,-19.244362970233635,-0.560232588013042,123.89000468335898,129.6147796876484
44.35176948091958,0.1699145996913537,1.8878044396115072,23.38240141131465,-2.5964511500934275,236.90496179474272,247.0504556527801
60.78370478523672,-0.7539816766248162,1.268570096678226,15.374358199929787,-0.43493946488334223,246.64861934789727,256.0927288116716
27.26260941361901,-0.4701952954668273,3.36732301211992,31.461662968548634,0.3042933801278803,244.8018778203131,241.78071035028523
83.76752071859738,1.7588029826449758,5.628520671187344,27.412140670296306,2.3824702233166426,309.9551234658459,300.804472137376
45.17124690372089,0.7316348091637582,-0.24715545941116532,-23.16546267491689,1.0367278974075373,210.00242206454655,203.38200834730154
57.898670195416784,-0.10011829163230714,-0.5502138825485573,20.804345342357514,-0.6253936721882534,249.8330922251935,257.28230656274206
27.607210121508384,1.2757119512265511,4.57967456937051,6.232076965005564,1.6001047388051794,233.93552932394184,221.14979521725215
68.40493347622314,1.027845812186058,1.305874454683123,18.182702777280028,0.2949099808108516,274.59654632540696,269.0712833725188
-50.47448859911056,-0.6709613367827462,0.38156665131246176,-30.826499148947338,-1.6380180908224256,91.6667344768242,96.62661634698628
77.07099044524317,-0.693219511589524,2.02182743291836,19.454036824736434,1.2908599981402245,279.83671553826576,278.9995120607828
48.03296964299469,2.2120969542110247,0.4183278799314237,13.205551569306634,1.4335944774350686,254.95130724217407,245.15755739521424
58.80518454081714,-0.06867965449948905,1.8841875735758005,21.074881427039653,-0.3259526918278688,256.2510121469216,261.2246380664404
-3.250011162215885,0.4557437699646535,-1.308092903149982,40.53897059643063,-0.09425175046089387,211.62203619532968,216.19737542190472
-56.29865150450559,0.6193825618444092,-6.135238061595844,-25.364607270215405,0.00038013105103149855,90.2891282324016,92.67628272791693
56.86320585771795,0.664807546234771,0.1632467805456148,24.731238182124667,0.3417095545739506,267.75935379342087,262.6192247925327
-53.11194755355654,0.8380642304311186,-1.77186842078985,-15.798860639496684,0.5387331502110055,109.87404417070336,110.54913763813447
47.84266736814202,0.5252880912795621,-0.03240465505464918,24.958592661680218,-0.4825553086033611,257.8976945502229,252.66660502878014
-5.565522494376476,-1.320724107305753,-0.11244636552174933,-37.70176153141582,-1.8124791225089796,120.5875461792523,133.34208325020737
62.29564053841752,0.8335309671115402,-4.427331185743905,22.073421173371703,-0.2595545689323714,259.65836503733846,260.3707237955594
-23.52699882330642,-0.9590172151652112,-3.2498909665236204,-11.165199396943592,-0.5143469856806526,141.26509618030613,140.43956348371705
-91.7278102424694,-0.2816453921047216,1.877557531442102,-20.805575141686003,0.10304629578645794,66.53686889649433,69.02058992230424
-56.936145376189764,2.25080691810805,3.735446363599251,-24.97466657157175,-0.018068977477111167,98.1154141213842,103.91238922780684
49.88512746704834,-0.4622059054706193,1.5002642533079211,21.848835185120127,-0.6761588641754483,245.13575699980825,251.9508790071668
15.719706351874532,-0.2810885270181044,-2.7733520994852743,-4.015324274615433,-2.2830586146881635,175.09886476920332,186.22189970740368
76.23314926704563,3.6379206213320234,0.19437626808182148,23.71785585299052,0.8257174983515028,292.0857792745813,284.46403637913716
22.211757037796662,-1.2287464622032453,-3.16436305269499,-4.457266974333797,0.586662049867352,189.2976660121735,193.8030594697689
-47.94335825782844,0.5646921617046304,-7.805930337556458,-15.22636349369473,-0.020324564485974726,110.12723561341495,109.42373237947555
0.38061616826816724,1.4299932344026665,-1.0415650860159908,-10.068317553960995,0.08785272434462638,175.97152204954557,170.6435963583746
-21.04365012981009,-0.2987601900779817,-1.4693766753088355,-21.475484111481016,0.5652679281957191,133.27870940967202,136.13301369285452
-32.37590294299374,0.6533436898909885,3.4329279998575655,-33.264851320642514,0.35879172132959214,122.74070311313416,118.6593260187791
-70.02601190404043,-0.6003034932085088,-8.618477583191062,-23.874981176576217,0.6773084301120098,75.85299235011317,77.41255114443146
-58.91221023551294,-1.3983746678511892,-0.17496906522353164,-30.34767311617134,-1.3169569121454348,81.48442087054731,87.70483287443172
57.54034014985984,0.32539167094539856,-0.13449481499685484,-5.23158996763099,-0.44785779236286716,227.81212131586625,231.90680611715058
32.1814306014183,1.6006177931253605,2.656937841756611,-0.7477280839833386,2.2966078166600385,227.26141328212535,217.84288284031325
32.18197973203211,1.2827263803854347,2.577605713757536,33.034339504245544,1.1663122781195359,260.74380827093046,250.09798047987832
25.2592282228596,-1.0497927458084733,2.446513008016764,-11.695468230589018,0.1152003149572223,188.58732946832453,194.93069744077266
-36.220601320029715,-2.697653765082789,-3.456913161887863,-37.58368571237805,-0.0679850820321031,84.76841816095413,99.82817782992623
-42.78767564177137,0.5738979609847694,-3.962066174671951,-18.234505496388586,-1.6212287610904248,114.22392166050662,113.82343875839867
23.084438070465662,-1.4318856989373956,1.1745011734944288,-2.4476681541640124,-1.0940502860803065,187.2549732254736,199.14035197611403
17.493673426098315,0.28224800236448516,0.8880081454096638,0.48293501288811386,-0.332655287650171,203.97748330930236,198.66922617044617
64.24237997006901,1.221576579103388,1.868235410743351,25.11294987899918,0.5835482754603823,277.7692333680371,272.8837069857103
18.465953804039184,-1.1442390899166457,-3.487379497732922,26.458956348962776,-5.887549000375022,207.86602530921752,214.2607594363136
30.937590563013877,0.8475588716191842,3.299267697438028,12.731107373134893,0.11114941391888648,230.72917435673128,227.78169079046103
0.031396261772449946,1.5200229011467963,-2.580900095861168,13.973701848485408,0.6034359668645246,196.0930603932795,193.40267375374373
-51.992462346712486,0.03980652488423654,-5.019136322090133,-16.229515289419723,0.9002347862425254,105.46693456664453,107.55394422424098
-3.826570948838136,2.7927006680060753,-1.5370323223390736,-5.947824014649177,2.214161482064117,184.25117801185104,173.5504517355803
27.767177438484385,-1.5719536361041502,-1.3761733652598844,-3.0996623925397353,-0.24679187326950563,202.2853787455795,201.3276130426474
49.234758026846166,2.244233431974174,3.0658467164734184,1.6859867698001862,0.3283103562736673,244.91959710364404,236.41415217270367
16.649821690723005,-2.759420062644493,-3.3800514595025635,-1.291777831960384,-1.9248279087470814,173.54443050888523,187.14876129920424
-15.997824082947039,-1.0552340388668233,2.5116443125577024,-7.137893869291355,-1.2791731444124967,148.66917040728146,156.8965360483755
25.402743257964833,-0.40908873164427145,5.0120443577525515,27.93245756892201,-0.31937024195079644,236.7169425166723,237.473803082381
-31.494175590672427,0.11344760939317419,-0.5217645964006472,-17.23046915895441,-0.13080887821039933,130.16485706547792,130.591246256492
26.24345830448507,3.4732065670467778,4.053778535208077,11.993771156848574,0.2928317491688584,236.14035567279848,225.91206318409303
65.5284837938743,-0.20798352660570527,1.5369855099885896,18.40342886200679,1.0948456411283707,271.6608902096042,266.2107771517275
-69.16350949994718,-2.3921416206864836,-4.336243866581829,-35.53376152563791,-1.7479752692462776,54.30752885931307,66.68138508923582
-72.67633936199198,-0.04989934286368589,0.16612644202712767,-15.723381472331,-0.4534669380488352,92.72824766658763,91.11805619812635
19.61050401506759,-1.3195933533416633,3.4614338123346835,32.08681841641474,-0.7981491870673665,223.08734632338536,232.89603057474488
66.59310441913607,1.3023639579038924,2.482166577168438,15.884202961673033,0.05042746383723058,268.1596938986343,266.16728225105095
-56.88497441358725,-1.6710002494259857,0.6990986398937121,-23.944547312173,0.3355821281482331,102.28332236624767,98.38917566419177
13.858600226246756,0.012782921344051864,3.0433120243656995,-16.156219621597135,-1.2709597178968388,175.42524720851944,179.34253270379858
-50.64999235720477,2.4060063720826967,1.1262728294471758,-1.7491543909260547,1.6130889280683418,140.04878545054737,132.60123825280436
-16.0484628266885,-1.7140557876795088,-4.844688893896631,-24.812496138644317,-1.80450725745226,117.44695341962628,130.6308059669751
71.65894158104216,-0.7938548783943534,-1.9134803070451627,21.969645712342974,-0.8345711752088854,268.1832028895079,269.9416978040701
18.827774107734733,-0.14646626678397806,-2.100139749736405,-21.934354488583217,-0.6459553428222793,174.60539246271688,173.85587513114544
-29.337148349747853,2.683893742398459,-1.8344010550741168,-16.60185668390576,2.3917082454033585,142.59946493359166,137.15721277041092
19.89078113741559,-2.250731179055358,0.7951692318830861,-28.676970559517855,-1.713460241001027,159.68893105194527,167.8998052610611
37.74164192649368,0.20342628834303464,2.2336308351377188,12.794518788683101,-0.8001475193775803,228.60664574526385,232.02808719061625
-57.849669863631114,-1.4825736508759257,5.1651912544435445,-26.09964382868541,-0.014975435967159877,95.40745487451262,99.57334534662041
10.081466604357349,1.5535399480860443,-3.4027142780771014,-65.82226718218675,0.11951259180972412,120.05451362721736,122.38455455532171
-8.245010105804877,1.9610829342183667,5.059224096557459,-6.133074896339405,0.677608777250598,178.74472079668675,173.17484767721817
-13.632447067183369,-0.4839271915316711,5.141927768546247,-23.084756217620384,-1.2786366171164572,145.20866921376924,146.51717754643107
-19.064896846163624,0.35514387328527874,6.03701420721121,-4.37817540989916,1.004482824382327,173.15256565891897,163.80858552015178
38.725993350624115,-1.5455132019811997,1.4009221075848466,6.976755212587954,-0.9268402878097938,217.00172511233583,224.48633405234168
33.900483590637315,2.9735730070653332,2.1637499188057676,-2.684072629844885,2.2880365952351607,234.23051073712236,218.49678735323516
-34.968177175753645,0.23625817084056736,0.342435437536271,4.4240533762393826,-0.9726634060786759,152.90478839999923,148.91692327412073
-16.971973282034277,-1.103796843361407,-2.579618182486201,-42.183518009837925,-2.351903487950481,104.0679764437546,114.66420706566602
-55.05683520270928,1.1379898656260186,3.074803800652173,-29.636921275017894,-0.07067814805055667,93.7496787453015,99.30337591183725
22.03411618716193,5.344877828837347,-0.5622216710279678,-11.004782379800572,0.4023856019549386,212.01496473980157,196.06939243846102
-15.538006974192964,-0.8045413886264267,5.201587065137282,7.700816956278521,-0.0660719019901586,183.7931805216412,176.3488006279419
-22.828695862823448,1.9294210342208031,4.258663993188092,-22.703359482902133,1.9993204362691581,148.9437715237645,142.51036698928957
39.6568352600301,-0.716041174987827,1.3555911763984512,-8.25145628952981,-0.6266305182421928,203.43153714014792,211.2733153250041
37.0376382604204,-0.391463685925512,0.436066711904717,25.973221394155427,-1.6272486585974528,229.1895631733065,241.28323089329513
35.17938393978722,2.1469296799342814,0.6923964586017265,27.13964397090823,-1.9731586253583138,251.03482314347676,243.04021229521103
60.6394452613804,-3.489242487768117,-0.25580201368869254,21.244922439987363,-1.4278200374230343,243.4078808147776,256.5665200338241
-10.153380630394118,-0.4727946634824383,1.4102618992496172,23.44807630732169,-1.3615600828577559,190.81643360252053,192.7256197011735
-48.58070691270158,-0.30168546993895706,-0.8853959544429022,-18.232171261759383,-0.8522144027427091,106.57868921046652,111.00284286975189
43.80519184886609,1.18173777780991,-0.7157255524895813,-8.267319991633817,0.2745524670978844,216.21326019310504,216.1334534209866
21.87128050791516,1.089644386840106,4.1770445115030235,-23.442518955513854,0.36473632797647554,196.2768669334617,183.9152036500574
-26.328826826681006,-1.7062229910663793,-3.293941996210638,-8.313193627688145,-1.2680362335249094,128.87438143891416,138.94479519616544
-21.42486501601333,0.07628206553069436,6.150188322725695,42.76822039892726,-2.083980849053969,204.1437076006293,205.34086179345238
-17.7694542875977,3.378590303321989,10.122979164722562,21.38858932954249,1.530899531821752,212.90911983913367,198.5066209131476
42.56335385047894,1.2826921456436375,2.104247288818512,-3.2480340239195753,0.44400866715975984,225.70942716051044,223.0012847995171
27.64148127479243,0.5740252362114385,0.5379328794862062,33.85345072148053,0.04920709969002315,245.9102972587027,242.51111408299724
29.38270871949565,0.3076938727624992,-3.0342913781554923,-11.229520785004922,2.288318545766369,195.17598273179885,197.56992584620116
-10.1344427560131,0.4508997902970943,6.0430067298011325,-1.3643343277782993,1.6693071174296723,180.0471702723099,176.519453425073
50.18792055834364,5.5278043642406525,2.53582477616188,35.28751091824521,2.9321484680581693,300.464568972536,276.3262259563874
28.73705010273467,0.6303515341251792,3.3327721519494804,16.908556426312348,-0.11380861694905643,226.6121409816305,229.34993846950866
-47.04469190990985,-0.025796212068023253,2.3405333696683535,-32.1086650284178,1.8938137936746704,112.4400656372234,104.91021088428384
-6.811710753788518,-0.5274769195620821,-0.512576105708401,2.6319390378934764,0.1300706679487743,169.72997401990506,174.76526279811944
55.1527850485111,-1.6701853011857726,0.9584642963695401,11.592816570693744,-1.9487543364401527,231.36892417327917,243.94014314928384
-45.45258512457423,1.5046450072967303,2.0861443178297323,-20.375760759480393,-0.24046197839078445,118.60151421490926,117.37699833401749
-12.326205534298031,-1.821170517893167,2.963712225584094,10.520646572156807,-1.2635057241756802,171.01844643458986,177.92849389271055
21.810219303459224,-0.23727464942775567,-0.014514434929593265,1.6847835308471943,-4.479699273503021,185.6591700363779,198.61853134778264
-29.050225768811234,0.4261115307092064,0.3233572112295555,-28.538776539191183,0.9230702338805755,129.43434319429866,123.93855353915401
-72.72556344325398,-0.771354164494866,0.2854538296625628,-13.855974887097656,-0.6936970839472928,82.72885796286056,92.09388112220441
25.679496070369886,2.107868491851579,1.3271237988141416,-3.8430048562017642,0.0012417838103447876,205.3883316158787,205.1277421599799
-19.222906800249437,-0.5805762729898979,-0.5199766675157529,-21.191274827844673,0.8548648196754769,137.0445103670608,139.19514712241252
-14.189900587603349,2.2076682961906204,3.9432648189566897,29.79813711645297,-0.09146801568589145,209.7327369591002,201.5227184996477
-18.69528860855805,-1.3682611542004708,2.5598964763923364,9.937856686394664,-0.6995544476951417,161.89963731424783,171.589665823669
-68.98505616876929,-2.121055968079112,-6.148969757395089,-26.58160015395761,-0.6047795181117886,64.97801947259333,75.41355530502508
-13.101162080686292,-0.06870327555276741,-2.03297452108342,-8.539486778188325,-1.706820961261723,149.09677011391244,154.40586925456347
43.57475756742324,-0.6198655021683194,-0.5283170365334906,21.596066528676587,-4.899722314107089,228.21026940815537,238.9779361146281
45.98646809687497,-0.8737379335502363,0.7171842627876626,24.860264963311757,0.5396502910750864,242.4443401421168,251.0848465518355
-35.05618692839438,-0.08744045112267212,6.473171225109195,-8.725281566963012,1.103200276524889,148.41920181398163,143.56247942649017
47.72192918285449,-1.0838678277700848,-0.4930691101035319,25.187859686231082,0.24185026419982705,240.4730080848184,251.4297190667477
-30.98255338948859,-0.8081985205215498,-2.864010475839425,-35.96349280557276,-2.113432555657879,95.02017488816854,107.12332912425629
-38.82705503665926,0.01177273998627133,-0.7211616601237318,-39.066511918902556,-1.023346797136231,93.34535204315178,100.22871419850017
-2.0429635612269776,1.1898974408310037,-1.958959392770707,48.95695961351795,1.102760826958336,239.68852305740236,227.10271179864554
28.336049724773634,1.199621143133326,2.2204755659374134,30.596404583104512,-0.521539006429274,235.56226645916945,241.6860288818576
-50.649612475299875,0.5503144147904045,-0.1347699383916159,-13.137825736034424,-0.10576273222525856,118.5253753233058,116.37736040417577
64.55819401966109,0.19839395509597962,1.7007772008065822,24.152852417051637,0.9359644730325692,267.1308060206842,271.401198936983
25.74649262351292,2.0169051339513286,2.199072149663957,-36.211698774349145,0.9955307939697371,184.2934937193613,174.60131879808483
76.43621732845503,1.6645201931108438,-0.7208630833615659,19.375780484498602,0.8690065079166742,282.6108621082423,277.4796783019547
-36.226150490133925,-0.6365997756070917,-10.141975344161702,-22.923216492871543,-2.9278960868838246,93.99109312209444,106.99917868167967
-87.06374880914653,-0.5100781535096857,-1.5633744672476586,-20.569782971391707,-0.11061895407538679,72.24828533628016,70.03741351596452
-29.882846115522515,0.5212349240268547,1.0794595472032662,-26.764701979506363,-0.6163349152072977,124.67562458319628,124.19182833233158
-43.03170019161763,1.6213488146923614,-0.022476063507892677,-24.042708173909485,0.28089753038021104,120.28795607654092,114.6603787873741
-65.3692277348856,1.5072592767680932,8.073324279412763,-19.185160869232757,0.6346383034733923,112.5829412834108,105.51585012687154
78.98120691576169,3.0472553888390306,4.594366050419754,25.164401477812575,1.9017062474193893,306.9711702154942,293.54395295158736
50.407813105049016,1.7807047916286292,1.1206226070503948,-12.833864213019599,1.2200503261573332,227.09307889488457,221.55034348820146
-22.017265850050634,0.7251966199786211,0.15754107860426822,-29.240614557700837,3.318241544134721,142.8613110791536,132.79811570630284
54.44592481838294,-1.3444961604229684,-2.3761445406169077,7.995956166526618,-2.4030788812565116,226.5235715081018,236.17317827394854
-67.06372661928681,-1.2235738974703685,-6.644653646393265,-38.67974541799713,-1.6880225869306718,57.61716408672247,64.55529470325769
30.807850214405114,0.5481719631067257,-2.4236386628378255,26.426854632586796,0.46058980456307924,226.8606828799248,235.6748448231606
27.21324499011706,0.3913762683375448,-0.23603720385311594,9.389994870313503,0.5774502771052896,221.7498998516305,217.19104607335635
22.965811514460196,-0.9399419356917532,-2.1548861682685585,0.35793475050620516,-1.693069558940935,184.45994364394969,198.39086547340096
53.811204421677985,-2.684176502766319,1.0657038567901937,17.33156213433179,-0.8573846946170813,233.91641686387925,248.52192608675168
-11.57828089570251,-0.80525761953069,2.6467223191824916,3.622914859367036,-0.17965597941282666,173.63944039244151,173.56145955524013
-27.28725571240805,2.719349114420885,0.6321713872398642,-32.27115439711338,0.8297956494759182,128.96163399577034,124.4779229129525
-38.98768600248067,-0.25581407805159817,-1.3129632544373917,-34.36236498613309,-1.425550180262453,97.26992566802224,103.51063836997169
49.372044009104314,-4.493386873455384,-0.05926855007201386,4.852951016727141,-5.197398026483324,206.03742560374343,224.32995844715734
54.85830808912867,-1.0797111985242598,1.820805922912752,20.329418465892267,-3.0998810885129444,246.9501563740184,252.68395706223185
-32.83184742634194,-1.376668253885396,-4.561004534759107,-43.065683329947944,-1.8572092471646449,86.74253785749092,96.16260407923627
41.851849993033326,0.6994294486213704,2.4183435647451237,-2.074408366513859,0.5325328985705894,222.30519330957404,223.28276440979178
-74.35505063865197,0.5444994791543748,-6.032639745236879,-22.34857013909947,-0.3221732015863913,76.38997292634564,77.34108262591458
-14.15613435807743,0.9674415072957266,1.5617372329858323,-39.16288581935666,-1.0887877598257274,130.09379786230878,127.97638767435814
20.213424097789066,1.2440217648382512,-5.649996182445148,-57.49635840730919,0.14826279380814902,137.433103561408,138.3143709380165
47.705135816003434,2.490581216852669,3.4275631026015843,28.70703645783905,1.47581558621674,269.9940980983365,263.6611490508501
23.649196820112298,-1.0248782539801602,-0.9699818188784247,-26.87167938598342,0.5882656079653826,166.6216744933002,175.2259398405731
-63.311989610835184,0.9648862564876962,1.150368407625864,-21.744848181993365,-0.09305158044943988,98.84270339161756,96.8203821621739
-8.776096238429382,-0.8826287033530893,1.4675607054747335,13.782470505671158,-0.7073696717762309,185.45725201707063,184.7389534689231
-57.16760915310099,-1.3577384559427588,-5.181784205432993,-12.282629336733807,-3.148214598689569,82.69101638116715,100.71704112143411
-20.827169475391607,-0.6816792765859875,-3.698352191419249,-43.596147868856455,-1.3247030371125763,110.50178651480748,109.72696502196914
-50.478431277286504,0.40860727629147336,-6.425371796362047,-21.831453053478022,-0.06609246865820104,102.66521612602816,101.46227555184363
49.446983025057584,0.8296649172080327,0.417329562400853,27.915394845799778,-0.9440806004707808,259.59587982251185,257.5203086213323
49.21028669543051,0.6241503520659744,-1.2500020949582669,-11.407623680010222,-0.549278651130301,215.69390681086728,216.48254949273397
19.80279942416388,-2.4233602557259806,0.28105284989182444,-9.82085133022162,-2.485238040010361,173.390230560406,185.20941951943414
60.51873063635236,0.5286389097622819,1.0995062986109287,18.531513317421826,2.0051746364432534,269.3354419278457,262.5385806699269
-65.40493537998769,1.4057174879689351,0.4489011485628336,-19.275183498017622,0.7005356005366,105.20000334530656,97.73005223039829
21.208863649379378,-0.36109021241713607,2.050332786087838,-30.70808046385184,-0.22948540400265968,178.96324923368405,171.81555722653167
24.584527371547864,-0.11518992387576117,8.187038921153892,12.125689676430033,-0.29874131598735487,227.7300163986096,224.3383416006049
23.745012974341154,1.2324122173172447,4.319522593623163,18.069415236062916,0.3018988612454086,236.02195351710415,227.5232787539262
-17.666484639095483,0.45303300213022374,-1.8209544176622268,-1.7196099050678946,-0.9322578861723203,162.05176718611182,158.1687430254683
-12.147918523696118,-0.21375331180753934,1.7376868119745206,-48.17164424761512,0.797810400729798,116.94170401799688,121.8571980009207
5.054413053882071,-2.2418340533905528,1.8736877744463427,-9.016472448337353,-2.2664449694771793,152.9944191477399,173.25836622845972
-55.3616584935219,-0.32349880181553015,0.7511228173514677,-27.391413646770726,-0.6146921147312148,92.03371673777428,96.91487663184976
49.395782180253704,0.0024906171464176797,2.523291658978507,23.30442476038906,-1.0129954299511204,252.36717026793747,254.0680106581531
-36.35891990357071,-1.3017563924772533,-7.804088640210941,-6.970501719338519,0.39651095109913465,123.84135635062508,127.81626116683874
-12.697993452006793,-0.7877780388182036,2.868896012623883,-5.5195134353098005,-1.6683428460413816,153.8319335035771,162.05028511178404
18.97148879630231,-1.5360138655124018,-2.0307368990706385,24.219633687825702,-3.1478742363920404,199.31482240820145,216.33151435448872
-17.103438519101488,1.6025719984008737,6.223352739645055,-1.626611895794999,-0.5655064296876899,176.04416702840606,168.38538476479738
-5.545805531983397,0.09153566743262342,-2.5801791599552573,28.135493726371788,-0.8155118850845172,193.18704939779985,199.1405496881177
50.229799856576314,0.9657185482615374,-2.239506165031396,1.867381790109722,-0.2667858351712139,228.3047536099856,230.41162506608012
-24.453295899417583,-0.7578504449190241,-6.993730314297684,-25.135031197804576,0.3837607588323127,118.81773434321474,122.89886977373166
22.049075389813378,1.214977468375637,-1.9313048885420272,28.03662772143077,0.1447750645814054,225.60917483721823,229.3691676269961
-55.00611198725924,-2.1198937337185217,-2.6428336163250292,-14.118972358542186,-0.9841500751861033,92.96116941164676,104.98305510030434
22.610272788541046,-1.9676901872698722,1.7250698746450115,-2.6335264969287393,-1.4917819141246365,184.57062705254785,198.09736093619867
25.810373403267512,1.2750889028428682,2.8255193896008826,4.225602153137168,1.2823265397238541,214.25023209281812,215.27392725990845
15.54989961262043,-0.7115543202894887,-3.1522895135405538,-41.220976001887955,3.009009496234672,133.17386022487958,153.32910614447297
-17.409927247197768,1.7280596167589,2.242573567337586,-8.471514449582578,-0.055653263324169595,167.45197809534164,157.88855509532783
-13.511941733939913,-0.6744878171762957,2.547229280884637,3.5667659294959124,-0.8538350505650927,166.85948452320883,170.92874748003516
77.57492775411458,0.8204541606649998,2.5864651636830165,23.885310443364062,1.7183225296743614,294.90271615624465,286.4404969228352
22.6170586801702,1.5922559751318437,-1.1340731320197235,2.756796662833912,-0.3321604258265615,198.727473617688,205.35489463162585
-6.8763547468971105,0.5860123450715665,-0.39385544035762055,36.60468035121052,-1.06396970849856,218.11717716322104,208.7115296718658
59.87240285243837,1.4775956521146443,1.828452486888298,27.36857222927852,4.893038637768,292.75326078622646,275.29507872982515
-9.859331761152173,1.545632224489348,-0.1672286292944013,-17.215324522226602,0.9153827353897523,169.28275233278802,155.07414691854143
65.09620524083637,-0.5798147731383092,0.6005536639260096,24.526091316868683,-0.47669418662477925,256.02532187461765,269.0213581332046
48.8127588307748,-0.9293696675232536,0.2503404675768255,22.233395194364547,-0.5840995991207363,242.15391332831845,249.63804209740908
55.60583012668144,1.9509279872410976,0.12049798592944327,18.876163802097334,1.189060116919608,265.6460562944639,257.59749689020396
-81.78752112729613,0.5954672995632198,-8.523577440969373,-34.29349631080558,0.6110694079364868,57.95458699096344,56.45695869976467
1.8189829764886598,1.710259634186098,0.6658760241498607,-17.427650631610152,-0.5493379087937993,168.80586168548265,166.07314696575668
-58.14349979014498,-1.4121669810527682,1.2713226722531048,-34.0129199505773,-1.230119292788351,71.8299258058421,86.32763352902519
50.86876916241479,-0.1448777361552172,-2.439063025257511,25.98897592352169,1.5511975377556242,255.82784511032247,255.68001873361598
26.823875461330974,3.2886826005691177,-0.17506501059641436,12.216019900837425,0.6214709528971503,225.4283807431233,222.63000077637398
65.47135368094874,1.6190149022632185,-2.132383658799805,24.06541998112247,2.2504186664999115,283.2823022907545,271.1288404433706
19.2856854139042,-2.0527625574364032,0.6733363436932015,19.593526647574855,-4.606128558930929,201.7945522153724,212.74867416014106
28.740650334548175,2.0985510561459475,-1.7611859775608694,1.4111399856471274,-0.947177439821318,204.1406999299519,209.3969948302947
-72.30672683904996,1.0189095804024697,-3.6146258237821542,-28.915049868297494,-0.26432170266488114,78.70619295318724,75.7732022179429
-31.653853095854583,-0.22464167549368222,4.155547941648792,-16.863575908703105,-0.4460539372536237,129.8222289487098,134.82244019568031
-20.398230557152928,-0.7103564404156508,2.8775901307817735,4.814265150382283,-1.6655427694268568,161.073834214548,164.77274238550564
-72.46589540448144,-1.0986700829276073,-1.9719844052986137,-21.886052066559103,-0.9474712798875713,74.25678257794146,81.48494363218244
-33.247904033645966,1.1548449089878123,0.6318032984175599,-17.132994130505875,-0.5714732473073789,128.6919581846933,130.68929366728304
-61.51050141748138,-0.5776711609049198,2.25180540767766,-35.91807251892821,-0.6388716803742288,79.91942087383065,83.46170550132715
59.48784209112666,1.106687731550376,1.6713647739118018,-0.4834965868985773,0.9971658467807163,251.9317168010117,242.63458072780733
22.720120836312365,1.8616320013145031,-1.5182271240027208,-9.75508912389719,-0.15694003807023657,186.57695152620764,193.00651342299187
-74.81749222724845,1.6049642579109997,3.938027586094357,-27.92253174817559,0.8135337341581915,89.23543451791586,83.47151847407552
70.11003936820651,0.5507222336270121,1.2774980087414234,23.45287250742611,0.4249097928991836,277.37155839499883,275.6710587822338
-62.062879554521786,-2.9612516449336783,-3.636283108412167,-44.3477449758484,-3.2824861301368284,42.79527136931925,63.56437145748154
-28.57455181287293,0.3570269857771497,8.296114133580257,-24.89727277247559,-0.5959259303366836,134.12230893647637,134.4404074750089
21.850279337658378,0.41295379825614403,4.124425116553821,-3.6701983844341974,1.9976747320584878,216.55137281165895,204.57015147142945
63.14748823049765,-0.3953088892786191,2.243331266792729,25.235943377224256,0.6040704619529577,282.66059758883546,270.690541318524
-53.226293027645866,0.02466914092712493,-0.24204733572846063,-35.86206512062496,-0.528966618183083,81.88467081723884,90.02031391008065
-43.20194033229133,-0.0690446459388785,0.16275115668880827,-3.43708431093317,-0.5132438861971353,125.4804187411869,132.7964548526653
-72.89011134314099,-1.8938220930157195,-2.263649758476098,-33.434306890042116,-1.2116980427245385,60.24611979607805,68.16142874393549
58.58228621614229,0.5340483691583805,1.878184604533825,23.703402605796132,-0.5208748292719647,266.18346674670784,264.0320638376941
-33.21522042016118,-0.12410008495089904,-5.261566756487022,-41.58028783334609,-0.22441447916780863,93.53931381190948,99.44942729722358
44.85049292275157,1.0165297418390165,0.3401940300129744,-16.20244981987565,1.3046657580410908,213.24479147972275,211.16444950410477
-0.28802468306285756,2.892678969840656,7.642523004991864,-27.085117711863262,-0.7175891714696027,164.0400582201895,162.2994872797733
-33.0158073642779,0.9847026030939053,3.155946342552605,-8.50874967136856,1.367978577761478,155.93027984371972,143.83908735909907
-3.39787887052435,-0.2762853207829956,-0.7786158286380263,4.223333251969856,0.1649806050058252,180.03183710340528,179.7905507083664
-38.30262164646153,0.4102638699445319,-0.8149388964877317,-34.661268496659396,-0.26285578228845974,106.28745705627216,106.22359591938398
-25.13632374620106,-0.7678579831201711,-1.5281457087545767,-48.79988971174918,-2.899986726180248,89.51665702402734,100.72281299533135
72.4183901210649,0.7740768478666139,1.510608579252418,25.489333837051802,0.834403904075917,286.35371220425725,280.8818301606464
62.70876449354812,-0.33953627185984864,-4.783063267147861,18.702523540671255,0.8997215775721616,265.58226267401227,257.0434269441184
32.48556052546859,1.3547115488333787,3.235503954799664,31.483538217500563,1.6593347860273775,265.07925169705686,250.0736659039657
-20.944112773861065,-0.8426910974690867,-1.5389306831170313,2.4457143911701382,-2.2129319945976573,150.8632643241955,156.76206471346165
33.79362644326188,1.8621494079622711,5.259144291202281,35.59085921352966,2.1760271060822647,281.03898459859823,258.5368233333752
-101.15078145347921,-1.3202791622882115,-1.838910073771927,-25.924743638553903,-0.40214166707298665,54.87482296684973,49.21816087616856
-26.170242262212447,1.211641356591606,1.6878114949136023,-20.43523773351113,2.0397612562425764,146.12626432758944,138.18875098336147
-55.25765010824249,0.6213937224407894,5.9188493581132535,-30.03230926621905,1.9987738838877482,110.8458903489969,103.10407446131681
24.28731802098206,-0.8763137653473363,1.8164916893790548,24.483427872943114,-1.2193030570735999,213.12638897892128,228.34663763221943
27.28660175352021,-0.029389288162515938,4.86429163901699,27.412177650171238,0.7357539728761908,244.65117672139783,240.12445259875824
-69.78947376017636,-1.1560639341620935,-4.289706493997112,-24.659846113229342,-1.0340688274089729,71.85882260785182,78.92585774236079
-5.585394745348437,-0.4855109196898843,5.138675664451136,22.186059162504407,0.3309933742727761,206.4524468014156,201.43983940752656
16.994670856974754,0.17681554928479387,1.416576481142598,-32.791763400234125,-0.5983644896713565,157.4756484425257,165.0529518688331
-43.868267246244855,0.04128604319624767,-3.8372226041894857,-5.83417648774925,-0.6882112593400447,129.08634082528093,125.66842531700848
-94.08044099068704,-0.8877225428242498,-0.3917526149452758,-29.529012237850846,-1.3584443459490967,47.04264816143654,53.6076441390795
50.604197641633625,0.2824698772747144,2.8153328887235554,24.165673721560832,-0.5779058662047367,264.2768645745236,257.14478513432414
-44.864981677603076,2.0976704994401296,1.3234324713960004,-10.767367619274554,-0.380882202552494,132.27678624405323,127.26288834274264
-58.19035298521725,1.0803726888040623,-7.571136444975054,-32.79835786480083,1.2017890372146967,82.80515031666862,83.57733130236174
-7.34160927365407,1.21601679762129,-6.050472442721855,20.626055915179844,-0.14313833804479897,188.05295717142485,188.16186952971645
-29.799421309447997,0.17150081332616562,-1.925694208030463,-20.961994330586396,-0.7084188528036938,119.88449687218024,126.63098898379431
-17.68542809553466,1.823662521902625,-1.5870264756140129,-6.2283880814861465,0.08852400027434124,166.4995622178555,156.2663607408781
40.643397821065896,0.6417433675136822,2.3951161667785947,18.856520210772235,-0.4595710706305274,240.23439715608123,241.93222336683627
2.9843226488554926,2.943182016938071,2.0321766525247735,-14.467686170800388,3.291514688783663,188.39985651834616,176.63852670763765
52.117191924707484,0.44855554372691625,-0.35339497410612264,-13.283861035322461,-0.43507440786043,212.58594703441355,218.34843392248158
-16.33997713260604,-1.199536960435573,-1.4978823117833784,-28.751269804353417,-0.45504831114103916,128.27060975934012,131.6113023510176
45.66808534900312,0.19670161801251884,-2.650733954198146,-41.60206005858576,0.35757948353155783,171.56366322227723,181.82458930909976
-84.66480941971572,0.037669187129177197,1.8398511973064617,-20.75076697563234,-0.14488391843822884,79.91568759622079,76.17207694198491
-28.86942343218144,-0.6671850479488974,-5.315209850825165,-46.56827765262067,-1.923542577420071,91.2181074792943,96.5113783103397
51.354149447494756,1.0507313717433329,3.3477824034471815,-3.0339106308860275,1.209890956926338,243.88524284993036,233.78366042006144
50.166098631922395,-0.3192810114425914,1.4003866121867679,21.604451577358013,-1.6397714377672679,237.2588820372452,251.06690124359363
-29.542147156610252,0.2853636605267587,-4.502944420662614,-26.3340324485386,0.2316708215229367,120.85741634954996,119.99292732757633
1.144082588658571,0.5091542426679166,3.8763523314518338,-14.679527517993089,0.29613072359126935,173.5704554097825,171.00120923971252
-25.467905139907174,-0.4537479679491867,-6.27508123380319,7.941939287079905,-2.4473845188765444,142.99992383430325,153.1528372978808
72.56296819409796,0.7169873667070117,2.1491663577727764,16.78594769734191,1.1596097187739367,279.77147723957944,273.22969620602754
-82.04282601122156,-0.43904679969864,2.220220814435382,-35.01788226920837,-1.8364682961672236,54.32890860891962,62.739014309474676
57.06869378461347,-0.25779861231849677,-0.04090612230724311,18.269989931297452,-2.853905805847975,242.5055786798151,252.04109004677323
44.29075444689942,0.7305546153748457,2.5137481219262043,-5.82434180463751,0.4790342310299096,224.568934284244,222.0447664819285
52.81682862972155,-0.5392288563973916,1.0833636605415884,-6.005379744157363,-1.0070051350288216,216.868992966086,226.2035954260152
-13.215461398153135,0.5758790856992467,-2.3551168840856453,-26.078905066558406,0.2203158919459629,140.11349261156892,139.00172850018532
-13.350175708546246,0.0838422534180455,2.17099884465038,-31.03379994180525,0.31015537524518405,128.71064510432447,138.0360376942998
49.34975576084622,1.5407979431609866,2.784299664194437,17.741245949738865,0.7327395347997249,255.2432165069361,252.003855724075
-74.71366443481104,0.7817020183561532,2.6469899486119344,-29.643113696807028,0.6395313552469085,83.34850224820418,79.56646206193345
-26.255132580565416,1.6724725716367823,-2.931788817653152,-35.672148210862254,-0.7359593204008391,121.70650108402263,115.93246051349193
-101.6357748018162,-0.8015592541466101,-2.2257014666007158,-30.22937341108969,-1.879094315196318,30.09378497420289,43.08351362248679
22.470498156071084,0.1252400278849143,3.1296423075464457,-6.890013811128396,-0.05140337520332966,196.90485633670664,198.6389801765065
-8.455737566436216,0.3282679589153903,2.8294795403586184,4.5345491424743125,0.6517475330348249,179.66967940805,179.74332347968283
-7.823668164386311,-0.748608192256521,-5.628435296532667,17.947327370016453,-0.8854016785895081,182.2081456735966,182.7162309095879
11.505071042200488,-1.8479180365284003,-4.817399530940707,-37.00170161250774,-4.583777630249703,130.50563284886823,143.10929110331065
29.872723880363438,0.941826299693147,3.01723942744148,31.45068810794281,-1.8015416487581046,245.6997805469536,243.335952938019
63.69048930399275,1.5523748810054605,3.078232885467334,25.570062353107655,1.3022654906126558,274.27603775795603,275.0484417855213
-1.7510754707218077,0.5862730938746428,2.6501476529617674,46.158792728233465,1.3067156939150353,236.4484176420847,228.80587056959982
23.36501299986494,-1.3516480855275164,-0.617208759231674,-14.251642703360051,0.7698821804651728,183.41417612892332,187.76941250354682
42.4976638629622,-1.1017712344816157,2.106816713258337,1.307346914275111,0.9007314608401067,227.06536270574767,225.56580458818996
20.448699623083893,-0.9367336307423495,-3.9367288872350525,-8.187896505211258,-0.503006063415571,176.68694741530337,186.73935140781603
29.169496588920573,0.5197610015226408,8.910591235920862,6.29025854154575,0.38008082642110025,241.40745911621332,225.1252050656671
-38.65019022733686,2.235638548997909,6.6268423990702505,-23.52654059012235,2.5799497771486815,147.691366518522,129.12071677909447
-19.915865051333334,-1.1798430994787252,2.3301092296219426,-6.038079669340235,-1.3708933259615277,149.36014240007685,153.68044495484466
19.842975753782124,-0.9158635958917468,-0.15994756342729707,-55.37844967186438,-3.3503734205012883,134.1725405819968,139.893358373434
-34.67664682846049,-0.2436299738360321,-4.220208942251831,-20.317502698216487,0.32475391970573614,122.91518656035936,120.72178234827851
61.40950823577846,0.7260680778853463,4.381210108425439,24.523134522997182,1.3993961613192258,273.3226667793061,272.2943339777399
48.057931032769815,-0.5410752285610104,1.8025601368032187,24.36544633228901,1.5907435813845838,254.30904866108975,255.13062272602127
82.87695204832801,5.6458334353108235,3.420920354284114,28.938211736892466,1.5309596046666132,312.7275890438743,302.2678940508185
30.399789086879178,0.34336701355565485,2.6897247300555294,33.44413320848996,0.5016340360357514,246.2779867431477,247.23366494635232
30.573462059058212,-0.12909758439187563,1.2367920737883706,-3.7858185361173136,0.44063242798930147,208.5770757174149,208.19098731166355
20.037819494027975,0.2244942277515725,2.9096091387960454,-20.35060403043515,-1.3151524965633128,181.69076586452212,181.36118320491326
-14.904573699677163,-0.8235509482804652,-4.000184839477171,-15.340341020637545,-1.5405315775854092,132.3997110120571,143.24583478567763
-30.645389293541456,-4.2162790254863065,-5.4290181927181225,-18.934807298921672,-3.4636891098384686,97.3372363505682,117.16583395083052
-18.484552625886913,2.7836839362725856,-0.8714492336529571,16.843087432279077,1.2347155744566174,195.19400385128623,181.3605019548044
59.29294631276121,0.16585821779205284,4.162690526798662,25.33564394544746,1.1153548496027952,281.0668868871588,269.9275107237375
27.339276247448815,2.152113902968135,2.053846098784333,33.92886228164279,0.41387618370322404,243.08871416125533,245.74299158588516
-7.584034935542629,-0.8556681840114729,4.070838710771615,16.665371852313992,-0.7254957046832994,187.6310204734032,191.42602861018423
68.09158346692557,2.560155587405618,-3.5442237697808596,19.84216129213807,-0.2349258618163868,273.00184075320703,266.56976758620624
-3.430260921798889,0.4841915484543185,-4.64123018067761,-32.82052432192432,-0.3595181373570258,139.23985629471483,139.08767485803392
65.93218305466233,-1.6373680644786057,1.9298599045836382,17.87034314389463,-0.07524430697052964,269.7597013065816,263.8747906030261
-81.80871500756426,4.6556544509492594,1.8668205986961774,-27.871767946453872,0.618679866714808,86.84618627066627,77.31568883367801
-91.52201885277744,1.9706385964097408,0.7028463449480714,-26.982716421349473,-0.5796564330530385,66.5232412215212,63.44411010551306
-26.75013238988915,-0.6723823718725759,0.42657173331425535,17.238997834425287,-1.1318968479750455,164.7579351597936,168.96617482933888
-74.2451519704723,-1.0168525718120154,0.7442785958587467,-14.591136905441239,-0.2505894348551895,86.72473335720795,90.49556458461542
-33.022421897636555,0.05494367044474916,-0.698597757353385,-23.22996460577746,-0.5488132652941737,122.6535933862876,122.41016301571985
78.00156706787506,7.76437658745569,2.341274523368155,27.883253293010107,0.8273008693915714,307.9533008359887,296.6727892124355
53.48441167384837,2.014289614937159,-0.07472007838374874,20.735120371747264,1.2787357785469786,259.82927982976986,257.29285423203214
-20.141971782482294,1.0052368457610819,-5.327247810968921,-5.983311859375433,-1.0815883878115602,150.45245001921597,148.3261338764595
29.080292755805402,-1.0888045823492758,-2.5065244946721883,-5.300554711598748,-2.503082727752577,183.28241298573823,197.53634311076962
-91.8367070041627,-0.16980096013279533,-3.935295121261695,-27.162366809878336,0.854190523496328,63.35578204674408,57.60503749939771
-37.93021463689927,-0.21938230104421066,0.18207822603467058,-19.429256072035045,0.5298241089643574,120.55754361527278,122.98806619635738
26.594391957552748,0.5222092774303349,2.931385930734185,29.914957936393307,0.7419979652245585,244.20573131434628,240.5599599386721
-55.708332758859186,2.1033111426704396,-3.501468987117944,-31.268373626567367,1.5208341805404144,102.72249055753768,93.00098682200387
30.54902642572361,-0.66712056110603,-0.4915300885756103,0.10640275296435599,-0.7231615054064315,199.19686633750516,208.62863389493614
-29.73033387794751,2.0598183090110687,1.9955353292315698,-5.461299273526979,3.2257115703578183,166.00599954235628,151.94444892846354
43.99573491420099,1.243764524812064,3.03064195544305,26.115906384677373,-0.08734615528768057,256.2138379697444,254.15371849518172
-58.16869837605355,0.9153090465952913,-0.8017097625987515,-25.45930073328481,0.5376055775953428,100.6103366046952,96.8782226235913
-11.795552946554862,0.9977430406652977,1.0255670728848625,-17.000547480403576,2.352882887652701,167.78837831153783,155.43510944558113
-76.63780318545376,-1.3281831324417464,-0.6975086767969182,-31.71878774287952,-0.4239944706876516,67.75771934818769,69.04873966307633
-60.06066759262463,1.6478212299256578,3.5220918742283116,-25.98418418439617,-0.08076721332142195,98.13650474569106,98.89931098514897
-75.70488570335846,0.06467466995119145,-8.895475640787106,-19.625633607024536,-0.022228473415129707,73.03608070017543,75.6714681167032
48.84266803491096,-0.1913736531788925,-2.3046333728585346,24.67376522068648,-0.045420655551211345,251.34314963902344,250.83002244534563
-6.288834910964318,0.10550358310624171,0.6621332976506941,-19.53970722658002,0.7830421837966749,162.3218285615325,155.57715379834616
33.38024497531341,0.9175638599867258,4.2106916991366266,35.90777696830758,0.5369043539578118,272.81639032281464,254.80819872803878
-49.72942805169029,3.1419852834266195,4.3163469394456815,-12.275434277463118,1.1514875662011976,136.6491828292763,126.4599743312563
-48.66638090278118,0.05523900594950693,-0.23833558196916443,-27.285489873651784,0.8998353904315771,120.87562083049464,104.61988490931452
66.01568934602211,4.106737077436479,1.4014208848519132,23.03864841193144,0.2668121846136398,274.4821332224295,274.6843247761908
-30.125952686435504,1.0818365487243966,2.341527654153965,-28.862291037688124,0.5323835725184445,124.31100156951813,124.82252092261098
47.71869196790834,1.0525932522279615,2.519455250041952,26.531192994766997,-0.09778278012725501,267.6872448345116,257.57916755615474
47.94183426840488,-2.8202371380582365,-1.284498567839739,11.229944921922614,-2.168519990004785,219.72592905434425,232.75354036576093
-12.101609932033776,2.300760447876537,10.316784390546427,26.93257604197115,1.6055136334116602,227.04268324067948,208.90904145310952
24.74643650886583,1.2090724055310427,3.506470415166526,-20.80359964149328,0.5406694734982881,192.5333550166049,189.05406603290473
40.49172562593615,0.5272873334373059,-6.562535336265075,3.5241861840947744,-1.5244456003287508,206.540613561394,216.31123507821144
-24.801565006665168,-0.6685649654761199,-4.094965157616826,-37.21214759299263,0.3709302295184289,111.25426529159306,113.44870437810471
-19.493056954095625,2.5187104370322637,-1.320917499027612,-27.445627815223883,2.068456558035118,146.91436749421956,136.18258159805734
38.984442824846,-0.3595005461800117,-1.5309501048376906,20.120448886574945,-2.2832222780416407,234.573638401317,234.7862356536984
26.51128027553006,-1.1227241958640595,-3.719761774303268,30.557988410547154,-0.9679246751576651,226.0924930334526,231.1138749120898
52.5385831645569,-0.25067918131304656,1.4705062263211308,-5.243421095726447,-0.17670661992811557,218.3193143130054,228.1932993652462
-46.614624612879645,1.0781249829560189,3.2836521434564667,-28.303398007998148,2.4629596357419072,121.769317169509,111.76173101261269
44.485168090776575,-0.7704994589561318,-0.9323099470105485,13.31179392322645,-0.9513611251407346,219.23866803220955,234.99780835423113
-22.643768288634977,-1.9758453777252662,0.5189077634184182,-31.78473129851839,-1.5002232503601545,113.79044853452682,122.46935641951785
36.07732422880092,-1.4712854205264416,-2.741373654850294,14.042497238624243,-0.47946181888055034,217.25805759640232,225.2827174445045
-49.35713722864672,0.2326113012202163,-2.6369470247990305,-12.385679432394202,0.6444391074961029,119.65485607153649,116.35230359421278
56.22570878727761,-0.136854024862635,2.0076003527202,-4.002739052010728,-1.679207572822338,230.1927161003221,232.2695253616367
72.53920383185316,6.3004507486471955,0.57240028081479,25.584627692186846,1.5015127780914768,295.98963468868345,286.3532122029298
-45.17505673428449,-1.1289451399889905,-1.2328736311991313,-14.70614080633215,-0.7964798451553404,113.42834946110597,116.81552071437645
-5.517777503966428,-0.41743603211506825,-3.4305299083859984,18.044411009480314,0.19437496929070602,188.16661844188127,188.7280594056397
-19.978998173291185,0.6461494124604471,2.8196089766627064,5.935202796822347,-0.03188405886590302,165.06382021253026,169.2450958251242
46.40394861104146,-2.43625227316748,-1.6048908564355044,14.818685182383053,-2.2229192907119844,221.7495901692301,234.8135882444459
47.65815456880499,-2.1446830737962714,-3.2862123282304263,15.25984272536783,-5.2867653339553105,213.2782641107606,232.05535342952774
-51.97943971838287,-1.8060997446702,-0.033367038920413455,-33.44236683585897,-0.6775424782799486,76.79653761170383,91.91620105522308
32.53274558457893,0.7338909667979944,2.181329703973368,16.165276629589993,-0.04393226203218444,227.99165045309687,231.42432749424427
-51.76958343784259,0.9987545476799133,1.2247232628737725,-11.212646435144018,0.5292541571480002,125.74771798271289,119.62551896605146
20.189669521844422,4.695582959507576,-1.1663639798125454,-15.992303379388204,0.4474625130961355,200.89671949305475,188.02906450658276
-34.481622914017244,-1.3127166463699618,-5.998463906772303,-24.38028913989863,-0.5984797172621721,105.67944462102544,113.08344454701748
-60.958408295188086,-3.7338564447285014,1.068709198698654,-27.58581697820199,-1.0676120800446756,85.85606266598205,87.57803227187334
29.43242960144608,0.14368710719055144,1.9327052789559391,26.17479661650389,0.01688382098034335,227.13104550304277,237.55551929641362
-44.3751430492562,-0.23088772823750772,0.501892058752543,-7.198770220346937,0.29249698160887355,137.3959412943205,128.84460491385744
20.735577286711365,0.011316217642784362,-1.8177839681158439,-1.231021974970538,0.3597388647133232,198.2887669147947,197.912843297317
61.49383670548999,1.8703761938120005,3.3004633069522193,14.033236980112038,0.4231014442497791,260.42965410959994,260.97603150195073
-34.28317219946235,2.3458684653873982,-1.2947231447895313,-2.2440963513516548,0.9862886567049056,142.95603695239936,145.36518229782544
46.1208096410066,2.298940266880345,2.994894437497095,9.118797040084328,0.8559904806053035,248.23500251171055,241.24444873741
46.67482783137055,1.3077953938126183,-2.7227900007656567,-10.965491229632502,-0.27141109276268865,224.28995566362943,213.87794777335904
-55.294870205972344,0.6298258606167014,0.4916913988154962,-14.199433905876171,-0.5063902856190985,109.6796617520852,110.97583973330015
-69.8253559985282,0.7397138186199294,0.4450363140727497,-12.107921396353753,0.03560080927452463,108.32333115698935,99.14209041841967
-9.32846965580088,-0.6155201266549268,5.229566595892594,-16.941567435927862,0.07442224276250668,155.59891055340952,158.27344849160775
-26.397483596920353,0.12848170753263527,-4.421533562932152,-20.049658929114745,-0.12813161972525128,122.00532084889018,128.98669087017635
76.59541666150689,8.164004188956438,2.5245488816457997,27.93616585941311,0.8675936578821632,309.28100292367105,295.94274612074
-45.18715351698298,0.45839740221935665,1.2046518297186364,-12.205117172665851,0.6327727282076807,136.726569340298,124.75856814183349
31.020052020293583,3.096255064152603,2.607332117338237,-0.022293885850793026,0.035557454816749726,223.27640637593743,216.59191964208765
-69.62200063917672,-2.334330689253256,-9.814158645814688,-39.20492538963684,-1.9477658704142549,48.56850367998136,56.931835637038404
-7.047388640572138,0.4752077671169695,2.0301283048156447,40.58941975367459,-3.5760027971223733,208.1736862927219,212.3263812592483
46.75586663336579,1.131981857009334,-0.3681949898655762,-4.377268924228513,0.827962503239653,228.43282974602252,223.82536395085697
50.617791041923,0.29344871650077636,-0.8068929373066326,24.958182956603515,1.7674663787077545,263.1459602009472,256.68501302776485
-32.46703812523024,-1.3962140209363691,1.0057498327976888,-23.176379601841944,-2.261462153551678,113.7205919055488,121.55967280257474
-17.672688851759794,1.3384465813983875,-2.7198153434663017,13.793315814166897,0.3145613024686996,177.33822000359172,174.90883637414404
25.00428729489756,1.0305674263262292,0.5085423055914643,33.0271439353133,1.2606764236787784,242.17100634182967,240.68623425714512
2.118655149987652,-1.445999155715274,-0.6779183977545452,-19.87995001580207,-0.4745324149749101,159.52978515602376,159.49527203707743
-30.114957592885737,0.9494722474552079,-3.658731970536544,-34.01722297344094,1.7213278075106813,118.3035617628794,114.73490438943927
-10.449211742360655,-1.462590278740044,-2.1101995687189583,8.566918662722612,-2.4585848340286516,158.4307956204772,171.94134911021035
-55.968246780464796,3.111434684215734,5.493056747998538,-19.71376879434385,0.32412754981586966,117.75176985069032,113.10162027855833
-22.87683973809912,-2.3814349033365447,0.7948356293147216,-19.510635747913362,-1.73456823446637,124.0994984169093,134.14637387683618
-29.2671534385668,-1.0321123995209074,-4.0925080491266765,-32.4527956359127,-1.2595911491596181,105.79302621229787,111.75085619905114
-55.967735595566054,1.3024278731381664,-2.4472902329891135,-24.15627606455586,0.7449220032366063,101.34363556388745,99.33106485460134
-54.85068231523623,-1.0676301114418123,-6.6183762421534125,-18.74490853086867,-0.7069811249424393,88.4062607130586,97.86643854669444
35.22204681610573,1.0683137296175385,10.196789668974079,-8.086629096687009,3.3602074338144137,237.3090393237213,221.61574542316183
34.301758324113216,1.1929894106666794,-0.2344859703489139,-39.66607402147795,1.6044457243050225,192.66174111783707,177.05365033859513
-8.728050334234368,0.6488105354409819,3.4866002114516625,0.09102766797550664,2.9933349246436656,187.9917453054898,178.34673987661392
-31.25874419424627,0.5681386288855099,-0.254973510009479,-30.711156862888707,0.7494924917691691,121.75489530125148,118.94777342484797
43.83329592865805,-2.2915095837765587,-1.255953887380352,14.482918531672388,-3.095153649694364,218.2194105562951,231.5286142108155
-13.865013258319246,0.770111902429452,0.16963856743246236,-40.07461153715754,2.970139502610537,139.44040161748865,129.82528204833187
-28.01674793452084,0.06565735017322408,1.3049588035760313,-14.788687991694104,1.201478412617734,143.02085666126558,139.62167551148923
18.634949805773,-0.6955054444414279,-0.788638030858156,-10.48200186024219,0.6094489806547129,183.79149347225848,187.13327032222153
9.312908807901328,-0.9880379686197207,-2.730298918541036,-69.83406693893697,-0.030396861388355907,114.9322859274227,115.58512499174823
-29.36974919601777,-0.42539180230914614,-4.925511634072082,-23.30654177955393,0.6746546560532775,125.39350421867836,122.50247711543724
-28.918507317462314,-1.6720015927699257,-2.7986965887289226,-43.89898470575964,-4.410617215382638,84.1432721707356,98.15620945123236
31.51210215317261,-1.0520414012518546,-0.9485896168650378,22.400135586891363,-0.08105594356655259,231.2645299691385,231.6855676497166
30.886459898386462,2.190165369876276,0.36148430231728346,27.62826024976668,0.17717464999869673,241.789019632358,241.09856134168191
59.93866626289606,0.054099114992930665,-2.429225135377115,23.97659878019011,0.1596620690092644,257.1784966213331,261.5548179630471
43.49867148364813,0.34982987558422707,2.687649726196845,-13.618249888901044,-0.9816409568739032,210.9137393408577,211.79127711099068
35.52318042413337,1.7672716999343239,0.7288004020729066,26.133760058356792,0.670985052023022,250.9821313865613,244.67901450785786
25.838571321900854,0.8568010036733458,4.081153775509684,-11.989773859203401,1.7362422683175438,213.86109438652653,200.37801138153478
38.315067432232524,0.31839707058787325,-0.9138373972371665,-25.423709864081342,-3.102370339335765,175.1138857634671,189.04856377350322
63.07274064586879,1.4921625560789369,0.15263681645494534,26.13320898456901,2.443871147612396,281.7868368702024,273.1496370219211
-12.049457551016268,0.6265332674121669,2.679649977152174,-45.56510117571846,0.24249821053022083,124.61020614836228,125.78913959969445
35.78288371496376,-1.2998940534198073,-7.020954041592875,-18.218564753135205,-0.966763381819964,172.20788126915085,188.13172435633246
31.06143177589262,2.245392512690004,2.7014151505539714,32.09501487529746,3.482500371410306,267.7392110124732,251.4407715571824
-62.72736631128172,-2.6420514132824637,-0.01696951161665571,-26.293634110870133,-1.13256181587912,79.11890347293955,87.0424337084081
-19.473805037705453,0.44618498739599427,5.466123944341586,41.80882732865353,0.6300702198641936,211.2477760064013,208.732418313886
39.751399270992074,2.865832362328461,3.2717137508174217,40.99443361540027,2.458282704217931,297.3727336344777,269.1966785750918
33.380359994272446,3.63508121438523,0.3983408501176323,2.3512916949758202,0.5821614932331104,226.05342260927904,220.20225211832027
45.8188776552607,0.09008173834816478,2.2108533324960535,-16.483275270915623,-0.30594977425058417,207.36766902552455,211.18560455227384
-32.143572608665785,0.09890134158320457,-0.380898719285093,-7.697463909162742,-1.1213086638307523,140.24645552203893,138.61067431197563
36.253874753874726,1.1057601706905116,-0.6944092947454957,-40.55309500610348,0.6217597960967274,174.87506412196416,176.58890729114978
-21.6099224529447,-1.014513438697858,-2.0950266507672475,1.4834043721176597,-0.8199172839037799,143.78057361256634,155.79904141714024
52.984615589430426,-0.797645441018369,-0.24639339266370044,21.08422425589916,-1.2379829352241227,252.2526194563741,251.6418349477594
-32.396828751110846,0.26885065167035554,-3.330027196130089,-31.452032099586333,0.5817496685764062,117.48395460735176,113.52672914475669
71.0719515721232,1.837501039972263,-1.4675984484294176,18.962688665177794,0.8849990413383848,276.4878387010221,271.1445587415158
28.08677287157573,-0.903813207135275,1.7772247141527882,28.760969554728618,0.4663995183994727,220.8026243388412,238.04257032305816
-61.20707439710515,-0.15664222494655625,-14.307303312235613,-11.310804987026717,-1.704056228346177,68.55953306545747,91.16913572167506
-13.243755231647935,1.0507552275068917,0.6188972976091472,0.7465076729220308,0.7209535797803874,175.374287458932,169.74837541750665
-51.12918757375018,2.7428061460445914,1.9180141624081317,-22.959390525589306,-0.006605307302676914,113.29019464939726,110.42065377314749
24.958601916547742,0.6783363929711216,-3.0517882620808297,-2.7859980983268366,0.6940495360673529,202.92829321896596,200.3482183565155
28.673215089872034,1.6647196019620794,-2.3334911953960122,31.69116066482592,0.34275656484658756,237.8846028068457,239.89337759744947
30.640411802218694,0.7228361468356395,2.9191483104301557,31.952573211790856,1.463007160714813,258.8088810836348,247.55299350332726
40.27269235657406,-2.3238604813805734,-1.5853887939492506,20.217879174109072,-3.4096306121966493,220.0459122054658,233.02670851449395
-15.635403400131429,1.9068859926553474,-1.5329541348298414,-23.33955316710047,2.208037490563575,143.95447790292718,143.46202965249333
25.274162778966,3.94745119432277,-0.2312768463652769,7.4431729383442375,1.733889563465321,227.8964485885469,218.0224165000684
-12.61290938663855,-2.3723471865268224,-2.2236120557730583,-21.113360238079323,-2.128624396513199,130.32255254624272,139.4041636078064
-91.96049365997526,0.3744329430785675,-5.8482448319305105,-21.452896583315336,-0.5846967655178275,55.255971570160696,60.3831179736748
-30.5421313659755,-0.23477637430446358,0.2712275715707218,-24.464378446581303,-1.8961268572301946,117.58610013984573,122.98883139881636
-10.55596163684731,0.4996333496495431,1.5085493529495975,14.111851962485103,1.2751459251419681,188.7044612939546,186.6942358247152
20.44167587456858,-0.19641912885004623,-0.6220040743915292,-1.2774234908946032,0.8847718222524542,198.4066578101771,199.085617874021
64.01969430361531,-0.08066233114201274,2.308799626110664,7.703424979459967,0.155163322425711,258.5289882433292,253.96143677180459
59.2808715025602,-1.4742676160366994,0.0002129365058278109,10.748966528446385,-1.7615639213083218,240.20245270953956,246.64923630150315
-11.33120704796269,2.52885514672091,9.870240617227678,-22.497699862447078,0.5491276877242887,174.75006775505443,158.97433341260057
-53.92036718527121,0.3514162143685813,-0.8884824319154154,-25.383632123509404,0.3459108967808948,105.30827089310984,100.35986224178816
-75.26864923362245,-0.1589365161346528,1.0958740821586306,-22.345599023350793,-0.6840696935669359,79.18214080554694,82.49363648681889
56.78853771679607,1.3496220855086647,1.7582666084967866,25.189565648257368,3.926407405324339,287.01396741579265,268.86741633571904
-37.92742251679814,-1.1438029429410719,-1.2436419431873076,-37.982954660082534,-0.7564105136159471,99.474586585084,100.80078429471146
44.22711243956541,0.0695157246248994,2.8000890285192637,25.663479470340405,0.8183605076247954,244.577493277712,253.43357404201095
-12.589563785101356,0.2793189678121234,1.3110538890717203,-34.32429474998627,-0.7886733792729259,129.22390224912846,133.74285781386004
-63.67402773378035,1.5340707734916812,1.0966983151656131,-17.769663052731236,1.3914489568890915,108.22411105080394,102.43354413037167
-68.57933168106292,-1.1334970810629585,-10.543647545932272,-27.876618554703715,-0.2906843203322992,66.38966094536053,71.43123768824289
53.72604500017054,-0.8654470546251413,0.2307623022588292,21.50378285251068,-4.734162694733365,238.70372003644948,249.7159972769169
-10.203177926764432,1.1635700024309759,0.2503069685323746,-12.60240198529581,0.8169468774388847,171.62062640496765,159.28026080767776
44.951558710395766,1.3559321679293663,2.4725619981820315,19.145523327823483,-0.6930977418954788,247.0859686965046,247.0874953337722
43.09469955527298,0.572793546134388,4.297573103819478,29.547270181231465,1.6061865297289304,275.9566497423002,258.9735397875232
-14.407376465654847,0.7655232221532812,7.487818328702093,-13.93343131312905,1.9247462011796124,168.58237089065187,161.69229684458676
-24.351514571648032,1.6042549453836352,4.466024146906015,-26.598157212334115,1.1945600050403584,150.16984255660077,136.1701841846854
-52.270508632435806,-1.7676499954619374,-1.5786928362329007,-34.53387578924733,-0.8147883945646784,85.2546591171142,88.88950122339286
31.293355044761302,0.08059980817622975,1.874315179121838,30.906121296197135,-0.45287484177246046,240.6946783387038,243.5565333578219
31.661449329927688,-0.5930986426396592,-0.052693377097915134,-20.151749242153638,-0.7370834351673926,170.24592878847227,189.98184150420454
-19.79311540079324,-1.3638986631013228,-3.8727425449699853,-27.957657939802232,-1.8041945841157918,114.06408542130671,125.0634077385547
-62.57313796672909,-0.31957468438113223,0.5443344955093176,-19.629457186087205,-0.23623297738113283,95.1043514936562,97.64094855226624
51.99239058501241,3.7471621506610675,0.32640854526882085,24.499154238361488,-1.0758308374633538,258.9343898554239,259.3443015531751
-49.15346249873964,0.28612527832738704,-4.7869547328225766,-9.408617107477484,1.9839831845486862,129.79647409492378,118.7760909951729
-40.37423794791477,6.271373932808222,-2.789169112801955,1.617855610197307,2.0156118397810276,156.58048144466028,146.5964511934061
-73.53242688609136,-1.431943467109484,-7.387649414320159,-32.59623966685796,-0.8722617133055465,55.32949969433734,64.03449572365061
23.380562479236783,1.9907476073553998,0.28534314390811916,3.8606166629095524,0.27451041091796596,201.8625326039454,209.64679717566403
-29.565118803407692,0.03312196214795017,-2.709720279567014,-30.991194732981864,0.9006536529014442,115.495965446144,117.52275867043033
50.77120006834505,0.5002158303876688,-0.42208719499138864,-15.504417408445182,-0.843606072148354,213.90395589679363,214.35632209448403
-22.620648983884447,-0.7189525002860272,-6.479653839682188,10.964224472281666,-0.7120829086974473,147.0629583060324,160.2879031110683
22.531414232753562,2.1472718519856806,-2.4110658570949464,3.698346677734177,-0.6693082656586897,199.1296659823637,205.15167551105523
41.107678571931956,2.1765882779637233,-1.3739995516659067,13.708097824427767,-0.3164433725162084,228.74255127296644,235.1569386214778
-38.02956777505616,-1.7829773149427668,-6.274692439226658,-21.618012828609956,-1.3812000804052562,93.34843034858488,110.76856643309615
37.047614610705836,2.7834540254668947,0.8941374101250738,36.24144913060992,2.0705759316499255,268.64408206136875,258.89224797989647
30.10638353334018,1.1470201654096277,-0.5234242299987386,-7.67172232438415,4.905843569559573,214.82012297242912,207.8191175852633
52.402279794474474,-4.126896706812542,-5.478632161016473,17.15990348268744,-5.238507144006119,210.7319228602962,234.57316413666302
-73.2129124204677,0.4099836927175086,-10.50929385716827,-22.619521360194526,0.23687246967408523,66.23129656647251,74.16014539589848
55.69399745879028,1.5745277139972964,1.8095805473932611,25.936683013690416,1.7830170077497622,279.25503545683324,266.6528226129565
74.98442298728243,2.1386978535026104,2.0004880759029633,21.65616547829295,-0.6853178857649371,281.73489849667726,279.9494733805492
16.639927710940693,-0.6700386935271696,2.518554854665168,-1.5332676533071066,-2.0632921440259016,186.95601627339187,194.7469009460813
-17.07474289995841,-2.715067077824617,-1.631301126507031,-16.544797875982855,-1.8030381273042666,130.8245983903998,140.08606976375881
-21.189868255762626,1.7244549180118878,0.013723600127743464,-20.96955168415832,1.6970461429150137,149.22118099677138,141.1308215924701
57.3918768595794,0.3597072006376237,2.253807631497873,19.94074801013334,-1.204582732091201,251.6002617133115,258.5965738410924
-18.238957851954535,1.2752938849691071,-2.520742961501974,1.2687178669791024,0.2679037662389204,160.3638675144308,161.9072315760666
3.6495508485164794,2.122697293446692,0.5216163038026244,-34.26432980412023,0.5123518401148965,160.28750871552018,152.39690335309646
-13.110528692201521,-0.055881381079288375,-4.984248234090779,-24.640130738588624,0.006722273497563735,136.5203249217261,137.0709500988744
-22.1921136112672,1.2101971188571297,-0.9751497228452182,20.874359540313833,-0.22562275177957383,170.72037897200386,178.54668744461583
33.01972592062474,0.891977293064123,3.9383293718540835,26.700545835827537,1.2854480610318804,250.642513014014,245.69104335373876
-62.349139102191366,-1.0773070488926533,2.4325917694471944,-27.819789503312133,-0.646000866388717,78.60305169626999,90.39537211999827
58.91168502489679,0.7409101302257832,3.24057995026664,14.027117004493036,1.1124407890526002,255.2889802244769,257.88774977026986
55.60180377475723,2.0957530048538566,3.520425836776258,25.229899874856347,1.5293319477871001,279.0596327813974,267.83223131036686
45.7519425926228,0.023958660808834444,2.7048636303455305,-11.424074663125403,0.8027216404574825,217.14801105034047,217.71442873244507
64.0139726534381,0.5721723321644768,-0.9815718540592061,-3.641010800120117,-0.1593180688030475,238.5369471877232,239.65926113395537
35.46470334045302,2.625429128801483,1.599071287719509,-1.0063573247502366,1.8564813507332794,236.90948660275592,220.39434465429431
37.58798033522271,1.4750367941832254,4.068800928764038,26.69748244139526,1.3782141095865597,263.0672665075398,251.06253148048808
52.07625103401683,0.21255277014299623,-1.0063846578950046,16.94498952180242,0.07368413347095956,241.73816285663543,248.1561096728745
-68.0776223324572,-0.10963716021607396,-5.2580574181807895,-24.12469959345163,0.26519222329942305,78.0219180465631,82.55019259033101
46.69528707210836,0.9291935461546519,1.7490680060161912,6.783410257066569,-0.19971231197578557,237.00756060961703,235.81226344070473
52.97873658048801,-2.5340591034537847,-0.26849102038835604,14.74009798341458,-3.771529737127907,223.7203362132959,240.99977157426852
29.37495370193288,0.3233702118737416,0.07519269603479008,28.270259123332195,-0.9382398154490221,222.70499913156925,236.96055278906107
59.339001916477976,-0.8092329131104489,1.7516161004657316,22.14190373504436,-0.5728888217250739,246.28888629002472,261.7054168884873
43.39095211512092,-3.6449977546448062,-0.49256113395308204,20.738316371188,-3.820952333048799,211.84799912223588,236.02577413599886
18.774434387407613,-0.7032829273430637,1.6535753917626765,12.711549438899342,-1.6751833825415245,201.11903676591876,210.6161097795208
24.37631681190122,1.2345280999634158,2.6019250119138624,20.630149499059808,1.6117284283814297,240.8466477746466,230.30966472255668
27.72671179232876,2.587263408522864,-2.1477113503190846,34.73795184336448,0.6529897612761724,248.0725440636212,243.41222232651114
-5.017255537594315,-2.4206237592400455,-4.834489157856334,-26.79643080423766,-2.0189615193355457,131.85059678887814,138.76725609307286
29.788683359475613,-0.791791509942605,-1.8457438052732857,-63.05903700763676,-2.6132602924562063,133.26408476968174,141.3338676155045
-72.42092860112814,-0.69181760728277,-5.372877951271456,-25.13123618409116,-1.5652751291053701,66.11752318825161,74.67288139845701
-25.943678487268404,-0.4824673381718032,-1.659931109931496,-29.18831272925168,0.6501220873060116,120.71374139565604,123.230749294019
-32.76705432261413,0.20670615381964197,-4.727830824075403,-32.066621343736145,-1.3805397439085194,107.00552848685082,109.11967679082306
38.718510992934036,1.109115246253994,3.4456304633912938,14.725363903105977,-0.21204855698568958,238.78138841932045,237.64158892003616
-42.563073772809275,0.2048541011555195,-1.1295109265170284,-30.00582572036888,1.4566005955822585,110.17823370555412,107.8180611483792
-16.722474147130637,-1.5932359655078097,2.4145830670030377,22.028323301268326,-2.316005933262708,167.45566716326684,183.66620719370715
52.135324817247934,2.949843872983062,1.1435593282747374,-11.772401333234734,1.3218894830796522,234.67211902326304,225.63323303968653
-20.78482759225908,-2.4354312990547493,3.511201086577007,-29.056581571871256,-1.5719648728502842,121.26810154353514,129.51741262187906
46.76978978046707,-2.3952392195480168,-9.881928809060387,20.886852893000494,0.06570631570831531,221.3981463605871,235.30019783190426
-8.099496837027997,0.7071533326046119,1.3913421904704506,15.136831313914515,0.3262958833047681,197.9955166156539,189.31714275460183
-28.143183825970496,-1.3260374235148655,-4.358112044308889,-26.63481031073034,-6.02903341435824,106.49229106313692,113.36383985245443
42.62739256028686,0.6597745726205445,2.1997549944104375,-5.970680178286738,0.2161823879059343,217.86641752325784,219.5874412082727
53.69739168403328,0.4705332375276307,3.0786269305552723,23.284602500036478,-0.7072939606522133,265.45768171475186,259.6788772628367
26.396335051300326,-1.0849862016575824,-1.571887382993592,25.2248996455285,-0.4788569278105056,215.2617447673103,228.34052105570441
-9.639132743369649,0.31835564739165034,9.982934559402377,3.165888076346229,-0.5230701278941243,192.1194045182477,183.159992283213
52.821995585317744,0.6188735860525578,0.3079615414055159,24.326266083469797,1.6388538965062955,263.2708251085129,259.56896756408815
53.66396023838731,0.23652954394678566,2.7540498581589135,22.451795179733917,0.008719635113647388,262.98855835034766,258.97007132667625
54.777388024133394,1.2155595639233325,-0.49639950528596,-10.096246809722714,0.3051202849805947,221.35287724512415,225.56043842936396
61.348022299997204,1.685629695225002,1.9288934618630955,24.894521348631095,0.8497659597759152,268.69980734690904,270.5618496368285
19.892813177182173,0.8479098652991296,-2.0245261364227165,-20.691091412553337,-0.19214894946100117,186.3611512292972,177.68797341537936
20.06850386367183,3.2617719694388922,-0.03551571268226024,-22.516339173034325,-0.5837031547178099,184.7800714056534,180.04973466401253
16.65668578390945,-0.817127431962009,-2.2637073189291823,-17.79930789238248,-0.4846548074364998,179.2724075660186,175.14690520453433
-52.175214931555686,-1.4171632658612958,2.7751521507037906,-13.94169575169372,-0.8714349438927971,109.7433887562219,114.2246601290374
-22.279547105742623,-0.009127031022531786,-3.2375306585264054,-27.96941839334381,-0.20981129584818775,125.26691080936818,126.14958238685477
-17.59713571119973,0.28794577897313495,3.9592687114864202,3.5835290765349823,-1.6402112737105892,169.23062399944652,168.44841345342056
-59.05932512644117,-0.13712892390015707,-8.238234224287662,-14.13550285618652,-0.8386033669613032,91.08642271734024,97.44622237355885
25.469555709783776,0.3301205849163051,4.992376659003587,30.11446710905066,2.1619393197805317,250.4610478843023,242.9234762538707
-25.54847358273188,-1.8005249918195674,-5.698827015494518,-14.819085873252089,0.5366457136749371,124.46175492514848,132.52475112171354
-19.28893164496442,0.47228205519864774,4.594503548613749,-33.47772420113041,0.2439492797717893,133.73305041045157,132.39909590882684
-28.26503698933367,0.3587243332517635,0.5728150888266239,-10.635003358487772,-0.40428563669551876,145.80637260448128,141.4822303088986
-30.514730338514212,-0.2383179362851287,-0.1380365099253542,-20.908279061615627,0.5939243735071995,129.53839089832735,128.6495773985046
-24.25976354476016,-0.8569711558599481,-0.9429447779364276,-43.90218091522514,-1.4803498912160704,110.37440782466096,108.41280658633748
-10.598892624003737,1.613990868822129,-1.8262440521463412,6.7553848610064176,0.08808208545587756,178.58451002256623,175.88733801047067
27.48164277674805,-0.0010399954429528935,-4.246714112421098,32.56306100941192,1.2597924890892014,249.68527565163637,236.91175903872204
16.751302309414974,-0.6880899869910295,3.0205577791148417,-56.75252644078181,-0.6897400962590634,136.06919263331767,141.49652043583296
55.42829593217427,-2.6166602635121645,-8.111097359178185,20.027862581870675,-2.0757199192715317,224.47732943383087,242.50769784341864
34.29366516738811,-0.23397047297423973,1.9350742507549306,25.581871459715938,-1.2433726926905748,228.41359238868085,240.18828458353084
-45.872837658692546,1.0171687508803486,-1.5469982160239684,-21.34607611179756,-0.49297464830025806,112.89900749780846,111.61329898740328
45.78818828968606,1.1574921797440945,1.536029116812133,25.897273107317297,1.7764067269658603,269.70720262599247,256.01040629186207
-21.086219933890504,1.377799898298796,-0.8131208359744679,-24.56789402234536,0.33916893040850343,138.050546510298,135.10475090783402
-60.68524011391529,-1.558515473826986,4.150149653108613,-20.034856742115387,-1.8314207754058989,86.75573080851709,99.89513341918193
-19.94673157594207,-0.8708398434767567,-2.5318127336985645,21.40425074126525,0.6769745123596674,184.09073931117328,178.58685797184467
26.476835994324162,1.1062952249524596,3.278975768171272,-22.50336894178822,1.4917028802056373,198.15835927477252,189.70545779720206
-19.65940028279626,0.06631375098536632,-1.3817786807160948,-24.899550001751596,0.09836777930155952,137.43090290928495,134.07896943635924
-29.57346389954929,-1.7280670434485021,-1.8673662448402166,-30.00308603673161,-1.3943627900149673,106.57473642999564,115.28867085675328
48.146189053033645,0.43793745799066297,0.5319813722158062,25.239460024027032,0.9465525117629385,247.51258467263827,255.15713729036685
-7.2703082612317225,3.1089550825444676,18.452999584304347,-22.909265283627086,0.8170718191578371,198.86073835840284,172.0544698124844
-20.8544722556905,2.578800708264698,-2.358839166572871,-28.213526018839442,2.6161950334837236,141.3614737345298,133.6231751719836
-65.68404804550678,-0.6069557214187555,2.240814358403574,-5.912928629600486,-1.1900568787057797,109.3379068498023,108.7018419545089
44.46366061799586,0.6438500041948815,2.2552459167280072,13.916967649882736,-0.30932530489194787,235.51176210196112,240.8254157552443
44.770928765296496,1.3887131433325877,-0.21872558290107766,12.828407617570097,1.017478614930564,246.12690321911043,239.64181942956532
-11.750580071109983,-2.317807738907712,2.9665086571668167,-12.323308359000723,-0.9276956359562978,151.75111508186188,155.50213372352843
64.14222202369665,-1.5038571441548525,1.1843045728406605,18.806344767960788,0.339896548510209,273.3765997441631,262.8239276401887
75.49301551107902,3.915908401661668,2.94005471260871,28.877714154862144,2.156464182194483,303.4156476438335,293.238173833744
-64.5774975882439,1.6110772936763487,1.444088829368011,-18.61812489129343,1.0999150605421784,105.54352564172098,100.81447557538644
21.474341998918664,0.9414163988902035,0.8891427888514802,-22.121889250964436,-0.31455738550327195,182.28112419929727,180.72347142152918
-5.8606283698559976,1.4767501399221838,1.2485829109300652,23.356603595385835,0.5101431511766552,206.739372373328,200.5864682988948
-29.36956554033472,1.759955336092175,-1.8891998942374237,-29.570579498712167,0.7644804108547965,127.42449241845128,121.55010768499929
-11.41467266701773,1.4546601655343177,4.429522748929941,-8.786647206656783,2.75034287886668,185.58339641114333,168.2882227909928
62.319451463367855,1.770091609346633,2.0332189341578597,24.4142363003032,0.8574694640925311,276.97777451937304,271.24948464260336
-18.907915216531407,0.5631944223322453,-2.5889456691401214,-26.31868153898862,-2.639966390343303,122.0890310899102,129.96270247866534
25.337071009926113,3.525004991450822,3.112575979043515,-20.464169010915572,0.41424506734231165,193.77171307335135,191.77974490818357
-33.96049385690431,-0.663525514913684,-1.872276594321145,-24.978464554056092,-1.5704075797844719,109.00209957911306,116.80984877135786
62.2324173793101,4.038153649308861,3.643275468847861,24.193641584580586,2.4086180932575973,298.0953312874364,276.37112304664004
63.63443720838096,-0.6522636741309027,1.2997884619983238,25.10322677251361,0.5659572682443853,271.8487848394944,269.80616290834234
35.44374539413849,2.2732635890035855,6.0202506841515016,33.711038604171065,1.6605338745536196,276.70201058495945,258.9638490173548
-23.91969012601262,0.009374267535593188,2.243462156815213,0.19725779767615384,-0.3901260724242741,165.09299736331835,157.9952948949263
-23.159732111525145,-0.7300931397078191,-3.0945697502630036,-29.447198392306184,-1.037904107841605,117.30018544163606,122.38551936969438
53.63521029767007,1.6240151705784065,0.8739583146011194,24.389462757829463,2.6747955655909337,270.3551982097787,263.0524589776063
55.08310649253308,0.5111568200033282,1.3860074983216015,0.5103584725951449,-1.4124801501656745,228.84369891697804,235.9331660046231
-26.244644848838895,2.2433199774014687,3.425889513796267,-15.629171719673385,3.266385302964915,163.77799442356795,146.91679509698608
43.7324228687887,-2.8543006841360024,-1.6968856151307823,3.360053604330858,-2.7911776675794853,205.56344820008516,219.60512937760913
-19.09496486269118,-0.04791510539600596,6.133450881172018,-32.029399337142685,-0.2974044786467118,131.04483115816316,134.51878396863313
56.20086206681481,-1.3598303973649073,-0.32949998579874173,20.408157803830008,-1.1789384783250096,243.1686290025512,253.59576788049282
62.633479039615715,0.11781241350617919,1.2844694790055657,21.218312253158622,1.173229015092482,272.2516300007606,266.28231907171505
-28.178633710259543,-2.9608144900303395,-4.452983646802009,-42.94289015636382,-2.622985308270771,75.11217362480201,98.69670955961031
-50.78815324627715,2.0051556549300935,2.8855008012212777,-27.309815285957228,1.1176271872476518,122.0215869808442,107.76533198250017
-6.0355026320629515,0.5919363056690521,-3.0191711402630705,12.638819609517313,0.42048891774261954,185.316080367824,184.4515879319397
-96.61823675380556,-0.7079297591618028,-4.723157638885055,-28.63463370641984,0.2689406220974373,49.56152419635623,49.43999963516091
19.42819209611812,0.850796318321436,-3.3910560002914565,-48.237534787332194,-0.9703676050060823,145.66108132106956,147.53504689314522
56.955186232396265,0.5695595608687892,2.35638104072768,21.630160154803317,-2.616763285514341,251.4093033623745,258.7495405746169
28.952958235908966,0.058608107483005836,1.2404606029176906,2.247272512889985,0.7328334361599128,216.99640058762924,213.08714976669637
-16.53871583641531,0.9032198843015637,7.671492688921151,-2.0197199397734105,0.9972459337496125,183.4203645848071,170.86853960211886
-72.55822975379706,-1.9217600732394655,-0.5661999585157486,-36.3878608076684,-2.0840968528763697,56.20625666182609,66.33686942523833
-20.176833426472424,0.9958559406513896,-2.0557898620159105,-21.757309914261953,0.3916966280949492,126.49117047315592,137.25263623733167
70.74350250879469,-1.8582867480763825,1.3283156098000803,21.76232502605139,-2.0460487837992627,261.7224085369144,269.7848244841062
-21.8005522048803,0.41895827732406793,0.004881075951230982,-23.282311417800372,1.060913705883596,139.76350161172527,136.25690630781534
-42.194156805236304,0.8934753887646024,0.22799921518329963,-4.117815502081705,-0.23542698320030916,132.11523898834054,134.4290921847657
44.091881758018125,-0.3539409057512321,0.553331215975409,21.357471297807887,-1.3174594200875704,232.54990339354785,244.18630081729896
-22.37434756790459,0.7198153357318839,0.5436539197586244,-21.061036351382665,0.4818860120994754,144.4329565900577,138.1649882196394
-16.15776299010689,3.876132411934689,6.721492794619266,-12.6052740868129,1.4462647224393308,170.01703919605555,163.13586972340997
19.46422088336563,0.5049325114088827,6.012961072564354,-45.08559111635193,-0.8641500982732451,161.15128819809445,159.88739012405057
55.84371656672058,-0.9925258231189121,-1.1956194296398899,-9.686265725334916,-2.6571889026227855,207.09373141508243,221.16713355733987
-75.53795442209234,-1.6002674937311143,-4.880051617914509,-22.004089381224805,-1.8209975205811009,56.87444471248793,74.01165643579114
25.519440279523945,1.595439887927567,4.188730935500038,-3.41390705808392,0.5047094828309455,209.2150587826964,208.2494303990349
31.67661721114532,5.1055222252962995,0.29376349666400725,13.39804073057142,0.37760173983528267,239.1824435160925,230.7065622748492
-57.771311061570344,-0.5446948393480027,-9.158267953119958,-15.863076748488313,-2.9652619737347674,86.59341997689816,93.55240429507319
35.68988370560454,0.8679759042211544,2.0501554822457826,33.750971729028414,0.6746011726408697,259.1503517742587,252.88860486507738
-27.88745220025939,-0.6747372082030342,1.6537598999609746,-34.77088716437371,-0.11542079966441592,112.23722275444312,118.06027939879837
-45.15113507190848,-0.3929283348359454,1.3425906879400678,-22.85965647886793,0.1428265626147739,113.86338982212204,112.93671423627976
-47.077162086219836,0.017481312994772902,1.8814989016627899,-14.416409826572549,0.4537316735549506,119.03981185023709,120.71415684675696
49.43888997004491,-1.222949759415559,2.2487921986468082,14.918696002401239,1.0368821390847023,241.3328927589069,246.27532742209888
44.26686675533969,1.9050087099498576,3.100632386318158,10.53871625338514,0.019537138869174908,243.0661985369839,239.68577811519793
-6.908559993837052,-0.9527722413908767,-0.9680977575536168,20.879186789673998,-0.033444212890378126,186.73963766541303,191.8713294553388
-17.072092725116175,0.531008948974108,-3.680431775310956,-35.360472981859864,0.4121092518437559,128.13157662413852,124.68513758986707
-60.25604386026984,1.5122256286722418,2.3039364823510393,-21.06184892709917,-0.5770035409107482,102.538749949422,101.77628265407976
-44.438243659580344,2.023357563114101,-2.6387965017302277,-20.401270682280494,0.5792548378382532,124.46706874570728,114.97931842869801
21.56816136503621,-0.495252247409944,3.7138207637188656,33.762158638475626,1.1055386824670212,238.10688497949545,239.50944407362505
-33.88029464888739,-2.7663641648454464,-13.714282567289313,-45.61125163937535,-0.43975277192848955,62.98901994500533,83.44307107901095
-29.663970043499354,1.3583175462027934,6.799598310437418,-22.573102688052508,0.4250112392641896,144.860177853709,136.20087123568948
27.0512868455057,0.5405389700526458,-2.4731995719351447,-31.181831856652277,3.917305159214525,185.14484756566137,177.70911641752303
-17.947106927155147,-0.8244927461836867,-4.435277003779756,-12.38853210399863,-1.814508452472505,123.86979070479067,142.44509963774553
-100.38640752190705,-0.08774919194686667,1.2927365543381717,-27.226665038332328,-0.336342547832663,52.82747347569609,53.110589125654926
-5.080976001568216,0.1934007319088562,-0.22949073276880516,7.400111131238189,-0.14647482341580847,187.07126376212344,181.99158717673018
41.25937808843872,-2.2560573364290253,-1.9019878345398715,1.6933556874800713,-1.4445462657011114,202.3444047124163,217.20515921058472
43.304864906201736,1.2489198547662954,2.8322304535994762,7.818085597717113,1.4606181182712057,245.21291720821543,236.519735801892
-37.9702322359102,-0.7883670652361835,-4.486764953095483,-32.03493833745543,-1.4747064108675536,91.7580688253018,103.10000786877154
-66.8697296838357,0.40186705388853017,3.941165788311979,-30.004445258737338,-1.481184233951156,79.93926498684293,85.84269053701287
51.20151925990247,1.6250311461069142,2.6284108167579245,13.159791316269569,-0.6718838723421567,245.41697361001863,247.79788553802948
-18.75727890200024,-2.0725327780289655,0.2831456899298809,-11.264304778873019,-6.230203060668084,122.58802000553686,141.81384304169566
-55.625244208734784,-0.34942651798597874,-2.044421965600098,-11.976180686643447,0.06448431787620322,113.83524275974204,109.92422781024777
39.4572657396368,2.9989374163636744,5.745244833164088,32.52765388915121,3.2693796082615822,284.72704215528995,263.853498357915
42.13117578144635,-0.552072764530517,1.633601935273447,-17.35139549780075,0.7989904192714506,208.955464061618,206.51531674499688
39.37658891888367,-1.0950076783086307,-0.12572397586838216,-20.43066671769209,-3.3977820881325402,174.83294464623518,194.1824253302194
-27.56230722073014,0.1876503992294667,0.6102240983900394,-30.01071716975397,2.7721954419715655,133.1027915970866,125.85206242044434
44.56195727609639,1.9728161155687278,1.0081330101246935,-19.655087040501893,3.668558561694567,224.06966559638389,211.41139479431877
-3.8550749518544585,1.9768999904807996,3.345965724940331,-15.922462542062569,0.08430855399270491,174.68717408403575,165.48465364683267
-30.322590975514668,-0.24985826891635873,-2.370848092830069,-28.31511846138629,-2.395998494915727,109.48036640186018,116.20060257777413
15.274035247633764,-1.348131608922816,-2.508800430075095,-17.544834387098398,-1.2607073256421044,166.1210049563287,172.4665783672301
-29.05747466056728,-0.8545980829326356,2.3035187725347965,-29.29872574736945,-1.1058081685290495,113.18069035759228,121.84192898447516
-14.843656331284878,1.779564412497465,1.8569060673563054,19.73729590068828,0.5594639473463072,185.9082329254776,188.94459086793918
44.17717155217371,0.3478154084249573,0.40819341409324916,23.74688349145669,-0.29707091104970434,251.767556159267,248.2380098264356
-35.99583704198316,0.26642879300402694,-6.329127169922764,-14.982847117741262,-0.24980081451624858,115.88723629083498,122.56383352017708
54.714715894626465,-2.132275121152513,0.07303350371449215,12.682645065178567,-4.462604959872501,226.35318077451785,240.73053125382995
-41.96147550332578,0.812250657218323,3.0814445003579807,-10.876121104627872,0.1312354635458924,135.98476290166448,131.04235088450625
-0.6454376707899663,1.6955484234278757,-1.2046140169175512,50.507268871217,0.8916163778305839,236.79137866611987,231.09939885610413
-35.557657321908714,-0.08427451909206123,-1.79191001663433,-32.97680501661754,-1.825933785016052,100.53005193395292,107.61843621206869
65.08745758068586,2.0247760392590997,3.3080345491689838,11.32895683089121,0.426374401316652,280.97227859016493,262.0306162726571
-53.89199208303959,0.9107893527069008,4.025818800788473,-29.28648440348195,0.13370929732673797,101.42894471800967,101.74685783563721
25.25109917890043,3.7090673802750405,0.8301622560470248,3.9416952122222235,1.7504402535012746,228.037862716772,215.33748115228224
-90.07018711553285,2.4903290946622882,6.129259754741134,-24.54314649784313,1.6120241138726843,90.95139889788744,75.47329622123631
23.18377992867114,0.16411273721621084,4.167935877449069,-11.73721991593885,1.6896680422851929,197.63538389065877,197.32329354101884
14.764119405101948,-2.2353859069195834,0.6163032591422255,-2.7467924520193665,-2.163894226387606,173.95492490913753,188.08936695025292
30.800506094122838,-0.2763826765461087,0.9380170683564326,32.962005774853786,-0.1679121579675263,246.2796280717638,244.11125097415734
-54.14496857391854,-0.26867237487789924,0.19814633425869552,-26.668678669285395,-0.1669661391079057,98.79816892567382,98.80387744840594
27.1303694482298,0.6252043116205084,0.06346916757752855,25.385118694680298,0.20993986111962684,231.93390009931704,233.26911835456497
46.96881982923793,0.49649083340155803,0.5436119284369131,26.198892184454728,-1.3279113208272768,254.8236372395156,252.73492032604048
29.84588098669547,-0.029373029699795408,0.12960923375945513,9.557725716727889,-0.13262487779529272,225.0202408408153,219.2262349010239
-4.969088628144016,1.373764965430011,0.38586455014794985,14.20998479604672,-0.4688207253758968,189.33407689291752,190.3867218294417
45.33080287774805,0.030530227076410604,0.8528819414318621,17.172249956368255,1.721718714802849,257.15137058502484,244.96320058876384
29.50259275370621,0.8031227249110637,2.5657433508630154,24.797167302142736,0.3281464286517444,242.21360870957596,237.85178943161083
68.81914303108888,1.5065305221416867,2.3912411266547644,23.016333174192575,0.6521125169997435,283.9896450681248,276.24037724241225
47.88982385618391,-0.8877883140995406,1.6289037821786543,5.245232629903144,-0.12176611922362748,231.5711627550307,233.60942270627783
27.50217626897064,0.9586827896356213,-0.19957239884398964,34.02819713635515,1.2986880609162197,241.92985826801515,243.4431887283703
-10.32656221479455,-0.05026142544187031,0.4548340185109298,29.15904792632093,-0.8461462546893842,201.608616454706,198.24592892124244
-26.505280496275486,-2.000560810716088,-2.5558545110516557,-25.859001470014345,-0.4515983863079526,113.26770270722136,122.48272119697164
-17.689041466523392,0.6429419401225522,-1.2281895399574756,-24.170895923451994,-1.4566636149653058,136.46269426156488,135.95316826656105
-3.5921985228799507,1.5256235741853224,4.516274373737775,-13.66636523691595,1.6095744228725322,176.5349209028181,170.24792548233538
-87.45841924817432,2.9975385467281743,-1.8952967341250542,-23.676012768074866,0.8708319484066872,71.09683964570385,70.69365861609631
-33.376771348192904,0.5839205013973742,1.870101651746317,-11.296697948468625,1.4923156492837766,154.18906333826257,139.12788537710273
-57.03704285686573,2.555757168144714,-6.490343585768196,-23.899729855788127,0.7487559243560645,103.20269253468864,95.73241366541666
39.554519039655894,-0.8711434867425704,-4.776276936688559,23.839060567340113,-0.35714656344379503,229.78166945213877,237.24402949145838
29.566296043819516,0.051556792212687316,2.4077678324330853,28.993950392571286,0.11634605379941637,226.90108036836236,240.9909339861722
51.95366058311311,0.12478074435611936,3.501887583691385,3.7288563228480998,0.6012531334038518,240.7284449973656,239.76545523874898
-7.137435787357621,-0.8356681201702656,-1.7315334960639206,31.905340945960134,-4.760592692419552,187.1873570094283,197.29512772128584
-5.627351767900523,0.14684423765804583,-5.214651908519728,10.239647626434554,0.4242492499503699,182.43737232007427,179.82375430895848
52.18787989562189,-1.1962122592074098,-1.829871927002417,-6.443599559759212,-1.0710006029167243,214.12544478129405,221.50221241807284
-55.05309712440554,0.3913902314976878,-4.692977945147605,-16.82562844970369,0.7816111404982232,111.79745519244683,104.45631472407494
-49.61036640693442,-0.3905975711290813,1.9696701285501548,-34.303109731467195,1.0589892218639851,98.9378871216508,98.57960251221917
31.86475455323767,0.4910549579622117,2.4764716117641496,31.051128142167304,-0.4992599673278643,238.89544312205857,245.239166169139
22.95138675106079,0.45593588429824766,-1.6566125109976335,-18.55226414438427,1.1135649186786651,183.1116803221668,184.1670277699921
-34.071251577982025,-0.2641413351003979,4.27406537796418,-0.5357505518832804,-2.1006942614806094,143.25334852857034,147.15724452285463
-61.62771145095146,-0.36380469967692786,-3.226744246131795,-35.38265644247686,1.3511892974067052,83.66726657070969,80.60528932950562
-47.761640748208144,-0.43692994202123664,1.5837431629985599,-32.23187285911328,-0.7429602790471456,103.33722547576376,100.26535620594409
53.12002579431442,-2.345762457371094,1.0620454461485402,-1.0117608046173197,-1.077571814226502,215.53113717096,229.6019930355838
27.763345703231465,2.3497267349028146,2.65280737950436,9.752046765343664,1.734422344240857,229.96039089349065,224.1073657985598
-11.466144873071617,0.3661287829221876,-1.4093121797220542,-6.503574434542816,-0.06765230917069827,161.25395023949133,160.77446185775125
28.448101327922775,0.17339338696701848,0.251637040614865,31.48205011779775,0.7345027769966181,250.5623726292336,240.9447015216355
-9.846597275912801,-2.162431243891468,-0.40590926569064734,-29.830920877926783,-1.3273872767604888,131.91920624741152,136.28177093115468
-17.526081519811772,-0.7600978496467236,-0.8683280562799253,-29.03580183008343,-1.5516412139576161,123.08877169045724,130.11306640155783
-73.13269183761314,-1.8341558754361995,-11.575751506801659,-26.651655636763735,-0.5043260821043021,55.99832169983932,66.15643593261785
-33.229748525665336,-0.7873676487034821,-0.20934584876015036,9.535043044639867,0.5633657090510624,151.24974394438556,155.7269636018992
-3.4599785467119295,0.5574484269980858,1.6225457546115445,-35.76950328107272,-0.9239164900166579,138.3455910333901,141.8816127351446
27.74683553761466,0.22911473442900912,-14.398246640565517,24.869559585578784,0.1524432017989036,207.6070982975266,218.45472329019285
68.64282973573236,2.5770001921907517,1.797769826368644,-2.055400383156386,0.06180992730163036,248.30008290790283,250.87902616977172
-63.23381339481611,-0.4094401804581805,-8.099394984641576,-25.70910362963337,-0.4802190349990117,78.48521474722091,81.92304564678878
26.54208128156233,-0.4629329748999217,-2.1933557509955257,-15.10444371303857,-0.9113822903013491,183.9396050568709,187.72498342366313
52.47811710448971,0.6551193386468287,0.8933722268038223,23.873898494470712,0.9758191181083773,268.1093501480568,258.7313431538554
-7.030224906653491,-2.2216553507438648,2.38190339450374,-3.6529025298460494,-0.42936727557044563,160.82025877421574,168.9027702030266
-0.8393627018881595,1.778313304661215,-1.2962982331345292,-16.023429947377828,1.1340630041214772,171.370658936591,164.60830229771716
18.811325039259657,-1.64884584104146,0.5820488164819623,22.621259198686797,-2.486208875806606,206.72809551210983,217.73459520891637
67.37555708919243,2.462632702733951,2.452775251961711,23.195485203912934,0.7035642668230423,280.80614762547174,276.0450313859596
36.43637877007726,-0.5043408966972611,0.7858524988814909,-13.665691776809224,0.2012429920622051,196.76421355988825,203.10845845885092
-11.330194933797483,2.373628575642193,5.42050324289928,48.73610412086361,2.3887864424815097,242.64736710982316,227.44384431942524
4.468350634040588,2.186919242040646,0.17308720711693193,38.86214052966178,3.5987543510188154,248.52542385104908,229.14426883521446
71.58799479822544,-0.5131282173098035,-0.3928866976119549,22.23158286007034,0.42920404074824053,271.39402250108503,273.1977836554576
-62.5149414495337,-0.9562043654002665,-7.808558284409021,-35.06093868190773,-1.8464357396585207,57.56930299819669,71.66793835042587
-10.757791027044162,0.39976520663973747,1.6931409596794207,-29.57699291915666,2.1212426638310844,152.64929691033817,143.73438175528665
29.78272684549921,0.93500626866682,3.6789032404806092,-4.64172185790535,0.7872103001065613,212.90241025443007,210.3971416681839
60.02946277081292,-2.09438756141624,-1.9751061146967075,17.80811470753334,-0.03510392389696706,249.20804090750485,253.5879967496712
30.51673618527022,0.48733117340844456,2.8381018613930022,6.368407426785934,1.3314369448048913,226.9752134261948,221.39703046299877
42.52866016840657,0.5401584436647203,0.5025573236431967,-43.065574001917525,0.008662306882054934,182.02926761146009,180.36948111201403
61.156315392599524,1.3308407833750406,2.7399332405965207,-0.9428382135506919,1.3983796526821448,252.1146096810297,245.53764772703727
-18.013263221484532,1.3879016060040892,-1.1770406901793882,-32.57122765022253,0.5137236199587414,131.92614819276662,129.99511053541343
-62.5037110246602,0.5445638823381602,-9.097383211284589,-14.605560463955609,-0.1930248241478277,93.58146070313131,93.999901229626
61.45335236528687,-0.3471993154366734,1.5496057028998687,18.749227285578588,-1.0570893425357988,256.8854616009956,260.2029135671283
45.67539083210544,1.2167960626221361,3.6590915599845237,28.960451114580437,2.325853200488951,277.00684725460616,261.69259964111717
22.834695430340727,-2.8497564801655604,1.5432592865871526,-1.962032174786266,-0.8445045160577478,188.6116402869206,198.5766784172548
-19.744231648439975,0.24594649129175913,1.965149765548227,-1.8657950911940866,-3.4504217125831276,148.42469686499925,157.00566467595908
31.697800112638294,1.1880179620353968,2.8833771526240697,31.148004224592693,1.2118066424583902,258.3534298674826,247.98402296568614
30.639938553677414,1.8999219909784877,-0.3676212332432636,30.162504908398375,0.5569904726743118,248.8610726574829,242.7467515638227
23.170006843792166,-0.5452312914016006,2.275881873642923,-8.01988336124699,-1.0872633593896184,193.8544286596972,195.64852757673327
20.594934939199288,1.1768580390031673,3.785463190522413,-20.52092487036915,0.4796189616686449,190.83193554054031,185.37096713136037
25.71867975063338,-2.804715680745089,-0.6286280656749574,22.98947076514966,-1.1690464258822253,199.70083125725216,223.96077721481643
-56.88656829946135,-0.6246035817060479,0.09076776868452009,-32.822600513277926,-0.5238274689047293,86.45098352665495,89.08818477666982
32.16881311617364,0.8496920214270381,2.342103723045228,31.915271133456667,1.4463157349373899,254.85805690604656,248.57721260037633
-49.004481689155405,0.9738019566210219,1.5835828721487895,-24.688888433195366,0.36024310488936195,112.58234718068594,109.07927468264569
63.054342686759824,-1.3815943510284352,2.0308205867423097,24.244583729988594,0.7334621583791364,264.1599132356818,268.53663168217713
-1.4464609004786055,-1.2546876018720046,1.1346965746734083,-19.10962774809184,0.7869377786345855,162.44058781182855,159.9658749742016
-55.21284418731356,-0.1649451275329331,2.351670211366545,-35.22628824049638,-0.7537732380766679,94.34964452113093,90.8488362892839
62.4309850086099,-1.3168012526689288,-0.287577893896733,19.096626823407817,-0.295856268858651,250.94668537384956,259.4823932879297
-38.94514065151374,-1.8663079755411034,-2.5762978381124624,-40.71041547453821,-0.87259844143704,88.10147433021086,94.88425649019278
15.557623095366845,-2.5246312143521163,1.7370773951003733,-29.344421742083558,0.22446583187570288,158.4307935779529,165.5051302372438
-35.65029023114315,0.936116790164505,7.121861941519181,-10.083408604247417,0.7580167417978437,145.8393266862018,142.9373135094271
22.61111575861768,0.6252889046851718,0.8196805761419695,-21.780147907392177,3.3196060262346085,193.99137348316097,185.45056022962476
16.26737524906297,-2.414448799969313,-5.956828196645577,2.7611912595270502,-1.1592718514637221,174.05009850478663,189.3530345318473
-70.72624403676139,0.4160509211138045,-0.47572063117607705,-12.547480719471485,-0.37331381032906125,96.99989955174826,96.14830859471313
55.02134133966074,1.0780137813532216,5.293532927498824,-4.058113143806274,0.5959934777206969,246.12488516925728,237.78578525376375
-38.442062829251974,0.6222018537037506,0.15825144568207763,-27.24456841302547,0.3204639274594704,120.70431617857751,115.2693028559054
25.624524397739766,0.9675171269440839,-1.1168064375019024,-35.302934987452154,-0.335046349593948,167.11001348993804,169.69227062147286
54.43922224211088,0.678376187078337,-3.0749507966820295,-0.7666913280443752,0.21742154607229341,239.61497464312907,231.34839472186965
-76.004642353276,-0.8136421000668722,-9.675087513738088,-20.636137863952218,-0.8325838025892451,63.62610482711718,71.89292323771576
68.15435333879562,1.874903700475606,2.033574284276262,22.78762485162246,1.0821076497623154,287.32231982099563,275.7875806962677
-50.47791365554017,-0.9811554537774511,-1.1600823181716247,-4.088563253626213,-0.3569669877862475,122.73239906698213,122.79033520243402
-19.53244214421676,0.3297918806254419,0.9823563909108819,-15.105700967320491,-2.17082538405701,133.49801195625142,144.35819664727677
22.441393435686187,1.3210648911106015,-4.013318857758264,-40.77188134071064,-0.3310223583503947,157.71180405559303,158.50125264131415
-19.13634828070579,-0.4922246305370369,-4.6458179473937475,-29.70579000543123,-5.301429613163729,109.13134095087403,120.5734063941054
31.164090959509096,0.6775701972512042,-1.2385068981100076,2.5749327776731854,0.7069955821815623,214.9148534835058,213.74009948984076
34.175875725064074,1.2018360913701176,-0.30885525869903596,4.191538261810555,1.4704724197599062,233.9630165541759,220.5858841106422
-14.583850551819431,-0.3421554397553271,-1.311367113495964,-24.624652638121784,-0.02957779112321588,131.3094038272638,138.96341333702046
-56.64651105032608,0.4002403697813315,-4.277160762034343,-27.423749528628555,0.23649990084302852,95.15800125694672,92.14433580097288
-20.472355476096308,0.7979442918958408,-1.9730921267746924,-29.814407007992585,1.4808982559220485,130.7101341655729,129.87400480829183
49.58011305449376,4.286732757662716,2.819653385505968,30.15019527938143,1.18870205456148,277.3987448878192,267.8804134029409
57.59275769900719,-1.537195633227947,1.206874986174312,12.396497868268256,0.4889792530348334,245.7453267731388,250.00293104459305
-96.4363173842935,-0.34704764357788476,3.9065709803712494,-20.267160854718192,0.1287320123472024,69.71501823913223,66.83979398146316
36.31692377954823,2.7751438894458045,5.146191184036508,30.328489842757637,1.158835584367022,278.6027376787269,255.58060115149095
34.668822826260616,1.024090511244008,3.3363108632897904,24.44812929919632,0.5708121394464808,251.1225819695474,243.9031825107738
-65.32594223551975,-3.2196542530318286,-0.06834005781614785,-7.2273459709605525,-2.534649350141083,92.97238010099242,101.47908500386743
-20.547077319909633,-0.44597452685264577,-2.1215772970089484,12.459872920217704,0.2150690866762546,167.77806362592315,169.4153297344592
-71.82693054911789,-0.06041592968677997,-6.411458972425461,-20.3591667234612,0.1847897822896569,78.85365923898624,81.38183447893542
-31.15888559140706,-0.34953284271672,-6.255237070610087,-22.550753318086638,0.2830098923544312,115.18262494800165,119.82361794087174
-25.806203568011224,-1.3217702953147037,-6.096548026502644,-42.07653939847295,-2.223755442456066,94.47259586042024,102.33020014057864
-53.789439669065594,-0.05669096613648545,2.550521518288438,-0.16708228396876917,1.4592588690437287,136.79176859607966,129.8515843394988
27.844732165579213,2.5305302089717974,0.33136822660013576,-19.03262232019556,2.3644855308408883,198.31762001486615,193.89351068313252
-14.45225959649603,0.5480892373819344,5.66885908364431,-34.30177006988146,1.4529781173723397,139.9070641810036,138.77091364335794
37.27537775885972,-1.943855494055487,1.2628474441805042,-21.527994930561878,-1.1026687977587235,185.3406643808832,193.8187228520019
21.339013243241194,-0.748210525361214,1.416131345828847,25.8347571340851,0.22541947543517157,221.37338104302088,227.92212754456588
19.372491775519762,3.0644053878848143,3.0004987670074144,4.795768564966576,0.19510894906434262,215.90336644915016,210.28329031577923
-15.531479333838899,2.5922521212700373,-2.035837183362104,-5.678904096611315,0.19872013589536228,162.06299593901727,159.39976851468882
48.60169896615888,2.428447426212563,2.4187654297198034,22.102213658107086,2.764924195982746,270.7016303683485,258.17106654751746
45.622370305085234,-0.477719731270977,0.0866293882711118,26.02425868707294,-1.1237756223464095,248.27100855995715,249.9867798981486
18.454649466874443,-1.8718729970732024,2.5631630526504514,-26.292547074472154,-0.9049387499619785,170.58073390425525,171.8034705693548
-21.552828435887573,-1.6462431769662755,3.8695832162711086,-3.25255576229476,-0.7797571437417268,149.3871319411463,156.49321556871666
-23.76418283669726,-0.2701982659193704,-3.156738630723597,-3.656916456833929,1.1790656048266603,149.7061078850529,150.1860462859892
39.45309873433522,0.57477624264191,1.8896198520434861,-32.17385295884224,0.24042986210554582,193.3560921227345,189.839088603622
56.21653698917452,1.1568212281274257,2.475998325319094,31.28374248432062,3.4202315665129404,299.90436698416534,274.40834746479044
-56.57353047817352,-0.5634585551303133,-0.1753840353711229,-27.67189854548758,-0.15826382310405163,96.73016275568142,94.71248143407051
-31.584610572925556,0.04663807880048489,4.044395601085968,-13.275973638844164,0.678678720209113,138.29712527454635,139.76414505966272
23.681851966932623,0.7107650339464069,-4.0010465285047285,32.28006136443543,0.8196413261111939,240.6956761396385,233.346290034258
-3.2829462054802425,0.9818670193955668,-4.160721800304604,17.91897306270235,-1.5143797838306274,181.66354375295148,189.79780916381853
49.85114139775898,0.9908422778812923,0.7936661874022012,26.246393804010722,1.9746893596904158,269.3074924283394,259.7117498980794
54.78397538060301,2.3543835577211243,3.1627283401938007,24.418608698854253,1.0907324767663256,271.8165379279431,265.66544532547454
62.27726110562996,2.719893514886412,0.04494143723926179,24.401120650922064,2.123037788646888,273.7848079716501,271.42127136866156
-47.63777962142615,0.42625362585561094,-0.46093704179702755,-12.520050424651025,1.6279848931145116,129.06012616857498,121.29048830243191
46.71999395815711,0.44350731009715755,2.6628875371610756,19.36447879913733,-0.6029808356672012,255.08204200949763,248.44290364022177
-44.15994007152385,0.901596039605008,-4.12177488335605,-14.641505204676047,1.0601599840330067,126.17031448943328,118.89355273541811
24.84949195179949,2.5665118094033668,-3.220452352840438,-1.7743066760735486,1.0897169195911238,215.52016042797143,203.36597852321665
-52.465988506495,0.5437084421038709,2.65760109963928,-31.42434986864823,0.4178849410754844,103.63916148703184,99.58387297901258
55.156277027454784,6.707035387633165,2.620573675345311,33.35657546199218,0.9322171588766079,289.3631936562542,278.62769558263795
55.527907993244206,1.839323680440451,6.826607868954463,25.294580514637083,4.17735051244055,286.1184549319918,273.52078744105233
34.62413665359705,1.7510864083992772,0.31275029722398684,26.966971966517377,1.3674038951545553,249.7592530675549,244.8773660922296
42.91641685571464,-0.7162887412633391,-1.487795368134404,25.139271272377673,-1.8458786465450154,228.8553882879676,243.86074224348604
62.40597157389474,-0.3354913236969241,1.5456643521071407,-2.855389439976392,0.17776129896206672,234.2328761758091,240.79353333262614
0.2860798082482516,0.17649767043616363,3.5289077320076885,-3.8573644291974,0.7153578262716183,185.0626969550648,180.7044954791027
53.15062998183187,2.7364493207796814,1.8242203046897156,-9.401439797817147,1.9763508482561425,244.09578982348685,230.14122752907696
-23.880227808318416,2.335549313590236,-0.30221815523688,-28.892563172295098,1.269180941534989,138.79529311680625,130.3847379906114
-2.4954661390384025,0.05707809918865978,-1.9609154383479441,42.336289461147516,-0.7836319520842238,209.83863287570583,217.00837090220068
27.971127751004374,0.7602101423773198,2.8427968391902785,29.343041517717317,0.3642132150575374,239.76416402324253,241.1364063366824
63.84927924826283,-1.2403837471962051,-0.18079609929903132,13.122615760623226,-0.36321247891877795,258.70085261013554,255.0425195548065
-61.08752250271324,-0.10654333030374097,1.5691859097821237,-31.94579954571616,-0.5725512138081027,90.09473387997242,87.7117861885769
24.824155593621867,-0.6431129574779653,0.8473665267113928,30.269552959967218,0.9065671987502473,224.4375410391352,236.05954619290983
26.667264080829792,0.7674635448091626,2.321057666591662,-5.506255776629427,-0.7847433588413604,202.23301379728375,203.31980302809453
-66.66627621069875,0.45445638310166236,-0.09803291074640359,-29.919433581946006,1.5870540093773762,95.0781718670413,85.21278456042396
-12.203379106821933,1.782730181512069,-3.425853849557319,-17.20990349517055,0.03755497830222195,146.47074716253942,148.8361655796006
-8.503595280951478,0.6996395406363339,4.957748129986864,-9.586838940771766,1.566998051052283,179.03641188845432,168.98896837128802
51.40218245237959,0.4262293747793518,1.8970049861551346,21.904609504159414,-0.20313952564197357,254.19091657573375,255.2819036631673
43.37548725469355,5.226069580648601,5.8036017279911665,41.88748264382803,3.9986028166889045,301.8436293171883,280.1462608951858
42.536038063248306,-1.449275978930922,0.08755555648883154,23.48516026239655,-0.9486785104160834,232.14801232456747,243.56581626412284
75.05721722835588,1.961130142845964,-2.321307325198329,23.35970386934637,0.70982110398651,278.47939474229514,278.6215818906701
59.2436906228814,0.7350314255107454,-2.195623342705875,-1.2541821910378084,0.11164015757519347,237.49614141284,236.49557354355963
65.29924927217687,0.8268560824152832,4.041842527973084,25.64252905803849,1.796172633975981,291.1080682900901,277.46166644591443
44.6883400480045,-0.19087362987418488,-1.4173233017323819,28.049509935705682,-0.05768419965992443,249.94845978970704,250.92698572378114
-44.43840644947995,0.38362121309723757,-4.6788720614845225,-13.846491979393484,-0.055988662111210424,117.41911511226442,117.21887893196416
-22.851556481668343,1.3933307736531861,2.4450635013731454,-24.758097982821436,2.4461218837820193,150.61815366440072,138.52987856565528
61.25816216109902,0.9552701502431034,2.0962252399413317,25.17129003687702,1.4884317502251656,271.42041021130126,270.8243962097209
27.274771295718395,1.4122496697609055,4.582930755573725,32.07124995983717,-0.4179324637770847,242.44652579409328,244.77828608845073
-35.374426524655924,0.9139708520030075,0.031504632497907185,-12.541072281870749,1.0276768010718118,144.27974329829277,133.91267035038257
56.26551310940316,2.5805055352361674,3.6489403308651864,9.397230015915397,1.1864527181184594,264.0004971225219,252.93365858087404
41.83546142139295,1.1434319812837224,0.3324542657996306,-7.201632680217574,-0.13089151709099692,216.470208871412,215.83384034250363
38.895261126195784,-0.8463769196065756,-2.187980941067264,-1.0279320337294249,-0.6515142040805983,207.5224012870284,214.036473899049
20.520270378885428,2.590540948725932,2.9425780185018207,-20.5517412064785,-0.10215608032527641,185.13740270422517,185.2545089306455
36.02069072318816,-1.5533495424074857,-1.596764921666185,11.820475103654433,-1.0954245684942834,209.08667202873283,223.4506436656115
62.01031151153118,-1.093302188124602,-0.11613193039841055,8.213224086137792,-0.41290047726246737,246.9518550230452,248.45621787321997
-10.20264455747005,2.8664774409267846,5.647089845742815,-7.512634351830853,0.898396500415052,179.41115861821962,171.55170174911962
21.988372973176347,-0.24968242775921543,3.603164025896009,4.2080133530215695,-0.3705002695231103,210.944803888149,209.0343845261474
37.88231885449589,1.048740332833234,1.6900252565645608,33.518755681785045,1.3442603689760173,263.4345121304659,255.3391173659928
22.725282437649238,-0.44068008417313714,-1.0070155962374117,-2.3161134187732824,2.185044808865934,204.48413476511752,201.00153501866748
58.13822606955293,-0.8566102220778026,-4.240724915088991,20.61987343941709,-1.1657050138792595,241.3579865667578,252.35007622925966
-74.16200059487889,0.6476022217787056,2.3745478269036897,-24.80918858618803,-1.3387941497892062,78.2244501334445,82.56718358916225
15.29533933519406,-1.7856750808305193,-5.3965918178840955,-49.14474022420561,-1.8856531943800476,125.76867713689266,136.937695889229
-67.54565147808174,-0.16840468473792233,0.09931136927627056,-18.473020447858985,-0.026630444940235386,95.14337861794534,93.7406211849942
54.07064063125796,1.3825218419827883,-1.4045975117322747,-1.8169797356976682,0.9930512781088853,245.2308727412477,233.07965337525454
-32.698166247735024,-1.8953446899911308,-6.713830330971654,-26.047082740364168,-1.547861928032986,100.03020062869489,110.95273093424274
-11.326387209161483,-0.03614266804546847,-0.4172522091778019,-44.02779644389834,1.5657411085842907,125.74831554651448,125.61317944963784
7.64509414318698,-1.0344414353988092,2.614864470302501,-10.882919606574257,-0.5108758045491372,177.29119890867494,177.68673863830347
56.64610125392337,-2.7868556731047947,-0.9904590522126177,14.433703825094748,-0.7177091714953265,226.96409095197535,246.43979805354113
-58.02584062113311,-0.3951437810312588,-7.018553933582219,-24.92629108569309,0.3654222738919245,91.74836799644991,89.85460972379028
18.009783325458244,0.1239197031558632,-4.12682439859656,-17.186014444319603,-5.235965270540747,162.70474430574984,171.43991578649238
-84.35323185256485,-1.015974244081872,-9.236455109862723,-29.547950756483235,-0.8150413152531911,44.49893876908727,54.8863635930892
-10.482242787944854,0.875286499598373,-2.4864982517206964,-31.573132573497812,0.27832051112502154,136.64108314909623,136.46675026889747
32.13931672587711,1.3756928571890246,-0.2531146884919535,24.088011004040954,-2.5532872098583295,231.4808897951708,234.65163556009472
-58.03098213160653,-1.5154581891141954,-4.606484368323087,-28.1715639952542,0.04138947572014934,84.39325849997553,87.5719176627601
-57.03645905346671,-0.7948807381822782,0.9966823504344929,-26.6645780245528,-1.753162017825264,79.37418075336302,94.60261938774335
25.67680105900761,-0.6834467694158168,1.7976220027866738,7.183186836836353,0.5460014961382119,211.86887584599955,214.37518149668944
-3.1493442192318475,0.3877527597031463,2.2277933590342918,44.93666234854594,0.32781776989365613,226.8495031037577,224.58569888928096
-23.137663999444435,0.7743599767101037,4.353547047222757,-32.22687682285959,0.41021013439350673,137.81880631013755,130.02859320736036
-102.37938054753657,-0.7589331332538989,-4.8332364554594145,-28.27429155021885,-0.9584129749919446,34.30219606499133,42.650762209873825
25.77936424713738,0.10907536186964895,-1.6072174307459592,26.35164986126137,1.0618941076101713,227.2358437193732,231.54978301846833
49.52891013195394,-2.3533007529935097,0.2658152815012624,-9.355337590212004,-1.7828426692235702,199.78051239485885,216.1582612723614
-24.091527600140424,1.1137012283268501,-4.671687346837002,-20.28666976375262,0.8619279825084823,136.81694449916955,132.7807613714427
31.191931136158384,0.8637032374856798,4.533449455132793,33.0192113211596,1.352064345344632,261.0972483048828,250.8153763666164
37.428433961810505,-0.3250713456869457,2.367018722138161,10.3449776443892,-0.7487477402528727,226.50705929476692,228.92162811373495
-23.558898629256383,0.011306758334556008,-2.678399235893076,4.308792504081877,0.2190986102488598,170.0000015028538,158.15691687885203
-38.137296970904295,1.5355080087800477,-0.50875269234637,-29.500644884077882,0.3245433650145015,116.46123350188066,113.56837369780405
52.19643709758045,-0.2349763431218372,-0.19831666849817836,22.456102159678515,-0.28486663642122156,238.10286648778745,253.78939648055416
32.898795617619285,1.9866651754265223,2.1329003981374397,36.1335170557482,1.9413298987245475,272.0455442318601,254.94822501699326
-91.8276743049352,0.2634820698474219,-4.4810718895187645,-18.827019222509463,0.9200510695718128,72.57061179894933,65.90278459379132
65.5519390833974,0.1113576187880485,1.6657208010583673,24.272605649138235,-0.5261785993954708,273.4039877608632,270.9304614243236
14.083855324914726,-1.7443875152765238,-1.3092068923525415,-29.62272701043327,-3.0532183134649347,149.71160033909973,158.20933246472296
-26.175553529835494,0.513131370930106,0.4401238424196831,-32.948829722673864,0.8391231034275597,133.5639793216996,122.52301193560523
-95.27561931376749,-0.23204227467106656,-1.4643343689572519,-27.044473512700144,-0.3378721344378232,56.02127476510681,55.50067526680087
-49.08598678419535,0.6107110122973949,-7.43954261255199,-24.448376445704298,-0.46177187348633614,96.06323958675044,99.03005016769653
30.196297448485147,0.1512206308379336,2.7211376669025826,33.028195120119946,-0.3479512626959618,239.45144758023085,245.60391647498645
-5.102439800273565,1.5394168086647293,5.697544027085059,-2.846051617805378,1.0325824603940974,190.9021137556966,180.17606874940103
-22.631872501612303,-1.053409997143219,-8.785026055862575,-26.596343803381068,-4.481130450016353,106.76718798066528,116.30723406332261
-4.844268283406747,2.287596673118178,2.282508242093264,-21.813008673557793,-0.6350582450422785,160.1279346816553,157.13278658454155
61.18931716299452,0.16326204261301056,-2.9854151681003542,22.41156995228471,0.8713181195896577,271.0563151036494,261.5050689807164
-25.51855471757779,0.8724296053371806,-1.997399659104355,-31.172165740297956,0.23850663913502598,125.33569110735624,122.27783299882987
-16.47539082261601,-0.6547124415901352,-4.054039098916681,-6.942449562572439,-1.4019219097369482,143.1589353197462,150.32650303590367
28.58595392243512,1.6373477597090613,5.860762133735749,7.103215320101001,1.921232425358355,230.09165861881252,224.96352843267502
-7.298683170612208,1.1390233498450697,4.366447864931271,-34.15481229210605,1.963916935663292,148.8397734745092,145.87090955905748
32.9405580520245,0.882083135660684,-2.1638655225411574,30.71613899087561,-0.19122069715159992,242.11278388397503,242.03871083020533
-52.740307213116736,0.37247459187406334,-6.774070229427654,-35.727277181428164,-0.495378251013908,86.65366503827138,84.49045858822339
25.401863127547017,-0.4158961731364384,4.536125540125835,23.81001637142604,0.4644003751581711,233.3345188386414,233.65152611245736
-14.193298521020496,0.12220693401622798,-4.502161496437788,-3.544545983815329,-0.1557895321440595,148.01183692065985,157.58142827193532
-8.635695115513341,-0.23051608568163992,5.642537241968716,13.399321562115903,-0.8367681859962174,193.2696159000908,189.1938962882299
38.61856762601163,-0.2542312333762787,1.4700133287356811,-30.07911226322643,-1.7229273192230419,182.9047407806179,187.88732701025828
-57.078074865891075,1.8166556927818873,4.311865787041083,-8.180636806571789,0.6309614952319669,125.51729855556042,121.35578817392849
-99.96634479895846,-1.4978671383195026,-4.625052514545577,-23.993369508001447,-0.4210414202415727,46.83729403143237,49.35134149126743
-56.82076440154361,1.4488788938812251,-4.555211035592,-32.8610974658542,0.34374804768289774,95.07627956340632,87.41057090990985
-36.978849501835185,-1.0144233204038304,-5.263523423988973,-35.07574737476111,-1.8021559602193062,96.71223766042844,99.72031729012843
65.0328028964349,1.9816501881999042,1.01977145593452,21.569358854513496,0.5609165589174661,274.4391475614281,270.01951682533667
-30.468038452396495,-0.8659817977125462,-5.026746900980981,-21.1186967869436,-0.6994155714515515,116.41143914539974,121.67613736185233
-34.113074269572444,3.200532449557418,7.727053353270876,-15.441631361900578,0.7706264740634774,163.02769761506744,141.99852351675642
-68.996300556816,-2.3290675735707924,0.6865677570147675,-38.7120661975215,-0.8437314098098581,56.53776445864702,69.6604188906321
71.60887747529301,0.9541751004276389,1.0906340843588187,25.109566263274925,-0.15357071780613554,279.1441351358177,278.46469907688345
-14.250347580116927,-2.020053381200399,-2.993921739902627,-13.26434760429054,-1.9652408430108708,137.26114255055788,145.36110572281407
60.88982009082952,1.307526939893637,0.1201521215969997,19.714897623477256,-2.28078126503508,254.9613632192324,259.60663238209867
-18.163595555743,-0.07418270912205126,-4.995079361086485,11.985529011973803,0.011989152898697562,169.59203043889968,168.6196774102569
32.743082945434736,4.040738334550904,4.346161745046828,5.359787288587819,1.7576134496467861,233.92584407434555,228.10240063460284
29.971729383397612,0.42646936794603524,0.3582203914998176,28.360941365329897,-0.20505560703702738,240.256243985787,238.7673217724731
68.38147728289101,0.5932047014086312,2.235515888589358,26.89728105939477,2.2473116072573824,297.32315546095265,280.2098074108761
39.85038639065965,0.6129391319200066,-0.09710615242026949,-8.228686639585494,-1.1294518854785192,206.14857033993215,210.86309771643195
20.996900437956484,-1.6389190912987575,0.043745486011598854,13.58157899648737,-1.8735089533817024,189.7733458420342,210.9648137471108
17.39841423418415,-1.7849613436613156,-3.368053325863521,4.6644967579880285,0.5293221722924222,196.84579670312337,197.29423536627579
-23.522854743427317,-0.22265653340175548,-5.262276285454852,-25.128264194221725,-1.5683369970734165,120.85294918799686,124.1506281177581
35.194551616584384,0.7651840407765517,0.403522028812111,-55.73677851507163,-0.18929938885367834,164.06165626414503,160.2921966535845
-15.5897950023824,0.43725869433559916,7.207922491782884,-34.03905933342282,3.4393460893306633,153.37094239604193,141.31068981098096
31.7020652763469,0.6184764395858429,-4.454511321538548,4.036945020414356,0.5270631282680217,215.63811327757944,212.28505541441328
51.24733895396724,0.6021808918956758,3.7641559949923487,22.51231935436052,-0.4228008470596716,260.75353100481334,257.55821121949157
-13.362732153559357,5.112634216022912,1.247017574284159,9.799563254175466,5.182628874663684,205.55843187925024,187.83412863692317
-20.906520655233003,-0.34406859460955913,-2.0731779989348493,-26.70544139075787,-2.619781658322987,120.09064161495589,127.20602657347821
-35.87714271858116,-1.5097881807921556,-2.377090555497629,-40.254543738496366,-0.9733571089637861,92.00954403978312,98.86309456900497
47.771693487557364,0.38287736717712045,3.3663773253522775,1.9754806279133226,1.249092791495135,238.31867379621448,234.60053847083137
-12.06926938287334,0.09456234149131541,5.861351011958787,-20.694959993983314,1.090703133718972,154.7820228005782,154.1374039816483
40.911743420103626,0.35347504335292035,-1.4291439008493036,11.390145844691538,0.8043404499674169,232.0102924054745,231.8855777286019
16.925323949163868,-0.6059319246866486,-0.7427345980850213,-4.108258572106237,-2.0940961112802436,178.4234287135253,189.2293196143413
28.429034687562424,3.0578020293222012,-0.2044834497489125,4.024337830156197,0.07980184925781549,218.23505604514315,215.24150981788551
-10.707321799771645,4.73156652195355,-0.9628743992345674,-0.1874740179670656,1.2634561694367896,185.21857361413484,173.9923693457536
47.151256460715786,-1.487083048887145,0.9784170600736484,22.795215241430913,0.14694998218368305,237.6015803645388,249.43977256685324
-40.37390556962891,0.829360988772068,0.1442770244025098,-15.687292296795732,-1.284151406068518,123.6952348110186,123.48330561201719
65.37751736431237,3.427215784568078,5.994891447716392,19.770160121012612,3.547809766283095,294.51534625717244,277.972611355226
54.300184904802855,-0.4147178276189439,2.660530984652374,-5.7298191583569675,-0.6051068706767526,225.82372224125396,230.06608890413798
-42.9353664032096,1.7055663563975538,2.9277588613294845,-20.467954617426482,0.030495374347909016,122.07883390610816,121.11551644277485
-81.45613751599195,-0.16080372574346477,-2.2270666761599447,-36.95065642545439,-1.929957607863464,54.252403685358274,57.130394920121255
23.00599362528947,0.8926209996235359,3.5445333397074097,32.61131996827977,0.7621335952416368,239.03121824098704,240.67161839947866
-15.183505361495403,-0.4943848975884413,-5.789872253354414,-18.05321007019127,-0.6555255218830374,138.01703717391078,139.67851876682354
43.61967414185654,-0.09713885885883398,-0.09742738611225017,22.357513109024868,-2.898125852848657,237.7674551275001,242.73951202439807
28.31916246554034,-0.2641964827450631,1.7200992717166514,31.095767371036068,-0.5345230907604068,228.89264590881132,240.19132640612509
23.205689715328738,-0.647782662074697,-2.346807637886436,30.409250570200097,-0.28698154560168926,220.80955477489067,230.1883853113011
-26.263733861576526,-0.9803734822805901,-5.7413240699213395,-37.08057023881815,0.07899459583646481,100.15751982072376,109.86800981457671
46.0270927762707,1.8161028711642684,0.8289870745348105,5.175985881166524,1.3092764969647344,241.00460954089564,235.01246197143703
32.16425568563007,1.7809199980031243,3.6125869543238665,35.099724672677226,0.9755374309168704,269.29872202786146,253.4880416128879
33.78067806490069,1.953051936298583,-1.6606142297840403,2.9978766597381847,0.43282271758070207,218.54886092973817,217.35883202007145
-7.632660810107967,1.8373849864076457,3.7332998105228286,-22.354241940712093,2.0753341561821617,163.32501365894063,157.51413307362935
-24.55729607134252,-0.21146705541447522,-0.36755023350079535,-23.901713172611366,-0.41949814700951416,120.06778927359711,130.39749219145793
44.437128486799615,-0.3031231018054294,-1.3006294787048562,22.907565708190116,-1.1009285329188614,233.32713337088896,244.49502995289748
-20.417204920468535,2.196347109008414,5.626410983740234,-20.809862991995566,-3.978888013670405,139.2734256694166,142.47181903795052
31.43001968264511,0.4792276978668825,2.4071806872802495,30.71899365432433,0.5691502155794773,237.33808171416493,245.45958880903368
48.33788175237094,1.413780810419321,-0.98701367962765,2.151505281656923,0.20576269232540875,231.913678042678,230.976933728481
56.57294696529572,-0.09477017343306565,-0.33669302130721024,19.284476093363203,-2.9520436248783395,241.5580924098633,252.32893311037648
78.01342249431866,2.9864195968353666,-1.6681765716579855,21.08257040969897,-1.0911147526850766,280.370143352262,279.1781380478442
-67.74167414415159,0.8181985849837577,2.1372237339920237,-11.82731430256092,-0.0009259012083716087,107.1290603969806,103.24052484239265
47.33884880943415,0.2266014344005019,2.495908630838746,27.390938323372417,1.2588976897767414,268.4498267216911,258.5662117591587
74.64853231213822,5.523297130671892,1.5632612303385038,28.326057662418386,0.6597367603331946,301.8070828654857,290.5759019672376
-54.75866798011886,-0.684901399517895,-0.9263647567340338,-9.373961733144437,0.292684706066383,110.395235500527,114.40380570788798
52.17133202739586,-0.13861929491231537,2.4009692498287367,21.820745636104846,-0.31935274742102815,244.95131171074647,255.79009174233263
-14.951154393863714,0.639705779682753,-1.879083235055345,-2.6803982519534175,-0.7741666570170737,156.3165349149489,160.20992011312939
24.210369963834978,-0.7003494496474578,0.7576391250824281,31.470475358693143,-0.4229882264822473,232.9295587095029,235.17016364281818
23.514559262278137,0.30251976824454774,-0.7494983125489058,-8.700979665401201,1.5732186869784717,198.02482327141337,195.79483661088722
26.988209007566024,3.1475254537155495,1.8576735468769259,31.27362467492347,1.2150091455488072,263.5451493647711,244.337058699968
39.722269955554935,-0.6697930913062895,-0.681851885969866,21.1270949526987,0.16644091799109656,234.6219131169323,239.51917772030504
16.515367506096606,1.7884888913285992,0.44846258149181734,7.5186970675006615,0.2686938674539386,208.76679076056448,206.3947267852072
-21.29421127134812,-0.3851578419958594,-4.877662378759247,-27.65618417455754,-0.2622605169669556,124.168902058293,125.37954068770992
-24.373608846498264,1.6602440972707027,8.064081562078503,1.4701096691165416,0.33323652524371267,168.5008216291107,167.00907987854734
-63.60562406920411,-0.8337314663865725,-8.153406856430466,-38.18594941473736,-4.109592488526324,52.7667545655233,64.96671257605007
65.83654109005653,4.878147409696199,2.199312060624141,4.7643438743966575,2.353551715169332,279.11971896794324,259.88691302127876
-55.085616929736375,0.23770123726882825,0.8426112792917027,-27.128232489583116,-0.4959947447026885,99.51848954500797,98.22548522387495
-8.218095004204336,-1.5995536046877823,-1.6019416386717185,-19.44939582773515,-0.7487211388165422,145.79939171609792,148.2373096572205
59.13392516044225,-1.389663963904355,-2.3889022378530482,19.5405438198864,-1.2578285748955609,240.18722836029704,253.49309107501242
13.074908699852378,-0.9881091959922198,-1.0576327484073267,-13.838719061241084,-1.439856311471187,174.86366118942806,175.60560825407578
17.123180625802462,-0.16957558941168133,-1.9253935204280905,-4.796759402197673,-2.3495039245901372,184.77763805942269,187.73696506051033
-14.17355100352209,0.7126448729433714,4.80335699741467,-32.40008581754851,0.42170405483186507,146.0604834662331,139.21908597545658
-56.30206821067531,-2.1194285667341655,-1.08451202203603,-4.716011596225634,-0.9227843584151173,112.45845438393332,114.71021211725127
-73.63764322234074,2.0253147940332084,1.9695110684654782,-30.58582895709199,-0.413694412981738,82.68344168273306,79.21267614142114
15.744376169216956,-0.3468421771174122,3.612536664726275,-12.37322836745477,0.9014260614647974,189.62215162305367,187.39328522217198
36.052345423015645,-0.8755851135284317,-1.1066466922456504,24.90212553722236,-3.3950175794848394,219.94800501213007,235.4322384463164
19.42589819263183,1.6782980722904923,-5.774620349918032,-14.875565062544576,1.5339475891143575,190.4028141254094,181.8429753129102
-10.631689471737873,1.0706955127113873,-0.6057780074988981,-25.006844861255782,0.7170337906747962,152.95273600137608,145.39843383423008
-30.682032477442945,0.7804332775091913,-1.4057793259563605,-13.520855980491243,0.7605578168962837,145.6807259348701,135.7873401818518
-44.80280088943893,0.7782271905471155,0.6936340227473523,-6.856834153494271,0.3865697465106665,132.03749206003226,130.0538127882088
62.59103406898558,0.49704322345912677,0.5129917291015929,21.69449639225349,0.41329459463953666,257.93846998863506,265.56387687977445
44.6165135995955,1.0278202206231672,0.5221944416838127,26.212110292900977,-0.5040087180165361,252.58203967319432,251.7296467081238
25.361658765528908,3.883926406397443,2.9604894089040994,41.817952140420175,0.9928768986362425,270.1768330330892,254.8719204912238
43.36959166524902,-0.26707070173569564,1.5484316331112928,22.349464146787188,-1.666348357865659,229.9073048516268,245.1890852568823
-7.633631656150731,2.0294271656085137,4.827802860923819,-0.517339871620822,1.5881492112420328,184.29950068213003,180.1494245813385
-25.374536710828398,-1.1273158912758159,-2.152736353864108,-32.96335604759892,-1.9581006133803467,106.68855228941614,116.27897125438916
26.794681070711054,-1.4426493890817633,-1.40639444817297,12.712274521211821,0.088029569413787,213.2536413598728,216.6009581954175
-55.87909529741185,-1.3582960479147108,-1.8654248498746748,-28.860155177062307,-1.5645946129708996,80.97561523167569,90.32745088610099
54.999221318285215,0.3128461867197775,3.3696176686405317,22.35428784757817,0.6173953119848985,269.0976935186288,261.5083852045444
-1.1505962785636292,0.7787916625966533,3.9614237349216657,43.79158904289316,0.6674649532329714,222.43606177083944,227.90368998641677
-20.191234857785513,0.5798273855891677,9.12362451872004,-9.800520896061446,3.321557233972584,173.6871020145068,162.88827025577189
-30.293396322612615,1.2899427439251672,3.220521010462393,-17.710145465608104,-0.10514522766096494,135.8520115274568,136.2567936098424
41.06349880910079,0.7585280965158877,0.34212734808726397,-15.728555674846247,-0.2855297942149324,199.12151353097505,206.00508565597949
24.751382389701423,-1.2229830854889843,-1.0052835380758662,7.228266423091242,-0.2944162666553335,198.7598058018473,209.311982793909
-7.8207630961633985,-0.06218990517549464,-4.035724971624883,17.985082276534417,0.5531868695033691,192.9208369567773,186.47460804441045
26.649171371553653,2.0541442896319797,3.7140179889420657,30.848324305863034,2.2189554808578804,252.92201863096352,245.33963030818668
62.260012537811576,-1.0219629092788547,-1.9094723873671238,22.266315885084026,0.14937113739197053,256.389047659975,261.5992811349767
-56.59046121194131,-1.4170253126284074,-0.03860408060324459,-33.76122869748055,0.32667103243129225,85.677088378265,88.37436860111275
48.57862398741887,0.3039042602080065,2.1430378196440274,28.18400455267267,0.5820626676670432,272.0567052105156,259.64665015894775
-7.829996152625186,-1.3490234106535692,-0.8940620467235193,-28.003173498608305,-0.4028062336266094,146.72163120856297,141.37595552909974
57.03794714475967,-2.581360121986683,0.23376980241029507,9.204960009143816,-2.1363777464828,225.7066219231928,241.61395595918094
66.61718784551995,3.1144815636012297,6.584970701992889,32.75393911196271,6.615671548654385,323.8551245552507,295.5412676430667
91.15835930612423,1.2003107764802337,6.701553954338936,31.534051790617013,3.5420361428133598,338.0589433902394,313.99132884170973
60.89396169841166,0.11755942315328358,1.9493852260108533,22.997568492471938,0.3227327768273639,263.8109372090075,266.13622448821104
-13.013736602753932,-1.127499791097457,-2.658695641329581,0.5065012807766074,-1.8497951757791289,151.51390656185697,161.7117909411523
-62.03341616133806,2.3682213941623007,2.991714381356184,-0.3434012518396204,1.402307505881833,131.77288693888894,124.240442739559
19.630571201311877,0.1635889352029678,3.614208290653663,-42.5180893133555,-0.8587332190968617,157.36394437884016,159.88656276605244
-60.39660324240627,0.13502013023192824,2.6011276823485767,-13.17027407547046,-0.16057887243347566,106.61471887683656,108.86370849360674
45.40349042293452,-0.5815927673375115,2.9388452123823825,10.88501660851894,-0.8143202345893101,235.3905818240693,237.68645611324536
-80.24609612902945,-1.4520329533938134,-0.4798082213398608,-21.280467578507523,-1.9153046795521964,66.3227158308409,74.48130730951368
-8.781109163100417,1.5654420781778893,-2.31440782331058,-16.190750434836996,-0.09956009232688341,159.2585903333295,154.03463143593945
74.19077089508903,-0.14686921143452872,3.8353908754815165,22.96993196684708,1.0233255602124505,287.37594979820415,281.7275669575279
-100.37012145647097,-0.28895231931323384,-4.952712801652683,-28.035887954672166,0.172922143551773,50.759671979831495,46.38026448277883
44.92102104531406,-0.513866081848156,3.3306957049464274,24.084118371362603,-2.9341107208455752,247.81932746294984,248.74287519026583
-13.661275820748477,1.9488003560746059,-2.2098415272541354,3.6645405618380296,0.2880483806354625,169.28997025357108,169.885288821882
-100.09843837665105,-1.4974620970285915,-5.230091301016125,-20.54097772902032,-0.4075749083788202,43.23213055191397,52.08047245923932
1.9585003555288996,0.40629297849788426,5.564344013052447,25.305890421736166,-0.45717536811034126,204.8897130850005,212.6328692720419
27.851941755383976,0.6723794657461475,2.2216921921461315,31.735333191284482,0.46766528083898495,243.02437539167627,242.80402875673747
-55.53028270350535,-0.27782904284916765,-2.503881770642409,-14.292392613723754,-1.7295042567863343,94.91059759544936,105.52112648382938
-67.81499934007856,1.5986836449974178,-7.449073158380922,-7.359455162682929,1.0692726457973791,108.33858660113462,99.89944550098784
51.446498722587584,0.2955477459226482,0.7672357562360966,26.076040103052236,1.0515930062331187,265.88356205431097,259.4919322053684
-14.252455071033049,0.25337589997202514,2.3629393616478156,9.827694982490476,2.7890490598322266,192.94341005413256,180.83562110424558
-52.05689803075257,2.6037490099357443,3.9527981861260355,-22.877373745069164,-0.17441519473229614,113.47622957174522,111.30287709684531
50.08309253583962,-0.7651335223025714,2.621870497150491,18.338738141008395,-1.825673483023385,237.3960139165113,248.3079110400089
-18.69155402400006,-0.8546509946684984,-4.6731404259977865,-9.667713211281404,-1.0749242049263474,144.1127353965384,144.89303401046237
-8.057570317924396,-0.40515486989938215,3.427185536908209,6.401343163735335,0.6418656224764997,186.1956078378249,181.8626860066324
46.38048080041735,-0.3066718460345537,0.11614939591530411,23.886412112923416,-1.3450045014715402,247.42493532132275,248.58638283308738
50.353189209339405,1.3922210613430304,3.1327432074047,28.195246896869865,0.570921050648482,285.90970526608504,263.4993382969417
28.70855531551801,3.1328485343058134,-1.5421055712833178,-22.11520499768432,-0.41203355457931773,191.20959090634813,187.62707659761406
42.557635842166576,0.4875367707342867,-1.6056495677579419,13.625997916698628,-0.97553101316419,228.75192071365828,233.94500682001362
13.45173210191586,-0.6896924567951587,-2.8526240432293086,5.042967703216366,-0.6724605137220842,184.0276198378289,194.13493966272173
51.770502926933275,-0.6575963972696967,2.021463005981384,-4.56812686124875,-0.7454933442936136,224.48748731570916,227.6757662014389
19.124388078625117,-1.2682433809201352,-2.905392505795986,1.0759482746902396,-0.8862326247773707,191.559854358599,194.99548471315734
47.4761391792352,1.5466564377688328,0.4375819912956135,-4.78776962946389,1.1333419437317531,229.1381432304448,225.66096679390384
-13.91030322754378,-0.4849200204503933,-1.4411826817309494,-28.268421467910922,-0.7453958468286269,135.0442080553999,135.00479362687244
24.64352925181319,-0.1990815630955409,-1.6040241695817807,31.99609974506238,0.07899584740208199,230.71832672601408,234.77053598293645
-14.846138264496304,1.3327553460589194,0.6946519373179529,-39.52377855815318,-0.5842105935829421,131.56027974982365,126.92829673848117
-12.129022154505995,-0.5123808507631872,-0.9399418160782274,-42.54221047770445,1.0840119886919304,122.7090675168424,124.81547356097566
-29.190429781275675,0.15978004623855774,0.3349920343513331,-20.76712634010029,1.1451477696304888,134.38168039197245,131.5373806001817
-19.08396368952117,1.3939986782282867,-0.4369823025019302,-18.16307716292801,0.5691397705501597,147.52314171304636,144.13413216516284
-4.551014668330387,-1.1541338499585716,0.8806138985597559,10.67427392860612,-0.9980688306956712,185.5630852723818,184.7066873495174
29.292047464655806,0.09504484113602313,1.3708099417950368,24.880806405807874,-2.064378904519461,227.4456558199039,233.42934662021108
29.074848363496326,2.381126194388179,-1.5965235283949941,-21.625223437239793,-0.004648157538430144,189.15345689006563,188.0845963060482
29.50516200328631,0.7897403642723292,3.829452774327495,21.048435363696306,-0.38504122670948837,236.9185965065409,234.64276615020896
31.56544682665139,1.3450140065232747,0.8596591892635413,34.06831514199891,0.8526422741015919,255.383975014799,248.54609430987554
-63.82929237101134,0.9334300140788676,-0.12465393367203044,-33.71089733895245,-0.7908369439241433,80.20405269404732,82.33276629785422
-33.53499263936055,1.8607956107920738,-0.9241321605259263,-14.435201692141797,0.47446276256160624,139.84892767502973,133.29594875266207
62.72671920727962,-1.593302644747393,0.9612494978287545,22.135308261509426,-0.7881768630331449,252.5213952776796,263.2968143301727
-65.66584884715061,1.0048694197322172,-1.715679042897242,-28.553620781426524,-0.22531597114784313,82.0888639027908,84.69942164844555
-13.693871585080615,-0.6298572950436478,2.63474171572719,6.63076750155267,-0.1198875828849453,177.09834467067236,174.6769096256073
51.89661358606577,-0.14992450370919982,1.0488968781723131,18.860652472308722,-1.1208690399318166,242.3645826312538,250.3903862642416
-67.90837189642536,1.193862320075217,3.264626775291617,-15.45812514849987,0.031294519295816385,102.98991161625028,100.97830344107253
-6.419441556841013,0.6634230593546184,-3.8594342955077656,11.987851289623238,1.4910217917567112,188.4662002378037,183.71843715972173
-71.0952574195451,1.5147205111767794,-0.4612131688678824,-26.681747544854517,-0.23387831496737316,83.49971888844878,82.89764093427725
-43.501713280963294,-0.24351080346111156,-0.5759209610313835,-5.522351120349246,-0.5837750314647829,128.8971886629058,129.4277456740668
78.67559601508262,2.2381653646279127,2.965477526711126,26.71512235297476,1.6288093726663444,306.73838773148924,292.0781875033954
-53.45762941886568,0.9272932051580332,-0.14284834199420676,-26.9684148723712,0.11432824707945116,105.53602786543432,100.32774569034395
54.145210339289505,3.1378947703939692,4.830846894318945,12.35590366576071,0.9394740868898744,271.5380094648318,255.26434662798903
-32.77570066877047,-1.2446795709883636,-0.3227106630448246,-20.12635120405881,-0.7843309402651483,115.15126952995244,124.60124382420932
-17.0381572213846,0.034399164306784136,2.897581156613572,-30.810743531130132,-0.4201946194875524,134.92856611472803,134.5179018202556
-49.67901470576505,1.510058171110118,1.095252835286078,-5.361315020325068,2.252001458552441,137.3240952553069,129.67199961019477
45.59110834603564,1.6141374751292719,1.6858373961660427,-8.782634418846575,1.2977569278882022,234.4000856916516,221.2612225977086
-30.08821109770239,-0.2793061047436342,-3.3920026384100117,-33.98493676503705,-2.7473919320122366,101.23969915393086,109.36316833343233
-11.248071210296592,-0.2995555365928016,-1.4956845781263546,-41.9115756825951,0.40171925457975827,128.15800942638617,125.30184911830418
44.38052673211305,-0.6407946069014159,2.9068203704064377,27.25612342342836,0.4837808330548966,245.2723279061733,254.2414736234376
-24.698430769396367,0.21174718238964524,-4.641651851830808,-26.216577662882184,-1.28955752074689,121.82217615650072,123.22054624887072
55.07424051966699,-1.813148730771969,0.11632453168162807,16.760887575034264,-4.816986349276441,223.6191764751044,245.1763344176707
47.330865109125455,-0.06805559914602406,0.5799351156717445,25.793966579930412,-0.7835667674923991,257.273209401728,252.7081613094263
-20.872561306827567,-1.119517860104566,4.150761678822937,-22.961316878066473,-0.6589198621508489,135.60529336284932,138.3934626430102
-74.68607692034347,-0.6557284559614238,1.6364084150562113,-15.67257292913945,0.5032203675906709,90.5642420133862,90.98026734853694
23.903921078007144,-2.798700796212118,-1.9474987934982333,15.38201982817643,-2.1993666228844337,192.4240052530056,212.1953915649245
72.0513844806306,0.10271448759141838,0.5599535895591855,17.411091384852092,0.7072761038022256,267.8912507207025,270.6874369177725
62.10542174206328,1.2077483059095377,1.9864678742440625,25.00032419297283,-0.5052460776283922,272.3719595720602,269.6497329088969
-47.259028463527216,0.7771272408195568,8.117478401133772,1.5139833531729447,0.564257450788275,144.11222689479808,143.56883485372353
-6.205733928782156,0.14528818786224573,-4.608962742037396,5.564841302708638,0.4944496391243508,177.43327871023638,175.24489933021175
24.297907114707,0.5140205061984088,0.19883764168557086,33.284335828625466,0.8082619115172602,240.0788739332561,238.95837987407032
-25.881539564785573,-0.24875857906408178,-5.334521241981375,-21.3025164159997,0.238443656538949,126.29765536110538,127.32612472604467
-7.591149660922494,0.5941047263035495,0.5131951675758029,-12.098422407810206,-0.17488933314307914,161.76618342671887,161.09785536333976
-49.12898190638217,0.018857196627833025,1.7709999163478158,-27.496901413625285,0.25098370830419736,112.25216579627904,105.26997437260849
-15.657531184554607,-1.249423600638167,-2.89265152008915,-26.365925295236732,-2.4629926395909707,125.00709121935928,131.22649263122662
-52.7446035214159,-0.8484670998577475,-0.6676230769053837,-33.02909071127353,-0.4572374994125509,94.77291023487544,92.10799496247077
-41.887940518860525,2.1197137994623207,0.748804149407677,-10.710373431558715,1.8951107603095336,141.5319605346288,132.02033163009762
-94.28604096672828,2.087424816950067,5.002847929879347,-26.688019529984587,0.19514248509758278,71.7025724619173,66.16637160655071
-15.35368814189011,-1.7905711630364582,-3.7669857208275217,-14.961327474806115,-0.7653187119123372,141.06404216671373,143.21712565886278
-28.167327764827547,-0.34593177259850516,0.025360619232979296,-34.47545593984128,-0.6696611107035542,110.98128171548215,116.2220009026004
-21.044074079290066,0.505173465700285,1.9316192693226055,-1.51141393758565,2.430010882311308,170.43554242240518,162.16633247179496
-63.675776505236634,0.3190618547471819,3.8362496974685976,-21.620508797330096,-0.8061199080851631,94.75577198478496,97.90792321290151
32.584612968774586,4.888916627408124,3.8805051813232496,35.26424267563465,2.3369959446105066,275.8022236430943,258.81029026908874
-19.30569858280686,-1.894789331483942,-4.241550710080892,-43.91839068587727,-0.9402217536025812,103.6029128658865,109.55436580748412
21.40415060925834,0.5899015230351786,-1.906253055098664,29.656458388251185,0.6346137278588582,230.3450162297026,230.23388806464146
-22.742554092829714,-0.8775565636573122,6.293967516883712,-20.24878951132193,-0.042984375873554206,139.89189824091517,142.23709984453816
-10.104106275318603,-0.05977195361365958,-0.4225419764355065,22.433766158717674,0.15909744825772146,188.17718160877257,191.86146027294402
-11.856598122825236,-1.7622496170315303,0.7030429871360231,17.000025680903313,-1.978379387395751,170.02121554375273,181.96085841212312
-19.523269006582833,-1.0711198738060825,4.623831079308545,-20.764418913629786,-0.8588968459547778,139.5903652379721,142.2611433106712
-67.84360174236858,0.5990324132971435,2.557548325077552,-1.181952036283191,-0.9051167410718972,115.09063093999345,113.08092708998794
-14.262553318910838,0.9295739447271305,13.729898734977915,49.31712379179964,0.9367311502263497,239.5708456069199,230.50579117415566
23.219154940196837,0.4960104168124518,3.77825444750933,-25.57502971342566,-0.6757794402229604,188.8210715888599,181.0976275222051
23.301702735951086,0.571013642488149,7.061482446698181,18.348084911377267,0.3947793546404757,239.4363253254979,229.5320799624906
21.32289487667365,-0.7987717221449788,-0.5463485795411439,16.495193797596816,-0.43449636206085707,208.87771545511168,215.89348888186018
-14.606973758517503,0.0972112016274033,-0.41777408595457116,-24.058154214587287,-0.0037893558766110736,135.692768935985,140.8655366580285
-92.82938808131497,4.747324009585253,-2.6996416061824466,-13.144949381834278,1.6646076570321586,93.452053154223,77.59296946862038
-56.91610034243176,-1.3059470503741615,-4.168972047086464,-28.57224801346206,-0.9116491716675578,82.21392462453619,87.98010024631598
49.816091946004235,2.8490865184847,-0.08510966665419724,23.138485955305498,-1.634972464963189,255.35510961727917,253.93859915951404
36.01060096559171,-1.134937480007668,0.04956192077712071,-30.95619075262913,-1.17146497301522,179.1275584167044,182.65258655205437
-47.680767932519814,0.4251501064562533,1.2410796424528368,-24.40689198997194,-0.22585615209370288,106.70825840189774,109.20773054566045
-47.14372734835304,0.8933470895786232,-3.9188450248026014,-23.06658792043157,0.03937664125048314,106.51593700879484,106.65858030857835
30.314308242693443,-0.2956547935539004,-0.7121271656726139,11.889274590964604,0.30020653083154397,211.00921424752497,221.35102427659976
-35.396120272530844,-1.5293023431443153,3.7105815618101112,-47.317456010521106,-2.1965243321869865,82.31681939887774,97.12619547476186
62.42087428727325,0.3067177995095064,2.038558522460722,15.350082582889085,0.7079420395890978,261.32806249112747,260.67919210305587
58.25869564784808,1.8396093326917138,1.6176839154793836,13.530199247521809,1.059610134850176,263.8630083846376,256.16081514972615
-11.58080456676136,1.960306210388053,4.5008396576698955,-10.971759293577753,-0.12297593486463992,160.73907573866893,163.6406229441899
26.737287537904884,1.657073798980769,3.335589656609402,27.87122885224259,0.3501185626007287,247.9497220801689,239.8063152796741
31.193749517514924,0.9269652869217312,2.795153127449854,28.486322252509822,0.44835431725985525,255.11937073027423,243.7055613729921
44.500185337857765,0.6580410471535751,-1.1723418372955392,-14.752391069559572,-0.1267709338975469,209.26430686368508,208.96173941559368
-71.92696148790472,0.128683305527495,-3.207380759901167,-35.5109304767043,-0.2520437926556246,68.11951353762669,69.08638365969682
-66.37709000836404,-0.35864789770935673,1.4523910147996109,-19.52046276618367,0.6650822796017464,96.12671786687584,95.7162894934824
-64.91495119928267,-0.2941838379095722,-3.8842734427918457,-27.97087132677848,0.4518620039269494,83.91092313936099,83.2425990685013
-45.92386227771509,0.34712698717789253,-0.4999104522158544,-5.579579190222517,-0.9685285444957876,126.32953898988605,127.23026339386497
66.51481407059212,1.2196547698473004,3.7117417014478296,22.25339148585232,2.308661430267625,295.3099038612123,275.86328032934244
69.63368627454496,1.0352620208460366,1.4086279106217172,21.925693106033496,0.3258544786998942,274.2554340146135,274.1841406620825
-60.19287213153306,0.18614268782762705,4.280418634653102,-19.081651390394725,-0.6696413847885242,99.67631913424724,104.3774132871023
-5.619957705093005,1.033304938684796,-4.494647107141487,5.176448897254829,0.693380373707618,182.6962619939644,176.6435462687489
-8.98122529719316,0.19828547633929053,5.226142656657464,-9.511888625589409,0.49643749953228283,168.91789727819202,167.28276858108234
52.76801017993088,0.1220861701648969,1.9076887348150506,24.316247777964307,1.519270756867345,257.64738904107617,260.48832049107796
-20.70450156860469,-0.6891118020943003,-4.261805370743193,13.305088374717874,-0.4408893321988852,165.2525430083721,167.06379717241288
42.435258977973646,3.074429147647625,4.462785000817672,-3.5697518416227854,0.5124510401221378,234.74950246175248,226.77018919627469
42.35556851821077,-2.4914912438228805,-1.094407854674923,19.889260384163148,-2.3165160821763116,223.64080266789745,236.19743059303653
22.86783554770003,0.6455409092905231,4.351314265361127,-11.149366802991151,1.8091226177156496,204.5771512164945,198.37946340841162
75.52097808923965,-1.9930194526032825,-3.183200711181528,23.516550484218882,0.6049300995763243,261.209859213198,274.3212553805844
3.151090242358153,1.4071287974136868,-1.2773771278475285,44.221056338153076,0.6656214139708753,229.09337239654008,228.02253653538403
41.433985531209835,0.1739460618893135,-1.2545905193210374,21.69749355589036,0.2977134554819165,247.45786690085373,242.20356495648696
-79.89820540862975,-0.04013162750955935,-11.333202466339065,-18.96569396199771,-0.5290773951612839,69.06923132355047,69.08870601169846
12.561522355618441,-1.15188282767353,-0.49133591794480297,-48.86656364955023,-0.7482785881365558,132.87852133083965,141.1584782436495
-61.333362093078705,1.8735930229790025,2.6713389597960244,-32.335447375028366,1.260744769557477,99.30072080993506,91.99188415556067
20.289226346156372,-0.54735619961161,-3.892341969115323,-2.015207589750077,0.7815719886188321,193.5334903933741,194.47090944763403
6.733952312478567,-0.24145954401875105,-4.2494333729884355,-49.39175371995644,-0.9798293809687216,126.51277352002036,131.7264931658831
-114.80043616548951,-2.1680052525773124,-2.1833503810273394,-29.327132021701974,-0.6497338983952126,21.54432779208542,30.726359152143655
-46.33720635759086,0.7744790855124762,-5.258073376647522,-14.761793715335406,-0.7302230203996389,110.60187896130938,113.54219948687548
-68.29606215954935,1.104221130801078,2.463920552869283,2.0548991313880536,1.741419147953804,127.79562745864295,118.92341467480023
-19.915534841564426,-0.38699030349241703,2.159499257679805,-50.04895003137635,-3.188423330782521,104.07379040327554,108.47461762180033
-51.75723381574802,3.1311439602685036,2.1759393701139187,-23.997582462113485,-0.30514288302646825,110.2123454468134,109.10214104083148
50.07974228481378,0.6115088241182801,0.32220430720749776,22.028576041266522,0.340724904659396,252.03531694509752,253.23777323340116
18.527258697347378,-0.4262366939558287,-3.260944765482901,-14.066208479355936,-0.24326297501249994,177.21503681433717,180.3856226548761
-46.21003151795395,0.39539077215103785,5.026680450555444,-7.531611511858983,0.3959418879448509,137.52418945739032,131.9313869521748
-19.48672073051264,0.9723938117343542,5.504525959383174,-30.014847875290275,-0.41388985602074985,141.05687660751553,136.4164781806309
-53.62234549290595,0.2610935243801174,-9.1900375101081,-24.299388235887623,-1.018718016357551,85.3080165341432,91.98562114045782
-37.168108240721274,1.8098575462547177,12.277400355166403,-9.91896163890961,0.6705338328848303,155.34363243588476,147.5257387260114
56.05577763792271,0.30948004603465423,1.6917693422367093,5.27060404997519,0.7477052596812415,245.5460585061188,243.93035320718602
42.481806535826685,2.176402588397643,3.6973565528157977,-4.246515144616141,0.6401665704904452,230.142820422696,224.6042339742514
30.582839790498998,0.7822642229113342,2.846657769863338,32.640369323684716,1.4850236352565773,248.555072574628,248.19217161355388
63.324632620250675,2.2650096097938737,1.9901507229271218,21.626966869309932,-0.7296575729851801,274.9190639415666,268.3321191206324
25.427218586103624,2.8260573010998393,4.271095210774521,-18.757005372719775,1.9048878627677288,201.14882227705343,195.52727045936197
-52.22840863571552,0.3535035653571514,1.2929654260284495,-24.630095352829038,1.4038387850719023,112.47201391988295,106.04682065924798
65.57812997634187,1.2923358960163678,0.5942379835508416,23.176015382571286,0.4995494677888193,285.7475986505348,270.99528557760544
-30.535610743990368,0.018857086578212667,-4.773511969262227,-10.677035861256721,1.9279239156552477,136.78445551098872,135.81563929906105
-9.717914015873928,-0.2551408235878304,-1.964775837517332,-24.39139460636995,-1.6055156346708768,139.7096707430605,141.92027595331675
51.02190883052193,2.098569394850024,5.612494521951551,-11.44691856939604,0.7409194229627589,233.19482689110848,227.88199047222525
15.703358381344382,3.514905308682924,4.677977621167246,-47.174377853813134,0.38491426301828524,166.6761138092873,156.9617945917353
28.22011674844414,-1.2980551394780642,-2.769320047736371,29.957715318554627,-0.957450033134726,216.8229703168719,233.00802371798665
63.42443080261149,1.1838442883950238,-4.0072525293379,24.938098383621256,0.9970340524710851,279.832914025273,266.3911718690972
-96.25868747448666,-1.3779011917724369,-1.038318168105648,-29.513761234931373,-0.4123219975296925,48.93866098162593,51.25402680450896
53.36564015185059,-0.07914401192884454,3.4117804596081154,21.01713608026632,-0.7688147696554384,256.1392176569872,256.8016147814764
42.75868457509189,-0.31589906758756103,1.519620073744073,25.31595670778459,-1.0234683251873407,242.97840244311547,248.10991083518135
-30.641317583623536,0.5281242864150931,1.415166893204007,-23.812270161321596,0.09436706579427454,124.20855133779853,127.43908737180581
14.760578859449492,-0.9823028163630124,-0.9565694433937768,-14.002664699351655,-1.015091686629082,178.80317623626834,177.6589670850474
-52.9937537927601,-0.1618826521491391,0.4814252057698247,-33.26058276002478,0.01900841900941647,94.61123268118168,93.93923129118151
14.811846331702355,0.22699718893032397,3.353028298197481,-44.82958146676192,-0.5260748770401059,155.76007357207945,152.8912323463653
-62.49822652975599,0.6029418305720424,-3.232356550672602,-24.681554659689958,0.29322743315611305,96.65062037513528,90.33904839494727
1.1369960488695505,1.5101364168644242,3.839435648367653,47.701790819285996,3.91557927372206,249.85413317084064,237.95895507844594
-26.341361969582607,0.11240297765100836,-6.608858604791279,-22.522835089081674,0.19221588428389375,120.99585419428188,124.68658006981798
-17.06303048160477,0.7945163191580077,7.3130455950145,-9.167061129906967,0.6191997174388466,169.84313355147395,162.3516868914352
31.487626379946565,4.3059089700875335,0.7618755852572515,4.238545336961023,1.7394977561558125,228.9411972476429,222.38847089974522
46.65577221304158,1.455257662791267,-0.5761829359249617,14.788793692026507,0.060358638715359694,244.25822647973368,242.23901614198482
-54.51995296959329,-0.06653729463947655,1.0609138811449907,-27.22803746149547,0.12697546461744919,101.03507447190914,99.22837849136965
38.33402762358439,-3.6324625647802242,-2.442264269195861,12.656948551998584,-3.455477686784998,199.83221609603945,221.31578852615817
26.80621008098213,-0.9625673995280318,-0.7108742026232908,4.864578048351877,-2.098176897153462,201.72543530223376,207.75418650136507
25.540226039736083,-0.9279304380868016,1.3090348012909538,23.048433899749796,0.08790330785527499,223.9031125720739,228.9126844818818
-44.695053943734074,0.6666095717311543,-2.6761971654887406,-15.305376001967392,0.021419474354261295,119.49750836894216,117.86641880623161
-93.67384978530391,-1.18685219661723,0.5109912966293843,-25.53350403844266,0.6720410642338033,60.49572108883204,60.643843211835794
-67.56081106249094,-0.17671611473718402,-6.599875230448858,-25.79665491094983,-1.6241307974689623,75.02484445797688,78.09682875524037
