rh98_shap,rh50_shap,canopy_cover_shap,elevation_shap,slope_shap,actual_biomass,predicted_biomass
23.74792477219936,-1.4900848240830387,7.030459806857392,-0.7128346619800763,-0.0877118182941111,204.46294095795628,204.11131958956832
42.682479934870194,1.3373950705671076,8.141951883463591,-0.3080902194659038,0.19271537762649069,223.28000871536963,227.67001836193026
-15.497359471640458,-0.4721142322936158,-4.08573090533254,0.8201935160369244,-0.1165448108012567,121.899185026927,156.27201041083785
71.82920511304592,0.8527884750245593,-7.52452677409803,0.15760029740368456,-0.058403220225543985,223.10073137130613,240.88023020601935
-27.594836041909836,0.2470676460905123,-5.829535504653801,-1.2019659766786708,-0.08560502549512916,120.60705115425252,141.15869141222183
15.447212261288836,0.4517904408639833,6.262159002757839,-0.037739684504699826,-0.12116352934914253,202.4435334779629,197.62582480592556
32.96041140705141,1.1313996256835015,10.844637661408656,0.7436202431288377,-0.0875779823307909,191.1695366366533,221.21605726981034
-24.40582917073879,-0.857326627011134,5.303897071777338,-0.6237596302298529,0.22117828754882093,161.9937000374047,155.26172624621518
-54.0997457556672,-0.15289275780153952,-6.428116696007993,-1.312919086402633,0.0867685160162291,100.1194628739251,113.71666053500564
91.77683627716105,1.520628491116793,10.158921149586822,0.17010205624582114,0.004232579262113068,242.34749997721835,279.2542868682414
62.833368101561675,1.0736789306525454,14.115293985295363,-0.6753293854536664,0.001937685462489465,207.53644221627505,252.97251563238723
-47.36507554916822,-0.33787101758220767,-11.9189049899895,-0.6690785060325981,0.16741539198722913,120.68474782356272,115.5000516440835
25.36987238149815,0.2794630975394012,-2.378517264316993,0.5701583391941923,-0.08873975319033531,171.7360437857204,199.37580311559316
-7.0777571010964895,-1.2701745702810825,-0.6745107819146792,-0.6221969103745859,-0.03444966127284335,171.72968822515992,165.94447728992913
-26.81015230920412,-0.31096781141577495,2.6964806357445763,0.8889531896686756,-0.11345213214979938,153.4938103422718,151.97442788751235
-142.01516899102182,-3.0786419786702006,3.6217271321939193,-1.5598288235348308,0.17475765856376224,56.39576807881281,32.76641131239961
-6.390330588800854,-0.15703883609239944,-2.2452109748192313,-0.7940960944539641,0.08819270629618935,144.85276604394443,166.12508252699854
0.88335667750809,1.5697315083687382,-5.4814859800343365,-0.6159460309535176,0.11477211490425848,160.61444800353186,172.09399460466202
-16.434824581418734,-1.0332707625882542,-5.010389037748844,0.9295839059056196,-0.03435781938055386,120.89938437283152,154.040308019638
45.50658351136802,0.7751419553144403,4.720115527771126,0.5139004244045776,-0.11324630344780187,205.4606167523204,227.02606143027913
34.55671088338583,-0.19146418917031272,13.23282614453156,-0.12525199639965603,-0.06267133224032148,229.82524002858324,223.03371582497584
15.143540693529486,-0.3137116111376257,3.116010378813884,0.8326952748790609,-0.053258906908329996,161.82247950850905,194.34884214404525
52.27757443688195,-0.6673448998379929,2.9004931229122484,-0.7550280980722872,0.1561229232979275,178.6188118970738,229.53538380005062
95.69258086211946,2.4813133977164923,10.548843597098452,0.3857573962726775,0.13832758415622987,228.1926651208744,284.87038915223206
-9.061132785504494,0.1741868915608026,1.022581343668263,0.9920927001163026,0.1125338908682048,135.04912530252878,168.86382835557788
-88.39751295786229,-1.0533284110546626,-6.711670933324871,-1.767670564285352,0.13460028356781842,64.18670211404591,77.82798373190943
-29.799915971487486,1.163681472376077,4.214798209513083,-0.9503680799806716,0.2119126913923286,121.86525404197432,150.4636746366821
47.23040891816416,0.7947962801961618,15.070272698544903,0.0232063898507161,-0.08643062314325242,235.77536550476435,238.65581997848147
-98.86279467951282,-2.7214416413698053,-3.882061450008475,-1.8786236740093143,0.2909987753792394,73.96977538773235,68.56964364534761
15.978231364961319,-0.03890412496281999,-1.5936777887203437,0.8639496719844024,-0.09683524931093909,141.8879250914173,190.73633018882038
21.582220716299304,0.5833919424214563,-5.092922677949244,0.5154631442598447,-0.11318189217153302,173.289986208744,193.0985375477286
-56.76310044069118,-0.9362324156091365,5.420420984219501,-1.086324707388907,0.28164481311932865,99.01618832914936,122.53997454851842
63.088566667888855,1.6657516342825311,-0.03279244094102085,0.3357503609041311,-0.07801273671185761,207.41512145648423,240.60282980029143
-46.912936979173956,-1.7823199684673656,9.09847613881258,0.9858418206952343,-0.054387363406400824,92.08337328127008,136.95823996332888
-126.27763984317026,-1.6372969453537787,-5.317835051835903,-2.313059793773561,0.37345985504104307,63.25410246121718,40.451194535776324
53.83433551895743,1.5913701537012432,10.765018707125725,0.45295435004916174,0.21556100576832046,202.54183149112276,242.48280605047063
32.20223160035448,0.2487092749634799,3.74640151037346,0.0482099075349893,0.2854970974973229,230.27621135896828,212.1546157055925
-6.509768771411189,-0.31847270351079865,8.951664643905584,-0.5393727580454309,-0.0659117533283911,203.52671583480577,177.14170497247858
-10.632869705534445,-0.500075409871592,6.852821755511056,1.063977813458588,-0.13146559750579742,146.84957019353487,172.2759551709266
-56.369936817365726,0.127360816567375,-1.0065137726369755,-1.3066682069815647,0.12694107467693716,111.0170530598068,117.19474940912883
-27.76375459378162,-0.7773150871844229,-5.457852788755758,-0.728461860532747,0.02087948097137892,156.14514006165405,140.91706146558562
82.53974182590892,1.6236890816141663,-0.6797504068136154,0.07008798550872834,-0.11615451592703371,234.8841836861897,259.06118028515994
-50.16116808766629,-1.8004514353599093,4.8016689307484794,-0.936303601283268,-0.04797892297991581,108.19006022237429,127.47933319832788
54.27649087629799,1.634263714861879,16.470037900847803,0.4060727543911495,-0.13146559750579742,254.15186400531573,248.27896596376178
-49.51022593874872,-0.5912916981422071,-2.4005095642914167,-1.023815913178224,-0.10610554370895907,116.96384562103184,121.99161765679926
-30.868878614480103,-0.6061462249948725,10.707010233298648,0.6842368886286888,-0.10608687064452055,142.14159504332122,155.43370172667662
64.29015789139167,1.052103359914153,-7.350690830999966,0.062274386232392974,0.0010865772695652707,262.2839354110332,233.6784976986766
69.58141840333045,0.749417909131407,2.5904376905609046,-0.23776782597888543,0.2338665169953741,300.2104337926422,248.54093900890803
111.24443480554422,1.7386093408998458,0.7139109748318643,0.39357099554901287,-0.100580958110551,217.18540535328583,289.6135114735832
-40.296709759572565,-0.8976767780472145,0.009566661555382737,0.8248816756027256,-0.09519335912313942,149.81684367103549,135.16843475528398
38.062300649391936,1.0470211024666558,2.8168226867576767,0.4060727543911495,-0.10008200360893252,219.34475697851772,217.8557015042673
-11.245152060302036,0.9672862650316316,1.3038623192453442,-0.6409495486377907,0.007093209670545052,168.84797178062394,166.01570649987647
-88.80236021366278,-1.6823859602871598,-4.039102752070022,0.9655264625767623,-0.05180854313532718,86.94940668271403,82.01343530829027
-78.51874022667687,-2.092414805638987,1.8190207744777274,1.063977813458588,-0.13146559750579742,96.62094770546616,97.76394427298342
46.88358041091885,0.27605569780458356,8.809701053199522,0.21854637175910047,0.22320104843640556,237.46541555063905,232.03465089698722
86.56454734098857,2.030158836880522,0.13211162464259618,0.07633886492979665,-0.11279690609703305,271.36690000994474,264.31392607621325
0.7271216298138737,0.9292133498732904,-14.914987559706569,-1.041005831586162,0.0005467383784160249,134.7090785433826,161.32445464164164
12.52087419779234,1.4286611048030424,-2.701944362513917,0.7873763990763157,-0.11346997889656296,163.54793676104904,187.54506367513
-57.58561305774519,0.17459305909178272,-1.6972862386599852,1.062415093603321,-0.08012702556901345,112.63648049999664,117.49754814558972
115.28040910353056,1.8766612645058105,6.702979445583391,-0.0455532837810352,0.13386022924183963,282.05654350484843,299.57192307394934
33.13620042488609,0.7231286002432844,1.62666268429577,0.5904736973126643,0.04828202566092976,156.9647869623794,211.7483137472675
49.26045633374516,0.5912483335375455,1.1587838121528424,-0.8065978532961007,-0.0874880290280375,178.3369971364165,225.7399689119802
-50.017023054651894,-1.1258671580275788,-9.13246951329348,1.021784377366377,-0.10571357429304815,122.23048399182572,116.26427739196916
-50.95249902713799,-1.112577699248565,5.67753816095517,-1.1785251788496647,0.31194135063410144,93.28752664435494,128.36944392122183
50.09341514238349,1.1303768132825511,1.0416467591537812,-0.5081183609400894,-0.09552513538855384,215.98144941386727,227.28536153336
46.7692093800063,1.3016739013783234,-1.800101564544277,0.37638107714107505,-0.05360452911981584,215.4640638227141,222.2171245797304
29.267409151649268,0.152692248527441,3.3713293109761877,0.6639215305102169,-0.10183581574338076,190.1018281140709,208.97708274078855
45.44339664195368,0.9504834622834941,3.911362163066961,0.5857855377468631,-0.04617085222355019,214.7340547895363,226.4684232676962
14.675148772654229,0.1452802866680198,6.681987327835656,0.7623728813920426,-0.12116352946086428,199.01666999534405,197.7671920539579
53.73637665237608,0.3883337757936768,0.9110567905823407,0.24980076886444197,-0.10007994879366232,203.43522871677197,230.8090543536917
45.477474160803425,-0.11916809007228202,5.860387242187173,0.3513775594568018,-0.12116352946086428,185.7532105182906,227.07247365778306
40.39782415576354,0.627885022564258,1.7520723614815619,0.38106923670687626,-0.08412458386606614,203.88237980725285,218.69829250751894
-49.181348206226225,-0.7558137395586517,-6.801426834141592,1.063977813458588,-0.13146559750579742,109.35544250198387,119.8174897508951
42.16442434351308,1.3711508577714047,15.462643009847497,-0.562813555874437,-0.06254685148833068,214.9545228556957,233.996424118638
90.02523531972564,2.3112197235232155,-3.1655852954477663,-0.1580691133602646,0.3468175133415064,263.1141194254037,264.98318446265114
23.604663656320433,0.8338318636673029,3.0639424983422594,-0.13775375524179262,0.033171091478629,206.04948403851424,203.02142166943565
-44.82000258188692,-0.0700737734058826,-5.413574436753012,1.063977813458588,-0.13146559750579742,97.69941545007882,126.25242773877576
-9.03913373339338,0.0229764504835787,5.637934209689325,0.6764232893523534,0.011228001000985798,180.19808049935443,172.93299453200166
68.97457593469524,0.3886420741125837,5.198676544260183,-0.13462831553125848,-0.13146559750579742,262.5491330951142,249.91936695489971
-58.53110563376213,-1.1565539081659422,-3.0358494709727766,-1.0269413528887583,0.02330502784161421,134.38198915087648,111.89642097692081
28.521810959835957,0.6216963444414105,1.1377911286450684,-0.033051524938898603,-0.04949804405481988,254.4389164577809,205.8223151787975
-17.783234682812697,-0.2989901403180501,-3.935492544740531,-1.2394712532050804,0.08561747542034885,91.37074437839148,152.4519951692128
56.81531433549123,1.7992761139680136,0.4220439349601493,0.1919801342195602,-0.11295356369442115,250.71601129082129,234.73922726981328
56.46009313260883,0.6599896461529934,-1.033057414478852,0.46233066918076415,-0.05965114664157886,211.28351841166688,232.11327120169096
-100.92090318492323,-1.6984920132008403,-5.24720265842945,0.9342720654714208,-0.07090489678016287,124.2172834354934,68.62033562700651
54.26278369132525,2.355614237001306,3.675674349729744,0.006016471442778274,-0.05251201947299796,262.5947388321479,235.87114304489484
-65.75167236195459,-1.0852975730329784,-0.010206799635874005,0.9749027817083648,-0.08775623160588886,97.67145128098812,109.66353613034784
-51.55789570609688,-1.0795202301074047,-4.203544659005919,0.9842791008399672,-0.10615504541338337,122.82563553086204,119.66072977508517
47.34450168051636,1.8240674837864592,2.194558753017225,0.29980780423298836,-0.10611205157742842,233.6825139647981,227.1803899848444
46.72607734752223,0.6065512025164349,7.245531883485212,-0.2205779075709476,-0.05708220080894163,277.8333881678627,229.92406664001277
15.853643889821878,-0.7181745277419278,7.546992112629969,-0.980059757230746,-0.07088765878673418,151.00283803989618,197.2550803735612
74.08346878053652,1.7285884854807914,4.525136083687241,0.10290510246933693,0.044255553655502135,259.5013604117518,256.1079203206982
26.196178443637887,0.8462556042464915,5.504927611530677,-0.05336688305737058,-0.09702762656374211,250.45594912588209,208.02053346466278
29.03123331215994,0.02760923073496072,-3.022399201111485,-0.4831148432558162,-0.08343726643317266,192.6124562861168,201.09345754696312
-29.842202400593905,-0.7115575306948374,-10.211290293596269,0.9858418206952343,-0.12116352946086428,123.80087317034088,135.72319438121815
97.78784682363538,1.572244665534513,17.146674801696697,0.013830070719113649,-0.12116352946086428,261.3699058888496,292.02299914699364
35.730281035316416,0.15629580171478283,1.984909184832615,0.5107749846940435,0.22556135431217986,182.91126935938115,214.23138867573886
-103.59599315475799,-2.167226424433256,5.0588990195391075,-1.8129894400880973,0.20372602282486973,82.0754598593378,73.30998233795341
0.6734182111604178,0.021321422167842004,1.9202510450562822,0.41232363381221776,-0.10595938662834074,195.16028222591288,178.5449212404372
27.089905618716287,-0.6511382268848819,-2.9419928540128337,0.6967386474708255,-0.11654609879784827,173.24765963162957,199.70053340136036
-118.74454405462066,-1.945173731504384,0.5813999668523697,-1.6020222596270421,-0.11601417078313808,71.96363918711496,53.79721206518593
87.16843250837432,1.6293048370093814,4.151789394488403,0.0232063898507161,0.04867115931273843,289.78229398137853,268.64497060390437
-57.84322129255981,0.162564642015654,-0.8719557972618822,1.0264725369321783,-0.07792242352708094,119.02231754531878,118.01950398046782
-52.02693026921218,-1.4395269393919654,-3.0258248453014223,-2.1583505281021207,0.04202798257865513,94.94729094774456,117.01496171543977
-78.40724653112193,-1.6278631198642741,3.5790158537846226,-1.2550984517577513,0.34322681839814523,68.02667012437084,98.2556008843076
34.869395919739915,0.2665852242330242,-3.3054476694442037,0.4638933890360312,0.23897463777836803,204.96168791474764,208.15696781621187
-33.854330899785225,-1.5012881888916616,0.22339552958382813,-0.9128628034542619,-0.04772365983016905,148.71601089577882,139.5307562924913
-52.286008211814746,-1.689851273582735,-11.116623979434099,0.8514479131422659,0.05770101866609313,106.58680994376272,111.44023178184557
75.47776628913566,1.5718681569503794,9.395743382827582,0.20604461291696388,-0.12116352946086428,237.6542027208536,262.1538252272385
-54.97804757406992,-0.9804774450140171,0.7619708067318326,1.0311606964979794,0.19049688560548203,109.28371102042234,121.64866968462016
-61.59844981516447,-0.5680180242156955,-2.016846179300472,0.9202075867740171,0.09647370063378671,86.70195803618961,112.45693358359594
95.94781654547765,1.4316641394221477,7.283233193520988,0.1732274959563553,-0.1058930680226852,256.11315025419805,280.3536146212232
14.489275447776123,-0.5597729267752283,4.337470835844041,1.0186589376558428,-0.09714602671342802,130.87914722702942,194.81205258265612
-34.0842454176117,-0.4128489962429956,2.779182653046703,-1.083199267678373,0.16317942427289525,87.76131984810515,142.98563471065532
55.96530555992429,1.0696931787752153,-1.9697317641959957,0.23886172987757245,-0.11293414757279391,248.6751996286811,230.81476087167704
35.22977497072185,0.20971969966691267,2.9826048769430202,-0.2330796664130842,-0.08895155517235358,215.42708017220497,213.7236346406151
17.771266484437408,0.6059224974855403,7.778693707938106,0.4670188287465654,0.04899150530028178,199.14896160976755,202.29545933877665
-133.2250476786384,-2.812807536628367,-9.18083612727733,-1.8286166386407678,0.26952597395437267,40.50489351595984,28.84578430763831
64.70663052463809,0.1998974564441834,6.453753688367527,-0.19244895017614025,-0.06652287708444721,280.4139789768057,246.72487615705796
-19.822601667703836,0.050311091814820075,3.9044050314926078,0.5826600980363289,-0.041008382079196146,187.5713568469508,160.2973324864295
14.039162549021539,-0.5678823339892466,3.780050852818372,0.6217280944180058,-0.08587851392856119,169.16804325247165,193.4107469632089
-101.27094464582815,-1.5565438725616645,1.4157682525037611,-1.537950745561092,-0.03721374058111889,64.96175165510824,72.6366815628405
35.741091188139286,0.1837128132319057,6.8461993373341485,0.7373693637077694,-0.054625041267421216,180.46724791534183,219.07731397601447
0.42693134291969287,0.4942043399323123,-3.6990075851741393,-1.376990600468583,0.11356086041385771,138.3920669574687,171.58226467249193
51.47720245691507,1.5692701769486999,11.184216252291053,0.23729901002230538,-0.053474148868050214,193.6815527740594,240.03808006217787
51.826572196560384,0.18689939277086498,5.4037516818504825,-0.18150991118927073,-0.07236743856399233,284.2555185550219,232.78691223629727
-20.29624763804966,-0.42348116031338606,-3.767225684016688,-1.081636547823106,0.15933015741288872,150.09850731009814,150.21430544207882
44.076272306785626,0.981569444268163,18.144696397014165,0.0669625457981942,0.25602141170384246,265.7037816996767,239.14908842043877
-27.06776917289901,1.0788203826997484,-3.8871417297473942,-0.4627994851373442,0.06782032698576117,182.44653085919228,145.35249663677055
-50.58238674815272,-1.7014204660159704,-1.5399726243438996,1.063977813458588,-0.13146559750579742,126.93814870438864,122.732298692309
36.339732161957684,2.079846137801123,12.532336017366593,-0.1080620779917182,-0.07784961913495644,253.6859625228965,226.3895689348675
-57.08115125093033,-0.49486676961111803,-0.2575272470830374,-1.3566752423501112,-0.020300441458256907,74.97391938275813,116.41304536343597
-176.49398964404614,-3.7945425245061126,4.878314086496636,-2.0442719786676244,-0.07800351621503553,49.48238450589618,-1.908927262069497
54.33131077605101,1.9571219701096476,14.424656305633514,0.3795065168516092,-0.018344790238493707,230.5444024158368,246.69781709327606
19.374921391274594,-0.6220167596310227,5.365178721179163,0.5467175413651862,-0.13146559750579742,204.22885552523192,200.15690161155095
-10.965094746365638,0.5556165240890969,0.2572264330614357,0.5467175413651862,-0.13146559750579742,168.82041563525345,165.88656646951304
25.74972306765899,-0.6356119256989978,3.5144065815133727,0.45295435004916174,-0.07019168425878772,215.87285489092957,204.63484670413254
51.231758664645234,1.1043590974732138,5.557405926200723,-0.15025551408392923,-0.11086685683456411,227.1728078288959,233.25596763226946
-34.14688084232601,0.08548886479073536,-6.234419841355993,1.0155334979453088,-0.10118465028143052,130.09202434073907,136.24210334364136
113.97933652921024,1.3189405767945543,6.796756862955271,0.0857151840613991,0.2765646818613746,257.2643295725007,298.0808801497516
-38.06504325272239,-0.8005074299046034,0.18547477897710302,0.9092685477871476,0.12455729775643708,117.77836741908378,137.9773162567625
-21.038986922037097,-1.7057159592404305,14.218551412159334,0.6795487290628875,-0.07800964617226712,156.38094407584447,167.6989539286412
53.58722281811082,1.1257202545920386,-1.026785379268342,0.11853230102200768,-0.11311851427541403,275.34004409497345,229.31513779504985
-6.094691209756129,-0.04095479266716327,2.9160038554599077,0.7358066438525023,-0.12116352946086428,167.65344769727764,173.01856728229703
32.12482716091104,0.6765803507466066,-5.174159046730854,-0.8003469738750324,0.10464538966331997,161.32190043240888,202.55511319558394
30.55148824300663,-0.3613759944786857,1.4824588041310205,0.521714023680913,-0.13146559750579742,192.7889331060701,207.68638579370287
17.514000142687692,0.48105855431179084,-2.636543646914921,0.7436202431288377,-0.008508590458421962,149.49477072905896,191.7171930176238
33.32056472397917,1.7415129103490254,-0.07081870128598786,-0.1705708722024012,0.028619878182609273,269.72097279494443,210.47287425389123
-31.28396807688559,-0.10722864862610433,-4.48270648629932,0.7983154380631853,-0.11345865378380514,144.33167782117567,140.43451988733716
3.855874154487,0.6149107367350855,8.478476289282993,-0.7628416973486226,0.18814104358446418,171.73635728697818,187.99812684160975
47.288902025978096,1.3644458844523584,4.66463932901234,0.09352878333773447,-2.929878373851273e-05,247.80918494913985,229.0350530388656
-5.332895798285431,0.39259099600025354,-4.804337497905488,0.4560797897596959,0.22683235071388672,141.3796332286165,166.5618361551517
96.25647357371804,1.6851688721712546,4.233212762682394,-0.020549766096762002,-0.11305886162490526,285.9446969126358,277.6648128957188
-28.2731392588593,0.15762843044662578,0.2791544674390958,-1.3629261217711794,0.17461619771104744,144.4758482274007,146.59890002983508
-9.16847111906064,-0.9536199405842691,14.27350410288596,-0.21120158843934514,-0.10058095811015662,261.6019075501163,179.4631968115603
34.068810087570114,0.5343882159255775,-0.8593786568749023,0.05758622666659175,0.06692945378555748,255.2523018127043,209.4919016419417
-6.688716804910084,-0.6531395629819178,-4.359849479733711,-0.5143692403611577,-0.03306796216115677,199.14350663914564,163.37442326472075
-21.005271332036422,-0.9941806681881739,-4.308542067578848,0.8576987925633341,-0.06305549974992232,126.5478161801549,150.11021553987874
-5.0264372187461435,-0.5666829904867096,3.494179825768077,1.063977813458588,-0.13146559750579742,105.78975097328822,174.4571381473568
45.731295741502905,1.1648727181712104,-0.07169415633217523,0.14666125841681502,-0.10584201971553625,222.9866931589321,222.48885985691203
95.07902518983163,2.197203845263221,9.422838708898459,-0.04867872349156935,-0.08006281107864134,246.96898840610203,282.19389252429187
-52.838683196811246,0.08112972848160675,-3.161083711286139,0.9030176683660793,-0.07226867782406557,98.33832803114504,120.53567812579504
-36.82715647331276,-0.5717954600516986,-1.8473338433694373,-1.375427880613316,0.18640604656635404,95.49822810187108,135.1882587040879
2.227596324771835,0.24255911310725542,3.970964003607007,-0.6847057045852689,0.010379922324721303,161.7689700206162,181.39035997409434
-48.49703114336103,-1.2052391199755117,0.3895901412877903,-2.1161570920099098,0.21818682841117287,92.52457121886668,124.4129159292213
-93.88748464925517,-1.5798894808446633,-11.718010868340773,-1.3238581253895025,-0.04238587777988534,87.22796459489773,67.07193731325879
12.581918588225617,1.3104684819979175,0.950498915257865,0.6123517752864034,0.15423404821454337,196.2438695005672,191.2330381238511
89.95602660149267,1.6768989064479098,5.310112995076726,0.19354285407482727,-0.05812969405796955,251.2011326558556,272.702017977903
104.0297658348012,1.8999563305670355,-8.128627970838775,-0.12994015596545724,0.07980361392025598,311.84240101255386,273.374523967353
-161.4206795283789,-4.230189515454469,-19.362293041976177,-1.8551828761803082,0.12225656366773646,33.3589972006748,-11.122522083453376
65.51146881107071,0.8900905573723328,2.5725201084799707,0.2169836519038334,-0.08875307265774826,226.72127311470035,244.72587637103794
-3.9395052683290324,-1.3125972073931502,1.0955146888364713,1.0592896538927867,-0.10145029502033212,128.32031386273442,172.42481788685552
15.659221748635009,0.5530416130475736,1.2063417938988465,0.812379916760589,-0.001698896511231977,199.5181827417038,193.85285249069955
-74.26531281439937,-2.409345986404265,-7.485236295853271,-1.6113985787586445,0.011187668438466625,76.77744370719923,89.8634603078917
43.31372811767268,1.8081367747615364,14.606487392605434,-0.14869279422866216,-0.12116352946073256,256.98067850622675,235.082062276219
-69.84097443219534,-1.516812680428586,1.0019318933005756,-1.4254349159818624,-0.06411145443148109,81.75459269151021,103.77816472513209
-20.688240787605455,-1.4742864729153382,-3.8803891043397076,1.063977813458588,-0.13146559750579742,138.6409435804779,150.51316216596106
11.44058175721416,-0.45347017661388483,5.860487937519977,0.44514075077282633,0.1260156685052809,197.1912655592293,193.04232225226718
-52.5987500200695,-2.001995817811894,-3.757263798501764,-1.333234444521105,-0.10220687432950622,108.1438696659458,115.83011535963499
27.67415563508688,0.8211038472949826,16.22027331759726,0.2654279674171127,-0.10585651057175623,228.03879130339425,220.49867057169325
-95.3083974575223,-1.636347517843385,6.26217136587611,-1.8801863938645815,-0.07796754353256112,48.84672335622342,82.98283876798206
-43.75217819916474,-0.7109816540827463,-1.8852326943778732,0.8811395903923402,0.004377551754954906,134.05814974693112,130.1606909093907
38.27740904057432,0.3945406882275929,-7.431673903541089,0.47639514787816784,-0.1058912806719267,210.85940221663813,207.23434600733583
-6.956519326530746,0.5589974435911036,6.082445044705671,0.9342720654714208,-0.03969882547923091,151.59043749563068,176.20306271662702
29.63074882268117,0.7532497800596296,7.877479427449547,0.20760733277223095,-4.9932117674836986e-05,241.3494670281899,214.09260174571375
40.308414172057745,0.025349434366824113,1.6992763458883757,0.021643669995449023,0.18211167999937083,243.7835736565104,217.86036161717652
68.60249304638502,0.8035232752522866,4.760121762114412,-0.208076148728811,0.08615747387364811,264.9509575362049,249.66778572376535
65.45407028462519,2.168515366477068,2.6054225714290546,0.42013723308855316,0.058995087477022014,215.19507774890047,246.33070685796577
46.816357587663504,-0.23692599130983996,9.28489524133498,-0.050241443346836424,-0.10058095811015662,266.89498804664004,231.33707075110044
1.860921686011354,-0.4680669137289752,5.837416325548081,0.584222817891596,-0.09031117803466425,175.2158298449929,183.3477490525562
-35.24446515462259,0.027157841904205244,-3.922890102081009,-1.1597725405864596,0.11193269149630336,131.25176449942032,135.43552905097923
19.850332807896592,-0.5248161720535413,7.1733263080557865,0.0732134252192625,-0.03730329025969076,266.128163522525,202.1583193937272
48.33471487732887,0.9600590183353156,5.864410856335723,0.4685815486018325,-0.0853022945681846,247.4271501767913,231.16603032090234
45.82346396414179,0.502834831587219,13.531384211626301,0.5685956193389253,-0.11086685683456411,207.87953708598363,235.93897808472843
71.73296883019574,-0.16884246843434847,1.9138919779401458,0.2841806056803176,0.0005467383784160249,249.61629317304224,249.38631199862908
21.165017499371697,-0.18913110872569272,1.0810238914254025,-0.14869279422866216,-0.046800153301414314,215.2029951613606,197.48498364941014
1.954878652014328,-0.2858535792625256,-1.0568409263452643,-0.8487912893883117,-0.028491595628596555,155.0764821790274,175.35846757625845
-18.405385592570422,-0.16738651954358644,-3.150400149459878,-0.833164090835641,0.15590680790224087,153.06998013065692,153.2231367703615
76.8542051806089,0.9631140282083505,-3.516811709747482,0.012267350863846574,-0.09707474502892101,279.7496763518235,249.83926641977342
-4.616242035970907,-0.4170181404116401,8.164639273922253,1.02022165751111,-0.06255189228571184,135.6769281437713,179.7126151776339
-33.128347999124294,-1.3164304884494307,1.2242141926897667,0.6889250481944901,-0.10603210794797355,147.19019696750996,142.98589496023138
78.24327059873065,1.8381195607296712,0.5464528343649953,0.08884062377193325,-0.005016079370261834,276.4890941380272,256.3352338530957
9.312662451745318,0.5913734768711061,8.177009249731267,-0.15494367364973044,0.32723074627529253,241.3928465128457,193.876898565842
85.64516004468707,1.546846084339962,9.630579582430844,0.37013019772000677,-0.0997819900911751,267.3639918528783,272.71650023395546
2.896377276516191,0.47750502376704074,6.253691125610181,-0.0268006455178303,-0.13146559750579742,226.6983283601087,185.09287349773854
20.83873443619332,1.1186160106328231,-1.9754965124596884,0.2107327724827651,-0.11632635885806658,199.69217715759504,195.69982666285995
-117.55700947572304,-2.459261930384782,-6.974909357285206,-1.3832414798896513,-0.03500347399460762,47.69521805374542,47.21414059759151
-54.276717190484774,-0.49527663449070747,-8.19039976109535,1.0530387744717185,-0.001329487049269095,84.09909296815222,113.71288201622042
8.93630562488027,-0.08121675723116785,-4.360142769131389,-0.7565908179275543,0.169575286941486,127.8189738158309,179.5314968824004
76.21085263661315,1.7578802177445108,-3.671824213595584,-0.0268006455178303,0.14716535548662546,308.89909261563093,250.04083966559966
-44.43016691410634,-0.20150404368021627,1.2341868106272411,0.8983295088002781,-0.11306508097407868,115.7242800452604,133.01134659553568
6.544770645402847,0.25629459346761196,-0.1656354181145654,0.1794783753774236,0.11182933844177763,213.9581483246839,182.55030384944388
33.009054606587206,0.579535957044958,3.0595255891184117,0.6326671334048753,0.3793056736928025,195.5535190761622,213.2836552747171
31.70576320480529,-0.028412979797521623,-1.8465513101482725,0.4982732258519069,-0.11317474872383296,179.31209811265035,205.8394637068564
53.16740130424298,-0.23783409269615052,-3.5140405274438233,-0.33465645700544405,0.02006036998624463,203.68109510387765,224.7244969119526
-48.817068233635695,0.00015923954730580727,0.1675886382619672,0.9608383030109611,-0.02090903576907645,137.95412094893317,127.91417522628424
-78.87690107995697,-1.1906526791976546,-7.083632203519689,-1.478567391060943,0.0881869023801924,101.37120967189692,87.08199986351372
10.023999026279679,-0.18009253337747086,-1.3576801742462887,0.646731612102279,-0.08100297166310201,154.15580364490603,184.67552127396385
8.488389913333263,0.6340137781799066,6.309833245554379,0.9608383030109611,-0.10217952509989567,151.2466477637314,191.9144620298474
11.180008249450415,-0.47780487333898464,10.30502354562198,-0.0017971278335571007,-0.13146559750579742,262.9944105929258,196.49753051126282
52.12479385193034,0.5446940078026142,-3.7419774965168866,0.18729197465375896,0.0807471739407281,287.0365888517206,224.81911582667937
-95.06101507695136,-1.1893217393639297,-7.845997209304971,1.063977813458588,-0.13146559750579742,117.92303781578572,72.45974450520131
65.461642019001,-0.6276232104431445,1.6381772380559876,0.2044818930616968,-0.04949804405481988,283.47775186431755,242.25074621048947
59.57218010629937,1.2920109717079276,6.132354257579558,0.1294713400088772,0.1443236508716832,255.39791771974427,242.89390664133623
1.7429019086141038,0.1439462162174894,5.487287925101865,-0.5737525948613066,-0.02511652721141237,160.396626484949,182.3988332427295
41.55890316547083,1.6841261510366075,-2.2889878040489067,0.7233048850103657,0.09698144683785688,212.30389954297397,217.39789415917556
-46.92267677434237,-0.6806463666887768,-5.567763899923076,-1.0738229485467705,0.20532972150927387,96.56225810479722,121.58398604687707
25.372507603675604,-0.4036520380668005,3.2050241473698096,-0.46123676528207713,-0.08867794949770978,207.7505405647738,203.2475313130676
-103.57202060813441,-1.0380959886038634,-3.7671258069612974,1.024909817076911,-0.0809265664438755,91.58185202072968,68.19030716180225
60.86796572094157,1.4881479083358076,9.268988601921468,-0.06274320218897303,-0.09915837673904764,254.5978986639277,247.08676696713968
79.45050624633868,2.285241506994432,11.05305507675774,0.006016471442778274,0.18588438404596416,265.68625871400627,268.6042700004484
-107.48542149900149,-0.5817213554037272,-1.0855823801267412,-2.095841733891438,0.09782208753090288,85.21142087219852,64.47282143397629
40.98486710552682,0.062302914466072015,3.1106394199166467,0.10915598189040522,0.1254295161310665,270.91178932353586,220.0159612527998
8.107727964129172,0.5179975014703743,-4.323780547906243,-1.209779575955006,-0.07236842485063949,143.21327140951774,178.64336323175644
-4.153181388949775,-0.3659826579143141,1.8795358410313507,0.9248957463398184,-0.06939117664939476,117.42245992997142,173.83944267872647
-115.75278907087544,-2.5076670294542494,-13.514179987233835,-1.4629401925082721,0.1066417108521601,55.40213436341787,42.49263174564915
-106.28180880140985,-1.763055130318172,16.975812019341294,0.9842791008399672,-0.044326618929427214,83.8285877100982,85.49446688439261
-87.39728962467423,-1.0250074877214719,-5.379004972633219,-1.1566471008759256,-0.03059691961100917,85.8578818004629,80.63502020935294
-29.066728519030022,-1.4099673931875516,-8.322561379968787,0.4732697081676337,-0.11331649531115731,157.03773884900409,137.18426223553888
-36.87390250314104,0.03029324563009996,0.820524496231108,0.9592755831556941,-0.11321857201229724,136.8670999147667,140.44653856473235
47.23012922282144,1.2735986427992294,8.433118298444274,-0.4221687689004003,0.09715194040649619,207.4481541465412,232.23539565043978
-3.6144874403659855,-1.081547962538209,-2.6955597059968053,0.2482380490091749,-0.07767394168753189,230.79929459905023,168.40253531328943
-88.50600469213663,-1.6624894292415038,-3.434049102513971,0.91864486691875,-0.06984108528626304,121.18249458261496,82.8698268726092
-34.639543574256216,-1.5222946433951399,-6.18254313411306,0.9889672604057684,-0.11086685683456411,77.95384721723406,134.15728536667558
17.183029701694547,-0.3105961286518351,-8.926616687494482,-0.2783985422158294,0.00391433627209174,221.15486236560747,183.29489899447327
-10.491692198163443,-0.8809464686681995,10.316047731852514,1.063977813458588,-0.13146559750579742,122.22230390798742,175.49948759584245
-104.03955095558526,-1.982019175998475,1.2810356613043559,-1.561391543390098,0.4055342864524368,99.3261413040718,69.72717458765175
53.93711307925093,1.19049612433599,1.4412247102185491,-0.37841261295292217,-0.08306678004240155,216.4520746472594,231.73092083567894
43.14696386078227,0.47953352140166267,-1.8685800894825324,0.11228142160093937,0.06822737884358396,299.39871945737536,217.5619924080147
-39.87544637301431,-0.06252676456206008,5.829880981948555,0.5639074597731241,-0.08613184971901164,148.38069949583883,141.9932497692951
-21.971622441958285,-0.968263545477939,-0.27319347618940604,-0.5643762757297041,-0.03715651356064555,184.11718766461425,151.8089540619528
20.837024311711556,0.7749406966983428,2.4422115832914972,-0.603444272111381,-0.06363494384981484,179.25426203542048,199.01066369060896
-159.12774179963046,-2.445814845998285,-7.278364595653792,-1.2066541362444718,-0.005309381468313968,28.805626222198317,5.559681555873468
3.674283383355584,1.2646189037126692,10.247099954685522,-0.7394008995196165,0.20334989283764754,207.36281122947508,190.27351754994055
-29.652410217434827,-0.858405030252728,-4.116217755764214,1.063977813458588,-0.13146559750579742,114.51281612928956,141.92904552736982
16.99678768759765,1.435816132791846,-10.80747756333714,0.6232908142732729,0.0018894678208452311,143.36935605852986,183.8738728540153
74.62427990611636,2.2874553332970318,8.002978753771373,-0.4206060490451332,-0.03938671508219358,271.463477024289,260.0782875439262
65.39136127543382,0.7622442101732938,0.9204251963741692,-0.24870686496575495,0.14209528873310479,261.0685626611475,242.59098542061741
82.50157561608066,1.408688924239332,7.802583322378003,-0.06118048233370595,-0.03364748320368495,270.4503837777183,267.2415862120294
84.94228390591326,1.868062498602747,-5.751681407132395,-0.20963886858407807,-0.08639205384565764,235.55051398560764,256.38620038982265
-8.425996430926624,-0.1854528527889437,-7.666132202017877,0.6576706510891486,-0.13146559750579742,165.6320196188305,159.8721898827187
9.364566321174452,0.535891070702187,-5.828725545554269,0.12009502087727475,-0.014215141106763602,215.3432888531356,179.80117804096164
7.938012009007813,0.38637333949063063,-1.1301301578219345,1.063977813458588,-0.13146559750579742,125.23016812640924,183.75033372149807
-53.575957651543,-1.5304808891036996,-9.840252188313531,-1.787985922403824,0.35092606668397225,71.7783908058669,109.23981573018872
-0.2432036885210149,0.7893664712809276,1.9048264383962057,0.437327151496491,-0.030279365024928465,209.23419821145507,178.48160332249643
-18.48025387422119,-0.2620850189884241,0.25279434675554796,-1.2941664481394282,0.12245915547690277,123.18312009602656,155.96231447575218
11.569062989415718,0.060751935481590434,5.0548530945583146,-0.7112719421248092,-0.08079698132755492,171.2663407352007,191.51616541087208
4.415870387926536,-0.01984322557571116,3.7716277564800293,-0.6784548251642005,0.002380856829962813,176.94474527181416,183.11514726536535
-75.3310382429572,-0.7519285218099957,-8.12127360043093,1.063977813458588,-0.13146559750579742,112.26699838634268,92.35183816562346
-126.85618759381309,-1.9440923138158104,-8.58387563197841,-1.5285744264294894,0.18982415380809803,66.2141422834606,36.90066050264009
-48.256532387689944,-0.027532401397225747,-4.0299375026590925,1.063977813458588,-0.13146559750579742,126.25463375164485,124.24207623907532
9.207511092007023,0.5820995973591252,0.5514059333138815,-0.8190996121382373,-0.08645890951109471,183.48457661686768,185.0590244158995
80.61228806978473,2.041274111037433,13.196207687515443,0.41388635366748483,-0.12116352946073256,229.3344430520188,271.7660590074131
-62.70972371265404,-0.9649444383755685,6.7445416900595285,-1.0675720691257022,0.08916966460161257,132.9800049231551,117.71503744937462
-27.40399844695824,-1.1957892320628265,1.12456638896008,0.8545733528528,0.03384255183254317,108.04346030545408,149.0367609294931
-70.21151526086021,-1.2018607928485492,-13.206907244374438,1.063977813458588,-0.13146559750579742,83.65983519396497,91.93579523273837
57.36087685276575,0.5499063480014837,2.1693297293958937,-0.06899408161004132,-0.05475400747379825,223.5286614242468,235.5799311559481
26.98066631858155,0.9862776905127801,-3.5053699476321505,1.001469019247905,-0.09486749958215797,142.3242649857313,200.9917418959967
1.0966208790897927,0.8645454931012798,9.45284491826833,-0.5737525948613066,0.34344338189782236,184.53573971924055,186.80726839236468
-6.783518715938845,-0.26126093909729825,-0.5565878035496039,0.9202075867740171,0.018932679224894618,156.02598960438314,168.96133912228194
-12.936037407116626,-0.10685929772489391,8.359341520485815,-0.3846634923739905,0.2988616786038884,206.92516981466923,170.85420931674298
9.356718316757437,-0.21172439889534408,3.167375417556797,-0.4487350064399406,0.10888283141621238,204.1144052725766,187.59608347526392
14.987749186105464,-0.6813539021404813,-8.662940502846213,-0.8566048886646471,-0.09992649261308441,141.153354603434,180.31048971470983
117.8506074738424,2.3358645616373264,1.3483569566711646,0.02008095014018195,-0.020610191117526502,282.3004796064528,297.15786606604235
57.51562148321916,0.4289214355704855,11.699065317179905,-0.2268287869920159,0.2979018337760839,250.4434206690927,245.3382475976224
5.47798851076666,-1.61811189219002,2.2997363217107907,0.6076636157206021,-0.12116352946086428,177.76814850196828,182.269679341416
58.4968137647975,1.0893762282080732,9.202467912096195,0.24354988944337366,-0.10594763296463505,239.66025207246744,244.5498264764493
59.793522022836434,0.9107561171608742,10.053313412042957,0.2044818930616968,-0.0152109840813838,248.9373063557201,246.57042877588935
56.81347448047712,2.2355981792113457,8.248432871087383,0.4638933890360312,-0.13146559750579742,172.81537664116237,243.2534996371749
35.13529675336365,0.28951666763784645,6.854616019292192,0.02008095014018195,-0.10039904327960938,261.287405414297,217.822677662023
9.468193507549948,0.6850463147049304,11.823558590248266,0.1732274959563553,-0.0801590963717936,243.5696906153541,197.69343312695645
-54.26144869543447,-0.8631053861590962,-0.9052181530994984,0.8811395903923402,0.0013846979762492794,124.79884471319912,120.47631836854433
-55.21634263779277,-1.7169125077763587,9.254524956455128,0.8623869521291354,-0.03819776864171069,141.16029331137807,128.7690253092422
47.79234250876659,1.3015766921885321,5.248607064890918,0.13103405986414426,-0.09928365106369338,235.5043712800197,229.99784298951528
37.89215594923271,0.5853065119055861,10.995728050901961,0.3420012403251994,-0.08793803142629182,221.39387401708703,225.35082003580794
-89.02277416014685,-2.1741727803567317,-2.174610056721939,-1.041005831586162,-0.03427882512000791,106.30044612718238,81.17672466093711
57.74563545018381,1.2519513695365243,0.006687148914377975,0.16228845696948577,-0.02216446535049997,259.86271764331707,234.76796427512244
-28.73766035397393,-0.24350430687664976,-1.7872758748929882,0.9108312676424147,-0.11351517182889008,141.85813474397656,145.65244187493872
-25.959046517391073,-0.21546363338754687,7.620541642429949,-0.7659671370591568,-0.059651146640668146,130.22750891303167,156.2439795228203
44.688436848740665,2.171460318847541,4.835123265307094,-0.23464238626835127,-0.1061933226720258,262.7063814123127,226.97775103882367
70.9219479507215,1.7968122155054398,1.5656200212969658,-0.13619103538652555,-0.08779480570784318,308.34590323586065,249.68396066129833
29.50793299195807,0.35001268781562694,10.418649455451902,0.0544607869560576,-0.11621286867092405,221.1337537870912,215.83840936837953
-15.67956168365031,-1.2378941009667754,5.228748413101085,0.8311325550237939,-0.07794608371920975,112.6853457279215,164.68804541465738
-33.58889355264586,-0.976371731676246,11.322846933069988,-0.6159460309535176,-0.02956678498880249,160.54646845546188,151.73563514767432
7.080588375785519,0.7667372005139145,4.216479633350228,0.44357803091755926,-0.07771604387174923,197.6988659882189,188.05323351156426
-38.68627711500306,0.0414189106104926,-4.041627251077468,-2.4677690594450015,0.24012310804028708,120.58188516319568,130.70943490799402
7.865255067874514,1.4352219831799324,-0.8897011595440607,0.5623447399178569,-0.09542575899922086,181.66486400054973,184.50126118729776
48.80217235058574,2.40514280836676,3.906453230505504,-0.44717228658467345,-0.04448200075946789,197.974110982053,230.24568041698268
-39.147038064897686,-0.35905983945146847,-7.519782657220235,-1.0347549521650936,0.34951883484523594,129.9830960458532,127.91244963597953
52.32956296403605,1.3332510784261016,-7.679878029761456,-0.228391506847283,0.008675842120086572,233.75868720798945,221.38678666284227
-9.62941844299466,-0.41840327465559074,1.6219627999458315,-0.9316154417174667,0.04052672987883221,155.60958939948117,166.30661868532573
-66.74657077910257,-0.9589710973071491,7.624619156035358,1.0546014943269857,-0.10593818115224564,113.84880173203592,116.49130690766916
62.04075077770203,1.5530771288748573,8.758165949462454,0.18104109523269069,-0.08638019316413004,282.0643679655085,248.07022107297672
45.160186919147925,0.3721208364888866,7.419234950000787,-0.18150991118927073,-0.02534589538747703,236.81781171487592,228.36825321392962
63.42068894003243,0.0508804716687562,-1.3616509145223297,0.2529262085749761,0.007653567873638644,313.66367978775963,237.99406458849626
3.8781526334956125,0.3844732377280429,7.081929672963759,-1.8879999931409168,-0.0011362113259822532,101.24468386513855,185.07898565458925
-11.319013369564239,1.160245497363239,10.531925486268284,0.8436343138659305,-0.03685737763566019,147.93928678406317,176.8035008651663
80.0034951065323,1.3053640896603929,-4.430471391751047,-0.16744543249186705,-0.055029057866409894,253.2300801482268,252.27947962895217
87.3853433964839,2.244191487538962,10.992675546258102,-0.11275023755751942,-0.100580958110551,239.84891187797643,276.03244554948174
-51.340309011943056,-0.5773903505988323,-5.999826623422806,-1.6723446531140604,0.032585560292075044,60.47540482522058,116.06628123608209
-119.85073592148937,-1.2390629864740625,-12.476409707147987,-1.4863809903372784,0.18482433439749024,82.17650650117258,40.75580104381757
-12.537477181204599,-0.9877263053594133,3.004575435843885,0.5060868251282423,0.0724056634259979,172.50163338722007,165.68143075270294
-49.9962963826823,-2.375599484430617,6.064150876880713,-0.8425404099672434,0.2097508221722744,148.0963621120101,128.68303173684163
27.18897867595583,1.3226711123555168,-7.021409504857097,-0.25339502453155616,0.2735560260449315,225.21034932628655,197.1339675998364
45.613022663520724,1.9278351279599546,-0.5930495245207371,-0.32528013787384163,0.03358320348064177,251.5608987968362,222.27967764743556
-55.779535942626424,-2.013805389555747,16.13607573659923,0.9342720654714208,-0.08003747128645738,143.16283303544154,134.8205353134708
57.89110826760526,0.6426882783866001,8.059793440278112,0.2982450843777213,-0.004934870656621938,213.2448558953049,242.51046651485984
14.094737149270628,-0.0768706360770282,0.3599730132813064,-1.000375115349218,0.31027453495964674,148.30693551902883,189.3113052609541
31.38317461636062,-0.11576328085036666,1.722990523774176,-0.24401870539995374,0.2661664694442599,241.0325880967079,208.63611593819752
68.4045666430593,-0.4192497508158608,5.425561568867226,0.3670047580094726,-0.04704577689128864,247.94043891918224,249.35440375709766
62.39183654228546,0.512123600141175,-2.7508178985145912,0.3654420381542055,-0.09716017818164877,230.2946967152227,236.0449904187534
-29.443310638191427,-1.2933239398591359,4.230835371670032,-1.437936674823999,0.04921250541069108,115.05710704086654,147.72904293907496
-52.64622835506848,-0.7698499312336544,-4.030309897035167,-0.687831144295803,-0.054694121663182216,143.66218997225624,117.4346528655725
2.4593153141870037,1.4835260237887118,-7.0280248045545815,-1.1144536647837144,-0.12116352946073256,103.54727605645502,171.30276565404546
38.3100205855087,1.9138286433443885,0.9388060429518006,0.9452111044582904,-0.09031117803518914,154.20475218666826,217.64112151309678
-51.23425698594353,-1.0601131845680514,-0.44261248611217413,0.8092544770500548,-0.08823804315266061,121.34592792462304,123.6076000921424
-141.06053885664596,-2.8782123202551726,-17.297867883916307,-1.583269621363837,-0.09580987916074488,32.52839286314105,12.707867753526784
-5.0437837098894365,0.028751262347667925,7.3919240169083285,-0.1643199927813329,0.20247635464617156,206.18814858019635,178.03861424610017
-63.60724744359488,-1.1531622384374545,-0.18976671600433473,0.7686237608131109,-0.11349222639916214,80.67618473638922,111.32852145124608
-56.59747845229612,-1.3548856497721946,6.27559566644421,0.6967386474708255,-0.13146559750579742,102.94276073190346,124.5120709292097
-16.602295967860012,-0.27913305409912725,-2.903606797320466,0.7608101615367755,0.08497182418364851,134.34769172077958,156.6843124813096
-57.54130594207377,0.11409978054071461,-2.3382205384410613,-1.8817491137198485,0.09799549684328705,112.61766315858974,114.0743859980181
22.263376210986006,-0.19648998448762872,15.108502313705307,-0.07211952132057547,0.019924694489472695,248.4201525439053,212.74676002824134
38.8991991635246,0.3156995897844635,3.1535343940872766,0.04664718767972222,-0.12116352946086428,266.3677386418893,217.917483120484
32.546266220082366,0.9046325388854333,5.287406335887611,0.2232345313249017,-0.11335706959779362,239.3125162600484,214.47174887145133
58.32800739597601,1.182934993688543,8.82976452724468,0.13103405986414426,-0.08638947320545938,252.73504844114245,244.00891781843671
-26.132816017675527,-0.815688052082966,-2.8728041578346897,0.7451829629841048,-0.045815233692884136,143.07703635029958,146.5016258165668
-39.62657334231833,-1.237823006588557,6.77626728913979,1.062415093603321,-0.13146559750579742,101.1422887609404,142.46638675119922
77.36814763655632,1.410349005749451,9.137841395607419,0.12009502087727475,-0.02527975927149865,265.014399258295,263.6347196143878
-63.429362667468034,-1.4839981813011778,-10.327804543781777,-1.1535216611653913,0.1481885751052692,73.36289692684902,99.37706783625765
38.532419138246496,-0.5981692917219978,8.218790546127344,0.5279649031019813,-0.07801629434785406,213.3644360665031,222.22655531627476
28.023053776153965,1.655667838930882,5.985182975291952,0.8873904698134085,-0.10603828334961728,148.3627250734417,212.06882309170936
0.40740405638557214,-0.45238269573953177,7.798489876605596,0.979590941274166,-0.10620725294714171,109.0329864441261,184.25046124044746
21.964735184088184,0.9905401298979171,2.8296392091435987,0.48420874715450324,-0.11643684627687903,216.8799268783361,201.77625273887605
-43.98422230043076,-1.2442853582542592,-1.5370086209700702,-0.7175228215458774,0.1546265852855988,145.4428408615206,128.2951537989534
63.97709741176296,0.12340930622079507,4.587776932241866,-0.21745246786041345,-0.100580958110551,236.4943713283269,243.9938165391235
-29.02062812075195,0.45627285974203446,-7.04043390901134,0.9827163809847002,0.1202774430002455,117.46679658676284,141.1217709688325
-0.41634306249253766,-0.42523788054166056,-10.81625574496406,0.7342439239972353,-0.08772474523800115,144.4079456055838,164.61224880562975
-72.79273356994142,-1.053999491835297,-1.4841685435103547,-1.0800738279678388,-0.0723846622074663,98.34742495929926,99.14020621940645
24.799115573720222,1.034349722189524,12.30298520772841,0.0075791912980453496,0.09814790045543169,242.7745564210686,213.86574391026045
47.07621716162111,1.285710852044964,0.7327245465289551,0.012267350863846574,-0.09705733589573075,245.5385164870835,224.6334288900319
69.95734975340483,1.6619531963892473,7.559860575958824,-0.601881552256114,0.06165515999227956,208.8128601410181,254.26250344835785
-117.05643701943727,-3.024846767145869,-1.693687569727468,-1.2300949340734781,-0.0294117885650649,48.42452417695314,52.58908823591963
76.54934449228932,2.7907199978980657,6.113362189398466,0.1169695811667406,0.019238247075345452,262.5615540309709,261.2132008226967
35.76097149016079,0.9818413123306695,3.967381658618635,-0.22995422670255006,-0.12116352946073256,242.67083556882892,215.98264301981567
-78.91127596531655,-1.836429889083413,-4.496764330054695,-1.5926459404954394,0.009965773172983259,101.49215249996338,88.79641596309168
-16.225023817476462,-0.46559781835616026,7.49773884959721,-0.7347127399538153,0.03044051883534658,172.66322334838026,165.72641130751492
-174.97853923387814,-3.201416851306268,-15.727891205789566,-1.0769483882573048,0.12019732532842507,40.32164334770653,-19.24103203903409
38.73747199009992,-0.2974131722140968,5.4324654075812635,-0.31590381874223916,0.10950262265370277,252.04930379623823,219.2896893442474
83.40654508579327,1.2141031137532874,-1.799743443399784,-0.083058560307445,-0.046663988183098484,267.2764574474516,258.31474852252506
58.490799187683166,1.1222646195334371,4.654438856146391,-0.1268147162549231,0.17077359036800266,257.80006020097863,239.93502785234483
-14.275209194372701,-0.36773163183093627,0.3051031879881755,-0.5862543537034431,0.07068808687842457,176.70318463168724,160.77016240982832
67.03399262041013,1.8727155311524395,2.460009260754252,0.04352174796918808,-0.02168042926776395,279.7485566390741,247.01212504588705
57.48972933303075,0.6859733291608696,5.160325395903148,-0.13619103538652555,-0.08767569397377752,246.375587487614,238.73572764360324
62.78381711654587,0.5486599314517235,12.377663994363127,0.5389039420888508,-0.028914060554319228,231.8185304042203,251.84369723876404
44.995998560477595,1.244459887778654,0.5074478217903957,-0.17994719133400366,0.03736500347989622,267.5948681462274,222.22889039706132
76.46422418875078,0.9117156137023016,6.559140709235033,0.1982310136406285,-0.11316778759159428,298.7342709354845,259.6437100526059
0.9235923162885491,0.5585590052340613,-0.4988330339925921,-0.6315732295061883,0.10195592448459548,159.85162165160503,176.07726729737718
-73.01100625169684,-0.7080698190964161,-10.621354704352745,1.063977813458588,-0.13146559750579742,61.45637475996681,92.21564775567558
12.121937460557154,0.061130809626691325,5.685708953246572,0.40294731468061534,0.01713741460578302,230.29797160471733,193.91242826758565
35.16362009747863,0.22060377950532498,18.901528698749107,0.417011793378019,-0.100580958110551,231.08879519138864,230.22574972586926
8.097749204562712,0.30539861378186817,13.440489030194485,-0.2596459039526245,-0.09728022020199728,245.978966947238,197.11027703925322
-112.5115182573363,-2.138003342433377,-2.6840494049602195,1.063977813458588,-0.13146559750579742,66.88468462217203,59.222507526091675
9.493509950293227,-0.47257559064924937,2.031805983845752,-0.6190714706640518,0.030524849095869548,170.7483746475275,186.08776003679037
104.63657789328225,1.8511484403432916,7.468025274588139,-0.16275727292606582,-0.04874698286116462,270.3220883226616,289.3678136672952
-28.505190221289954,-0.6705195863138513,-3.9740340612063543,0.7576847218262414,-0.12116352946086428,140.55865882674135,143.11034363842398
28.79821604751626,0.3091308391809423,2.4561026228096257,-0.37997533280818924,0.13692757205325176,224.36819286747377,206.94396806362067
-9.212782139371829,-0.08541285538770234,2.148799909803191,0.5029613854177081,0.06452954275384938,188.66382561124627,169.041662158084
-42.87622202322433,0.7713897974106173,3.7580513194806437,-0.6331359493614555,-0.02634710608130067,155.8357507529577,136.61730235309295
13.554990778687912,-0.6547551835632817,-0.6784831416654892,0.2982450843777213,0.22697260405927872,217.56536042827204,188.37053645676497
49.53699125435415,0.5430551421078368,4.002467675493032,-0.1721335920576683,-0.10127890939472935,218.47146109122565,229.43266788537142
-62.84827132237027,-1.505841258931957,5.524614688577429,1.0311606964979794,-0.11086685683456411,152.66734606086402,117.7143622618074
36.74737067382743,1.5863723256826805,13.786347742453698,-0.28621214149216473,-0.003904489768067088,229.755873815974,227.45354042557238
-54.566716555009734,-0.8509313866311192,-3.4964099479698234,1.0077198986689733,-0.052680365129964116,122.79753910697194,117.6645479587971
12.806676566400503,0.5757911434823061,-2.320667001971063,0.166976616535287,-0.010963231256778425,223.3775171580723,186.84138040805902
73.21294737710193,2.1375189509639165,5.396114168940647,-0.1080620779917182,0.020144731891226616,278.0721760648773,256.28222946577483
10.836038306363134,-1.053194780304619,0.5932516123728229,0.0607116663771259,-0.11615133266573555,210.76511846668868,185.9442217870115
-4.1998271806974925,1.5087970160699185,11.539934344173615,-0.6503258677693933,0.2419697745023285,198.8401134386696,184.06411440114778
32.15115768986459,1.309400640263578,7.217978217681551,0.25136348871970904,-0.1061637787148083,237.23621496101987,216.44730257268338
28.47061099581643,-0.7572708221577205,7.218647859270504,-0.4174806093345991,-0.06277765285697946,273.5088749086113,210.07529608560645
-125.71194142951003,-0.9303494957798067,-5.039292157346149,1.063977813458588,-0.13146559750579742,72.69116394468764,44.874495448185584
-40.69040808058467,-0.6497130644766497,1.144367148688099,0.7889391189315829,-0.10584839035246421,141.92801217562646,136.11090304707471
32.416564115430376,0.1666518005968093,8.745116973711996,0.12478318044307597,-0.1131753336769421,262.2606111093374,216.9635070513741
93.97174145649738,2.092913966523537,3.766954009403205,0.03883358840338685,0.22475236439856253,289.4339431624542,275.71876170009483
49.497752784097784,1.8896644938990206,10.821308557416089,-0.1268147162549231,-0.04762723701611021,246.6820652505454,237.65785019701065
-8.960996551755422,0.4861512459065261,-0.4972839483966755,0.5060868251282423,0.06993244506900918,194.5949881876555,167.22745633082047
-131.99781843801983,-2.2174579659130176,-2.1023830591037274,-1.4520011535214028,0.025332499748922526,32.99548697652701,37.87923819805975
54.75789447775728,0.8925211440455909,11.791059709051215,-0.2643340635184257,-0.11355540854342946,223.7533917482534,242.68715217366105
-2.363801786894854,0.7975398779993809,-2.528688474637148,0.8061290373395207,-0.06340923935180177,148.57643228308777,172.27133572932388
105.2517311537703,0.9862613451778368,0.154492614680371,-0.270584942939494,0.04638649596231972,271.3137493251449,281.7918529815201
34.81952362169088,0.4917614599405501,-0.2614638886808078,0.045084467824455146,0.14262105062366084,251.30533396367065,210.86109302626755
93.68652736482184,1.9579626116105153,8.446313881185507,0.37638107714107505,-0.0053103867898867336,268.76224472819786,280.08544086283786
-43.86129582343104,-0.9889051123707617,5.5966560229058455,-1.6535920148508556,-0.03250534316292898,126.40480095972666,134.68392404395905
9.836668192007737,-0.3467942646266968,4.317266031970274,0.5639074597731241,0.1824261507996667,179.50756026541202,190.17703988479292
-103.8169078854489,-2.500699294165263,-10.735108672586225,0.8139426366158561,-0.10147599989104678,75.72995462318858,59.2833170993932
-89.33861106720397,-2.2809447135169583,1.332291950049452,0.7951899983526511,-0.10612253032010127,94.57756398658492,86.02536995222988
42.052252373784235,0.44104765856726846,5.515626338825078,0.5357785023783167,-0.11640627143570055,167.12127057058572,224.05186491698805
116.03582187506142,1.9704389090026402,1.9052409558405405,-0.12368927654438895,0.004233220063351472,285.32260084014393,295.4156119982924
53.53246559333609,1.2431792325478634,3.7196289413414556,0.3029332439435225,0.002705067478180563,237.8836943512761,234.42447839351587
-45.05012810421089,-1.5889100510628953,4.769458741976487,0.749871122549906,-0.07749667034573085,94.12724172208308,134.42636135377566
-34.20328930547877,-2.4003381193927673,10.45167976752937,0.873325991116005,0.044558514987890686,121.58608383737548,150.3895031636305
4.911136730356365,-0.06463305879475957,3.1463780458647674,-1.3941805188765208,0.17454832961368968,128.8713006616944,182.3968158430323
10.916783449754055,0.8787305037023365,4.770454079381135,-0.06274320218897303,0.26347195503223525,250.31264270547533,192.3902631005496
75.33830148414313,1.4092185621113302,2.6972446908340997,-0.29871390033430134,0.04952539930345368,221.1623097301868,254.81914255092653
-38.03904724204267,-1.199864939220524,-2.8131909218682476,0.9264584661950854,-0.12116352946086428,171.60235633587197,134.37675814847157
12.079734921320872,-0.14837972996713164,-2.7131164007130937,-0.8784829666383862,0.013189569462499362,136.67882880367262,183.97651170833353
102.73429499198633,1.2346812111857823,12.129775629675722,-0.0893094397285133,-0.13146559750579742,246.98438935352823,291.5015431104823
-7.81379222944223,0.5690790266065031,1.6759169814784907,0.5154631442598447,-0.12116352946086428,199.3356839725837,170.44906970831053
-72.08045231073851,-0.4597403253082187,-3.69941038937839,-1.1394571824679878,-0.016480388374866917,104.39321753032294,98.2280257186008
43.887968112398255,1.225441307339908,6.491086135404498,0.20291917320642971,-0.05349167911140716,233.97592520259008,227.37748936410645
-11.438354992285145,1.1891882640419171,-0.8893695791268228,-1.1832133384154657,0.020144731891226616,130.58787917407096,163.3219614009745
-1.316822810703835,-0.7007967273854583,1.3440072355803478,0.3779437969963421,0.00617640309930372,244.9599553821696,175.33407421245548
-33.858970705901946,-0.03041488926587935,0.4686538121034528,1.0061571788137063,-0.11086685683456411,132.04304945156193,143.09812485378356
55.782831738414444,1.1311560188286176,11.921381440750002,0.30762140350932377,0.007835430489959728,226.7838394171451,244.77439234686113
35.336350584428885,0.08633721152941194,5.656886979169182,0.6592333709444156,-0.09698947020320296,191.3570665327881,217.26538499073746
49.46671241296103,1.5084482963335557,0.9501501992237664,0.37013019772000677,-0.05376546122933197,217.2494754986856,227.86524195987778
-51.86185189052897,-0.4534282182194233,-4.112293050684464,-1.0957010265205096,0.01732271528194076,119.67326014076768,118.11761484419733
54.10610602217904,0.2911309048610182,5.173532607677984,0.20291917320642971,0.2074468485344756,270.54665385695495,235.6047018713278
55.023197171903846,1.4177675899491724,10.81286540601997,-0.04711600363630228,-0.10586370194877759,280.1340100862811,242.7244167771567
128.64758809362667,1.4645980580072473,6.923273979497921,-0.333093737150177,0.032096712575932905,279.5870452317621,312.3580294214264
-30.104863290107016,-0.36298758781713986,1.867682474324367,0.7264303247208999,-0.08099361357226748,161.8046739597482,147.66883462241762
39.83411757364182,0.617642150926689,3.989995841368642,-0.0705568014653084,-0.0720799127941397,217.4124378060165,219.9226851665465
-86.93189326664225,-1.0457109025397113,-3.9456710380799036,1.0295979766427124,-0.13146559750579742,79.61904106187859,84.59842348674383
1.9239481637951168,-0.2799738004164369,4.0749845338984025,0.771749200523645,-0.04621173083385502,176.5731326216445,182.06806268183567
59.80902019779188,1.361530385021824,-2.63481523846607,-0.14400463466286093,0.04687904599205334,247.9216451988354,234.06217607054555
5.014633522012933,-0.903843456956912,7.404531389448755,-0.603444272111381,-0.04175420692104108,194.6887342421345,186.49368929034114
-32.37343616253081,-0.8202419090957008,1.536343842625381,-0.79097065474343,-0.059492538835037224,128.41922197148213,143.11576889228917
59.710154227309694,0.22500356173959174,1.3397525708254066,-0.0768076808863767,-0.01038826507660834,284.37520059358627,236.8112807287805
69.72857743358925,0.9975280858312193,0.15700802391560656,-0.11900111697858773,0.2514115458432606,248.0550487848306,246.6390902870695
37.894029034058406,0.6184558040448656,3.9516984314575896,0.45139163019389467,-0.042149298768673044,239.61474155008432,218.4969919158549
51.99163824434365,1.1988079768540867,10.196905124142557,0.041959028113921,-0.09899838763027902,245.17705886196185,238.95387830069274
-45.576498312269806,-1.1997550645551245,-0.005761367095486072,-1.4504384336661356,0.11343422902322198,114.55837397286751,127.50454736630545
-16.631964536137737,0.5700611122764705,0.9926990906834227,-1.869247354877712,0.2321216787458364,97.565747947487,158.91723630555904
51.68703754946694,0.6950474936729394,4.308063362425203,-0.5440609176112321,0.016062322495325826,178.6852936371778,231.7857161253179
30.018518542388144,-0.17161025885052736,4.920424790647942,0.28730604539085175,-0.048133442189326435,260.1208069292066,210.63007199225592
27.039766196996577,1.5397852280524178,14.001925017400072,-0.054929602912637654,0.031191902147104014,237.27491207773605,218.18130505655233
-80.6153376577761,-1.0472771807576267,1.498048573367259,-0.8800456864936532,0.16979946986441286,114.54179911090708,94.7487538330731
-3.588990356637201,-0.07296915876198475,5.043244618410544,0.6826741687734218,-0.052170700755119745,176.39488854273617,177.6353548858985
-36.72363997627036,-0.6914972066284771,-12.042537713162872,-0.8269132114145727,0.02824866522479816,127.96284906789856,125.3672268726173
-70.56049956605308,-0.8518525887104343,-2.5584367804707355,-0.9769343175202119,0.10975789252157228,106.5842379724334,100.7856009546359
-39.46527585171561,-0.05906049160643888,-5.491140624142137,0.9139567073529489,-0.05888830935516509,113.23578970768268,131.46315774540238
-76.47249544586207,-0.8387170880846637,-13.57279018768251,0.9217703066292843,-0.11676413757539793,95.82641314941128,85.54456976229343
-55.69296421852339,-2.9992332735383562,9.223566768849304,-2.9475240550119937,0.1581455444726739,106.12501873500284,123.36555708111703
-58.37160346042165,-0.6792486339615588,-0.14512528593888194,-0.8659812077962495,-0.05284423681045316,152.49890098132798,115.50876348993998
-62.406443142390415,-1.453984650639974,2.8245234274418283,-1.5567033838242967,0.2760971674872577,82.2212299088042,113.30705573294318
33.036625365287094,1.579561547745279,-1.9474301017060074,-0.017424326386227852,-0.11302600056797503,257.2441242183982,208.16187279924094
16.260732463222023,-0.2953564456371778,3.9564502240412462,-0.5440609176112321,-0.03320323305815543,207.99897909171105,194.9681284058255
19.183505586382253,0.35040212157412653,-1.1768713302533955,-0.9019237644673923,-0.08319132069414047,175.93911217455235,192.9954876074102
-34.103286448472936,-0.6966052424114746,-0.5826130916076578,0.7389320835630364,-0.11332725760083184,170.12829749911393,140.86666635833893
72.37264926379346,1.9362009919198375,0.7835931302561582,0.10759326203513815,-0.11287492367697456,241.79836298153336,250.7107280391964
-23.584837601865427,-0.9024684234183895,-2.7945759954752707,-1.041005831586162,0.18242334109619238,133.16997332774156,147.48310180361975
-43.58259879002337,-0.6947419402077195,-0.8321433801813763,-1.0378803918756279,0.06295080228659285,111.1157018169101,129.5391526148673
-36.836649433565135,-1.6999963687124453,-4.733197547028883,0.6170399348522047,-0.11327649768303386,165.70831223350066,132.8574864027315
45.83878081661897,0.9477351951016215,2.247368512678917,0.0732134252192625,-0.018915792740277625,303.5526299919351,224.71174847174734
-17.764314954331457,0.398212957994491,-4.282605533642497,0.6951759276155584,-0.09980589105057765,145.60559644030084,154.57022882145432
-44.896448384169844,-2.216933489047383,3.89075391306261,0.812379916760589,-0.08643602220193208,124.3304171933587,133.12688224927282
-132.37142042834466,-2.828830798194742,-18.50289504627614,-1.309793646692099,-0.03938671508103228,43.50122556240522,20.5712396802801
29.714959517493526,1.0691767830821393,12.195260630165656,-0.20026254945247562,0.13969934194810169,216.58753697973515,218.54240003810577
-53.30795614921018,-1.0228924884424246,-6.055900157636884,0.9311466257608867,-0.07591220541624873,130.92672153780447,116.09205193992392
-100.27482731394949,-0.6481974698780628,-1.6797521372877169,-1.8129894400880973,0.38067443346777974,63.61251590885065,71.58847438713318
45.93375225019124,0.10611819055671252,0.8632584811041748,0.44514075077282633,0.1936319617742244,217.2593071907108,223.16546794926796
-46.099418327587145,-1.5356497456372968,8.323814756749115,-0.6956447435721383,0.0522237004752461,139.2278724200256,135.66889195529654
-110.15885274028983,-2.0709746839290997,-6.747603583632378,-1.376990600468583,0.3496003726965467,70.03177756780696,55.61874507924543
54.038570230590175,0.9627252031593598,4.556575910221504,-0.28621214149216473,-0.08006281107864134,258.5044633683236,234.81516270626906
-4.656231529653424,1.158214565238257,1.048129063950633,0.7764373600894463,-0.05704123970470011,178.57183416321453,173.893074534789
60.53878885620887,1.9186760011720958,7.543146295691625,-0.16588271263659998,0.12108701656841306,269.44381099283254,245.57938177187316
62.8089738719535,1.3997177876417572,8.201124386822222,-0.31746653859750623,0.063375014196888,267.14796728308335,247.7792908368856
-56.413673948828375,-2.0602293566597263,-5.697362722825637,-1.0925755868099754,0.08580815182432416,150.92886756125483,110.4455328515694
46.30906156214655,1.0073561642256217,-0.9646278312613983,-0.7581535377828214,0.08342388089943474,181.51734503685373,221.30062655309615
-91.80942833287608,-1.4958534901720364,-7.294833487172965,-1.2441594127708817,0.23480918993219943,73.12647133933284,74.01410078180902
48.23367201607891,0.8124844044524027,1.4457282734236834,0.2232345313249017,-0.10592214776486113,239.42868570145,226.23276339238384
28.662898595360257,-1.226283499127325,7.181811049165047,-0.270584942939494,-0.046988050971126114,259.4642829346874,209.92441946635614
45.8648062261318,1.2715762669581274,13.429862133890285,-0.043990563925768125,-0.09476310519374487,249.57051691461385,236.05105727272945
-70.95815460605931,-0.16303603326617883,-2.9314799086883667,-1.500445469034682,0.13759575684813713,96.51101157227016,100.20804605466839
-42.00914948170416,-0.43361493958377284,5.030378991001943,-0.5878170735587103,-0.0031302440075956233,148.63234949827336,137.62023356701647
-97.30112705996729,-2.1687685130869623,-10.234289038491774,-1.375427880613316,0.09877299041766284,68.56254959576668,64.6427268131271
-80.19587022413229,-0.9790040659255649,-2.3260074898174725,1.063977813458588,-0.13146559750579742,118.57650940541744,93.05519675094627
13.08775165050023,-1.0449477086331835,5.351993405865939,0.5857855377468631,-0.0009498442096441343,120.81147160116956,193.60319935613904
-93.06143976528013,-1.2610170726312164,2.2046686222436964,-1.353549802639577,0.07275359275649337,62.51670981712448,82.22498188931806
52.306165561533376,0.41095267348648123,7.820917278261862,0.29980780423298836,-0.09709205772330223,230.19402424225856,236.36431757466016
-119.36622371283077,-2.299539245088438,-0.4956150025302848,-2.323998832760431,0.058490698208473885,37.04761786215459,51.196680219867346
-13.617432946086565,1.353287205087647,-1.4494354223631203,0.5873482576021302,-0.10602957108871836,177.86183341915756,162.39130383802015
6.255706086877763,0.6274263846564394,-7.994201816684013,-0.5456236374664992,-0.024216553954437524,176.44906918988937,173.94265677829804
-111.18956943761424,-2.0161010746813837,2.997823896164731,0.9202075867740171,-0.13146559750579742,113.74002615483768,66.20446168800609
8.317700484865759,0.3542962099709507,-2.9238445368211172,0.3420012403251994,-0.10621018587848906,217.0320033671895,181.6075095273311
-47.46378094287048,-1.6422989054066894,2.9432933297179873,-1.270725650310422,-0.036673609338632604,99.1898232862044,128.15338053666056
-57.12598232763097,-0.5571386057520403,5.573529245008493,0.8952040690897439,-0.11342878999217151,110.21042843547144,124.29574990559183
-97.67031825639546,-1.6287471812521037,-3.171482533232082,0.9827163809847002,-0.11086685742161694,115.80236051307551,74.02486786755222
12.941880566563151,0.8601341502101334,3.9549984867075705,0.07477614507452958,-0.13146559750579742,241.76784469477005,193.32389006591836
65.79974976346409,0.5231284529639886,3.042526877318514,0.3373130807593982,-0.07789431917599784,238.22527182598407,245.24839017019877
25.223475847257497,-0.4016819407936532,-5.111807528736911,0.25605164828551025,0.09494548312609298,279.77836636650466,195.68454982400732
55.340454317858764,0.061996717966058976,1.6797214321477745,0.17635293566688945,0.21279046873736615,252.8036604100688,233.09488218724562
-45.92515017889607,-1.007486692995282,0.747370090802234,-0.7175228215458774,-0.002445143706503445,167.22318290163932,128.71833156852728
15.971938892426811,-0.10353770445574383,4.601175873999534,-0.5675017154402382,-0.08685149730709114,163.02463595466494,195.4387901640921
-2.8866556825328726,1.158770463027632,-9.999586751494332,0.8326952748790609,-0.13146559750579742,150.53854240402833,164.59732402124246
19.551732147160287,0.6480601803605763,-2.9321945514774064,-0.6003188324008468,-0.05382069937014993,166.69040461877503,192.23702455914122
38.363032673717406,3.000104408160355,4.806759744409154,0.004453751587511199,0.2533829128753838,239.4306771992527,222.0512998056186
4.816544002133124,-0.03974561174268183,2.067594415659788,0.7264303247208999,-0.08481951692125513,164.45855988019477,183.10956992871866
15.405610296077297,0.49407094705516197,11.673397994123347,-0.6331359493614555,-0.046553006388490796,183.709585752567,202.51695659637465
-1.0609418230679035,-0.4764071439403909,-0.6746325420044985,0.5451548215099191,-0.11086685683456411,212.39632108968544,173.84587277053134
76.02572316959895,0.34783350159967263,8.844182930035153,-0.11900111697858773,0.21740133929707137,293.7477782180581,260.93970613842106
-21.809831448072874,-0.5141666175583848,6.7257390336389165,0.5889109774573973,-0.0772745373301735,162.63713507762952,160.53694372300367
-7.5551945265558365,-0.0023296671559798394,-0.41420593407808676,-0.5456236374664992,-0.0777710051194827,199.647181211082,167.0284415444929
-21.256696429349127,0.36319951514467985,14.011735044122807,-0.8894220056252558,0.06684732802913897,177.6858898867628,167.919229767191
81.88214651090301,0.2015834063851467,15.319709044828786,0.30137052408825543,-0.11306113648389014,254.5458011769078,273.2153146645901
80.69104964246903,1.5794469826219053,11.457652977338313,-0.2393305458341525,0.08277443601853314,265.3512693167015,269.1951598074824
31.094259419216066,0.4778514209467397,10.305228496547638,0.49358506628610566,-0.09716702961783294,227.55453875749973,217.89732368824747
-6.688039583371306,-0.027407310706808175,1.0185139414911515,0.1857292547984919,-0.09930897288640327,231.6824839978193,170.01305364419392
78.11888281320223,0.6278012488305912,7.453395926360058,-0.14869279422866216,-0.11356965884257908,271.8035389121328,261.56138385019045
15.612820836089712,0.5969181623712189,10.027982459074128,0.9389602250372221,-0.08838346586660958,153.91265685089718,202.71186453157446
73.20432835618334,2.1737572171628528,14.291260099710055,-0.4268569284662015,0.15869623481277043,259.5810489075203,265.0247512942716
-100.84154306990912,-2.2632823584300423,-9.694556900626965,-1.5066963484557503,-0.021762435168261287,64.90280148244716,61.295725202278646
-95.6296262755886,-2.3997734422473584,-5.212131773551453,-1.1378944626127205,0.11116668101966831,97.80865116501953,71.3553070418883
-20.550947321792297,-0.7047165133280866,-1.9564505589475591,-0.8706693673620508,0.11408712118612208,146.12102634362392,151.6548696746249
17.70774318456748,-0.23004591250088405,5.203773801231456,0.28261788582505054,-0.009481760110274242,226.16094843867265,198.5781735138816
-40.275294400662176,-0.08444909311557766,3.344112940190084,0.7154912857340303,-0.025038820503288883,142.6505501125095,139.29838822651186
5.374438928556341,0.5025627734353972,0.6290039834221757,0.6639215305102169,-0.13146559750579742,178.91112663233406,182.66202793328716
-56.483187244434355,-0.7260517701144094,-5.491628903962813,-0.9238018424411314,-0.07977497808197134,119.79378885128727,111.91912157583408
-118.60868314231172,-1.4167573939220535,-7.938702643150719,-1.4676283520740734,-0.0012283410862986217,41.39649565427128,46.19056644232393
52.53185955488703,0.8669097296982347,11.724389818375235,-0.5112438006506236,0.08422665916308934,212.2082184808355,240.31970827634171
-43.8066890321973,-0.5208666232467374,1.5451914142310958,0.6217280944180058,-0.11086685683456411,159.17114738509292,133.3520633112393
46.72746034533643,0.18669155377803287,-1.581832820982881,0.18885469450902606,-0.13146559750579742,228.1387381135796,221.01327449000365
-49.461652853763425,-1.4407349789475559,1.6469521224982702,0.792064558642117,-0.0882738663506171,100.37300254004558,127.07192129694758
-29.199213754349973,-0.2783791440873452,-4.2708892198237836,0.9592755831556941,-0.11291276655552496,141.5869159780847,142.72144701320784
-30.962238756502394,-1.3483785955996768,-12.104639189296952,0.16385117682475284,0.19403922849862387,193.58503738408,131.56620017879314
-50.26331889767969,-1.3209749172228216,-5.1177982285489,0.5904736973126643,-0.001667772540179265,133.34139536923834,119.51028019618983
11.795582368007945,0.44324658655619,2.499907620042788,-0.9488053601254045,-0.013874140161978101,118.25342271985726,189.39962338918826
-1.4240007457757082,0.6841071920274742,-2.5556021377268494,-1.0285040727440253,-0.06558028507555089,145.87558505922317,171.23398626557415
-22.51447757307879,-1.4522126439648129,-3.930697144873035,0.7608101615367755,-0.11347923003154618,177.38131844255798,148.37350988445738
27.691641302389517,0.8165050214221923,4.179789842403134,-0.20338798916300976,-0.026177579050743933,222.4693688844132,208.08193691286988
43.3017001289353,1.8014123270351108,-17.12711591063482,0.08884062377193325,0.05198848091378129,251.44814877717823,203.74039196489008
-3.5667452399797996,0.4033925486191705,-6.103553003803778,-0.5299964389138284,-0.08764034182376611,161.74342802319603,165.73902383896677
67.46537806168443,0.6386712736374855,10.685135930893512,0.2482380490091749,-0.023661014494166577,263.8540956509942,254.63732861559924
53.73910041875287,0.8728742732340722,4.262326970358233,0.09040334362720033,-0.015237009489842489,218.86727605647,234.5730343113513
-1.6762821016099285,0.009786697757439577,-4.700883138915463,-0.6972074634274055,0.012323460120554007,163.22307752230384,168.57130376879397
-65.69604746275975,-1.8018251565025334,-1.2224132307368178,-1.3551125224948442,0.18435606389363568,115.96513041456016,105.73252400626848
10.969603389206101,1.0333814550507494,-7.422569714094217,0.665484250365484,-0.08552853599635536,155.96033910993333,180.78393715940058
-51.8758561627335,-1.8024025927303982,-7.185097998449539,-1.3176072459684343,0.03904092419002291,128.66013213483365,113.48164323917695
-40.037168376439794,-0.5562827223560807,-6.443921967710945,0.8639496719844024,-0.06714531294747478,106.87883284319136,129.3829976073989
-2.6453472515178684,-0.6844465028593515,-2.753361845788501,1.063977813458588,-0.13146559750579742,114.58427750445996,170.47292293065587
55.59241653222963,1.7271851368471807,1.494073533496005,-0.37841261295292217,-0.07578734065858618,248.86342756036868,233.9830415638301
15.027901718889199,-0.38589556048380347,6.504252914732423,0.07008798550872834,-0.08871946200888445,253.58211452728372,196.75119391150645
76.05566152564492,1.8119214485282005,3.3274480435198965,0.2966823645224542,-0.13146559750579742,265.8018303251197,256.98381409957847
74.47195704592897,1.3517806792628304,10.814302671777632,-0.0033598476888241757,-0.03756336367323826,273.49527984111404,262.2206835004762
8.586118057798158,1.064687948612527,3.579523068511783,0.03883358840338685,0.026789020898057566,217.67522352783976,188.9195179990927
103.79317455010255,1.3339943139932628,9.722047324014556,0.2794924461145164,-0.11308620795253213,332.8401085910376,290.63918874114114
7.542150650691175,1.2407161715122164,-0.1590171751089439,0.667046970220751,0.1660968304783884,177.44675831420233,185.08055976266235
-14.744151510988527,0.23603828002007557,-7.021034794216767,-0.6221969103745859,0.32708259618555086,184.0146294374601,153.79930397549452
0.957493507175036,0.2960021424159224,4.3777716603323835,-0.5268709992032943,0.025291195019729484,165.1460288747569,180.75325382060856
55.16323019588973,-0.180166571103298,3.7248780846231524,-0.06118048233370595,0.1321976652411813,261.7564257473096,234.40252520718587
-103.8400570843531,-3.245785200411353,-3.8530478381753217,1.0045944589584392,-0.13146559750579742,99.68779020052423,65.55780505338166
70.583272008846,0.720452253602231,4.510384864045947,0.056023506811324675,-0.06291707066816225,273.94396556430894,251.4307818775061
-76.42234627424276,-1.5673758631140489,0.43132945673189027,0.981153661129433,-0.09031117803518914,123.0262504768166,98.95601611733812
13.565617776019947,0.001983793974794204,1.8147907774350065,0.8827023102476074,-0.11086685683456411,172.32944422156152,191.77779411571157
25.824460473311902,0.33799046495415175,18.00792812418135,-0.037739684504699826,0.10502293583959854,263.53828521312795,219.86122862865102
-31.482119198819596,-1.8510864968906944,-3.848743145385695,1.063977813458588,-0.13146559750579742,118.1921527655018,139.3741296897256
-3.5783396936990064,-0.4895025498455946,7.791797036632086,0.7186167254445645,0.28960607717812176,161.20542408304922,180.3557439105789
-39.669921754193126,-0.8114063300177441,5.527740506823611,0.6311044135496082,-0.025188252391757735,164.279310532955,141.2758948986394
-64.57701687218798,-1.6522362586786807,0.08648061094466912,-1.398868678442322,0.3695705825545195,83.77494845004387,108.45149569905897
-1.1917898162760774,0.07138452777486251,-2.073716522180508,1.02022165751111,-0.11311330213728846,137.09088084280188,173.3365528595609
29.135031259115586,0.7444737640413859,2.7740580136628066,-0.12212655668912188,-0.11295823185580638,277.0117266778123,208.0420445631437
-69.6535911388382,-1.3897524563438008,-1.3609279205585838,0.8592615124186013,-0.07059677939152117,113.56340625495348,104.0079595321553
-98.73666521831107,-1.1079195217041176,5.51755440525198,0.9624010228662282,-0.015199811128118286,88.03967777344332,82.2437371918437
-65.42213336717046,-0.42687107350594317,1.079420943768773,1.063977813458588,-0.13146559750579742,103.66926514211674,111.78649503391395
10.707776277313965,0.9667857440258864,0.9378528760814233,0.9889672604057684,-0.1168746158333358,141.90535737397968,189.10807385686252
-22.48200640353056,-1.5721642493151997,0.9011632261232576,0.7623728813920426,-0.10604400058583938,143.68905017531554,153.12688776895249
89.47225404237793,1.9981521062316303,7.008949716822877,0.3826319565621433,-0.08763648603254635,259.86747725781487,274.39791765083083
-36.78160145749855,-0.2673410966706499,-4.375171310407946,0.7186167254445645,-0.13146559750579742,132.5172456184273,134.78660357823043
-17.490127802884682,-0.18430265677816726,-2.0601776417141493,1.0030317391031722,-0.0375067528554535,114.8928500979274,156.8544831997395
-6.014623946426659,0.9932035802063017,10.716769134879863,-0.24714414511048788,-0.008837204155937875,183.70525235614437,181.0629337342619
35.274776594963626,0.09645057475266511,-0.24611267300808437,0.11228142160093937,-0.038549144514574044,239.2436495814817,210.82241308866338
-13.81144300544633,0.22145603829530394,-4.207439198047015,-0.4440468468741393,-0.09415700952840997,208.19065860997767,157.2879362932682
74.31613992834063,2.2844320701043164,0.480099840830711,0.1982310136406285,-0.1001447828241262,258.0620136117997,252.80232438496097
9.76404337503556,0.23195806603357022,1.5009364343696932,0.7404948034183035,-0.12116352946086428,190.85181329036956,187.73983546426507
44.138103421632586,0.8285805529016429,11.155114855622516,-0.1143129574127865,-0.12116352946086428,258.78626666700035,231.50988865815185
-42.56289563215638,-1.9962191474848192,1.469800950014144,0.9858418206952343,-0.11320176017578387,149.5614538589585,133.40689254576117
41.966691882204344,0.33833612863836593,-4.233735744192697,0.4951477861413727,-0.03938671508219358,211.1334375750104,214.15061965257797
38.0471495469953,0.853351246689826,6.248000132094225,0.5154631442598447,-0.09557236407115563,215.24030950717835,221.1919580208368
-73.46532661241305,-1.159604586960002,-0.8805948672462338,0.8952040690897439,-0.03532393097639777,112.6512753793808,100.97792038636285
94.31898780271021,1.0031374420988688,1.9016721457529924,0.26855340712764686,0.010600814833307545,270.18499229106635,273.1265179273918
35.24729648244858,-0.04738119976891146,-0.9320589345768173,-0.21745246786041345,-0.04816847488276337,223.10083995741928,209.62580172022848
58.32741439387125,0.9075669026587763,6.097954278819835,-0.0455532837810352,0.029522698207824976,272.3069796780881,240.94047130464548
18.437524648467377,0.7479909600526472,0.652184354408841,-0.7128346619800763,-0.06807902921118922,140.05275434871874,194.68035258660643
-77.37157602678563,-0.8339909686132061,1.893747947088508,-1.2035286965339378,-0.08896625783580331,85.90465582683434,98.01925231218871
-39.33061559475321,-0.7510142870962776,-4.371245833086869,0.6545452113786144,-0.04262012356008774,127.02623968323483,131.78261568775096
41.69850874099769,1.7180556593066643,-2.7085405309789734,0.031019989127051475,-0.1057887750205827,245.9995068931648,216.2568213983006
5.175940107062462,-0.1609138871164385,-7.922091003916473,1.063977813458588,-0.13146559750579742,114.13243817856224,173.64901374685113
-4.83736235849112,-0.3074700828308118,-0.49401034113639836,1.063977813458588,-0.13146559750579742,103.63525418882216,170.91723574836325
-17.864651286437486,-0.08429084908502404,-4.129712960802747,0.710803126168229,-0.11645021480680764,119.58332127803104,154.13926412990494
69.41212797655703,0.7837504530025988,1.5521762390791518,-0.15338095379446337,-0.07788807919937682,292.3306007043756,247.14035195051372
-85.86650112776364,-1.6243052110832514,-1.2505808235964997,-1.9161289505357242,0.11914348778402188,88.96075624418158,85.08519368967367
-15.038183065557794,-1.5417888176374288,-3.4958875290553144,0.9889672604057684,0.04372350632909436,138.07099365901394,156.58039766935312
37.23314159894099,0.7255115515008095,5.128069157729866,0.45920522947023,-0.09502364532813934,221.2724961547085,219.07447020718251
-125.89252036904159,-1.6142359685800034,3.3214286383624105,-1.4098077174291916,0.034149761679321475,71.33648996720068,50.06258065985975
57.47484125330917,0.5206801227967959,0.3564064641676718,-0.033051524938898603,-0.08006281107864134,211.3709460577389,233.8623798191249
33.03928766743621,0.9193568260131498,0.23149492758184492,-0.09868575886011575,-0.07785496303804064,235.72585414725563,209.63716501400182
87.5769426924891,2.2498002361400435,12.275442110786527,-0.12368927654438895,-0.11086685683456411,288.0554693738705,277.49119522090547
-39.847168546612764,-0.8385309875450925,-5.379951058632361,0.7264303247208999,0.0798694941563787,124.18392171623609,130.36421554095583
-60.52579070799238,-0.7744871723497907,-1.0182812166597952,-2.102092613312506,0.4126349887741708,100.55988616608492,111.6155495933285
-78.31066116776631,-2.396853156646464,-3.6753384756385508,0.8592615124186013,-0.10052815945355414,113.98927202807738,91.9994468677825
-82.0769826986384,-1.8772843764545049,5.388510787880736,-1.398868678442322,0.08743375408497116,98.18768450439406,95.74637510329927
-102.2287329451804,-0.7197069066868892,-9.033423522235822,0.9436483846030232,-0.10049979139854781,72.51063693200817,64.48485153397016
64.53472527557962,0.5958396135977398,-2.5130756753596075,-0.270584942939494,-0.08792295363899873,272.88627031756374,237.88254763210796
-3.432976427574317,-0.09366159505836243,4.250568630224473,0.6998640871813596,-0.05736369845245482,154.2421015190894,176.98999731118948
61.52484215065003,0.11064913676403691,6.452116308638381,-0.11587567726805358,-0.015219371784712514,279.98076888769856,243.58007886186851
41.64945251211065,1.2724523035847353,9.348021341750922,0.05914894652185882,0.010379922324721303,262.4223962402277,227.9630213411616
-1.6882219421445273,-0.11176317795327341,2.1459431289325,-1.022253193322957,0.1349962869587708,135.82717523024166,175.08226741733935
49.2429519716922,1.0282976332162779,13.740015128928501,0.19510557393009434,-0.004116560323675506,243.1241829173612,239.82582006231218
67.3866705838845,1.7989073814045906,0.6839464996044352,0.2623025277065786,0.012902502952063554,255.0878012385481,245.76829581042097
45.302304098363415,1.5182605523798929,5.019268570295092,-0.09243487943904745,-0.11668663569943737,221.1123614426457,227.2542780207687
-116.11808165652111,-2.315401597909962,-13.371263122230374,-1.3285462849553038,-0.019812696797185364,64.34921484479648,42.47046095645483
-41.74380001928272,-1.0027196690394025,1.702510975440667,0.9436483846030232,-0.08759195981771625,136.2454833596764,135.4356140267726
-19.55470638914226,0.03660481045178933,1.8186417722440968,0.9139567073529489,-0.08824974953649554,120.85385103270508,158.74981346623886
31.58393804224632,0.15433157905008654,1.5465304992066569,0.6983013673260925,-0.1134264172661516,149.79626192749603,209.49324138543182
20.754552393252947,0.6926557107885719,-5.032103139721858,0.5389039420888508,-0.07794972412890508,181.46028237169415,192.49962549714843
48.125053970745604,2.890193860701347,2.4854000932674003,-0.09712303900484867,-0.11301897702695905,271.2167586924603,228.91407222355127
-0.4134511467445586,0.3639308242933652,12.012222379479876,0.7451829629841048,-0.057638309687862495,132.448413487857,188.2738130251937
12.875521770542564,0.47448606704574053,3.148779724651715,0.271678846838181,0.012928288997215437,247.84075093144727,192.40696101294418
8.20273013182346,0.024177452037959703,-4.361445566060154,0.29511964466718715,0.0037662667352717973,208.50149601555583,179.7879142440725
-33.60505089850207,-1.0517971597612419,2.80405037294938,1.063977813458588,-0.13146559750579742,95.17321469028896,144.70328084550763
51.82797439956443,1.5957385581784373,8.78074091406783,0.2232345313249017,0.1534512954854222,266.6860953071188,238.20470601348978
104.58755479054928,1.6219982296311477,5.143499374608504,0.1232204605878089,0.16929301450453058,279.9975671037628,287.26913218475005
-54.78291650460761,-0.8813855406999899,-9.000124997022168,0.5748464987599936,-0.014443866851985954,151.44855602544573,111.51954190444704
-43.20447382952112,0.25377909843259283,9.519751253773036,-1.0378803918756279,0.1915789985829814,135.05084980019677,141.34632144426064
-28.230364563176924,-0.7939972031707628,-5.035255189286742,-0.7831570554670946,0.11109023618849112,125.09012526556644,140.89188253995576
49.289729529020576,0.9364996869394897,0.2606122037915524,0.38106923670687626,-0.09991877699628383,234.8196071738911,226.39155819433103
-24.81786740777774,-1.3498735486874682,1.669413422455121,-0.6393868287825237,-0.0011506578495066404,130.48946525555496,150.48470129422668
-19.728884495976683,0.21134841829284598,-5.395440954121295,0.604538176010068,-0.047378418095594475,145.16652272525903,151.26774904097812
3.5025396620770866,0.7015110162869723,10.721576637230886,0.4326389919306898,0.2783731924160822,194.06070730691937,191.2602058148105
19.38283443685341,0.2790861666033485,-10.74345431215642,0.6342298532601425,-0.11086685683430084,163.23449225558534,185.065395602595
-38.346426519876374,-0.8823656544149342,-4.151937673861242,1.063977813458588,-0.13146559750579742,140.9448764995128,133.175348682669
-26.137433683823243,-0.6169428985024348,17.41966790854157,0.7217421651550986,-0.11336344955732769,173.9439510268889,166.89723635668244
17.395013166695904,1.3557706890445878,-7.234778499695629,0.6904877680497571,-0.11086685683456411,196.31492322272723,187.7191925821288
-75.4089521647456,-0.6878568416533795,5.173681748747386,0.9202075867740171,-0.08749037622187729,151.1950884932477,105.53315626776933
2.2202235300618827,0.16331632860731124,1.087559598829682,0.7076776864576949,0.05213183971055257,146.7625234936373,179.85447529853593
-46.44907353101751,-0.2943324394890169,-4.751719317497884,1.0374115759190479,0.0042211705234915485,101.19650386832916,125.17007377330694
46.78187018228134,-0.21716714508817006,4.072994900825409,-0.45029772629520765,0.06570561677612925,241.486639759244,225.8766721433683
36.96715822511047,2.422186262488295,5.182487148263735,0.16385117682475284,0.286941012670745,250.2721389559013,220.64619014022674
-85.84050809317056,-0.5161597269656019,6.676940994294742,0.9139567073529489,-0.06967323308608611,117.90846562560957,96.78812296329423
-9.007755448710652,1.5609934025933425,5.899133963259752,0.17635293566688945,0.18164630691255343,214.5018478534317,174.43393747459066
14.892878774925826,1.0944466993615023,-2.2628565801595886,0.6217280944180058,0.003470910346394328,167.12196411047762,189.97323421376092
-132.73743151664104,-1.5199708902801727,-10.4208342956789,-1.2175931752313414,-0.04189132276354843,28.084969732449224,29.68584511427379
-5.59139040783435,-0.08449759682093902,8.044901378984228,-0.7237737009669457,0.18080317693891546,150.40815454906812,177.4496091651697
-63.120341878806805,-2.040233606904304,-8.557389208501261,-0.9566189594017399,0.1087166866899225,99.59838104235102,101.0576993479446
62.726810853088296,1.055563262322794,12.639022654313369,0.2607398078513115,-0.12116352946086428,254.0519244200601,252.18453936298368
-77.31790601556968,-2.3073228294232337,3.345581855087303,0.8295698351685268,-0.02719224754219358,121.7087013869882,100.14629691258952
-28.74645210227913,-0.8078477141032526,2.5371585147028632,-0.9534935196912058,0.028294302768160036,116.28900684102584,147.68122579626626
-24.901187651291913,-0.13673685405097227,-3.0621362590157917,-1.270725650310422,0.149449872512392,128.13512996400038,146.40222977271208
-18.040172449717634,-0.10394200581696669,8.701237787102956,0.7420575232735706,0.09428150319377814,121.59030297383914,167.0170286729045
38.20682237732538,-0.2845421740864164,0.41440357343276996,0.4060727543911495,-0.06812400193235961,219.7569713585384,214.29819884399927
-29.500747151837082,-1.4206948876626988,3.324516199019442,0.4185745132332861,0.23640771429010488,162.09242498640415,148.68162270191183
60.73632648817274,0.4439224249123421,0.009338712344980923,-0.29246302091323306,-0.08091140463445055,243.02706740681515,236.43977951475114
29.45317175474627,0.5001521687833874,-3.0200552506011573,-0.23620510612361836,0.18279969406003171,258.1385595637326,202.50342957573372
92.2107568146606,1.7564021517514183,-10.411928558638234,-0.09399759929431453,-0.12116352946073256,280.2905142858731,258.96363559388755
-42.716018604667006,-1.619698011934425,1.2306676859280834,0.8405088741553963,-0.020428110299531232,109.57022442153492,133.3385981480513
46.876249472079685,0.6090817983523447,-1.3398529147183675,-0.022112485952029075,-0.10584225949564294,267.9734244485848,221.6410899251348
-29.72398374481105,0.06517338266113601,-2.269811259695131,0.9749027817083648,-0.0676552951611523,122.3918634301811,144.60219217957098
60.78038266436813,0.623634184784792,4.521567021076574,0.4638933890360312,-0.08532208536288989,200.24633623584003,241.92772148877145
22.21973882943935,0.7229905618955401,3.110107895393543,0.2857433255355847,-0.11321715772139185,236.6437923446263,201.84892976941148
103.60150732037414,1.254757616803517,11.698777170976502,-0.1268147162549231,-0.11336969518101686,268.84184732860643,291.93842401158696
-56.2255577567835,-0.3950350958981782,-9.519380978553835,-1.3394853239421733,-0.07799561391379795,100.79501192046702,108.06611154577732
-51.971888290469,-1.5973754300487983,-5.813096061356298,1.062415093603321,-0.13146559750579742,80.59652514143018,117.1721560290922
-45.356861243996605,-0.7226957072445381,-0.05019691421241037,0.8061290373395207,0.03643773687484925,107.3894957610947,130.3363792236296
96.60768610326083,1.465286681042606,6.509695338101223,0.0482099075349893,-0.01314844820497792,320.85847720781703,280.24129589660345
65.82115368084119,1.3171377460704428,1.8435424966045224,0.7154912857340303,-0.09933605273749688,200.4407632684129,245.22155547138146
-56.36353722731638,-1.348072770109485,-13.394667297677211,0.8326952748790609,-0.11304545394069307,98.41203986116788,105.23693884070406
-46.7310606280251,0.007391063624781196,-6.753570880079811,1.0561642141822527,-0.09930562073686104,117.32731082798622,123.10318446383403
4.789789034815225,-0.4671085033260415,9.04539615442343,-0.7690925767696909,0.040650557436783565,169.24147323056138,188.26320098144845
-25.172834511775115,0.4967654076603594,-1.632943610750724,-1.3660515614817135,-0.007442507966023765,108.45177301672337,147.94105953055558
53.28908478832045,-0.4466292268023145,-1.1665850423642488,-0.145567354518128,-0.08835803639087335,259.6100330230808,227.06551144311368
-27.48816857723806,-0.915240782476197,-4.558441785693832,0.5435921016546521,0.0035893003578205645,161.8534571335916,143.2088965714732
0.6002439260918128,-0.5610070815824302,9.556058911596322,0.5623447399178569,-0.11086685683456411,176.77053693279288,185.67033995405774
-12.449834539728798,-0.6513675696116904,-5.526695768827025,0.7358066438525023,-0.07246648278439158,136.61502825588198,157.65900859776937
-75.26275104275162,-1.397269158146314,-0.6299154607462482,-1.8801863938645815,0.058469073692957244,84.02002013836714,96.51191333305297
54.26115812759846,0.857261069539593,4.959484777846875,0.23104813060123708,-0.08253886697936813,234.29015162880495,235.84997955347558
38.7930257440609,1.490691048332409,2.3718778734944483,-0.0033598476888241757,-0.0716998358647464,256.50014956673374,218.204101297203
24.339486973916237,0.18340411292903663,4.792467113875953,0.834257994734328,-0.10607885456013906,158.43355418845388,205.6671036557642
75.8062639060647,1.1590497803801183,13.265546703782423,0.1982310136406285,-0.11631742203599386,276.0525242483656,265.9363402967007
-25.635899368320377,-0.507446779161433,0.2651412119805286,-0.7550280980722872,0.16239673683352338,126.55146456295836,149.15273001812872
-78.7554074574508,-2.174404423608442,-3.053719006255703,-1.336359884231639,0.013544342907844484,79.49600224896993,90.31721988623005
9.706197374281905,0.20085980068967607,9.523964602637607,-0.6175087508087846,0.3049445237148733,162.483278930813,194.7420238653841
-22.482683754578883,0.2911458772892099,1.029613458824299,0.9905299802610356,-0.100580958110551,143.29128212375514,155.3515909185539
-23.19856637166423,-0.4021113842648719,7.545605583642946,-0.8144114525724361,0.13481993606715711,144.20541775584297,158.8889026260773
4.2168801758102274,-0.8096865470122715,5.987941768253277,-1.0378803918756279,0.013710480884947154,150.30971622344322,183.99453180092934
-62.108618970432886,-0.7781926876782389,-1.9716092300131716,0.9561501434451599,-0.07646873141200179,104.67016465871112,111.64482683877767
-28.25223075882032,-0.5758698575161044,0.903009570241854,-0.8800456864936532,-0.0972497141642833,135.75347868815484,146.72117986811628
-23.748484255903886,0.21922640118956666,6.386766460525851,0.38888283598321166,-0.06984108528626304,181.33471867336004,158.80011667137728
-13.71946425379352,-1.5106314683053752,11.9485669374209,0.8827023102476074,-0.11086685683456411,158.56759550698155,173.11387298360384
-90.77560054906552,-1.483481180026065,-3.1085971345467858,1.0436624553401161,-0.12116352946086428,98.18544255727645,81.17838637710969
-40.12897360290167,-2.5684171705420047,11.446128189416305,-0.6096951515324492,0.11159148663204894,146.66349915478503,143.87420006594104
-35.346518877087945,-0.820380324954066,2.922130079168452,-0.7362754598090824,-0.05121345619351176,144.68718230534154,141.59130827599265
61.42161014689933,1.5008223950342248,-7.9226336717967225,0.17479021581162238,-0.11312562866296101,190.43592219049384,230.68502977215428
-8.236863676282457,-0.7826246517036247,5.666398229810072,0.8717632712607378,-0.09908493821111325,126.728856031463,173.04315454974238
66.97888415793776,1.8692767676298854,1.3591646758531657,-0.10337391842591698,0.10301418939952342,261.22871965053844,245.8305321872632
-41.02981390587606,-0.16839324953105464,-7.253249185965303,-1.1332063030469195,-0.0681259825697119,111.7151812111623,125.97077768787977
103.87052873254366,2.380375429552799,5.1162341381253045,0.03883358840338685,0.03429681447976558,296.0641679424741,287.0638350179737
-135.22452234688825,-3.1321473709663383,-2.572625401535836,-1.8145521599433643,0.011080827369514438,73.45217562148618,32.890799862904515
-62.666728765780185,-1.0413403692739045,0.13079983618259278,1.0311606964979794,-0.100580958110551,128.65474527822013,112.9768767543847
53.75752691990229,1.1138260280511347,8.875552686644724,0.19510557393009434,-0.11314951298391493,253.47845112427615,239.4524280104131
-87.40631234678894,-1.232198868490971,-10.047199648816738,-1.2629120510340865,0.03629662524010573,90.08949942563603,75.71124002497814
-136.3697856659035,-2.1099306609143453,-9.615764520140438,1.0499133347611844,-0.06356564140520869,54.73644485576309,28.514433161266496
-3.32372372532981,-0.6252892933880185,-0.6242382679066729,-0.7659671370591568,0.19436890185538772,177.80066965601583,170.4787167930405
-10.86855018503345,0.28911076150765874,-3.7737827605911285,0.7311184842867011,-0.09513308691032958,137.10626465619487,161.90632952812823
79.06676886005211,0.9142665729327202,6.549115630592817,-0.1580691133602646,0.1235590278201961,255.67214303563424,262.1192072929063
37.35828896862324,2.2326170644252863,-1.2337932032920884,0.06852526565346127,0.15645205275789187,225.40336528402892,214.20565646303652
-58.34486832145848,-0.7293688198297634,-3.391024089879044,-1.4457502741003343,0.09428479151598555,93.82536319751578,111.80683960111716
-28.82930994648905,-0.03468685569965481,-5.594667563054045,0.9764655015636319,-0.09723479066636721,116.96194755791288,142.04413266052327
-138.9354995105487,-2.794817316187959,-3.725140915270628,-1.7973622415354265,0.40928260713131115,81.81474065563586,28.780028938457363
47.511758120875484,-0.578814125212174,0.383909382204976,-0.4331078078872698,0.11090097866933103,214.55390172305127,222.6182128635192
-0.20353544313931304,0.5966172658542203,4.256690013055455,0.3795065168516092,-0.038120111057636456,243.01142228524563,180.6147245564331
28.965522938545558,-0.34878605948556307,-6.926001866371787,-0.6597021869009957,0.030830955194548523,198.15797204669812,196.68543009585056
24.078382134393074,0.5973354487134284,-0.5816654686240779,-0.7034583428484737,0.10015555306792819,183.7674033284348,199.1143156395707
72.92235353596527,1.126332173764215,1.823264506907139,-0.6440749883483249,0.04441746822749912,260.070616342934,250.89585901138457
33.574842242049044,0.7758902823382906,12.108040315216298,-0.1643199927813329,-0.08832007712081869,239.74724485767484,221.82969908457022
51.959895529027364,1.5898461442234744,-3.189999419106243,0.2857433255355847,-0.07784418838502548,223.40544748808423,226.19120770616394
18.68070999201249,0.26267196800424397,-1.2973606604640364,0.46545610889129835,-0.05057877052680799,175.05174039686642,193.68446495278596
-14.517199147619682,1.080002881726503,1.6422268871382995,-1.0503821507177644,0.036330092407579034,123.59788173216266,162.81454487780374
6.49695987693963,1.172757916436826,-4.320069267784929,0.15134941798261625,0.08667837723128374,233.3806116343974,179.21124263567418
-171.33628497728236,-3.3088198880448956,-18.704896120555386,-1.7348534473247434,0.20450109282213577,14.081034129383056,-19.256787025516452
-89.5822775082953,-1.5350001362617844,-6.27446745919841,-1.3082309268368317,0.025744557527625347,62.05123460696558,76.94933484180407
-40.6683464320228,0.10527800171211273,-3.5944619938716267,0.896766788945011,-0.07794763026987214,125.90193481279314,132.2848550493616
5.172730425695134,-0.1065156366368208,3.813271791188438,0.8592615124186013,0.04303692191916647,154.5441297299869,185.4053513294533
-93.82908788032644,-1.3578470443610695,-6.274115637403283,-1.2801019694420244,-0.015726460342979826,54.99131433316816,72.86668732299299
48.19637461970591,1.190933052880529,13.266457872207416,0.17791565552215652,0.19991577617933282,232.3930021735625,238.65516329136415
50.42419379879375,1.8312592208987344,17.293393164193763,0.3029332439435225,-0.0481811788762573,226.6430920204089,245.42716456382226
52.80010943183356,0.7994209318369445,-0.7053787688961896,-0.05961776247843888,0.06922745871870312,241.52683033632695,228.52732760588339
-57.39833152175724,-1.230070770281477,-2.114657132704639,-1.061321189704634,0.12110614410921589,124.79703305142604,113.94029184452998
26.11273068635932,0.2823297740542574,2.6632822001376075,0.5342157825230496,0.2678915021316074,186.97640227161705,205.4840162600746
47.410629114245026,0.5512165698504781,0.8241640392823616,-0.04086512421523398,-0.020927936301858872,267.9963713193099,224.34778297772954
6.047450835111073,-0.2910066129921167,-3.767437466738669,0.7342439239972353,-0.06397446163286435,131.03309808907116,178.28284253261347
91.8349242316564,1.3476078512329333,5.279932088313348,-0.31746653859750623,-0.06252885236554208,275.61560444057955,273.7060350951084
25.4242268962575,0.33081614807810017,4.736894376853007,0.3029332439435225,-0.0667354285265362,230.117511937723,206.35170155147438
-0.6198880452683807,-1.0200669152673123,-10.214409034533416,-0.9081746438884606,-0.022324948471847236,163.2243850426083,162.83870272743937
-15.240933828782284,-0.802340090599439,-5.874260052016172,0.43888987135175805,-0.08750648921449752,194.60679710112865,154.05741572560814
64.39128127173989,0.868056072272908,4.568123035218004,-0.19401167003140732,-0.025955933317297057,266.98547463916447,245.23105909075088
-31.90574701469395,-1.1685217727838697,0.6643037605987336,1.0467878950506502,-0.06727572971030976,89.96781900091341,144.19311345333003
49.9379127212718,2.3136120577903836,18.37638621600137,-0.04242784407050105,0.060185839357252635,236.18119462146748,246.26923530521907
-74.63970986252137,-1.378989684032029,-12.76687764376395,-2.370880428418443,0.08427551858862166,62.41399469200551,84.5513842147216
82.8800357120824,1.44062051830152,7.112940310478665,0.13884765914047964,-0.0944625147568623,250.64815166860643,267.10154800011503
-20.718414863680295,-1.641284077612662,-5.876359338803212,0.7608101615367755,-0.04774567832549557,139.1703343262989,148.1005725179839
97.93400215618527,2.0264273047101176,9.845900689521313,-0.23776782597888543,0.09334460109557656,286.1842306220477,285.2854732404022
-18.123221494573038,-0.23410199583816732,-0.291157623863667,0.5639074597731241,-0.11331643265077478,152.3062668188586,157.42567622771628
-33.93334371514576,-0.8122003569302765,-2.772494236348171,0.7358066438525023,-0.055003286021224715,121.63469838928208,138.78633136427584
-74.76367161158323,-1.9630496344118396,2.311212339296604,-2.349002350444704,0.20744335829824626,122.53159188230372,99.06649841602385
20.641676404433884,0.6240856740650799,-1.6713599488517306,-0.48155212340054915,0.08904879779071165,224.09844599512303,194.8254651189062
17.537679496705366,0.6581172996955369,2.9686486065361604,0.13415949957467843,0.04041554663342101,205.19921635599223,196.9625867640139
36.244298650227385,-0.16755134608606076,-4.4679150465872794,0.5264021832467143,0.1609903405004001,200.85175750478396,207.91979109616994
-1.8353550626885435,-0.4943292163156644,5.819535248616691,0.4810833074439691,-0.09724911597424049,203.2926974787592,179.49725147595097
-10.608577084854442,-0.20556812350560674,-0.86658175325508,0.44514075077282633,-0.10597632314740477,150.7628609779185,164.28200378087908
14.585855958721902,0.5036192632245667,-4.683163359469386,-0.10493663828118405,-0.030652096612360062,249.1096800568751,185.8942894424523
-81.83080868731625,-1.904576453568536,-13.094970582251598,-1.434811235113465,-0.014161857540840346,86.66403849065041,77.34423749907808
43.01758757192424,-0.3198863443487689,3.6497564030846537,0.20917005262749802,-0.11315304398275199,262.19561271415813,222.0670409541737
30.840521688187287,0.8113006586075279,2.5241164252795047,0.8155053564711231,-0.12116352946073256,159.688008709982,210.49384691395346
36.425375521725556,0.34996473054051236,-1.2421830293232148,0.1544748576931504,-0.022783114124708567,252.64246150480264,211.28841528138008
66.58881546077964,1.6339442056401026,0.2863618192619672,0.04352174796918808,-0.10040351805707404,284.25279617178944,244.07580603046262
-59.472362114497976,-1.2308113424217804,-14.429805920590498,-1.6973481707983336,0.30840081151086846,78.23775509315105,99.10163957807109
-113.82607211464598,-2.934068710728393,5.608911646701665,-1.5363880257058247,0.2080962747522643,62.936994619066624,63.14404538524249
54.44050951382333,1.147340551756018,5.51249590698871,-0.12368927654438895,-0.08513391873336244,234.072027063341,236.5150890921591
-38.03093657167129,0.4155855349226125,4.931235822212725,-1.0503821507177644,-0.06625646871804669,126.2643591889103,141.82281248089706
-7.499953083550278,-1.0134540726783494,-6.116446556957956,0.25605164828551025,-0.08814528381940606,188.47891139432733,161.1616189661483
0.37728027110390633,-0.026036399651385767,0.6579852119038004,0.5810973781810619,-0.09991749044079422,194.5994072209572,177.11397528596535
32.29361807691979,0.8553558491157409,10.137291604775806,-0.4440468468741393,0.08364625739797117,188.2543648912271,218.54943125620395
38.993991158437396,0.861031366991704,4.943142651380429,0.021643669995449023,-0.10094406471907212,250.23702285655096,220.34243109695467
-21.767662376811945,-0.127430594834031,-0.10479739099958951,-1.0910128669547083,-0.024005967818244694,121.10289492191131,152.50865711745024
49.627705237825765,1.0669528341335017,6.657082213592875,-0.4659249248478784,0.0900724544904259,242.28902149965572,232.59945413006346
-29.18745567051507,-1.3222765672767236,-7.335219221204903,-0.4956166020979528,-0.02520504587714247,157.66693698899212,137.25779320789698
17.464825292073385,0.7979354102673073,2.7767174820561036,-0.44717228658467345,0.11707156542899932,195.18699556539724,196.3329437781099
90.28264928554431,1.6883367853396274,7.086443521733217,-0.3909143717950588,-0.02057605781766383,226.63007350618744,274.2695054778732
52.01653678659067,1.2147702150068829,2.1157113242771945,-0.050241443346836424,-0.11338880049236191,244.9762027538825,230.80695439690436
34.39261600010136,1.907180008077961,-6.067716171520736,-0.37372445338712096,-0.09496872453903649,249.85831553323663,205.38695297360124
2.513912955343047,-0.6335341061398095,-4.4330976092293675,-0.4534231660057418,0.04628261760902356,162.02166740483193,172.66370700644595
-66.60147613677987,-2.191637898227927,1.3241562859077638,-1.2957291679946952,0.07519519162460901,102.09202312171874,106.93407458939865
-1.002482985401203,-0.0031038858409424552,1.1660360436168824,0.4467034706280934,-0.1164149032935956,214.71936031096317,176.11430405457804
-36.0119836631892,-0.8512334480166035,-5.535598884367158,-1.0363176720203608,0.22661800994397818,115.488187053645,132.41505065721944
-53.18028163416805,-1.4491977989876448,-1.6225871722166911,1.063977813458588,-0.029321972470944074,132.91043408042165,120.40615555048404
-47.80428180890954,-2.424305751331773,-9.784224318712575,0.9936554199715697,-0.11272170204125374,81.61850016386347,116.49168815384522
-12.226745854890517,-0.47913572974071267,-4.484578305353672,-1.272288370165689,0.17530129123909904,122.0813118837562,157.3361193459573
-37.41030071440417,-0.1833035935205247,8.350751610100755,0.8998922286555452,-0.11642290029754737,106.10552752145853,147.16418294540284
59.98992194225235,0.875145772604626,6.990925328234525,-0.2721476627947611,-0.018964593810016372,261.6459343096366,243.18844710135556
-82.76410270681518,-1.991941415528725,-2.328573148495994,1.063977813458588,-0.13146559750579742,97.24941027865783,89.47146125998168
21.72635407186742,0.7873201218728522,6.99428522558935,-0.687831144295803,0.39476632640545634,188.94626308922145,204.83846091630807
48.832119362242004,1.15664063622236,0.7372671464867234,-0.12212655668912188,0.3075558179054169,277.0227965383059,226.53502272103617
47.91891221902899,2.007740033514678,2.334505607386092,-0.32371741801857457,-0.06941967417486201,199.6679684585839,227.49158708260507
-71.3315118982764,-1.5502904017662982,10.023736109472265,0.8795768705370732,0.04183818441924319,122.57306218052246,113.68691517925464
83.49973227156724,1.1651894050432754,-1.4612006311208325,0.20604461291696388,-0.100580958110551,241.99885740740453,258.93275101516485
-86.04595550267047,-1.946958950016987,-7.433674056440844,-1.7364161671800105,0.13446243849964598,75.5798066196517,78.59502407706012
21.88482419370653,-0.5684661797702821,12.49331286671229,0.21385821219329926,-0.008400559265320875,224.4123257731212,209.6386948484453
-51.16780999541584,-1.7932680095197644,5.894824982288006,-1.2941664481394282,-0.0557400777428496,139.41769590537166,127.20740676633889
63.66210200665979,1.478740581919443,3.8674261444571454,0.24511260929864076,-0.0805049364059538,244.25105380966767,244.79644272079787
-4.516566514834981,-1.3242010918817704,0.06948399967376849,1.001469019247905,0.002692609992838084,150.39333807334762,170.85644433706656
45.53373384904073,0.14221413402049185,9.391302626017758,-0.40966701005826367,0.05190184066564211,207.9039442383698,230.33305175455519
29.982259872316778,0.9863426247622531,8.362307432244535,-0.28621214149216473,0.31091219782845886,215.09527666165235,214.97917630052865
-89.09613523053267,-2.0221051831837484,-10.600327860874302,-1.9223798299567925,0.19741766827757493,83.81630536116648,72.18003587859886
-51.94550105641691,-1.5508747625589487,0.5286213375413988,0.9342720654714208,0.05999333406010248,105.17887532938772,123.65007723296583
-21.128583984879192,-0.4484796927486144,2.338121616498409,0.9311466257608867,-0.1134264172661516,179.40229712777727,157.20234446223412
39.496313147024,0.5051706072029831,-1.9271634024396551,-0.3831007725187234,0.0060343513118676605,232.8741827243614,213.32082024544928
50.9066253207394,1.8752939326193094,8.748333545290249,0.07633886492979665,0.021250750284586638,285.51629860565487,237.2514087287321
77.50901570720625,0.8053405625431767,3.9741100029184673,-0.26589678337369277,-0.0584370380811157,238.7037710678567,257.58769876608187
62.432733163452156,0.2805942177471003,1.4880300097636765,0.10603054217987107,-0.028249297445629623,246.48045831322864,239.90270495056598
-45.3695667031822,-1.4694655212103576,-16.83882615850837,0.8795768705370732,-0.0811717247185663,125.66255658568228,112.74411307778638
3.6036542915419405,-1.346039325821823,6.865616904435535,0.5607820200625899,-0.11086685683456411,190.5312740523387,185.19671334825244
33.66738059320815,1.3995971211026845,-7.457757315764861,-0.7394008995196165,-0.07155242367562654,180.16426201644364,202.42183339021955
35.54463610896005,0.33251542083085067,1.5322596951593157,-0.23151694655781713,0.06655708286318605,245.3546959844722,212.86801767612434
-37.073154345961605,-0.23722216396594076,5.186764910000399,0.7592474416815084,0.03034835733900613,127.87930949632266,144.28955051396215
-41.65139973687939,-1.7352556143905042,-1.8980384284703875,-0.9066119240331936,0.011190191847605576,104.41782258554396,129.4434508029429
39.11189718965033,0.6640326559930265,4.873850807991765,0.0013283118769770493,-0.026195550935132556,257.7952462095259,220.2484797294457
95.84000905866418,1.6723452742900977,9.107020649979553,-0.054929602912637654,-0.13146559750579742,274.1398424885549,282.05654609738417
70.13052605411576,0.6760183012349233,6.196628337790377,0.0232063898507161,0.07693199895042666,270.6182782689846,252.726877396811
94.67330614351935,0.4649873548248451,1.114089183495918,0.0669625457981942,0.11846163584458247,256.8080505589664,272.0613731783517
13.371078841771936,0.2060054697056624,0.16520327289033368,0.45920522947023,-0.07800782742949898,186.638353182951,189.7470513012775
105.50787665660674,2.517475165339307,16.72538551781299,0.35294027931206895,-0.13146559750579742,225.2479879830941,300.59577833643414
72.64218814555228,1.0089843161387373,-4.970520952110555,0.1107187017456723,-0.0015693605434123695,268.55658821660603,244.4133671656515
-7.663270256880089,-0.5904933856919794,-1.7807943139283424,-0.7644044172038897,0.255728458845033,153.47218658573627,165.08033240000955
13.283195365193725,0.2896705401222823,3.420187134104046,0.28730604539085175,0.2805861060638873,235.4551108303326,193.18451150574356
38.0010763529689,-0.573638852305183,12.462132455744127,0.374818357285808,-0.12116352946073256,213.8761902614062,225.76679109910168
34.96168542137259,0.7027907950878427,0.8745027466437143,-0.14244191480759386,0.029268193563039707,279.19343395209194,212.04937155672837
43.5908890828787,1.1351800197257034,6.652560731180885,-0.14869279422866216,-0.12116352946086428,244.93394699330037,226.73233982496458
53.10736616215923,0.3468221457061588,-1.7028471108913268,-0.02367520580729615,0.2101982175307835,264.62687089279603,227.5614305235663
-31.280913667100492,-0.8688571564181164,2.344478590537861,-1.226969494362944,0.1188274919664161,107.07831339536432,144.7101320794915
23.255129529208567,-0.4261263021233007,9.461311317142746,0.4982732258519069,-0.02825884820038363,212.11326053952916,208.38389523674834
68.17056521385499,1.8070947501760772,1.8119685277178124,-0.12994015596545724,-0.11319213001045073,294.47202693542243,247.17006252064175
-57.54071762541256,-0.6494738566324654,2.537322786206475,1.063977813458588,-0.13146559750579742,122.2408609958934,120.90320983498302
-30.309376733982702,-1.2310974066155436,3.9997156103929106,0.874888710971272,0.040913286675259196,142.06713766338453,148.99860978230998
-35.618079105987476,-0.4714131813960455,-12.528755871205146,0.5795346583257948,-0.08567848674625957,141.20383951300448,127.49917432785963
104.112691287671,1.3649241394651754,2.397098661114066,0.16541389668001993,0.011115970840532362,264.2544499140216,283.67481027063957
23.949130670299013,0.41709669583222647,6.506753146336646,-0.6440749883483249,0.04184573228617728,234.3865877476043,205.89431757127454
18.569101596580236,1.103371939149736,-8.155776087622934,-0.1143129574127865,-0.11606798988336846,237.162402293715,186.90988281567962
-16.37199493342694,-0.008581763998495804,-4.139190609464371,-0.5659389955849712,-0.04605562638205878,166.94538178940542,154.49180438601195
64.62155508584878,1.2220947338579389,6.851985851827487,-0.3627854144002514,0.20612955860172436,224.7605411010313,248.16254613060448
-54.98925927057529,0.011338789222296777,-3.030609434745261,-0.8987983247568582,-0.09683564382528408,157.8006939492572,116.61940243018839
-4.232474406387542,-1.1104245503270485,-9.487070367771107,1.0108453383795075,-0.0442453938257981,123.6494658532256,161.7601969349368
-1.5375811039832417,0.47643242369001704,5.324310983807503,-0.4799894035452821,-0.03877438347361969,197.24854528122387,179.3679648313642
-72.45084438599474,-1.2209540996842616,-3.054411110513803,0.9952181398268367,-0.058067999591088645,111.2888614961756,99.83450685891174
-39.35978648483516,-0.3079904311468633,8.049741939130813,0.8326952748790609,0.03544152965856453,159.1303613068664,144.87366814255518
-50.44264964477286,-1.3133263902259578,-1.749715551726736,-1.7645451245748178,0.1753599099999592,98.11834719250449,120.52868951356834
17.74385344259653,0.24414448995146992,1.5601694944146776,0.6889250481944901,0.049532871583527545,217.9340760003076,195.91019166160947
0.14015439899339083,-0.08949119819829089,-1.4134182274524654,0.7951899983526511,-0.11086685683430084,164.15889038951502,174.9451344297298
63.02035025686299,0.5209658674247283,15.167852937394965,0.02008095014018195,-0.04642226138099747,268.1034082900308,254.30639406531066
5.829006664874766,-0.3441578738527244,0.23752419764307392,-0.16900815234713412,-0.019939429797335984,269.75443902925474,181.15699172138943
27.486054085582055,0.04293587096136285,9.31448890530222,0.3654420381542055,0.023709933547670495,210.6159332600529,212.8561971484163
-46.27381571548903,-0.5544725979557675,5.5797433130027825,-0.9238018424411314,0.1977750894787307,104.18471338463848,133.64899456146438
27.94773952094907,0.24169597354905376,0.7583085217484764,0.08884062377193325,-0.04813767842743835,260.18788198095683,204.6120132764599
-63.14174997859468,0.414696647189447,-5.704642790915037,-0.998812395493951,-0.043836862005444906,130.94534821203794,106.1492209350491
-87.89763228781031,-2.857285386481521,-2.4983345541867883,1.0327234163532466,-0.13146559750579742,73.43193765031148,83.27157190523764
73.8850031522177,0.7784597690737222,9.385617362806927,0.2748042865487152,-0.11086685683456411,221.54351788902025,259.8365840286813
-28.875542134422048,-0.41754688927914807,-3.5027001171264582,1.063977813458588,0.09538232233041323,96.1231182200639,143.98713730983013
65.30828952283585,0.7092794092085114,1.3537717275534558,0.4873341868650374,-0.1000628829102856,202.77136172631623,243.3821782784214
-89.05032853570289,-1.9322671665280635,-3.4932199417690324,-1.2254067745076769,-0.07151770905713559,90.81172535263951,79.85082618730402
-25.7434998790828,-0.7405644597058497,-1.2200349422107004,-1.0675720691257022,0.0919515864844049,121.9847023201473,146.94384655122812
41.86679690974005,0.5029840817407265,5.240270074045753,0.1544748576931504,-0.11345949833994953,252.70159838259903,223.27463273974848
32.80285952853331,-0.17149622632281872,-1.8354961688915188,0.6498570518128132,0.022780975151067803,190.9495073599597,207.0920714751516
29.957475869285698,0.2386426977853127,-0.5825433543269802,0.0669625457981942,-0.08026541236777654,214.4742977947025,205.2238386610432
28.80412086511045,1.9041645216941934,4.722703566088177,0.166976616535287,-0.0881680147507135,290.35278172517815,211.13336386954614
68.07180842614896,0.2155709301869416,5.588916967840499,0.3795065168516092,0.044664647825350776,252.22281534141544,249.92403380372212
8.46093239114082,0.3601271257793752,1.5567725552067762,0.05758622666659175,0.003906205884070529,259.0141097984702,186.0628908195464
19.6792202749851,1.1466700990463872,-3.849978824507871,1.0295979766427124,-0.12116352946086428,124.88137404274414,193.50791231157422
130.41660458495406,2.3691406956825167,0.9485819156939026,-0.08149584045217792,0.040654268016487756,274.3813352596518,309.3170519387636
29.488545285119397,1.0853491025821396,-6.199093418003611,-0.17525903176820243,0.26219586097227837,235.44696724434704,200.08530411377075
-73.23702253279988,-2.0136156920025408,-5.611185459907965,-1.6239003376007812,0.0634715594808215,86.92149568921037,93.20131385203842
30.985919492334784,1.9600474312585376,-1.7488542107104774,-0.5768780345718407,-0.06210320503635056,209.72710543068405,206.18169778814342
64.12210147539606,1.3455197648580153,1.5161155831412993,-0.2518323046762891,0.2024258255162092,253.79739548130135,242.55789665910407
47.628970429479956,1.2057765069337816,11.448906078314103,0.5170258641151118,0.17270730121024538,216.5557701494137,236.59695249492205
-56.91876895390922,-0.3014403171372853,6.81148513467818,0.7608101615367755,-0.06814943433298866,147.01357355222066,125.90750290570423
-8.035706015241253,0.07368090631455856,-3.1628342710401056,-0.5815661941376419,-0.029321972470944074,191.3651775717109,163.88781876829339
-70.4125604496114,-1.1847342409558026,-5.201923175285089,-1.4098077174291916,0.029790839706166722,68.76309049076701,97.44433157129347
31.723712570697895,1.156840887298437,3.433103864679139,-0.49249116238741864,-0.01679162416779242,197.67156300982492,211.42794085098905
-58.90774778116884,-1.5047778105284537,-7.902539341522988,0.8623869521291354,-0.08889137291437425,117.35893738701012,108.08199696086325
14.998651908368297,-0.463761811039283,6.748746171843324,0.4904596265755715,-0.06924040049634668,238.15214099195416,197.32842181012035
-39.94647380685726,-0.7475872696659361,1.3113450699016405,1.063977813458588,-0.13146559750579742,111.36715456947216,137.1733625242
-108.96920967167944,-1.440342058296058,2.5927151448963253,-1.4816928307714772,0.19913605292239703,60.716199823706106,66.52417295194056
-36.59435360171196,-0.6942079253230573,-3.8638485954684993,-1.376990600468583,-0.044441494457414424,99.17948293013626,133.04972409743925
77.93877627434944,2.2505730552530188,-6.265139012739122,0.12165774073254182,-0.12116352946073256,248.55132537792528,249.54827084300393
-121.73537527544762,-2.163350732863644,-14.081095537996509,-1.1691488597180622,0.3390087164152008,25.137406628087504,36.81360462525814
-16.419767511147615,-0.6845233756985648,4.18115314391755,0.874888710971272,-0.010640012743683657,139.08311605574852,163.56467727016775
25.207402318921968,1.452105523947307,4.157157151197603,-0.34715821584758066,-0.039764814797418994,193.82842903110625,206.05330827829061
24.523287892090593,1.3194821737966493,-1.341913450461141,-0.7394008995196165,0.008121987190896933,173.38620139547916,199.39314401796616
20.525846039091125,0.1596569886868487,-4.886951181359294,0.17791565552215652,-0.06306599955802451,223.6724654049084,191.5369678172516
-63.89827907002678,-1.5973254815485092,-11.80563027928065,0.602975456154801,-0.09031117803518914,136.93866677395255,98.83499576213248
-28.48073516023722,-0.18564791276354622,-6.06861491840443,1.062415093603321,-0.10058095811015662,117.85533864319964,141.85040245895675
-1.1085002302661062,-0.10495484188121364,-2.0399715808070704,0.4857714670097703,-0.1059745936690003,159.08291232531624,172.7499365352552
-71.18819518226539,-1.8647081825500766,-3.1630800453577117,-1.3191699658237013,-0.008396610775015093,80.66036909402253,98.08001632809686
-30.45393403356072,-0.4581216505276229,-5.445952165728985,0.8530106329975329,-0.11323921335829885,135.31153449140103,140.0053298846907
-102.00712262476324,-2.0862755305615837,3.3348170663476346,-1.2379085333498134,0.026902881446827717,111.79724305931576,73.65397957398864
105.14436041120773,2.8264258540654463,-5.0894741705506865,0.45764250961496294,0.005710709881590832,220.56842158043827,278.96823162908777
113.1110146025213,1.344615755951766,7.203409337866087,0.23261085045650415,0.008476785638617363,239.8768072568563,297.52369364730305
34.49616437024054,1.069087509960193,0.1769783252077022,0.02633182956125025,-0.09453096519212395,238.2594107808116,211.29759738464634
94.70744313823543,2.036685857782192,5.2477536825164215,0.19041741436429313,-0.10043153623685339,294.3354394344539,277.70543487153026
-66.68620309869597,-1.2141548531598265,-8.71075571931469,1.063977813458588,-0.13146559750579742,90.20498275232316,99.94496485965107
-24.274394329696886,-0.7742960797016651,-0.740939463264102,-1.4473129939556015,0.15627322453605683,131.7914220262662,148.54289667278658
7.435533180139773,0.5142388180793717,-4.224335209431923,0.5732837789047265,-0.001289130706215789,167.87049281151957,179.9209977518545
42.67121474825362,2.227279674554173,-3.79642345276828,0.6576706510891486,0.04311655127600748,192.0085938514952,217.42642448727344
51.04493343024771,-0.0903888671348099,-0.13032464187141346,-0.2143270281498793,-0.03911176842228213,276.9979307008026,226.1943474395381
-62.68120174391978,-0.661636994218364,0.5313612092371796,1.063977813458588,-0.13146559750579742,79.21615958136574,113.74460100192061
68.66045228241201,1.3398444365624331,10.292617987523304,-0.3096529393211709,-0.04394193339435275,247.2297497791311,255.562886148651
-25.254804198346356,0.06921720550484936,3.7894257299793837,0.46233066918076415,-0.10144890791851668,219.91702796123184,154.58828681326892
44.461795513715686,-0.023705577283362915,11.218345844462933,-0.7128346619800763,-0.018542437161099323,181.37885990445636,230.5486249966229
-41.73296348944649,-1.0100615381063165,3.232976374741121,1.0467878950506502,-0.1011529900603114,101.97897731874689,137.05915256704742
48.454138919490575,1.0647503345824072,12.04755678518056,-0.006485287399358326,0.18791691504776978,267.3870740132885,237.37144398177077
-79.8214539464044,-3.1522225374247017,-14.603829563868688,-1.4113704372844587,0.07760557183913759,78.03489198548318,76.71229540172567
-63.65429632711864,-0.6641496953105483,-6.974912425229999,0.9936554199715697,0.01724828621398537,83.06252202199614,105.34111157339515
17.311767919452766,-0.18909618003690593,9.494257780199595,-0.6409495486377907,0.08101613586576474,202.25452386646796,201.68056242171224
59.13852402517431,1.0867698562661101,3.589733490500483,-0.1955743898866744,-0.08497008292844253,238.0971479064367,239.15804921399456
-6.427769784733921,-0.73639238958524,-3.5346119065668296,-0.5440609176112321,0.008003823621464814,231.239046062687,164.38873513999303
-52.85173924098749,-1.5408815331295889,4.797041667478664,-1.4566893130872038,0.1550678561853916,101.47654102246582,124.72636575132856
-49.39420570016721,-1.161305865032381,5.614652712957517,1.063977813458588,-0.03489043056303962,83.03834892796601,131.71179484552226
-54.976211729281765,-0.917280895757749,5.707809018184762,-1.3566752423501112,-0.08655705309787137,86.04197708905862,123.99465041256605
-20.22656603114076,-0.4242513831167915,-1.589351032552948,-0.8206623319935044,-0.00824083696015483,137.47904791561228,152.5544946991046
-16.09585740596344,-0.10470399600685411,9.408430979530085,-0.5581253963086358,-0.012803425873685395,172.20300534189113,168.26050707024623
64.50343992612648,1.4444110144665923,4.843812141513935,0.09040334362720033,0.020144731893093137,268.3170823168077,246.5257774724961
-105.87527706456767,-1.4455903245575903,-8.514214547057687,-1.289478288573627,0.19278696200967196,81.42337202927995,58.69179305212185
3.992219460678027,0.16538112931675544,-2.3674658379165647,0.8576987925633341,0.010478283473793173,170.31645871529508,178.2818781429841
59.281607050310484,0.49320162555579167,17.99110403665337,-0.23464238626835127,-0.10214476363363083,269.58090166020804,253.0526918774865
13.596688350681282,-0.9704427850698306,11.780597385844441,-0.562813555874437,0.05496865229955822,171.04557321425057,199.5225643627498
17.579171664098784,0.7455721166598702,-10.290324649955727,0.7311184842867011,-0.027787453670543676,149.2306003460699,184.36131647628793
-35.453113174597505,-0.4647535138402629,8.940262643384225,1.021784377366377,0.07577967387055205,103.73823367713588,149.74352632105214
16.36805913560487,0.027184351414900155,10.930422684706919,-0.03148880508363153,-0.105793615884114,220.88658365616004,202.81195006562768
44.88571640470531,0.9905293479739171,12.213981949496473,-0.15025551408392923,0.20948751107770072,279.06273453867743,233.7730260140383
-32.06205347817305,-1.306579443337772,5.980087237396976,0.8498851932869987,-0.08006281118338113,154.40239395113548,149.00484301285857
8.072399335395025,2.097215046584205,-0.9879364939683172,-0.5971933926903127,0.28684601573317275,209.39667283873115,184.49489682592258
27.593186776835402,2.177158747155606,-7.06017687943917,-0.0049225675440912504,0.1419084564977596,248.39107789979755,198.47072084837436
85.40363864014071,1.2262736015406839,-5.8820777925788645,0.48420874715450324,-0.042099657712267924,223.4697405630045,256.81350985341356
17.91702255510315,0.2193530927548982,1.7330251490396362,0.687362328339223,-0.12116352946086428,152.2526825693475,196.05916591064482
2.4385092554089964,0.3070635980317497,5.2153412354026045,0.6311044135496082,-0.12116352946086428,191.37025009921672,184.09442128780086
74.95707957578426,1.2783844624888323,5.2376818675191075,0.18729197465375896,-0.1163260427675362,291.92604425822657,257.16767815254724
35.12553873881833,0.5776742274255849,2.569504884980674,0.8170680763263902,-0.13146559750579742,139.08705056830658,214.581886644914
-131.8248879411651,-2.0083819586823113,-9.60798658797631,1.063977813458588,-0.13146559750579742,69.87579633717593,33.11482204299786
-34.19943583920954,-0.369060305379606,-2.4059365991885913,-0.9519307998359386,-0.0386174879623264,116.8035534062941,137.65858528329278
75.89053919656193,2.488774400584328,-4.58521651332136,0.5076495449835093,-0.015237466932258789,208.14948189328263,249.91007547674496
36.38980939720021,0.8123567066827408,8.3907438717691,0.5435921016546521,0.20133761057860014,215.5221150895728,221.96140600275402
-23.215968532358858,-0.1726659067305751,-0.6847733685917091,0.5467175413651862,-0.13146559750579742,156.06388299240876,151.96541045104703
40.70953427574471,0.32916760426942293,4.51364460149595,0.5310903428125154,-0.08006281107864134,182.73005809642248,221.62694032811277
81.39285124214129,1.3923218785985914,6.232683989014344,0.4607679493254971,-0.09474841937331943,207.1706058756499,265.00744295457525
-29.3878571735573,-0.9340956830439188,0.08642259713841516,-0.9347408814280008,-0.04457484690696185,137.9617648834741,144.40872032707102
16.881904796556427,0.9717461939261243,2.4956011428138813,0.8451970337211976,-0.06908744737722075,154.10504018539203,196.74892803450916
-117.21068760049128,-0.050134135225446956,-14.547779100947352,-1.3863669196001855,0.15667100921257385,65.12877852393632,42.58526956781708
-12.377186442066185,-0.5230630413959958,-3.263932123888798,0.6951759276155584,-0.11339758095266396,145.4920864516155,160.0411630541807
54.79665361672915,0.21292952601972134,7.986810044507762,0.46233066918076415,0.1630267239503628,226.2313891714749,239.24531689525656
-6.0308443427456595,-0.07361288089629271,5.004864287941678,-0.7050210627037409,-0.007307678375043068,175.1328058890049,173.81164463808975
-48.68035674452304,-1.8094557789076229,4.400814388847394,0.9780282214188989,-0.12116352946073256,125.29449738902952,130.39143287224368
-26.361926465868354,-1.4124804766841432,-7.0666998631817854,-1.334797164376372,0.15845696426863495,119.20107406288496,139.60611930902678
-6.36451731041961,-0.263509039489077,3.016934725939282,0.8358207145895951,-0.10162890134234606,135.3370455711066,172.74666650414662
25.08480424122824,0.8795641723591213,-2.979742746468149,0.2966823645224542,-0.11306494732617763,244.3440592707576,198.79180939918427
35.897452069947036,0.894490482198529,8.785749572162663,0.1294713400088772,-0.11086685683456411,244.7987537611764,221.21986292235135
48.75780821530768,0.6952341936737706,8.267545052414674,0.03883358840338685,-0.12116352946086428,224.9862128463389,233.26182383520745
-62.832965224395714,-0.2541425062045295,4.477979069462238,-0.6847057045852689,0.20984584545471283,136.8035516978606,116.53957779460023
-6.071532889347864,-0.11905803877781337,9.82492091409329,0.5076495449835093,-0.03078831054500575,193.9828490757608,179.73475753527492
-12.670342430775996,-0.5344156235054196,12.414832135937143,-0.7987842540197654,0.07808008974836185,143.36503448590244,174.1129362322531
29.0137469658079,0.7366876929867355,6.158418149317814,-0.5362473183348968,-0.05691656451424593,181.9147026676305,210.93925524013213
15.68328431002073,-1.1226926559457846,-3.5998998887370246,0.604538176010068,-0.13146559750579742,181.04464744671608,187.057330658711
-37.36857022292248,-0.5517435552905212,5.919502905836998,0.7404948034183035,-0.09551747387561238,125.82847852088491,144.2677327720355
99.37545796617643,2.520995206480626,12.020375486081804,0.045084467824455146,-0.01581945390121812,261.1321723498852,289.5696599875309
55.973819785518884,1.4777863818876897,10.73536382631564,0.18729197465375896,0.003585848776870409,246.12478492228124,244.00141413202164
34.484886000374885,0.21664112931668084,9.728745302558611,-0.0393024043599669,-0.06286532979896271,238.97435900084423,219.95167101296
-111.19264094681523,-3.1602775511414225,-6.289116252287931,-0.7612789774933556,-0.06332042424444256,97.49782303970268,54.15693216288639
38.11818660616987,0.9057362371283285,5.242271523593868,-0.6909565840063372,0.02288022476497278,204.40474027125927,219.22168432251948
-57.63771213921966,-0.7598507688659172,-2.558793392475606,1.063977813458588,-0.13146559750579742,113.27044665838704,115.5997222302604
-9.744132158299387,0.4908972340369361,-5.093768597060518,-0.3409073364265124,0.2667756823273528,167.02773285751476,161.20243113944665
-0.43919380587947415,-0.6556798518667475,-0.6265171626306425,0.5576565803520558,0.0016954086559798525,171.59256233435414,174.46152748349996
6.63027688576665,0.15851187320971108,11.117383504255725,-0.5424981977559651,0.22504049301766502,206.8969941502296,193.21228087336254
-48.353607107036844,-1.1799688529548813,-2.4667410958846308,1.063977813458588,-0.13146559750579742,99.6509984982767,124.55576147494523
22.898288946825264,0.786082501054151,-6.2724380974136515,0.5139004244045776,0.18080317257573514,205.39848922450557,193.73020326231483
106.34299019490439,2.5999878918466774,-5.017935207020975,0.08258974435086495,-0.09517206707917868,231.97426261929664,279.5360268718706
35.99308656792244,-0.7282373279299408,8.302217642539214,0.21854637175910047,-0.03693906320761499,247.06696461546025,219.37224050595194
31.71540352116635,-0.23320716246328207,1.582484184398304,-0.501867481519021,-0.0008106608363528477,203.64129874810905,208.18556871561475
-97.96838092361524,-2.030527046201086,-0.7668054713604406,-2.0927162941809034,-0.04823707906952958,75.5926555175432,72.7168995004416
-17.10883441632029,0.013339735162806078,-3.40334940523071,0.8373834344448622,-0.10081558679426787,126.976570773242,155.86129007613116
-95.1547911297672,-2.4534416419324834,-1.3182229809422725,-2.747495913537808,0.19085543017864975,84.99499311689671,74.14047007886765
38.71153281144906,0.49967286325284843,13.523820614943567,0.47483242802290077,-0.0881872108423003,221.9043217442412,228.7452378216948
1.1492807632708664,-0.642679883555992,-2.3453669975712663,-0.6221969103745859,0.12127867827951604,168.07805208686904,173.28388196491733
23.313302023329985,0.7778607045118533,4.56526291574364,-0.5424981977559651,0.16299468105430584,186.87130026869835,203.9004884417526
-26.688873645872274,-1.0399132734763779,14.27237143625876,-0.5800034742823749,-0.08006281107864134,193.669319697904,161.5070845464179
32.42071504958587,-0.14044870383582705,2.5429919659560007,0.4810833074439691,-0.11316635479969722,194.35563060455056,210.81474157921912
-42.86409996137334,-0.3556979043870179,-6.501976356532525,1.063977813458588,-0.13146559750579742,114.99457307439624,126.83430430852869
93.81068607840751,2.231825933181023,2.5719961145556987,-0.14869279422866216,-0.11086685683456411,273.84622207062563,273.9785147899498
54.83797080266042,1.3848374709375597,1.6631004838119103,-0.0017971278335571007,0.051283607004474034,292.0465936714296,233.5589615514496
53.68686263887639,0.4770588713697066,5.126734917510975,0.02008095014018195,-0.06457756291558096,256.3531241831734,234.86972612985045
-51.38933923753542,-1.9578294912566772,2.5155938222432357,-0.5737525948613066,0.012902672094867831,133.95778649291566,124.23114148555351
-42.75051748016896,-1.4621947952664065,-5.976113349193269,0.773311920378912,-0.0852176639329324,140.8223115531022,126.12283494668614
75.46101883000846,1.5605075630492466,4.435435124368189,0.104467822324604,0.0613008354914315,263.5996387891787,257.2462964901107
66.94419567967961,0.29579287997540693,-3.940317858407515,-0.14400463466286093,-0.07242617170668794,251.5298490338324,238.70680620974667
39.77934344360469,1.3495099940645774,3.4320806174675655,-0.32528013787384163,0.010379922324721303,232.2029272316837,219.86960015445646
24.5709209033483,0.46143782058054167,4.364731186035438,-0.09399759929431453,-0.048083643838792094,197.9810271747725,204.8785749817
4.149047103688489,1.0702121052424995,-0.6554748580509515,0.7186167254445645,-0.012154533149296159,164.59361121064765,180.89381285804404
-12.718414452665701,0.016222450358337217,-5.529226435755142,-0.85504216880938,0.05142006087485852,130.91591515623443,156.58852576887173
15.666118539768082,1.1597945080464416,0.22740317341206123,-0.48155212340054915,0.2847767076226326,171.10193932466524,192.48010712031748
48.496788571978435,1.109855754312586,3.0552099686474667,0.47639514787816784,-0.09953023673918575,176.49423024088102,228.66228552094623
-46.61321561009067,-0.9131118533245786,2.235437942291525,-0.8753575269278521,-0.025886403210798874,114.20486850965013,129.4314328636064
-25.91162386021233,-0.3872634272070215,-4.980020373325221,-1.64577841557452,0.1694022726891206,97.71883235830023,142.8682825112388
49.22344229205191,2.075375724199168,2.885171492738433,-0.2783985422158294,0.03239151237223565,256.72872379809365,229.56154879401475
77.42235024264019,1.6253252794023862,8.020519088027516,0.2857433255355847,0.11901432555518934,270.7621449384875,263.09651857602967
-12.767619407403544,-0.12589338165576297,-3.1714299632162506,-0.9238018424411314,0.06988722462807734,144.8271587307856,158.70470894478018
57.57813282008634,0.44823702578281616,2.6261221570453595,-0.06743136175477425,0.10851299718293733,225.79452275779167,236.3171399532115
-14.586894650501717,-0.6685385033830432,-2.5844964483499147,-0.6050069919666481,-0.11580231544889347,149.48670290415413,157.06282740521857
101.2558822461326,1.0503321744978231,0.015022867703806857,0.2857433255355847,0.11239796705512003,261.16151923965947,278.3429448957937
-15.297300909868493,0.7956128657649105,9.79905855784299,-0.6440749883483249,0.21221753359771273,216.21080246607843,170.4890793738576
64.724085658128,0.9436827091640297,0.2859419240639472,-0.29871390033430134,0.2891194856645381,233.96784770844437,241.56768219155498
-40.14434014685739,-1.6814368636833905,-2.921007018780504,-1.3910550791659868,0.18988867050115718,102.62728774438904,129.67561587688266
54.895834412349615,0.5569038395936952,5.103541934988426,-0.08774671987324623,-0.07689981438587057,221.3947317778941,236.01519996754138
-89.40089594466096,-1.0342485043449317,-12.950913884867578,-2.3146225136288283,-0.020463203608057826,31.43680196423827,69.90242226375841
72.92711306931282,0.8095771076076864,7.706817288025525,0.04352174796918808,-0.09462578305818833,229.06593417661244,257.0159697447258
-27.8478226416084,-0.7075184552225886,4.826665063471826,0.542029381799385,-0.08766547491849912,176.40395339603046,152.3492541883905
-8.544526895460649,0.03924144025589146,3.79419110432432,0.7951899983526511,-0.11327776383880853,125.98231374653366,171.5943841985022
-22.21680639034904,-0.3586554777935809,3.644810962256592,0.6748605694970864,-0.07102102130094666,154.03353142111445,157.29675495717888
-71.97295695715538,-1.016325768380734,0.9462915417915999,-1.2785392495867574,-0.06815153621882633,81.72877709176154,102.2338843453187
77.49137330867913,-0.06657851257022639,13.994134943476585,-0.0705568014653084,0.16967027442752772,276.496466076464,267.14160952741645
19.371749361823564,0.21149750335929035,-6.649268525229877,0.5154631442598447,-0.076982448374566,226.27017878506035,188.996025350707
-110.69342508359128,-2.8002152846106005,2.03644390452584,-2.167726847233723,0.3750147631379238,81.00592602647728,62.37365776709697
55.44869042434445,2.0709740343215706,13.532790512350909,0.4857714670097703,0.06688336149595304,247.18769364319488,247.22867611439142
-66.05706518184762,0.14044757677367178,-2.8171822495438024,1.063977813458588,-0.13146559750579742,89.49439800826696,107.82227867620384
-10.740366555580477,-0.9783562328598683,8.17362862915094,0.5389039420888508,-0.13146559750579742,172.82300488950466,172.48591050016245
-23.530444132170658,-1.322867023481726,-0.7377412245351731,0.6904877680497571,0.11328528905069646,166.62159207699148,150.8362869917817
-86.50454616809988,-2.856421125127507,1.4195336305766597,-1.7582942451537495,0.0394540719250828,72.47990710430796,85.96329247898939
-18.929734252058353,-1.813709861017105,-4.098231226576589,0.8936413492344769,-0.07145677486522509,153.9416019689689,151.604075549586
-40.327398158982426,-0.09062902718384862,-3.8951592246813753,-0.8612930482304484,0.3209972065050492,121.99654442382392,130.77008406229575
38.920562537946374,0.5287510995015333,3.6044717665223986,0.8608242322738683,-0.1132491741096305,162.14269858791783,219.42492677700335
-21.571301260831994,0.4936076650013314,0.20500608764190578,0.9202075867740171,0.08975533687467817,125.88426644970292,155.7608417303287
118.20063427392701,2.4515285673249774,5.008546375749161,-0.04242784407050105,-0.08438194988735905,324.0902454156562,301.1574657379121
-97.52225382215241,-1.7451082629198864,-15.157359511311997,-1.4098077174291916,-0.03916548800793188,76.35531150017587,59.749871513047395
36.05337714712236,-0.15104400916559457,-5.930664428940728,0.6154772149969375,-0.06303044134956733,165.91639609746414,206.1476817975322
58.11580057942169,-0.7168884634804693,0.9137859080678115,0.08102702449559787,0.055771094770166306,260.0481235351205,234.07306245814357
-77.61344324612638,-2.1407339003759236,-10.064310723213605,0.8358207145895951,-0.12116352946086428,78.21001165133062,86.51973563028159
15.330485572769192,-0.3871231896182537,7.272030667949988,-0.6675157861773311,-0.02530535339808339,187.5466578152388,197.14613822639433
70.32446414889736,1.4658769417873128,-2.872195335346175,-0.1768217516234695,0.22916307632488106,265.7703477533668,244.59405339490866
-38.946884313557405,-0.8475960345265036,3.029884358494305,-0.7143973818353433,-0.013192828156519428,166.29428889892338,138.13138011528733
35.45507413229626,1.7418176466893938,-2.5526457560600067,-0.1080620779917182,-0.022040617744962417,219.5990755401828,210.1377096420577
-51.900404010161296,-1.7347860887146036,-7.1583897931711755,0.8576987925633341,-0.09944437852509065,90.86014487530872,115.58824083685994
98.70921069342954,1.9724725796899027,-2.641531368693174,0.0669625457981942,-0.06800834710357971,271.9189522503359,273.6626724179897
65.94215480509186,1.1298809841265274,-1.1167990498273657,0.33887580061466527,0.15450264143819434,253.4312518872504,242.07218149631268
54.267622616403266,0.5835025727230784,1.3792340886573793,-0.2690222230842269,-0.04813026614603548,283.772165581587,231.5367731034222
-62.821392047007265,-0.77203350824824,8.285744685784126,0.7029895268918938,-0.005835063556853555,132.28653401661808,121.01303990873245
-12.239314132010534,0.01910861463293377,1.9272728414944538,-0.6831429847300018,0.07959896758828329,143.71413991225506,164.7270896218439
-68.96328037944531,-1.208311694741836,-9.685467973428862,0.7654983211025768,-0.11652644063503405,137.0576770418487,96.41547814772031
-84.34963051412718,-2.1482895556298263,-11.002962457523044,-0.9331781615727338,0.07210905010696855,77.91197601228362,77.26161467612297
-50.105968172236466,-1.8511289257729604,-4.338076695996337,1.0061571788137063,-0.02561993936154145,96.29823109694073,120.30892976031521
-14.508905050163792,0.10408046361581506,-0.9682249604123476,0.8811395903923402,-0.026835951094962056,147.5141976732282,161.10482040720584
16.98418392147201,-0.48596950562934904,5.424413533997787,-0.7331500200985482,-0.05965114664157886,200.9395144543648,196.75339309796914
0.5924200364685188,-0.19674717693808047,9.474993423459633,0.3044959637987896,0.031273282848003285,236.8495756295472,185.83000184450566
72.51658411787031,1.839922734252278,3.010151277793423,0.15134941798261625,-0.0969606496560749,291.5816376747835,253.04461321311135
85.95610088520625,1.3442148281988269,-2.0020965113173053,-0.1768217516234695,-0.10581395755870032,264.0210183717144,260.6391498077744
-55.64239808352896,-1.5971547300125122,-8.567774763098079,1.063977813458588,-0.13146559750579742,110.13861364426111,110.74875095418201
27.955751391771077,1.4526988528359188,5.1758160916932345,-0.3768498930976551,-0.022151310629897746,223.5081829295614,209.80883144744138
68.82148824371565,1.7698930239917723,10.740411659639667,-0.1408791949523268,0.1480880982513372,261.0802542472582,256.9625681455149
-19.511118612396814,-0.8409049696923148,-6.356531523562421,0.8451970337211976,-0.030720587203101016,124.97312642921771,149.7294876557353
77.97566774671793,1.5508620578158887,1.213077354424785,-0.020549766096762002,0.13534504580337883,256.4513130563965,256.477968753534
22.02406105201645,0.9811252799860518,5.880132743785691,-0.2330796664130842,-0.08550657709923239,231.68686957964897,204.19029914714463
-39.64024973800417,-0.6247292437319684,1.2081295636185683,-0.9284900020069325,0.15523911619935649,134.44009115123444,135.79346601094363
64.44799055711958,1.7520855467270886,-0.6930202030576483,-0.1315028758207243,0.0904621374748122,257.3447710809106,241.08958147731192
-67.0369017057407,-2.427635086741016,1.3410861987025167,1.063977813458588,-0.13146559750579742,68.3650149003853,108.43262793704235
-49.391208305148616,-0.8818089423693375,1.4356309110271643,-1.681720972245663,0.2361114134594196,76.0450741070765,125.34057041959173
-115.62907303510381,-2.8996773947404058,4.920515262514618,-2.367754988707909,0.3143946200940899,58.63151972870421,59.96197077892538
-19.329638094406018,-0.4812994052400558,-4.092119823627578,0.6139144951416704,-0.0813594271015725,120.07947462802076,152.25306405963522
66.47315106173485,1.2106135593606286,3.646517603822957,0.43420171178595685,0.017064750519255913,218.5817278209645,247.40511500209243
31.33112441965583,0.07605354787871553,-6.080429422074262,-0.7128346619800763,0.024678924400830755,202.82151322943477,200.2621591227499
2.072417279780565,-0.26219877858565754,2.8668122923861254,0.9342720654714208,-0.11086685683430084,178.50304515894675,181.124002317087
53.52583323230319,0.09260669252262696,1.5195488572127807,-0.0393024043599669,-0.100580958110551,299.0345701034745,230.62167173443686
70.36258847181172,0.7203241623238997,3.957564270794553,-0.1408791949523268,-0.07177577062879409,234.6367892877568,250.45138825421782
12.396256064083616,1.269488537777072,5.433046652987601,0.6936132077602912,0.21740346455800988,185.742793457147,195.63337424203536
65.65450205593532,1.0927883152333981,3.1297386962216476,0.5467175413651862,-0.13146559750579742,212.40615896615168,245.91584732611858
33.50669101515206,0.22611404902367532,7.354338138473213,0.4326389919306898,-0.010240454507934099,157.08927596762535,217.13310805494052
10.590195416918641,0.27968474804276433,7.566583700224565,-0.47842668369001495,0.2687513924940564,231.00631155810208,193.85035488885882
15.203618981904455,0.37368346687255194,-1.601049682484653,0.5185885839703789,-0.011715173750575469,205.6434051445321,190.106692491381
-26.65159164416752,0.2373304622343284,-3.147360810496466,0.8217562358921914,-0.08862920054225555,138.93417636610536,146.79507135778906
-85.304522141398,-1.5181086575972693,-5.799543026728482,-1.3207326856789685,0.3084826520656128,98.96541331294654,81.98914245553169
27.002786564757045,-0.6691540123547649,3.059286367462671,0.2623025277065786,0.15748054975771145,237.9615722193037,205.43626831219802
112.7615908831177,2.6372598465643766,19.240049258108087,0.0607116663771259,0.004121052900538215,298.3925391239469,310.32729902193654
-104.01063939603507,-2.648302950806142,-1.7784014695162944,-2.6084138464190385,0.2528131344883272,69.9586350278225,64.83062178658056
-34.15278480424404,0.2594963051882681,-5.324296900923277,-0.9472426402701375,0.24989460720527126,120.36379191171562,135.70863288182485
-118.1234819977844,-1.850200360095656,-5.913820955082456,-1.4691910719293406,0.02088612341965219,86.23432880762822,48.2877580533966
-20.92099293901943,-0.7666705616701449,5.78841495082803,-0.7581535377828214,0.13957208312917185,162.40671808675316,159.1057363103536
-7.295025894089956,-0.14622687875097826,1.582694372566638,0.312309563075125,-0.11637692578149565,184.4971677283034,169.96094055188811
-12.981076137081876,-0.6645885113698203,-6.477532567037404,0.773311920378912,-0.12116352946086428,177.26227027820457,156.15251749029773
-37.32152054278261,-0.2642878815941548,10.008471247044838,0.9155194272082159,-0.08465606057342966,127.28648387225807,148.87709250417163
3.0701961334494197,0.21076391951315426,4.681114973753366,0.6576706510891486,-0.05247579990350664,177.2045664135695,184.19083619277035
-14.13296281617637,-1.2886463516343194,-0.1291856943149189,0.5029613854177081,-0.13146559750579742,197.98319962148483,160.44426724065508
-28.556509987411186,-0.26278750449559973,-2.6887235419032094,0.7154912857340303,-0.0068289880295989355,147.78492432561364,144.8242075787632
-43.71971008825535,-0.9776031725783847,-5.503874717644773,1.063977813458588,-0.13146559750579742,96.47347792836406,126.35489055234308
21.766053810495933,0.5433246514881026,6.531406037595661,0.2529262085749761,-0.015642868071880544,240.2951055369469,204.7016341549516
101.63819569114314,2.1095530941386587,3.586434541451468,0.2122954923380322,-0.11086685683456411,247.308479881004,283.0591782771055
82.9711323646624,2.0719280632072934,7.711226807369123,-0.4331078078872698,-0.012703372355891305,246.8052738408981,267.93204236986446
3.1461347327261313,-1.3896868580455257,8.39007889758582,-0.6315732295061883,-0.11576751562859415,188.14141523172776,185.0227523420004
-75.64797046871111,-1.2408683199408972,-8.782482970815385,-0.8378522504014422,0.13768981222228086,138.45644825172823,89.25208211722224
-50.52579632831628,-1.654901314080773,10.49241562895462,-0.9847479167965473,0.17582083234783516,170.09820199824412,133.12635721697762
-61.72572731263577,0.08560063459644075,5.5638697325496755,-0.7972215341644983,-0.13146559750579742,116.63769575353436,118.61862223770885
14.130426251341778,1.363811970531904,7.941468711574922,-0.24401870539995374,-0.08456184124738589,213.47590709292496,198.73069270167008
-6.263251011732557,-0.07329783381196474,7.739194256757865,0.5576565803520558,0.0495267910036534,191.1183290780129,177.6333950974378
89.22739222562927,2.1927129990953667,9.762721432407869,-0.26277134366315863,0.03583884296893757,239.3951500212019,276.5794604713071
47.88560023759413,1.0634828992559198,11.978407857038592,-0.24089326568941957,0.03195827287939082,202.97998335063093,236.3421223159474
-58.97176548050435,-2.150872799674803,-13.538277993547052,-1.4707537917846076,0.007947164974065618,78.19942898210199,99.49984341433202
17.562207398505745,0.6794652750681638,-1.9794900650350846,0.2669906872723798,0.1760312368590264,218.0310689328983,192.32877084753903
34.012466897920824,1.1544504196262373,-7.301121605588386,0.6779860092076205,0.1632963821841567,187.4896643620484,204.33064441821926
-10.814092004399335,-0.12344016478996087,10.123163100258925,0.6170399348522047,-0.05355645316054183,155.15197256783767,175.3726807276301
-50.32263011935689,-1.4843990708262702,-3.7836834839209152,-1.9676987057595376,0.4092080727275782,106.6492393603192,118.47436300773276
-48.717179517218895,-0.24846438762248696,2.882563097471533,-1.4113704372844587,0.08125627580510666,99.39667651562672,128.21037134601957
48.5512394423085,3.1158467593890724,1.758680233517509,0.7311184842867011,-0.07731634004287516,144.5473405836308,229.70313489432772
-63.44926895006523,-1.8890025259704288,-5.249254515637193,0.8358207145895951,-0.13146559750579742,133.26500654308308,105.74039544027971
41.54203939424096,0.8254405408758703,2.8985330340491324,0.3294994814830628,0.16190532024501456,236.38837116168693,221.3809840857628
-19.51735101078615,-0.9555146879529298,3.5687771808224933,-0.08149584045217792,-0.0016289318238668854,201.51666240861195,158.63635302467614
60.93418387155423,0.4546717227868546,3.955341079976084,0.3060586836540567,-0.11086685683456411,237.7904419077449,241.16295481600542
-51.68926485888019,-1.7624571964954088,-1.957624983794073,-1.0566330301388327,0.0718986875560651,102.54201431913832,119.22948493311631
131.02764037048965,2.2786714530080183,9.759701068071106,-0.0017971278335571007,0.02841233136720459,304.7148552598605,318.7161944099712
61.99804513583213,0.07220653313480199,5.96735289701203,0.0482099075349893,-0.08758320844496745,240.92724615579615,243.62179757993778
-66.81472311209598,0.21726187932565766,2.746243705904749,-1.166023420007528,0.15669091164797008,130.29729377549802,110.76301627964367
-76.11516062110064,-1.5572649806060412,2.432186918209305,-0.645637708203592,-0.018676101519099878,113.86551876883686,99.7190138216487
13.88232692572501,0.4665366196168178,5.637520501081412,-1.0456939911519632,0.12247866572990487,133.57913969334527,194.68673503586996
-33.39858071682726,-0.6268241144727608,12.553704552784444,0.5092122648387765,0.025622599720587023,198.718813469063,154.6867009009126
37.73948458943735,-0.17233338304600168,-5.1779488168538785,-0.5581253963086358,-0.03460014949131865,187.7997843110468,207.42004315860635
15.12389786273702,-1.4356334361889822,4.07568420804018,-0.39247709165032585,0.2802933762002879,222.11226030113448,193.27533123400696
-50.83061058478638,-0.6323214898989139,2.8956317697655765,0.9139567073529489,-0.08084983851188722,115.31929267238372,127.88937287879011
38.92198914268002,0.8596855623050477,0.6676179434390376,-0.458111325571543,0.14274230450507583,223.88182855034216,215.7574899422264
-86.23967929772225,-2.6491403931239383,-8.133403208624724,1.063977813458588,-0.13146559750579742,101.99830165003014,79.53385563135066
13.862796602208139,0.0011858866032186763,4.846188917037645,-0.0017971278335571007,0.16204958926353183,215.07342838971164,194.4939901821478
-50.90376228825692,-0.5179459676131264,5.881948693452555,-1.023815913178224,0.029023534020963408,111.04838033212287,129.08901437329405
69.27381914801298,1.1829865633637624,14.393864370047677,0.7170540055892974,0.11765495712262843,208.0377839037949,261.30894535900507
-0.0696847233685055,0.48904511962014113,-12.878499755005851,0.7420575232735706,0.02088548824737276,148.98815172451208,163.9273699676355
-14.090143414945922,0.5461439882134416,-5.313674269404442,0.6311044135496082,-0.12116352946086428,175.26125427115747,157.2758335028206
-42.87266365992479,-1.536928487750806,-4.771397694667081,0.8608242322738683,-0.09703741734318617,118.12398627301124,127.20636328745681
-80.8557908263624,-1.318594723520374,0.7781437989863687,-1.2941664481394282,0.21553683085049338,97.48311019507712,93.1486949466834
62.21971669125904,0.18259734869749752,4.499268974828944,-0.15963183321553168,-0.0876818973909331,259.5562755064409,242.27783559904782
29.91243153715132,2.3257060016454125,3.2451996346825887,-0.08618400001797916,-0.027317561898836263,252.53924648661604,210.99340192643126
57.782925871552884,0.9479527201439029,5.3661108168153255,0.12478318044307597,0.16323404692327018,274.6614007356762,240.00857295074718
85.50820152584866,1.9047813495904362,4.249181990390302,-0.1580691133602646,-0.08160349703656242,232.14629681725532,267.04605857030134
-83.31058104482241,-0.9197746209331708,6.798918709787661,1.02022165751111,-0.07237384492105704,106.31099557104794,99.13997717149093
21.48483966029038,0.15453110531322886,2.0256073996826784,-0.7347127399538153,0.0757308935303604,172.41272681469857,198.62956263373155
1.1807202555748175,0.43211147059431293,10.758728452995879,-0.5987561125455797,0.11535967614673506,179.2754852544303,187.5117300576349
57.72711878096077,0.5599917631794873,-4.238842288395205,-0.0705568014653084,-0.013299490183696104,228.91694618834129,229.58797827896484
61.950912186098904,0.7363535385548325,9.271390130142052,0.027894549416517325,-0.05802324201688263,272.9736193365728,247.5520934770642
33.27163198817709,-0.12042953915625272,2.0655545988168504,-0.2815239819263635,0.1148364983696609,217.71779938021845,210.6736358791498
-30.10323104547507,-0.8350033983057092,-0.758922763689128,-0.834726810690908,0.09721762408429531,131.12324122335573,143.18889992079227
12.721941375532676,-0.2806864302703962,9.153305959186378,-0.7143973818353433,-0.03785587983178168,142.85764007158068,196.4658739576504
72.72649491825823,0.9451016541676991,-3.87401042378235,0.22010909161436754,-0.0971590502551898,239.7121038235421,245.54410250487155
-71.5197500581987,-1.6755626292738148,0.8101797669346691,-1.2941664481394282,0.06719963249479556,82.39709921070859,102.01146657868628
53.825578646723756,0.560878469479504,-4.059982664268724,-0.49092844253215157,0.11693284579172343,195.2203418973,225.5760451700629
46.52663599518234,0.9193915564561218,14.714308717207993,0.5873482576021302,-0.08766370248614234,193.45828169995656,238.28358713883125
17.80460660940821,-0.2874152752495923,-0.8536447330456187,0.9842791008399672,-0.10046821937041714,157.45176340825523,193.17092379745134
37.85565394750898,0.3851600407683936,5.466358428457402,-0.583128913992909,-0.014650509920578043,180.09975272001083,218.73295930769007
2.261454479217253,0.714797974609829,10.918534287271118,0.4467034706280934,0.1715122453258996,217.1377352508458,190.13656877192096
-20.20518490109331,-0.198061579609504,-1.984604158085209,1.0467878950506502,0.05210023782210268,98.06707631354074,154.33460380895352
-79.95660163833317,-1.0777756618321357,-1.7568134863158342,1.063977813458588,-0.13146559750579742,107.82807191660052,93.76488774434043
66.05037803806108,1.8427253926423242,-3.4829550474206776,-0.19088623032087318,0.10237438876658553,280.7151084289976,239.94520285659723
50.16659635428775,1.4307425093240647,15.892664873405483,0.38888283598321166,0.010993148747730191,216.30946081896727,243.51344603661698
-18.637961466420613,-1.0939327295570735,4.699741990407738,-0.34247005628177946,-0.005979917806979967,212.9971982337994,160.24296413521006
6.570915442847888,-0.7229895768553668,1.1573858778018156,0.5013986655624411,-0.0850105189897432,175.11050334498955,183.0452662052358
46.32853018078404,0.23592013056883587,6.678668071779009,-0.45967404542681006,-0.03798126597539461,197.5956672600808,228.36902938659847
63.42220298040427,1.1102427839841498,14.586846916419658,-0.08774671987324623,0.3403384428092513,258.68440833969447,254.9954507186128
41.9231306830013,0.3757017020754045,1.9942996446634558,-0.6346986692167225,0.09744434243101661,200.3277013341068,219.3794440178233
-65.0203472654988,-1.3393877830631462,3.1589438222833235,0.7826882395105146,-0.05397802022319916,107.05954827825134,113.15148530787746
-25.269832673408448,0.3158131291839843,2.4388887014941,-0.47373852412421374,-0.06463787182149944,184.4320723156959,152.5700590761927
41.36801223770854,-0.09730514815831988,9.061895273225632,-0.23464238626835127,-0.00588389606125061,224.9450903453461,225.71564239531506
-111.47308995153287,-1.9178647101480675,-11.392540299280085,0.9295839059056196,-0.021019924500909472,76.10890516171115,51.74863533531246
-16.174793669284956,-0.5657604749816758,9.733654454818314,0.8983295088002781,0.04643181814526877,157.03483458442705,169.56142795236602
25.160467749674083,-0.430392424977201,7.074223794644121,0.2544889284302432,-0.08823207112159008,236.75369269638807,207.59412229151843
9.293659862616567,0.5478815818324857,6.195797785552707,0.8795768705370732,-0.09539160441997084,173.9548250188813,192.44509081098767
-13.008474783995648,-0.26608132708020144,9.948589302874868,-0.458111325571543,0.15256366758357987,177.69840643123524,171.99205184867984
-18.835651804362794,-1.4016450502255533,1.3553733554074334,0.8858277499581415,-0.08096634312146074,157.930174480235,157.54650422252456
17.085372189573285,0.4364937702541731,3.3982097737433143,0.7811255196552475,-0.09710099510540329,123.74242226779936,197.2276665729894
41.58789176156897,1.1819879319740572,6.030681173318046,0.23729901002230538,-0.08763894096173643,229.9468572558686,224.57378725079047
-34.78533018115383,-0.5955286017082762,-9.463337707492137,-0.7519026583617531,0.06271935289813832,131.92061872699972,130.09018651905092
-73.13361244319198,-2.249005137147143,0.18412971374891182,-1.9411324682199973,0.059464886978262306,56.70726684843349,98.54341086703684
51.60857530950047,1.6321132716462847,1.5721780871888724,-0.06743136175477425,0.09086492583677781,226.4921221100197,230.45986654728642
76.93452645093032,1.2419641048317953,-7.988850399964305,0.32168588220672745,-0.13146559750579742,232.4118908081718,246.0014267553675
-26.940138643327913,-0.6288844563919087,-1.4741686024477174,-0.7487772186512189,-0.04074519711534312,124.35712594906258,145.7908521969347
63.30043990945604,0.9755785447318788,12.574232646531387,-0.1268147162549231,-0.12116352946073256,251.20844265224295,252.22583916987242
52.23789971458634,1.1601425797703568,11.00295618886784,-0.1080620779917182,0.10248399319286369,257.97893146876527,240.01898671329445
96.87907894248667,2.6663904836090446,-3.3814348910547714,-0.20495070901827686,-0.04641148300009765,267.85643124883296,271.5362386578914
46.04158879878566,0.5289687040660761,5.421773896181534,0.354502999167336,-0.11086685683456411,223.81086146154956,227.85953385623486
-46.32671443923367,-0.05035448004489165,4.704741617617547,1.063977813458588,-0.13146559750579742,113.3876616023528,134.88375122916057
-16.0354273612088,-0.5282410528110607,1.00514067343531,-3.349143057815632,0.06113372943181596,92.86029163360551,156.77702924590042
-104.20707744547977,-2.961313066811047,-0.25514523379109144,1.063977813458588,-0.13146559750579742,104.92324413429516,69.13254278473968
39.0551144669056,1.3538579920219356,-6.437560896455046,0.22167181146963463,-0.058143907247680815,251.3555212952918,209.7585057815632
11.488494175320888,-0.7065745954066992,6.001435808324009,0.5592193002073228,-0.07785856822965177,157.45274947930596,192.88828243508465
-92.44685986534529,-1.5331854793681978,-4.255744277083082,1.063977813458588,-0.13146559750579742,85.96775489819005,78.32028890902501
-4.54465198046473,0.3194193022940845,11.28244930028634,-0.8644184879409825,-0.003997922084772159,184.96928323824383,181.81236652695873
-57.51673444385116,-1.2747586881199784,-2.0003474682970723,-1.436373954968732,0.1580942368805626,86.75614575840373,113.55344599651238
38.270155825493696,1.8500418363938227,11.597371425063086,0.24354988944337366,-0.11319135339266974,221.4845460231532,227.4714939378701
87.36608093864044,2.403569870695394,9.340231142058858,0.1607257371142187,-0.09542891129987865,284.0932879968384,274.7987450920778
-4.741521309860737,0.5239794759036486,-4.247182508760584,0.5373412222335838,0.11083147423340363,182.3380772083023,167.80701466861808
36.04659200063125,0.8227331657712319,12.672017723722943,0.2623025277065786,-0.08755759888983272,220.3416119811017,225.33965413381094
-127.57560828159072,-2.5321803805762872,-7.0415803287145025,-1.7317280076142092,0.2652123291243978,45.34238349014828,37.00768164549744
-6.0667816021566745,-0.04889281956241983,-7.792570739804713,0.602975456154801,-0.13146559750579742,192.8840749350867,162.186831011994
-79.78005413110083,-1.362451036662324,-0.003746026663030067,0.8514479131422659,0.058958706124481314,103.2718023086888,95.38772173970932
1.5613712564897366,-0.6842178283548134,-2.3259377600399795,0.665484250365484,-0.11666381537743815,148.04487532268013,174.72360241795178
-0.5425742089906912,0.17225958457354126,10.118420823921488,0.2623025277065786,-0.0347407165376691,252.60638734927497,185.599234325542
11.095651967955535,0.4179916114117795,7.302727853962526,-0.5784407544271077,-0.10614347793979038,194.55481861619697,193.75535351583176
25.26914272781659,1.0357664220475589,2.746614509854963,-0.23620510612361836,-0.0439150364645047,245.7212440827663,204.39496983199973
-25.11955987825415,-0.13298900913303055,2.3731024419215188,0.8233189557474585,-0.015496896652356323,129.2753708730431,153.55194192849822
53.347400288919225,2.5214096669075334,5.916620495730868,0.26855340712764686,-0.012304915144124441,264.20839255320845,237.66524525840993
11.59859920742122,-0.31433053893011,9.673960636219432,1.0311606964979794,-0.12116352946086428,164.22520104813034,197.4917927866165
-15.565402636532282,-1.3384322792732877,3.6628716302518054,0.7248676048656327,-0.04437213028420043,137.0768623843796,163.06309850389644
22.36038030845023,0.6349759904715784,0.07954038793186939,-0.04711600363630228,-0.02123670995587355,274.1355033422069,198.63011028813025
33.57921091846319,0.9747175031786859,-1.453566454205871,0.7311184842867011,-0.100580958110551,197.9256210186057,209.35446580848094
-30.692261885145044,-0.7796446310296338,-10.808289643650717,0.9670891824320293,0.0021255032620639343,142.30813601684412,134.31258484073746
-7.682920559006863,-0.2750260008068963,-5.25436228523612,-0.6503258677693933,-0.037485484102371555,158.65394484283598,161.72344611794713
38.97296017494533,1.6692876518154085,12.37752924993851,0.1794783753774236,-0.006052419796729321,236.75802738227105,228.81676934714875
-70.61128401024672,-0.8898878034639709,-9.295718269206835,-1.3222954055342355,0.273595612647622,76.72334716998768,93.77797643906464
98.99685275282309,1.791898234738263,6.100697631431127,0.0607116663771259,0.029065743616227456,234.7580576662019,282.60279234385456
-17.826862768916616,0.2865741032273819,12.449555139616157,0.6451688922470119,0.030497734873923536,149.72680429418065,171.20849941591663
24.002208527721468,0.07195443677920231,-6.8757296914175825,0.8842650301028744,-0.1131520634671952,132.3364805534012,193.59311255458755
35.719307566654415,0.4803095206482983,1.7110772444338653,0.0169555104296478,-0.09704659117421915,244.67743987270867,213.4541695658608
-42.196986988107525,-1.642781326918455,7.099883980277062,1.063977813458588,-0.13146559750579742,127.25951233204704,139.81619419607264
18.299114908656275,0.04704858552117454,-0.6405177316197792,-0.7815943356118276,0.011455227366891531,154.42535826612055,192.55907296918156
-59.84714339813125,-2.198489293812451,1.5028723511092286,1.063977813458588,-0.13146559750579742,95.42637369438457,116.0133181899871
-40.13834245700107,-0.745474125615459,-4.413971434659916,-2.0927162941809034,0.027301507199148905,102.32145319676732,128.2603635106106
65.47575741112918,1.4778251228124546,1.5202725991215262,-0.23151694655781713,-0.06984108528626304,256.3828420052758,243.79606341608786
22.28912852288639,-0.43384653583536026,-5.926830235012624,0.7873763990763157,-0.11322024278406002,146.89207537310438,192.2261742231994
-6.898910422087999,-1.7198629534581638,6.681428247722191,0.5764092186152606,-0.03067738778550326,204.5723310240097,174.23195301787456
33.9112911083864,0.36030619624692994,-1.5227747465729287,0.21385821219329926,0.07952895965517916,257.63553111379633,208.6657760447776
-36.216130253804444,-0.25571556692968517,-1.9130243922032555,0.9530247037346258,0.0015920488741572277,114.25811614352,138.1933128545402
11.193079896957885,0.12895567840133546,-2.095791952010698,-1.8161148797986313,-0.04828371034353427,104.40656527323854,182.98541134807516
-44.05957298765438,-1.661218909922094,-0.20776210355018054,-0.9488053601254045,0.04001761985377016,132.8825193390024,128.78622457347052
1.2770257151116482,0.3384865491793346,-2.5426029662175327,-1.8567455960355752,0.2661712069069425,153.693593343715,173.1059012238136
90.21386626186747,1.0415056452566223,3.7325024803764255,0.42169995294382023,0.049417785725787894,236.34606704859831,271.0825584410389
0.5183301159935545,-0.7066905244699784,5.388923967721559,1.0030317391031722,-0.1160298042125223,140.18215219065033,181.71113180900454
116.7149373322169,2.197847239600428,-0.4040923258084297,0.2794924461145164,0.20475290991811088,266.1498752808008,294.6165039169103
-112.88025649065149,-0.8251045033560593,-9.546881341477462,-1.6754700928245947,0.13363390889377796,84.12939860100275,50.82948779545296
28.485953826234123,0.782838583027586,-4.226253895019639,0.3607538785884043,-0.07775437525145024,253.00652624109608,200.9491043324478
-48.33947448922613,-1.8234714739327984,0.8260491803938547,0.6342298532601425,0.09408471197723306,167.98056681697574,127.01498409734108
-26.488840717288937,-0.4756101706853729,-1.3458326029870105,0.6107890554311363,-0.08881791443118474,151.107415873977,147.8352539649074
-51.63382373472688,-0.8633747780192615,-0.7481683281008485,-1.0269413528887583,0.029837330487864824,101.23204818282196,121.3810954516209
-51.17501194990264,-1.7691594682327705,4.10813329252606,0.9467738243135574,-0.11307702443628515,130.92881354551108,127.62122498913669
-84.65070640815264,-1.0046060380849529,-7.284619402427478,1.0514760546164514,-0.11342519989746903,67.48144153839465,83.62168532092267
-42.307624311455676,-1.3738818555688266,1.1321787871291866,1.063977813458588,-0.13146559750579742,110.5633388021444,134.00675115092628
-64.95604325839678,-1.930377567821188,0.6338185830406425,0.8530106329975329,-0.008426462422386436,111.99334748218766,110.2155482422666
-7.279484771148143,0.6330920179199527,-1.663506592449416,0.8764514308265391,-0.1132514053731279,144.82442713019157,168.07686699464455
-54.5705823506448,-1.1605009779132072,9.34199707333315,0.7889391189315829,-0.13146559750579742,121.364157405203,129.8919535810697
-6.978612895543034,0.8858569295041826,1.805754589399344,0.7951899983526511,-0.12116352946086428,185.82430493861776,172.01059140712107
18.99712547893025,-0.3964566148506763,-9.355536449014714,0.7858136792210487,-0.11086685683430084,159.71829542993655,185.54364555232036
84.57191507908155,1.89880643114283,9.131214056060932,-0.1315028758207243,0.02347127407367844,225.26208672612097,271.1174702794071
7.113962469154961,0.33220199316945515,3.371042392105132,1.0592896538927867,-0.05236800567539813,149.75212532361252,187.44769481751575
34.87473676009599,2.0243612141342173,10.024775884247543,-0.25652046424209035,-0.0778891288802492,239.79976442796465,222.2130305802242
17.79974621260923,-0.9687938374082579,4.948973095114503,-0.562813555874437,0.4443789035153676,174.86339708479505,197.28505713282516
-55.700459744724995,-1.3610703688726113,0.22898508279580557,-1.1207045442047827,0.13436739666532357,80.04468938493895,117.8046841365275
60.745816841049866,2.9176874383387617,-6.7010600226182415,-0.3846634923739905,0.027953867997557332,240.66708037323056,232.22930094726274
66.67402522151563,0.8102818906323581,8.74811445115717,0.16853933639055407,-0.02136690038907143,286.3668471513774,252.00316031417543
-82.06078681294524,-2.0611096707622307,2.2293068768568105,0.6748605694970864,-0.08765597748768356,145.325708694105,94.31818130002756
-55.58249881299627,-1.3361086543248581,3.3851251981391335,1.0045944589584392,-0.10576013623466271,86.24583992559009,122.98891836841057
38.10281613749599,0.2357830765956187,-9.672268989943277,-0.2018252693077427,-0.03820298149532723,223.0029675637584,204.04986828821404
78.12728532455547,1.6117693862863498,3.4811749070992706,-0.07993312059691085,-0.12116352946086428,296.67436067397034,258.6426992827521
37.00625581757321,0.6295800275876295,8.062397430536022,0.4404525912070251,-0.11348803903899318,247.0484333271233,221.64876414273368
-49.20961621492296,-0.6535162303181021,-1.7648447921725001,0.5670328994836582,-0.13146559750579742,171.69812580621922,124.43115637943308
54.77521213669595,0.2411506031191247,14.302355113120363,-0.2549577443868232,-0.10073776309018823,259.11511108497336,244.5865886603272
-48.54840514174116,0.5688844003245211,-5.818676187162219,-1.5895205007849054,0.04866230190424832,83.2772984356764,120.28451118740927
-7.875979438039986,-1.0225672086467528,-5.783147276296737,-0.8519167290988459,0.08510000548839602,138.00069874946217,160.17505566827487
22.865431677459394,0.32652197968709284,1.696663317369108,-0.540935477900698,-0.024977859190998753,221.4599458007048,199.94626995229265
49.6874282764054,0.6966139077539455,1.2348888985617652,0.30137052408825543,-0.11341654512758399,241.4062199381925,227.43045137655054
52.81927729531088,0.9147681726368665,-8.771208890834428,0.0544607869560576,-0.10105711959175337,266.1499261019438,220.5398065593464
-109.30300922576234,-2.6058405641962983,-9.671363039627192,1.063977813458588,-0.13146559750579742,98.0400423817904,54.97586570123573
-36.901174807680164,-0.8591371411166238,-8.715226539679884,-1.1957150972576025,-0.04820274861144393,119.82145828196244,127.90410998052309
-8.756093747370796,0.5018486605126097,-0.6689430035572606,-0.9628698388228082,0.3140852846686417,116.2138511621276,166.05159367029918
34.91648599089655,-0.5065819148431834,11.677294524631604,0.7061149666024279,-0.09569016838418362,155.3612026740703,222.32118971377196
-78.6638115008524,-1.402764406266815,-9.061175841061223,-2.649044562655982,0.11185824779453268,85.48931189482288,83.9586282518269
-1.4464720195738252,-0.7524823527171389,-1.808934257595364,-0.6315732295061883,-0.018843481248651702,149.46108019327465,170.9652609742276
-80.98797646258656,-0.04705569806331702,-1.6527438312764726,0.8436343138659305,-0.04115798285460898,124.09740880036706,93.73826665395379
-18.893613754796906,1.7761885702204194,8.004801624801393,0.5201513038256459,-0.12116352946086428,181.8401195627144,166.90993052945848
9.522535470562069,-0.013606326857694752,-1.1576787647853926,-0.7003329031379396,0.19899368980753798,168.74065224269685,183.47347748045735
29.449564861926067,-0.17687926790166425,12.779639487737839,0.3560657190226031,0.0919943954111874,193.2272449894421,218.12395151106477
5.172483683167045,1.7225112730776506,-3.8323303904922312,-0.0643059220442401,-0.06294328057349163,229.9880645874307,178.5589816780036
55.57054993242806,0.7488769658513984,5.857915129793856,-0.11900111697858773,0.013481554942148463,298.2624075879775,237.69538878090572
17.68760975220498,1.2097137445178205,-3.1585695123550193,0.5045241052729752,-0.1059431650563525,221.6529580783299,191.76090123945323
84.47417256803853,-0.34173147905131795,-0.17521285309604748,-0.1721335920576683,-0.08534386984878221,276.3613305217915,259.32331708885346
22.149849961959987,-0.9314083292209903,4.51248989733081,-0.7175228215458774,0.3921461487470294,208.5969211826997,201.02912117213975
-40.84002675376589,-0.9042858300449899,5.164214556470428,1.0327234163532466,-0.08037306405883227,118.80389421568366,139.99581863982277
-9.424058883190282,-1.0377753463026416,-4.164612766885474,-0.9284900020069325,0.1560251226245962,125.68732523325488,160.22465443910806
-9.375696301370478,0.1024462737282492,0.9281513847670567,0.8592615124186013,-0.11086685683456411,141.35384006713448,168.02686232757765
-31.192288830672243,-1.1103861746804937,3.9583240339805323,0.4326389919306898,-0.09875224035850895,159.8028394662367,147.61310209506877
-61.33984746226784,-0.1656284542527495,-0.8526373493439527,-0.959744399112274,0.2740378572347583,96.22645895868696,112.57974650712674
42.24437945498184,-0.21258971973382446,5.036224155291021,-0.028363365373097377,0.2385428296910038,278.9652065769762,222.90175966972572
58.323655221677875,1.7383327945879845,4.883443450022142,0.12634590029834306,-0.13146559750579742,253.75748612633507,240.5638780839493
-5.200461203560369,0.7546434351012805,0.355746690309036,0.6717351297865523,-0.12116352946073256,128.4220096233643,172.08406683704453
64.46901645786593,1.6575776425041777,1.9511324633912133,-0.4393586873083381,0.3650948435604396,233.2443868054263,243.62702903488224
-6.333882249436617,-0.5766942190780595,-5.008166677939678,0.9670891824320293,-0.09708394139188578,140.30425086790788,164.57482840945457
62.86663758018143,0.9349349062641443,6.237122037783059,-0.3627854144002514,0.3147828736638184,246.8238761907903,245.61425829836094
75.91035681965948,0.6185041239960549,7.867676315297683,-0.2143270281498793,0.07748019163616165,249.49137274107895,259.8832567373083
-48.143615636947935,-0.11781478624638408,-3.711516340689147,-0.9456799204148704,0.18787117331897213,104.67437964744602,122.89281080388943
-38.37576116204499,-0.16048222586213143,-6.4589118041186495,-1.184776058270733,-0.0017710165204887825,102.94631513965888,129.4418640480518
34.067909801292075,0.5144991954679246,12.638382350238551,0.46233066918076415,-0.08062921333952959,211.70533545210256,223.22605911770853
63.66576681650005,1.728491436175252,4.712914056692295,0.104467822324604,0.0038458760580935476,245.7881581754751,245.83905232261907
70.0019664789283,1.1643687717537154,5.7054787032280325,-0.15494367364973044,-0.0780403550430174,270.5263800414904,252.26239624008605
-13.211827140841832,1.4088639782881178,2.7921550095830185,0.9577128633004269,-0.011428917220348092,124.28599863847816,167.55904210797814
19.475279201436297,0.3241822597794162,-2.294479758613671,-0.7737807363354922,-0.100580958110551,161.0505108922125,192.25418632302478
15.914292214268473,0.0016558299441116113,-10.585238498615352,-0.0049225675440912504,0.046340814349156406,209.0022796190963,180.99569410727105
-77.26666952667404,-0.6744900398781732,-1.4430689671942043,-2.1771031663653257,0.39718990710156515,107.12188232692716,94.45942452185861
-40.918258081046304,0.04619542744028967,7.941204078471749,-1.7161008090615386,-0.11578132149780251,124.8189373243983,140.86082560917518
92.98622548948588,2.1645674144080242,3.6204668143285006,0.15603757754841746,0.08796107356307532,240.0257822352441,274.63882468420263
6.758883003621045,-0.12898818509874344,-6.788164029107439,0.499835945707174,0.05965706536785558,156.74449474933508,176.02479011535868
-18.477471721020386,0.02163397900675643,-0.8671936493554177,-0.4971793219532199,-0.08286605174024253,221.85622628308468,155.7204895498063
48.70558694408641,1.1708728018703851,-3.966692389715248,0.3357503609041311,-0.08096250581883069,212.9529456486284,221.7881215261956
-21.885355075939973,-0.5160156026020667,1.1159865045034467,0.4982732258519069,-0.0850105200846711,169.7998873079849,154.7514448465974
74.59135551766123,0.07043455846115536,6.355655223762494,-0.11275023755751942,0.0645554997987612,288.4317462532209,256.5928168769949
-151.3383537603616,-3.573411529129491,-5.825309863478746,-1.9051899115488546,0.06774926646824267,45.9827162755659,13.04905051681834
-67.52429922511347,-1.598269962822548,9.351327847609491,-0.8722320872173179,0.20050489483178763,154.24575562247028,115.1805977821567
25.516418175680677,0.7737991240455175,13.035058545244777,0.5639074597731241,-0.07790912892780168,149.83051953713675,215.43484049068508
91.27568366529691,1.817868902416728,-0.08881380746400312,-0.290900301057966,-0.021186943729400734,277.5561338012063,268.316217830331
79.54136301579202,1.3169501923609204,8.909314598149829,0.374818357285808,-0.06335226111629946,230.5526100537268,265.7026602173411
62.376434667907745,0.9331950337901117,-2.038321864043162,-0.24870686496575495,-0.11358076202316995,239.9921377441672,236.53258652553455
-11.041414635734808,0.4413948947011592,-0.6329576585610233,0.47639514787816784,-0.020253896865210022,202.01403083362715,164.84673016628707
108.75446905787622,1.1676132266566024,12.255677379460025,-0.250269584821022,0.048835869949680914,260.7922384722644,297.5998922639902
-10.37185267663577,0.7272022401085971,18.043291499434194,0.27011612698291393,-0.07194131064806958,256.0694323544842,184.22038219411064
63.855432044652495,0.7780985176770356,2.0522032938741233,0.0857151840613991,0.24544729041681937,276.79493281920287,242.64046264555066
39.12343306786035,0.6562430184583211,3.010775234642649,0.24511260929864076,0.04179456556477708,252.6918935431903,218.70092481069355
12.087301229008231,-0.39195124095279915,6.1913804946126945,-0.415917889479332,-0.01977752047711534,209.0881557030136,193.07460138758046
-35.81533381163213,-0.5782128622823218,4.113639111269956,0.5795346583257948,-0.016811743416083668,194.56175542672165,143.90638166713399
-29.335552251123847,-1.8029576044878939,4.679760226005991,0.42013723308855316,-0.11617056693203492,176.39354089271984,149.46878335141955
-18.603894236266527,-0.4532261128325026,-5.699008457974316,0.8389461543001292,0.16777083816495306,157.37181841182195,151.87415450026054
94.80796637649081,1.0007656523545925,3.187376821024423,-0.2783985422158294,-0.11338480257369007,264.5129173178968,274.22789181994915
4.7026355095011665,-1.3618503917997054,9.406821828420943,0.6092263355758692,-0.024115794047418003,207.04029162351483,188.95628380251964
57.46924697854122,1.2055699585531905,1.193965153906946,0.14353581870628088,-0.12116352946086428,236.6244445784343,235.5147206951156
29.079413109738688,1.7133541518344917,-3.722715799663132,0.5373412222335838,0.023438696187478472,190.9144349329116,203.25439769519988
87.42858324576972,1.904974569742522,10.40935798461879,0.14353581870628088,0.15691782945414015,272.8010847797025,275.6669357631602
-60.738705901359644,-1.929582771933376,6.987804569777682,1.063977813458588,-0.13146559750579742,113.30096274334451,120.87559442730623
28.764465065908155,1.448207958523644,-11.287627421698833,0.5701583391941923,0.32866490953414845,169.12979178509678,195.44743516633008
-59.19391945029122,-1.0918347273902727,-5.836692279306581,-0.9722461579544107,0.02558833725440071,129.71904366651833,108.55446203718071
-37.0997839334438,-0.7469722650442135,3.261223065013013,1.063977813458588,-0.13146559750579742,107.05531663249842,141.97054539734657
-48.67089194790028,0.15960316056286605,-5.626509423608365,-1.123829983915317,-0.08778158486456054,130.24711430105071,120.27415653514313
-75.45409331477558,-0.5913197956779919,-1.1348989144188224,0.9436483846030232,-0.13146559750579742,102.39706942876823,99.2554370770936
-13.880024003532146,0.8411698593702923,3.4443048646281578,-0.728461860532747,-0.07118022758879733,169.42822400991912,165.22937494721356
-24.555192451352283,0.18347182244665095,4.309586883986109,0.5795346583257948,-0.07578775896840217,185.2830448805516,156.06517946930666
-42.76398711860541,-0.305899054330556,-0.7437389278227517,-0.9519307998359386,-0.11357123874750673,143.65928642692933,130.74443917552662
-47.784352467844826,-0.552595838813721,-4.147348236685152,1.063977813458588,-0.13146559750579742,103.5322096354912,124.07178198747786
20.759603069569145,0.06334028851051156,12.339226980665895,0.6123517752864034,-0.12116352946086428,174.76835569433837,209.27692489943985
17.81944440987139,0.37606985527953013,-2.7222118363304535,-0.5315591587690955,0.06507183154034277,197.42507760739247,190.63038141646047
76.45264463038441,1.3118089833860662,10.545667886654218,0.18260381508795775,-0.11340511695732512,248.01522605115292,264.0028865134241
-65.01453605589776,-0.7241743112970361,16.237696235825258,-0.8894220056252558,-0.05523287282274777,133.8844893663168,125.17789730505123
-63.59923171423679,0.3687446749149036,2.3673258691123986,1.063977813458588,-0.13146559750579742,97.18590198124416,115.69291736061209
86.79653662391503,1.1682570972887298,15.478010451745053,-0.46905036455841254,0.14672733244405894,281.93366946792247,278.74404745570325
59.44465360528151,1.4018445852219674,6.811403573741382,0.18416653494322482,0.3409364865609441,225.8833492920674,243.80657110061776
-77.58636060782247,-1.5974570587500554,-14.191917186524604,-1.0691347889809693,-0.02853695262344443,81.35843481812452,81.15015972016724
61.21109453124891,0.5335643909104676,3.2522640746858893,0.4732697081676337,0.08438730519422,179.00196871974927,241.1781463250759
30.75928744285047,0.8164709996879125,4.356242126733462,0.34981483960153475,-0.07204190380198758,204.3813468513428,211.83333981994014
-56.34230176367687,-1.8809036369731782,9.553649541227463,0.834257994734328,-0.06270808276908488,133.25565659814222,127.72556036741148
32.83250527529206,0.2286583032245134,6.3265512228962155,-0.6862684244405359,0.08670545888154706,204.65951559206823,214.4117181507226
27.152584324402298,-0.45326557017612734,8.601003608397,0.3248113219172616,-0.06313243904550893,268.6825564567144,211.18556756036372
54.91587639945119,0.8232680493548894,3.780647582294717,0.437327151496491,-0.11086685683456411,211.8161023966693,235.4698186406315
-15.51721176214212,-0.4832123414239436,1.3236903012506358,0.354502999167336,-0.11577643210971998,158.84575054506928,161.18555907961098
51.16987113654552,0.49844848514466755,8.85845544786988,0.09665422304826862,-0.10013256602023332,264.9465123796024,236.14686304145687
-99.92188133630596,-0.14938339891835511,-5.020711771888908,-1.461377472653005,0.1706093371326166,53.509635959903065,69.24082167223517
2.771712092632076,0.022935469619360504,-3.6379763100529345,-0.5846916338481761,-0.12116352946086428,176.21127610915687,174.07438240375822
-103.56254738544129,-2.2768106594790147,2.5654228211692494,0.834257994734328,0.13931927432528204,104.22667261572828,73.32320836017735
-30.75438811023482,-1.3236785115239316,1.12797057794771,-0.5800034742823749,0.049012843516135454,200.29575939461716,144.14247964029153
-14.63485450990704,-1.3705780510899388,6.4876057394216025,0.5904736973126643,-0.11664170849851573,160.15954937236944,166.57957148210755
-37.346645476783614,-0.8945952691242663,-4.028241921225573,-1.2050914163892048,0.04198929133675262,118.04825063196785,132.19098152268288
57.33294238811928,0.22306127157626965,-3.9644576699044722,0.34981483960153475,-0.07086782962406873,234.06522048596617,229.4940593146373
-52.787745569619624,-1.5322800937165697,3.4976190742557063,0.9295839059056196,-0.03938671508103228,113.84230153612194,125.6913569166129
26.926698389120567,-0.24067069877263966,-5.703236933827979,-0.3205919783080404,0.3221097415183938,238.7515749966284,196.6078748345991
-12.582676236849595,0.8451604651053597,5.2330646304007935,-0.936303601283268,0.14821747569664054,149.80451172620124,168.3310290479387
32.802724810422426,-0.5333582723566545,-1.042943615910433,-0.08774671987324623,-0.07784449727239261,249.7137159754788,206.68439801987847
17.156979363663616,0.1521184963138073,-6.22119947464125,0.6279789738390741,-0.0971120364623714,191.4781569978292,187.24233163758163
-7.68458543980539,-1.3365214450550735,6.860357427131135,0.4154490735227519,0.08143881059651577,209.58502963104533,173.95970474125872
-33.02110996466202,0.507655814253669,0.15600875655675508,0.8467597535764646,-0.10019465119785836,137.84967331782937,144.0126860233958
-65.94825791511668,-2.187723729348622,-4.923854241615007,-0.9628698388228082,-0.0831815640801692,143.24502050078962,101.51767902588551
21.71014755446563,0.2530281239896782,4.750974383108325,-1.1019519059415779,0.05160476025265152,140.6891306490656,201.28736923074348
29.31214117653564,-1.2723300245403302,-15.468435587611157,-0.45029772629520765,0.08422806009467637,227.7826541761559,187.82887221305242
-21.25885304947726,-0.12475424208839771,-5.601275059256475,0.9733400618530977,-0.10056899015836511,116.0747726002959,149.51145503574136
-27.6436214417881,0.2939535289896566,-4.202261383354662,0.8530106329975329,0.16091332208965783,148.21924798742617,145.08556097380284
30.79900173851687,2.5389354241091606,3.9983857709973543,0.13415949957467843,-0.12116352946073256,213.5982970996489,212.9728852186061
-34.66938634052277,-1.276298890716969,-5.550826870796885,-1.6113985787586445,-0.07139328090589363,123.96735322893474,132.4442623531676
-73.65139071131503,-0.4791183414160814,2.1713455071243035,-0.8597303283751813,-0.03253827579170375,105.13420249799732,102.77213416509508
-8.659249667561237,-0.10610581248367265,4.02058414647481,-0.79097065474343,0.06296770281210534,172.2983492152017,170.15079202936735
-45.86078013322276,-0.8798977102653988,-2.8321084475253544,0.7967527182079183,0.0935888486291273,124.663629160018,126.94112159069232
43.95338560851677,1.6225378754883686,8.555048957026997,0.48264602729923617,0.07210884906204383,209.7335904824809,230.30929363226215
-31.33902789592523,-0.8523383918849489,3.874616342686932,0.6983013673260925,-0.08773062530846679,152.60093060658272,147.9173871117632
67.85306709762327,1.4675252225862032,2.4866396257315686,-0.17994719133400366,0.25943317293296775,261.07504073558897,247.51028424240883
63.18307352844028,1.7179153076543774,5.328199713611821,-0.009610727109892477,-0.0970177478307348,239.85868512940488,245.74612638963464
-104.58068715691313,-1.6916498280364656,-6.6964321193700505,-0.9425544807043362,-0.11086685683456411,71.98850698733536,61.60137587301023
65.72597048571104,1.3606437567626888,16.996030898273045,0.015392790574380723,-0.02176024159373063,269.5618885772525,259.69984400459623
22.719985241304304,-1.4226497793182455,-4.121743364768674,-0.5518745168875675,-0.03938671508219358,180.1946611865515,192.2078971801164
-26.27107630057605,-0.5201288328271848,6.527334091571157,0.8030035976289865,-0.05342196881174844,121.56168810567988,156.10927690185392
56.12753785324506,1.4024906197112386,4.871361865554976,-0.0002344079782900257,-0.014231906375056029,241.6071891523933,238.01049033902672
89.72686540473974,2.734619530228633,0.4394292898511788,0.479520587588702,0.03370707975658007,247.2766046115065,269.03770820703363
-10.54787522217066,-0.6054961444592595,3.114349660001448,-0.5268709992032943,0.051049083398243794,185.5615383882605,167.10872269243526
1.102552059353411,-0.4101568245696412,-8.492563988708888,1.063977813458588,-0.13146559750579742,113.52484024376449,168.75590977689646
-0.8771903360099522,0.126224481041237,7.535618610527213,0.3060586836540567,0.06336946724640496,200.60265187177484,182.7776472213278
14.142414015020288,0.43189560529502685,-2.084784470945756,-0.665953066322064,0.36919697176292915,210.86945697958112,187.81633536967922
28.323143384198698,-0.7628889354656655,0.4149158924972432,-0.5253082793480273,0.048605947299219146,186.5151334529265,203.12203432405022
-19.784577178950542,-0.5731132640197748,-1.4671876306271177,-0.7878452150328958,0.2725945429830406,85.23371189560646,153.2834375692215
9.11720772297834,-0.9904487837456598,5.606000408635862,-0.8222250518487715,0.04281243328728247,212.17603167939387,188.5769130441758
-39.441631873640425,-0.3779473129226621,-1.2005500263071158,0.5076495449835093,-0.07174765580693868,164.67111941976452,135.03933899117516
59.920831120303745,0.5165114016732056,6.298074206081849,-0.3705990136765868,0.07832220045747967,261.56166329889925,242.06670622970842
18.950387070270846,0.07531113519510693,10.990773368259681,-0.5565626764533688,0.25363400082819726,212.61015944126564,205.33710921296927
19.29996432587146,-0.15895440504211783,0.8738425920052482,0.9436483846030232,-0.08006281107864134,134.4131241430137,196.5020044012278
17.91134888625709,-0.4615452670493536,3.8832736947150073,-0.5987561125455797,0.1510368527202849,180.1634689787074,196.50892436896623
10.391528977397805,0.22206672470905817,-4.801573104248646,-0.5174946800716919,-0.00231623628405855,206.67627696504945,180.91577799637128
64.32075174570059,0.32522089790554093,9.973926346066234,0.4482661904833605,-0.11086685742161694,234.36689597335237,250.58086463760282
-66.35116148203275,-1.1815993246399312,-10.331596837232144,-1.5973341000612407,0.08100922798080387,75.69524959848759,96.24288379888353
17.148719184047774,0.5076943556994651,2.636046695987707,0.20917005262749802,-0.11303213615849778,250.1932905881884,196.01216446707275
47.274794781291305,1.7063160832965245,2.917376554269974,0.9233330264845513,0.022039832230545366,143.8392926485857,228.4674265924417
-62.51091019225083,-0.3429991935307742,2.198982370052127,-1.8129894400880973,0.0924048162698899,83.07025936937936,113.2480546753211
3.7659841428033958,-0.33536144683215297,9.24298960114913,0.5435921016546521,0.11106422604163127,174.40067573634576,188.95183493968545
69.17040594436426,0.7885856855891309,3.1360921100301953,-0.1955743898866744,-0.024901364169677247,288.381156162349,248.49817430079605
36.00124106030969,-1.5645488539203531,3.935124455879175,0.7420575232735706,-0.1134201435626568,156.35921157487672,214.6240203568483
30.076095155529273,0.6116410446761609,-0.9877243461689577,0.4560797897596959,0.007340506220394158,199.12126071661928,205.78699846488536
-1.288280851728549,0.7728749307777208,12.018370124929408,-0.6315732295061883,0.009540108865255524,160.09260097531424,186.50449739820647
-118.86781885234821,-2.82367238285539,-2.263472056830584,1.0327234163532466,-0.11303038408435437,83.17408272804532,52.588296055103484
48.81043971709687,1.256714349689087,2.1222036532005637,0.1716647761010882,-0.11086685683430084,270.7531489967903,227.87372195412212
18.77197608258499,0.13753546786970952,-5.508020619844218,0.2623025277065786,0.04596753210484979,260.2355898065361,189.33332730529065
31.17286984693319,1.2542044778235026,9.847300556250836,-0.06586864189950718,-0.11086685683456411,205.35174621003463,217.72120569714224
17.30904744045835,0.23063000899431438,6.934161159121825,-0.5768780345718407,-0.04807840561142994,174.885459967551,199.47244848326
-47.58624277126878,-0.16178896745470006,-5.078292730625483,0.5326530626677826,-0.06984108528626304,211.3072610248092,123.26005382290134
-1.3860521250093543,-0.9007790034232454,4.061965506223205,-1.0706975088362365,0.1258952417148821,171.13836902741787,176.453898425538
-49.77097881191681,-1.8160793406807143,-0.4987530811820681,1.0655405333138552,-0.11609610505479237,158.97167163354982,124.48719950934824
75.43835602308998,1.8109717083416659,9.53758393526559,0.19041741436429313,0.02833794580648546,269.78670816623395,262.62923334173684
1.812973991151675,0.3911693491051635,-2.090851269312982,0.8952040690897439,-0.12116352946073256,158.6384581781818,176.51089892544167
-93.75654574451656,-2.080012359737233,-18.712819780685468,1.063977813458588,-0.13146559750579742,92.16902934161308,62.00670064588232
68.18076906844757,2.094408952512483,10.623214444842306,0.0075791912980453496,0.016211770402755184,278.94912047895804,256.5457497423719
-65.70952111054142,-0.8735734678896543,-10.395728724004993,0.9530247037346258,-0.06669365976482114,86.0514602911866,99.5310740564025
34.32312191207878,0.9138575345258982,0.7940535619651045,0.3435639601804665,0.19661826535441843,209.18611655015533,212.19478154897348
96.21954504522992,2.146942965788939,2.858398313603805,-0.35653453497918314,0.06584298797337285,239.1682508006808,276.55776109248563
89.91656713289775,1.1798808874682856,-6.091905210103695,0.0732134252192625,-0.06278446390551594,311.08927236438586,260.63853808644495
-29.1372663073986,-1.4015736464551345,-3.3308950235600507,-0.7675298569144239,0.09593877673173622,172.53319551795423,141.0822402572723
56.26235326230411,0.8915554020684787,-0.11568632928990577,0.19354285407482727,0.09322542954327091,252.70846238913376,232.94855693356953
29.498955480192954,-0.554146722047158,5.246205312016231,0.42013723308855316,0.02136701255620127,204.92456137581092,210.25608463067556
-46.95343216315215,-0.039690479685895556,-7.864557003615211,-0.8003469738750324,-0.09551112314248521,115.02419304003492,119.870028571398
22.227288746138168,-1.004670450083121,13.437666467752335,-0.562813555874437,0.17628737765988123,208.1218748849737,209.89732490046157
-55.55157105755362,0.39163708860883384,-6.501427249158944,-1.3910550791659868,0.102330412053141,79.92987062518047,112.67348042965219
105.29014113490125,2.1935994095603166,4.12018533362318,-0.17838447147873657,-0.10580677322665591,259.5940078105879,286.9433009482482
-38.27610313258347,0.6391461292302834,-2.825522226218057,-1.1050773456521121,-0.025773029304441534,84.86800421414988,134.030236710341
10.161336995167337,0.16085491523734008,-8.006155099117382,0.45139163019389467,-0.09711142310616667,206.19340942743577,178.29388333324385
-10.321738543554837,-0.8888467305881216,6.1581522078910105,0.39357099554901287,0.3261248289355557,175.75570986775605,171.2908290731014
56.74321558784735,0.5832928519772526,4.818963670047201,-0.4409214071636052,-0.04758398413473138,229.0916818606567,237.28053303344228
55.068897867799734,1.0929509435199074,8.73632009270598,0.4295135522201556,-0.08014839488944508,240.37800182730888,240.87110037622512
117.57353252997093,2.748214671227931,13.609209588784218,-0.15338095379446337,-0.08042953418325233,278.41087465906924,309.3207126168741
-14.661676666743812,0.40113577458551675,-7.406362123408606,-1.7395416068905447,0.08599773880385746,134.3458156085309,152.3031194312152
2.2859803942028734,0.4350748940339767,5.452697123014952,-0.5721898750060395,-0.12116352946086428,199.31277806427607,183.10396532165367
-3.597580053141752,-0.24415108015381726,5.940869759024909,0.4638933890360312,-0.03832775340119919,213.3612131260948,178.14827057623296
55.36157773364852,1.8657777020793533,7.215282615754459,0.291994204956653,-0.04555797168159917,244.77016898505613,240.31264059962615
63.34737796442696,2.040194658322923,2.5425513778891986,0.35919115873313723,0.16385205898092148,198.47098289170512,244.0767335332219
-17.75187709199424,-0.09828829586919813,0.7690914125581955,0.9561501434451599,-0.06984108528626304,170.44052275670296,159.42880139772245
62.7790852466463,1.449585242305626,-1.6613083068058736,-0.2783985422158294,0.1095047269520263,267.4022234952235,238.02203468175105
55.43622181917013,0.9439666975814779,3.032556781144791,-0.19244895017614025,-0.07204093454288137,246.30787573405956,234.77182172804612
-19.590665110385892,0.8689129828808613,4.762311900663867,-0.601881552256114,-0.042574631544222724,162.76284797351133,161.0196699042273
80.98292182177025,1.6073737536794586,7.065240002910138,0.24511260929864076,0.09209014049898065,253.5613689763161,265.6163046430263
-7.727762164573231,-0.582231397203112,6.793072668879596,-1.166023420007528,0.03232594752055933,123.17188461512735,172.97294794948505
-62.67207282272043,-0.3984944622981917,-5.275703368799099,-1.3160445261131672,0.1764448491771069,95.43194172039834,106.13769598411503
16.46232620810269,0.06035854087030413,10.576131264778532,-0.04711600363630228,-0.11300970620029763,264.5647640074729,202.5622566187837
-95.22875238102189,-1.376587278108491,1.24182064415121,-2.833445505577497,0.18572007750764433,75.29754077562457,77.61232187181974
-55.729716480317585,-0.9272757337318105,-2.6069351805439167,1.063977813458588,-0.13146559750579742,105.28583087258878,117.29215113622826
60.06180035587499,0.9431786440691766,4.668054814263909,-0.3909143717950588,-0.02485758155772508,258.7820643898256,240.8808281757241
72.24964688538869,0.3199564860879443,-0.019042351669283118,-0.1643199927813329,-0.03475707109546054,289.76832526222495,247.97505027079933
32.63197237331787,-0.20096593490989692,1.6104349422074242,0.1732274959563553,-0.11312279761330908,210.729743365771,209.7251123938272
-91.76729947360295,-1.8224177329505935,-13.82846167207693,-1.8426811173381716,0.030823053387096535,84.29939161851429,66.39352937228722
23.236731014888605,-0.7038582251634482,7.21364271246386,-0.34872093570284773,0.09194767985994345,202.2950595212416,205.11330856121486
25.87610980351528,0.47234049151423235,3.08609665319525,0.4060727543911495,0.11839382277451566,178.44811268715685,205.5825798402592
36.92261661783714,1.0278134869967486,-3.911926756960014,-0.33778189671597825,0.0836638557774223,248.76717538586183,209.40795162180405
59.837257279087936,0.5994749408249989,22.1145727317485,0.07165070536399543,0.06136006544552777,235.94432725605373,258.30788203733977
-111.98063552409896,-2.5031401288365625,-10.311590496749735,0.9655264625767623,-0.10147799820030637,36.67842537849131,51.69224862956
90.44062110805352,1.8028170586744978,0.382197594177534,-0.0268006455178303,-0.07783682624797672,276.1259363512543,268.1445646040085
8.612307841055637,0.48262732205011927,4.9690006854851205,0.6842368886286888,-0.11086685683456411,190.12003195978804,190.2608721952538
-34.49077427655188,-0.1528784309315094,6.705168806427418,0.8420715940106634,0.006657705452610895,182.77516315103955,148.5338117132761
-34.94015350017861,0.4680489648358232,0.9080693017665057,0.896766788945011,-0.08036847135528179,114.18830503782996,142.87592939888222
106.0871991959992,1.6174934081043375,-7.641370393071024,-0.312778379031705,0.03929265075232657,274.02838467878126,275.41340279762187
-0.5221938337559344,0.07436033001624828,3.5972784805645674,0.5264021832467143,-0.1060804686282152,122.89473914343456,179.19333300631217
64.12930063744993,0.7363612376565235,-9.620091467286038,0.0982169429035357,-0.09031117803518914,229.13825557177145,230.8770424875575
105.09240395038154,1.777716981118883,17.38637170082192,0.06852526565346127,-0.13146559750579742,270.1391189788746,299.81711861533876
42.168441284716735,1.580678353089397,6.9968589303054785,0.29043148510138594,0.015502034385621779,243.93683133718943,226.67547840246738
71.06341941285372,0.6343610710596376,11.551598831116156,-0.4846775631110833,0.15863842980586002,241.29268966753585,258.54690649659307
46.702520030186434,0.38231758620187195,7.441877698376224,0.23104813060123708,-0.09928716340961607,264.916671472621,230.28204259682497
39.09492813089624,0.5478569527272312,19.381524724372795,0.18416653494322482,0.3835147617468064,244.94188599922,235.21555741955507
85.2533439781683,1.7532712739071763,5.373618698146521,0.104467822324604,0.1737966597474455,292.9840747021436,268.2820647471628
56.39199042576512,1.1212563987405413,3.145412385701255,-0.17994719133400366,-0.08594199717551666,270.6473627621607,236.0163363365662
-38.38381278121087,-1.0975964378891876,7.707115005798409,-1.1300808633363852,0.2053760081153966,147.71851995563944,142.92456724634616
-54.26693266948623,-0.05472976486003333,-6.812588218110486,1.063977813458588,-0.13146559750579742,85.24759094770776,115.42182787836481
48.69522210760015,1.3033907781821337,13.888176799060338,-0.3909143717950588,0.09518385409647136,232.90987310486457,239.21462548201282
-22.63851228911735,-0.09011260889315638,2.841838067788786,-1.0441312712966961,0.2230248583570672,102.64664902533092,154.91567307170746
-67.0784911472722,-1.3484059025924084,2.463670048779714,1.0592896538927867,-0.11297076828537217,125.9309742549814,110.60665819939129
26.901633120700016,0.22733555640286857,3.1295637450509823,-0.37841261295292217,0.09940737129750911,222.0425687374212,205.6030934953672
30.27938444660619,-0.033696214869861865,2.1271848502388626,-0.3143410988869721,-0.12116352946086428,231.36685385923835,207.56093476849617
24.580406102633876,1.0437981001757486,-3.2259963033750534,-0.2643340635184257,0.09828114829987926,211.3453721544014,197.85572129908485
31.716409092177525,0.4540834355680125,1.9845329565036613,0.5654701796283911,0.057888616036949996,188.4219268034453,210.40195059478333
-38.962912995007976,-0.5163834099089707,3.499022297515926,0.8780141506818061,-0.041687938903087494,154.5390968253417,140.4796184192465
38.84880034833527,0.3959919222844125,2.1834164484830807,-0.7253364208222128,-0.05607746897001154,186.7255800959376,216.27036114417928
-134.15716692251337,-1.5693656116257393,-1.290523615437392,-1.0316295124545596,-0.011628428657427244,39.3927791132823,37.56325222418029
34.77302811403525,0.40951646012301457,-4.089874327482433,-0.42841964832146856,0.12225436470799331,178.28426486450434,206.41007127793114
79.63868193736764,1.876435017924778,9.787362626269651,-0.6128205912429834,-0.06407055105867979,233.30498599825768,266.2491547541292
-7.09653119410504,-0.31597967987489883,-3.4058879419585515,0.9842791008399672,-0.12116352946073256,108.6958821450584,165.66828307030954
-56.748202541502614,-1.0153814955308247,3.4966927542141404,-0.8941101651910569,-0.06835019174935228,129.24621159064495,120.39421467510908
62.86546686064227,1.7545108871639892,1.2438630481675075,-0.10337391842591698,-0.08462926653911601,287.5499121186637,241.29940392587758
-29.764340372366842,0.7839459087016353,9.745477685575672,-1.1003891860863109,0.08581495321962795,112.46762880108663,155.37407530391255
59.79426338689197,0.5318714403696069,-2.005278337708136,0.24980076886444197,-0.10618064688966479,222.5328835442361,234.088042926397
39.6103219653205,0.1211313077556442,12.951005023177146,-0.2268287869920159,-0.100580958110551,243.6784920609321,227.97861486601948
13.255383781809108,-0.6206414159193857,2.853755656396568,0.981153661129433,-0.08828232374082595,161.163510381167,192.00493567454362
-108.61681595483311,-1.3736821957448402,0.5628917492531816,-1.5082590683110173,0.2600533407505825,50.484533063394856,64.94775418598357
-60.69866657113044,-1.3912248695233083,-5.6055009285425434,-2.306808914352493,0.03737499811795188,112.56756172470674,105.65874002943795
-75.8318870540197,-1.6664928097624216,-19.362293041976177,-1.1207045442047827,-0.02823812575537763,97.82986941330802,77.61395073915031
81.46310801813642,1.4721286750823372,8.851036165131513,0.10915598189040522,-0.09485992987500795,247.605564255562,267.42413522523447
23.627427942157848,0.11629308329173797,1.1936576959641598,0.6811114489181547,-0.11680992106288265,205.2109694003168,201.1252465641378
-70.87311948010424,-3.1286751512347144,-3.5305985358507312,0.9858418206952343,-0.08068746031814789,97.14167444574728,98.9963275080562
96.13528533754162,1.4900092250324959,17.692383514351143,-0.3940398115055929,0.004996447402589245,245.74125293828905,290.55220102769107
-4.2418254521199374,-0.6441165732674077,0.6439906649285126,0.6373552929706766,0.022746198577697784,157.72663487761747,172.04171644595834
-105.7527023769593,-1.8594331929302017,1.2264635132636792,0.9405229448924891,-0.12116352946086428,82.68810817143881,70.05725367367458
-42.68583645307591,-1.2953005960502384,-1.2951263370491617,0.9342720654714208,-0.11346106629007179,115.10929368995752,131.16811392787483
66.83956518567953,1.1691547265347817,16.695312377022468,-0.0893094397285133,-0.08296847152797487,288.18647618137703,260.15532069284905
32.63997477693019,0.35860363355965763,-6.539375966454344,-0.3455954959923136,-0.08094478002898811,228.24608093587509,201.65622848288297
71.89314274063243,1.3120314952910153,7.3899516423288185,-0.11275023755751942,0.038572693638051936,271.7243855308416,256.1445146492016
-16.084668700971804,-0.07234926767965824,3.426591013728028,0.3670047580094726,0.08106297733660761,223.77207464898063,163.34120709529142
64.36662292032598,0.501557433204493,5.183581073464604,0.024769109705983176,-0.08426993054291403,260.29094132478536,245.61582692102695
-86.34209642606976,-0.9401203746582947,-11.369299912392947,-1.1050773456521121,-0.0432166912461609,96.66383149515865,75.8237555648495
37.96345033983735,1.7952185800941225,-1.6246676088642749,0.4638933890360312,-0.13146559750579742,204.02168460121905,214.08999541746618
-33.74741115587508,0.12625590380226648,-5.412611754441559,0.6545452113786144,0.06868696229608381,112.73899350129255,137.31303148202912
-73.36676584466571,-0.8553001981088197,4.909855905324564,0.6295416936943412,-0.10134465675100188,157.0814288689099,106.83955321436213
-42.486049770270505,-0.5486043056486113,2.943383073365929,-0.7862824951776287,-0.0779194475124112,105.4239829258464,134.66809336962555
26.7000566144086,0.11680444221442253,4.0558393212013515,0.5826600980363289,-0.06984108528626304,184.0913145687744,207.00908570544317
63.01756952034024,0.9111230146116086,9.089817188596822,0.166976616535287,0.07034043413668839,257.79117793400303,248.87939308908943
28.415409135285373,0.690897629139344,-1.3414595560387157,-0.11275023755751942,0.11781794765000042,238.0872086189539,203.39348123334725
5.163161359746113,-0.049651787827112256,6.898252270034231,0.9405229448924891,-0.04034467591774324,138.52247403659732,188.53550642579677
-24.75924037068643,-0.46069587416728497,-9.369748700408898,1.063977813458588,-0.13146559750579742,115.2502795441918,141.96639358555896
5.599782426870413,0.7666917380187227,10.541698983857207,0.4607679493254971,-0.09710195494768813,208.67642990035327,192.89540545799292
56.51129383755001,1.2694154645306925,12.037483439710787,0.024769109705983176,0.06487699561896101,250.0850608614708,245.53140516198528
30.21497312919334,0.32227266198530974,4.743703331318064,0.7123658460234962,-0.08878457325112805,164.8196360035162,211.52809671013785
-13.549426262330668,0.712227813425667,-3.33525004613528,-1.289478288573627,-0.009350798986421972,119.74389976670372,158.15228873226843
75.22431727558013,1.1361411518392663,-1.534618014602228,-0.083058560307445,-0.10580424432906692,242.6585215922372,250.2605439230495
-65.08042054759504,-1.2669750570511122,-0.37859588908796954,-1.0050632749150192,-0.04574975626499669,97.49791002539013,107.84676178995466
58.427964019923614,-0.41743572279518515,5.618161838813072,0.5607820200625899,-0.13146559750579742,211.36361143939803,239.6815728733671
8.606788474833772,0.23413653817265112,-2.0500400993401753,0.5092122648387765,-0.00425379981263612,133.85553267879598,182.9194096935612
-101.76382506967985,-1.6457730571797116,-10.392180060501817,-2.0927162941809034,0.07602890230906671,14.736952831894158,59.80510073563559
0.27757807397789425,-0.5525735705118474,-14.230565203321799,0.4982732258519069,-0.08542466521318266,148.60701939400855,161.53085417565174
48.7917056970306,1.202703584751439,14.705784116128065,-0.42373148875566735,0.0406389101349452,224.1658161395859,239.94066713415822
59.58145296930084,0.7473447869800937,2.0187564786345074,-0.33778189671597825,0.07732250312710545,237.9277109058468,237.71066115619533
-13.57957633859345,0.33448366499071847,-4.929960655443652,0.7780000799447133,-0.0724157320958545,154.20629094483672,158.15409733367127
-70.32541102220344,-2.009508944413731,-3.1188056009264375,-1.4707537917846076,0.03400388077546803,87.90460277711534,98.73309083631605
34.81870966638766,1.6018259011609235,8.258222931614348,-0.6315732295061883,0.2960154652634194,217.92446676788583,219.96676704978898
32.25367041469715,1.16187721083812,2.6203297187184225,-0.5549999565981016,-0.04226639141783575,233.98599680991487,211.06217731110655
5.650507623116451,0.11991162301827682,-5.413976466715902,0.7436202431288377,-0.11293083353164048,176.5245085028152,176.6106985038848
34.79574899371853,-0.4892078945564601,14.561043765877447,0.11853230102200768,0.01110603820578353,224.7228833826384,224.6207895191361
32.681642354943904,-0.10557864642852269,-3.800686755211047,0.5185885839703789,-0.020037565202635357,199.05342640950505,204.89749428694086
28.455649202105608,0.17305639492338798,11.19209183879754,0.2732415666934481,-0.011688272453668571,213.18811113408177,215.70591704493512
34.66501405050717,1.2242934941540344,8.732132307435464,-0.4393586873083381,0.1491518524154617,204.26320587659325,219.95479933207253
-63.28026845006585,-1.1993370135700752,-5.7783772277409975,1.0124080582347745,-0.08763529746901308,84.78429202436706,106.29035638425762
44.462517277813504,2.138339905443552,-4.839840700297792,0.34512668003573355,-0.00582117147696636,223.2266641366717,217.7238883063868
38.523618750960296,1.3926277229199913,-3.5157330929385218,0.8358207145895951,-0.09512867342437213,146.3388129180682,212.76477173697572
82.68792856963015,1.117288501118321,2.8712641974472524,-0.08149584045217792,0.10412237747880886,261.1849264953366,262.3226741200911
1.2943513406876967,0.06494226625285841,9.502386319109219,0.09665422304826862,-0.09731529688490864,225.50331129366276,186.4845851670819
4.337189466521481,-0.15277532104295355,3.7513790208303046,-0.1393164750970597,-0.08756809610053942,218.355469916872,183.33247490998002
36.30770807454227,1.7937259223904434,-8.224867198033857,-0.4940538822426857,0.17300609507917247,187.4325164563031,205.17908532660414
-30.093327315856463,-0.06070166632540915,-1.8110567257782362,0.9077058279318806,0.10568234547240751,103.20603762838324,144.67186878031296
-22.938328940715056,-0.135674583557526,7.851888598970471,0.8592615124186013,-0.08006281107864134,148.90627553397508,161.18065009090665
-1.2120720180763158,0.5178892750073968,-0.6690223086552546,-0.6893938641510701,-0.06557779198534633,160.3074487908258,173.5053896070082
-55.347915277012135,-0.7174381965657476,-10.386424303216883,1.0155334979453088,-0.02760695828285295,105.32884007132748,110.15971507773648
-22.9513469355591,-1.0304650802701376,-4.429522461182684,0.7342439239972353,-0.09031117803518914,145.2400945581347,147.85616458381892
21.216742205849012,0.36839531427837263,-1.5231871753312405,0.7576847218262414,0.010708599613166421,172.58427066448854,196.4539099811043
26.03947288083424,-0.3287335008941384,2.792264056153362,0.4545170699044288,0.10658502600004928,243.45750329054528,204.6876718468667
6.538859248877752,-0.1986561815255579,5.390856193772092,0.5139004244045776,-0.12116352934914253,201.56669983877927,187.74736247104846
-67.9750603691387,-0.7286180752855191,6.917783262520479,-1.8364302379171034,-0.08811266937830507,74.65100995888601,111.91312822566962
-13.67910951850656,0.4506434370155451,3.0292098780190484,-0.8581676085199142,0.04182804007650208,173.58185199884824,164.60797054295338
62.584039084494734,2.1318994912536695,10.433089572646688,0.09665422304826862,-0.11284816339947824,266.29356337817427,250.75640052291266
-13.635721158478631,0.03874512175855906,-9.992159176479518,0.7154912857340303,0.0013919528622264215,141.9185339810654,152.75131434026542
-18.7468924157923,-1.2990732467888457,12.03841998363933,-0.6050069919666481,-0.01394289485718207,209.98127759839736,166.99707074910316
51.38353536712884,-0.009663158766366762,-7.226035750040688,-0.46123676528207713,-0.03838128127364854,217.90223578728376,219.27178472663485
-54.70102510526131,-1.301440136658206,-0.14905802441247543,-0.8441031298225106,-0.026788758445874042,104.92510273000318,118.60115116026839
107.94780006864424,3.2176520184742365,5.078383696986324,0.13259677971941136,-0.004967396674109716,268.0511939201715,291.9950314820189
7.137646010662339,-0.13927861632999877,-12.647874016334324,-1.1925896575470682,0.08595595771394625,107.1600881828994,168.86742599303366
-117.48350706185953,-1.9175017852885168,-9.78415086242321,-0.9534935196912058,0.13495694039979383,78.09926001895121,45.619870026006126
-39.0383778150374,-1.9093830891552594,2.0542421650933202,0.5951618568784656,0.06069283768027584,121.1365574476498,137.3859022703282
49.440377939082694,1.7519666726865288,2.242860989815865,0.015392790574380723,0.06713974197209024,262.8030224777958,229.14130444900036
-39.2671127934369,-1.2790818456529813,-1.1992998825632322,1.0374115759190479,-0.11086685683456411,124.9385823407789,134.80461651230016
-11.939124867523654,-0.7935697619589712,6.439157139265597,0.6061008958653351,0.0005467383784160249,188.0065403845739,169.9366764588955
-5.155031256099615,-0.6550220156874418,0.18947888472608523,-0.34715821584758066,-0.04107469497112654,198.62140426291325,169.6147590169891
-101.11022337098653,-1.0639319421259785,-1.3257939746195289,0.979590941274166,-0.08307643629690101,105.23417123823398,73.02013153211402
36.54201174972673,0.8422549691330111,3.6782851882541823,-0.34872093570284773,0.1508262402724572,249.06234123869888,216.4882235265523
-12.764261295124458,-0.3527247346527217,-4.151489795298158,0.5826600980363289,0.051238880877641495,138.95503817873282,158.98898946870742
-66.72242553754968,-0.5567694053694933,-4.500286407157457,-1.911440790969923,0.00406153776023785,82.67787211017239,101.93670571158248
52.07492461981803,-0.6779186261285771,10.738446809435574,0.7451829629841048,-0.005220075853842692,152.61523907885885,238.4989820051241
3.012548893811902,-0.8295563629633782,-4.595864255103487,-1.103514625796845,-0.07081409361750537,130.34464397330703,172.03636587119948
-131.41680849019573,-2.8401075914380156,-5.934172759358923,0.9702146221425636,-0.11582808118850234,53.625020323106185,36.28686401483016
50.33032164909079,0.8422233668603641,4.181626366667194,-0.23620510612361836,-0.07204331288583728,251.5065991038392,230.66948927847767
24.10081789205852,0.5319256296127649,-3.049561634597488,1.063977813458588,-0.13146559750579742,155.8075620742972,198.13926041789534
7.674197333909373,0.40858039617863945,1.5439948940985369,-0.6706412258878652,-0.006098798178096253,156.35656748383522,184.57359891498936
59.7398090934112,1.1170936353458458,-5.274264590204226,-0.0518041632021035,0.1975496356508252,251.9529521137806,231.35194992587037
-34.06343826185482,-0.401276319335456,10.781851616860472,0.8201935160369244,0.03135476155762247,158.95328458897208,152.79225162813353
28.475433753046232,-0.2655700083171273,5.5857922708293675,-0.34715821584758066,0.03324792459446682,213.5673335834602,209.10531203917412
7.133574288320041,-0.03920818306151444,6.412620613340264,-0.31746653859750623,-0.09690220303410321,266.1260683550027,188.716184291836
28.720102935935685,0.626048570387049,-2.274988697496058,-0.7956588143092312,-0.04663688304209958,162.40648573176773,201.85243342634413
-72.13354437998618,-0.3609991874940912,-6.098649612449877,1.0186589376558428,-0.09031117803466425,70.37329540906025,97.95872089455983
64.72706619692605,1.030284025175397,2.8733711733653067,0.23104813060123708,0.03203542358103706,243.51426967381252,244.5173712645178
-49.796938621473444,-0.28144743965518637,-8.182234262634275,0.7139285658787633,-0.09993734083534289,116.24809815575055,117.97693721614928
-24.217310799824304,0.34208423895628803,-2.0164640297941814,-0.7753434561907592,0.11591440744913675,176.2596515684981,149.072446675465
-30.81582108143113,-0.2647257832326713,-6.148141237482259,0.5889109774573973,-0.08080371759161667,134.11231231340906,138.9029854725885
37.688746933577065,1.6753736841372793,-0.8308968283202386,0.21542093204856633,-0.11350446197997512,197.8057234926328,214.25870657433143
72.40373824556838,0.7275512309653734,-4.844592140569944,-0.24401870539995374,0.279669653825859,218.54852620865967,243.94591459925851
-89.80977333049162,-3.070757210261295,-7.675394887774696,-1.1910269376918012,0.158806369840314,79.70495422391036,74.03542031848971
11.532129469678424,-0.4121484672650109,11.603321809942644,0.4326389919306898,-0.08818353238485974,239.65853394044157,198.6913245867707
-61.22695048245566,-1.9760758774457845,-7.830265224925471,-1.561391543390098,-0.07226688360191348,83.4062246550633,102.95661630304986
1.4457787435340437,0.09118647892219854,-2.318832772140838,-0.8878592857699886,0.3856706570707935,141.1871007953955,174.33951013648502
42.792700678359715,1.481376023795347,5.488164290434585,0.43420171178595685,-0.03525567938458866,233.357130301059,225.78475333985978
64.33257250566564,1.3260230878352,-6.157335985686638,-0.0002344079782900257,-0.08761623931539622,242.29502006877624,235.0369752753893
-8.232201092605752,-0.5158002535138372,-1.598290372058385,0.9139567073529489,0.09040596851732785,107.37516451244788,166.28163727256108
-35.77781818398949,-1.1208701330736075,2.9918183617656164,0.6904877680497571,-0.07221124134826118,135.74191206217492,142.33497288627282
73.95935884822556,2.37248619647738,0.4245279838993389,-0.2893375812026989,0.05305475208525932,260.8366445508658,252.1436565143536
81.3593988425515,0.9706045376617745,7.76695228556594,-0.28621214149216473,0.17020818431062226,282.47210093389947,265.6045180234665
78.33993280941503,1.2341288004133504,0.4310265385328749,-0.0049225675440912504,-0.11298203869097379,266.2843366974426,255.510749856995
-63.383242341437054,-2.2953388927864355,-2.148201951173855,1.063977813458588,-0.13146559750579742,89.77251592300019,108.72929534542425
58.450055298439835,1.293455908124587,-0.42030058052207453,0.30762140350932377,-0.07204032414261254,216.34699417806613,235.18235802027777
40.73557586371364,1.31625150575622,-2.045925824067077,-0.009610727109892477,-0.005267902629254541,232.07050386341385,215.61458923053243
-75.14260468748175,-1.149139003155148,7.353272533829991,1.063977813458588,-0.13146559750579742,123.6331500047522,107.61760737401468
41.27425463258601,0.8109104187986175,-2.4238668916897876,-0.2737103826500282,0.1581832252850579,216.7306758413616,215.16933731719865
-13.409346281130986,0.035252001080696045,-4.846047324036547,-0.8065978532961007,0.09673622049693006,140.64946661894425,156.69356307798276
18.62780865663683,0.3659574227917799,-0.883448919029956,-0.3846634923739905,-0.10563658042759265,197.2489282618584,193.2435834024659
-78.44130395585982,-1.1904237350218991,-1.2137039602852413,-0.8675439276515167,-0.1005483405993877,89.55456758664633,93.81004239545089
25.013168350945385,0.40351564484278973,-8.389530935069738,0.062274386232392974,-0.08142238331457265,194.0121632117047,192.6315713785051
-128.25114145813978,-3.6254426165854525,-6.648179982683196,-1.395743238731788,-0.03877938843958862,66.22877808451712,35.66427963028896
93.06568707290229,2.817776480138804,-1.9559615140467994,-0.018987046241494925,0.009985588442917758,265.41668590186833,269.5420668960645
-67.74896353663438,-2.3027965902920577,-2.5260476980402764,1.0530387744717185,-0.06794959170777251,98.41759341435888,104.03084767266603
20.811050778607285,-0.8576523396515711,5.5874377855520265,0.3982591551148141,-0.022520162212642046,207.71737612437977,201.54014153227865
-57.78572920858324,-1.1753938334068805,-1.8190722350591733,-0.8675439276515167,0.2208461724277208,110.25664806751509,114.19667328259567
-1.6922257135420988,0.7717531980088255,8.718477257587756,0.25761436814077737,-0.03819437903990909,213.9101571860612,183.6409910460241
-19.15627483554275,-0.023954063469905976,-0.6349662789118296,0.6607960907996827,-0.100580958110551,135.70047183393262,156.36858626963345
-31.492824763070058,-0.6753365241108896,0.6768496881582136,-0.9909987962176156,-0.07187689310795636,124.9294895984405,143.06937902652047
98.9421843667717,1.2919208848572397,2.792881582814757,-0.2643340635184257,0.08628615517367429,295.69898427741003,278.47250524096773
-49.39628582988229,-0.6557011571754615,0.009700407127775054,1.0170962178005758,-0.0819186207356303,106.47569229511711,126.51645733200371
-72.85577120982069,-0.8491233024187369,-2.5136090706833616,0.9749027817083648,-0.02544553510775656,80.20599830788075,100.35451997854662
116.75753428103354,2.246466427727747,13.207923167673762,0.12478318044307597,-0.08887120477386408,284.89539904460315,307.87140216697304
34.07608216451342,1.7399757541675325,11.896838220389643,-0.1955743898866744,0.10774665043564476,227.1250230846705,223.24863471448833
29.395632222032496,0.38290543622855266,4.256416300943241,0.5170258641151118,-0.1135042832170725,204.21106698762796,210.06204185497108
-9.921382493808604,-0.5845756214630544,-4.541628547123965,0.5467175413651862,-0.13146559750579742,173.3422986354944,160.99123159633254
42.88171397225511,0.7734669500430221,-5.044710623082692,0.20291917320642971,-0.11337173359012068,246.7315623034156,214.32358405370053
22.121927884961824,0.48538045665057294,0.5035316908392443,0.9717773419978306,0.08476260924306485,200.61016453840372,199.79094629856127
-29.18395522029792,-0.9132974200803445,-0.3874098011622327,-0.5487490771770334,0.1374961464674747,177.13457540643506,144.7276509426187
-73.9802521682456,-0.7881821749699328,5.208699994310596,1.063977813458588,-0.13146559750579742,90.6875047733517,106.99634418191664
63.97894155161949,-0.8892444410014555,-7.5874744600049135,-0.3190292584527733,0.0340549885950076,246.35122323021383,230.84081469562415
-52.46761195430303,-0.22987060576563695,-16.743875190994633,-2.0333329396807547,0.2460498489201367,79.70262303496301,104.39492547304488
60.49773111887478,1.3338853447813057,3.2735155160985365,-0.23620510612361836,-0.09698739225561577,237.7301433989243,240.3955057962442
-9.753181104316846,-1.5679850766005807,5.59666454440587,0.9295839059056196,-0.06806302970453332,102.63385212572688,170.7605855545583
18.97416941098764,0.44944760404483414,-1.000723447592552,0.6951759276155584,0.08625035624322037,170.84139053726156,194.8278861661675
26.60007170154462,0.4504491221651695,8.629636905511012,0.4638933890360312,-0.02932197246965998,227.6615412789405,211.73829546065593
-81.3204531648731,-1.1355098151190748,-10.162134809745538,1.063977813458588,-0.13146559750579742,81.5524139745676,83.93798074108386
61.69326407472222,1.0847791139969256,-5.544972208720731,-0.2018252693077427,-0.11086685683456411,223.0846422316356,232.54394516872486
121.68519908807261,1.844751818121925,5.234965573183308,-0.10649935813645113,-0.10058095811015662,304.0272107530324,304.181402478
-50.02977389737551,-0.857907001206442,-11.797177970068832,-1.0316295124545596,0.16573906621524043,79.16467443695527,112.07281699997867
82.31684216742846,1.16563700189976,26.133154625274393,-0.0049225675440912504,-0.13146559750579742,277.69911056725533,285.1028119444215
77.74868961839323,2.4783285325201443,3.704400351380534,0.38106923670687626,-0.11637966436702411,227.47221071138415,259.81967438950255
14.982304026528555,1.260015397939941,-8.637841268360207,-0.5237455594927601,0.12826762996230978,173.15288836517166,182.83256654144662
57.15030445799674,1.1633699165494928,10.597071156803338,0.37169291757527384,0.04899150530028178,237.19548551165437,244.95499626909395
2.727400379535253,-1.0157744231824302,7.015560459850483,-0.6800175450194677,0.11586045088854424,142.5027159571781,183.78659563694112
-77.9249280276877,-0.9290243071913797,-8.823946353644825,-1.1300808633363852,-0.012252532933754588,77.55252416765532,86.80333423007474
21.59731299695319,-0.2913438865726476,4.48585749011628,-0.24245598554468664,-0.13146559750579742,212.42482352554376,201.0414713323151
7.508617315274869,0.8756292796321482,5.75647475675247,-0.501867481519021,-0.09031117803518914,225.8354711977819,189.17210900697404
-50.366371259705886,-0.3752939872660297,-0.13426179643977837,0.7764373600894463,-0.03892413471593657,130.81587846282775,125.48515249683061
45.50176858536692,0.9073878531628958,-1.3834012827517637,-0.5346845984796297,-0.010224072906173765,225.71756941128743,220.104412799261
-44.75285477619535,-1.138503939045186,-1.3657205765768714,0.7873763990763157,-0.08868586442266567,120.01688396236736,129.06517755770503
105.61470861612455,1.7334275571674325,9.676748712550536,0.13415949957467843,-0.13146559750579742,267.6010526882776,292.65114510278016
-35.17306775048177,-0.06172622459258429,1.7056248066351059,0.9686519022872965,-0.10567483842003077,150.33696028440292,142.9573742102968
-3.0203381269735203,-0.03834016278151831,14.981083678475864,0.2122954923380322,-0.08050016483124389,241.3568335303398,187.67776703109638
-71.53170561674247,-1.6952765312013889,-6.649505761894078,-0.7972215341644983,-0.008084800738048358,120.48703100511744,94.94177207012831
34.67957852047267,0.13632635832981643,-6.217726454677417,0.11853230102200768,0.20922507126237042,245.0536166120173,204.54950211127823
6.6526660206968495,0.89531099282889,8.621499026302692,0.5701583391941923,0.003570056984200682,211.2149106580914,192.36677075087562
55.492569067112434,1.1092393878147973,-1.480532145923942,0.0294572692717844,-0.00870722943811519,277.44066272924584,230.76559266370572
58.73942289185748,0.03736760592775542,8.709075815217796,-0.02992608522836445,-0.09458074447906274,250.35029766178135,242.98492579816434
-51.060391735697316,-1.150114765564188,-7.218581313656705,-0.7347127399538153,-0.12116352946086428,116.17707364354882,115.33860223053588
41.528349475079956,0.8729923820913629,2.2800522431140062,0.3029332439435225,-0.12116352946086428,248.01530678309987,220.48673012963673
81.273494070566,1.9019623907986953,-5.146812653077976,-0.1330655956759914,0.00799089220930069,297.66350196514134,253.52713541968876
-48.923766462288654,-0.1448096664642563,9.986081797026777,-2.0270820602596866,-0.022344590981084198,121.47665068964064,134.49164533190188
64.35954840514253,1.055786953433842,-8.896896597814033,0.3107468432198579,0.026161795974309416,239.6581099327252,232.4789137148253
-48.98260235790617,0.0028143963883894793,-2.367446655617933,0.9780282214188989,-0.11086685683456411,109.30925183449716,125.14349306231739
40.49465455119771,1.1813800994738892,-4.570954007853237,-0.13775375524179262,0.0405675150671369,236.95148267811007,212.63146071751248
38.58300079869709,1.3149039690049693,4.408622014056299,-0.4174806093345991,-0.02608691904641119,206.4287031358277,219.48652556824612
-24.929271616034484,-0.15061498027651088,4.0366418953478185,-0.5034302013742882,-0.010445124037149934,163.43255142643437,154.06644628849418
70.74201274998224,0.5612003846188879,0.42330857387064375,-0.10024847871538282,-0.08791761006075746,311.9116779618194,247.16192193456442
-29.064193179553495,-0.2387561141899101,3.916982814861411,-0.7143973818353433,0.20816283721365925,162.88722006921176,149.7313652913651
71.98051350136265,0.9067408740521232,13.109458316644698,-0.2205779075709476,-0.11086685683456411,309.2064189317617,261.28883424252274
-6.572810089040134,1.2699462971843158,-2.073496301370776,-0.6143833110982505,0.17111694104318978,181.00620630316,167.80393985158713
12.098520621035707,0.2583395428165032,5.969480328428656,0.30918412336459083,0.052309795841489926,188.63961083145043,194.3114007263557
46.644790119530526,0.3848579392497901,8.871892258534622,-0.2815239819263635,0.09419895245758071,288.8109508878724,231.33778160271493
-58.68933588821039,-0.38065754406764996,9.470874988054836,0.7154912857340303,-0.13146559750579742,130.9502805110231,126.60847355887381
86.60148987189143,1.4752106634016016,3.1962219319150695,-0.21120158843934514,-0.05855008471211422,239.62009118551455,266.62673710892534
14.085049834661875,-0.575017104451144,1.7452838390545917,-2.0005158227201463,0.24727431982479064,121.52491263205096,189.12564138123872
53.37822713474273,1.5370861480781421,8.946542225203222,0.7061149666024279,0.020830586052970605,190.5824707415307,240.21236737554824
26.299630421197186,0.34353435563738194,9.748919544422574,0.14509853856154795,0.048034234048557875,200.5360037178337,212.20878340873605
-74.59650126583354,-1.468801864625733,-4.574768934320149,0.812379916760589,-0.11306287521272818,136.33640932008953,95.68281129163722
0.054188780691224216,-1.4385297016669114,3.562979897170687,0.6264162539838071,-0.11656764358103404,141.64782051846538,178.31205390146658
62.73466846452108,0.8548541277621239,8.19805236238932,-0.13462831553125848,0.015284053880114898,270.27522026276864,247.29179700789012
63.97029199716171,0.7401451200060468,5.093275067720292,0.18416653494322482,-0.1163228017542677,292.2855637803879,245.49512223294585
62.65363292478149,1.2242081104230444,12.317474228578085,0.06539982594292712,-0.10005851896335494,244.4034738973569,251.78422288563098
20.38377564738405,0.4274393033818648,5.43109838000294,-0.8441031298225106,0.01778335570346355,178.10644097015663,201.03955987151858
-22.546124778442145,-1.5373336715163346,-6.548981267368352,-0.9675579983886095,0.11695352346586158,99.4308896782981,144.1405221226192
45.28986265343684,1.812195060679305,7.645598439976317,1.0295979766427124,-0.10058095811015662,162.93005658197194,231.3002394874938
-51.24857089541342,-1.903608616088404,-5.317745059678718,0.9217703066292843,-0.08828407968515758,100.18929562296086,117.9871279706324
26.66618151678049,0.02346537419262481,0.9104227115034911,0.2279226908907029,0.04406797726306397,229.8441679083733,203.49562658549917
63.849755587397716,-0.31238303175682003,12.404400264498653,-0.1768217516234695,-0.044955662663104856,261.17312911567035,251.34356172072177
-25.816475765984066,-0.9945639840598239,10.015185493672526,0.40763547424641655,0.05139557991532174,176.53117179288444,159.28674311265917
58.746866132128005,0.38947950082668104,5.471808994641947,0.24354988944337366,0.057584850867488456,277.9872842201086,240.53285568277624
17.85575140794504,0.5151698312369551,3.966933686481016,-0.08618400001797916,-0.11298197001228141,232.3188718698011,197.76225527050156
61.096608270572226,0.8527832117054035,7.464140354462227,0.4185745132332861,0.14622486679121194,224.82288777531136,245.60189753163314
67.84297074295299,1.5213833759189497,1.7955221307238656,0.10134238261406985,0.1771382651420679,222.76245272922444,247.06192321222073
27.897309425317292,0.19976907381464432,4.697811179253545,-0.4518604461504747,0.0883816883485782,217.216688217504,208.05497723545238
69.9077749641004,1.1237364978173867,13.424454584260046,0.009141911153312424,0.2831943134178011,259.28740764601747,260.37186858561773
49.20954815262381,1.3980590845479206,2.932868346988222,0.2623025277065786,0.08812060141182634,226.79786497597144,229.51446502814707
11.234496726070727,-0.4800945632765115,6.516759097456078,-0.8081605731513678,-0.02838369558537366,158.97958230340427,192.05818330638232
-101.84730406041925,-1.485612832095165,-6.41481850287908,-1.4441875542450673,0.022561994132179873,58.8787464070123,64.45420535936239
90.52839813681439,1.764606183899832,0.6418491106288987,0.2794924461145164,-0.010929060805581989,271.921685156776,268.8269831315208
-32.20185283605327,-0.47461352544921503,7.117846855406349,0.7936272784973841,-0.02830698721702615,144.32748411394255,150.830267100053
-55.59978708952028,-0.6506201474112885,0.6545797902929833,0.7404948034183035,-0.05858226089086997,78.29916637554534,120.70965141075763
19.623577482402332,-0.6448496873419727,4.236410331845763,1.0514760546164514,-0.03465095324446174,156.64847820206134,199.85552954314687
58.86054879648799,1.4504977295310038,-0.31834599299607663,-0.20963886858407807,-0.11679999165002491,262.0433144965179,235.28982798765765
83.56480403929703,1.7609096987330877,5.438137853989906,-0.20963886858407807,0.05100887976905438,289.56460447966145,266.2287879180738
56.68119241070446,0.29060718024855964,7.391618438574868,-0.13775375524179262,-0.06978944467931192,252.18110050348,239.77944114447558
-97.53749029295449,-1.8595742167424854,-19.362293041976177,1.063977813458588,-0.13146559750579742,48.78913260714801,57.796720979148404
68.10205550516788,1.2992512900193394,10.01764680187023,0.05133534724552345,0.06245433030347193,247.5706641220695,255.15630958947526
21.698613269307398,-0.2684147936896937,-2.49597403828787,-0.41904332918986614,0.139995321591964,189.81247890101784,194.27874274460072
-7.4534974532251566,-0.047065652389068666,1.1541432460780203,-0.6956447435721383,0.06232005160971547,166.13758717205454,168.64382176337014
-62.730605140881835,-1.4967575557243864,-10.099268753795345,-1.3910550791659868,0.29959732648100285,76.58904148062254,100.20547711178222
-29.69926585155732,-0.6844745963762682,-1.6712103007511265,-1.0316295124545596,-0.08591180178557829,120.01888574526566,142.45107425194394
-53.311569104811475,-1.4220072942644653,-8.590551800707246,-1.272288370165689,0.08676307346450951,50.2556909182464,111.11391281838442
31.91040770600324,1.4891804650713398,-6.731402492534099,-0.13462831553125848,-0.106201417373548,258.1413248216816,202.05092226050442
98.28794156519699,1.4022256411804461,8.829420585110821,-0.09399759929431453,-0.0842202620568217,247.3041941616411,283.96493624500596
10.20411788030168,0.5075078322152133,10.080395046957381,-0.770655296624958,0.30161110037617295,169.11516657883746,195.9465428780943
45.20879626592425,1.318791482661602,4.732035829190394,0.18104109523269069,0.05695653082094922,205.03731933499216,227.12118751869872
-42.41345116273952,-0.6534760312228535,-0.04399349970693301,0.7561220019709742,-0.068096658821375,134.7992987467729,133.20067096434906
-2.5084697595942766,0.6065973212882372,-0.28789204015796066,-0.8691066475067837,0.1632222157081157,178.25683261186066,172.72791740460613
-2.8210216152795335,-0.7864541683615844,2.168838577213002,0.5498429810757204,-0.08537323968694442,154.26583799447644,174.64939884982945
62.66629663571279,-0.7143019230619809,1.4552963659213596,-0.23464238626835127,0.18974981444072522,266.50996276872985,238.98596482161332
27.264118593067092,0.2965488179887112,5.369775623303106,-0.3643481342555185,-0.09458844849810115,263.133342168552,208.09507276647406
47.98124316205231,1.5888212122377074,10.750009858657801,-0.31590381874223916,-0.01700254124521727,237.1808943253894,235.61073418782917
71.24535669231025,1.2171177055297693,2.8769227105427553,0.07477614507452958,-0.02943750916156069,281.5095307664831,251.00830205916458
-34.855203072998556,-0.45115358158961233,-2.2292949317379014,0.9858418206952343,-0.062119541969545215,139.24950517816663,139.0116370072684
5.20243172938527,-0.2410747326655704,0.3764866386934736,1.063977813458588,-0.13146559750579742,144.59840351359296,181.89392216623474
-10.438126257395528,-0.3999413543184688,-1.519982935695982,0.8514479131422659,-0.06330569223625664,121.23351995481391,164.05365798836482
3.778298871539292,0.23047525445634237,11.833772363966885,-0.5081183609400894,-0.026799049999805747,200.9610186657464,190.93119539389141
60.03510424662065,0.007510002453702304,10.090820043570654,0.06539982594292712,-0.017676473090528617,277.44379073441814,245.80472396036623
5.000153320039276,0.7871154945643238,11.548989940988731,0.40294731468061534,0.19277048755474877,193.7871304258161,193.5555428726965
-73.23237550780179,-1.2604228828312234,-1.8824355045000334,-2.0442719786676244,0.15956678842149433,81.43510556423182,97.3636272294896
73.5588691301669,2.136884637327804,-4.4480616325114015,0.0028910317322441243,-0.10091670857525582,242.21849333679532,246.7732327730091
1.15950963837425,0.22995126765208362,4.0665450464388275,-0.4487350064399406,0.1373442223335561,156.82610178261598,180.76818148322758
37.511395683806185,1.0642498528228188,-0.5128427850451233,0.3560657190226031,-0.0005533580684030237,229.39557585300665,214.0418814274069
33.394357686515555,1.3669067002230815,4.785215730468577,0.499835945707174,-0.11350684465615352,236.22772045167065,215.55637553312704
-47.991485725464024,-0.6552788071110502,-17.81961133871899,-1.5567033838242967,-0.08006281107864134,74.65283030081727,107.52042424867179
-12.68836209199955,0.40708880286938715,-1.2712153807106323,0.9749027817083648,-0.08748528620706754,116.54544321097114,162.9584951405293
-47.813364222588774,-0.6110755916351599,4.763320210606338,1.0061571788137063,-0.11356907351767967,99.693886713586,132.85503481654723
-23.206316812658784,-0.5541649668994907,-1.4535373953625519,-0.5534372367428346,0.011029302623828405,176.37530356395453,149.86713920582895
-48.52961009573552,-0.4013675310009629,-3.801441941554078,-1.5817069015085699,-0.05559328981539237,86.88863217781785,121.25384655525426
-1.1194282964914748,0.22858953529655643,5.781411830395881,-0.873794807072585,0.044325364780149736,162.8908071024531,179.68466994177726
40.74789489230131,0.5493485533729285,1.8991057926934554,0.3873201161279446,-0.01185185253435656,270.73753426043163,219.19538381683003
43.53980602970011,0.9683511692651836,-10.132031534297138,0.667046970220751,-0.04303582852011373,181.8925811386465,210.6237031212376
-71.6422097054004,-0.6042562472943747,-5.097449107245055,-1.208216856099739,-0.07279570705216568,74.48667578537427,96.99863869177705
5.989091732827586,0.8941220372515806,-0.30605643717613923,0.012267350863846574,-0.10585555657117623,223.80049381394397,182.10713544206448
65.34532968922079,1.6992596145515184,3.1700772933677555,-0.1768217516234695,-0.04434249952280487,286.4199595659238,245.61706866086257
-16.34031192447518,0.1256392043375433,3.4842305659627986,-0.8206623319935044,-0.025106187064204893,152.5565455889585,162.04735564163624
9.95186913341394,0.07251228302352598,7.9259346780265565,-0.44717228658467345,0.02289448321245438,200.0798697781732,193.14960460596058
-63.388254219733895,1.5514528417454974,-6.618636206598993,1.0467878950506502,-0.08769246100280723,80.54811016569906,108.12722416432922
39.146908606927326,0.5337986605518367,9.671376200037061,0.42638811250962144,-0.11086685683430084,187.790377036668,225.29117103806033
61.04699238294073,1.4870072963829541,4.013073148081211,-0.1955743898866744,-0.1012489448465247,282.9248061868822,241.8738158075405
0.782822709736759,0.701134467955791,-1.2178970690221518,0.9889672604057684,-0.11678166336856535,112.31037353154863,176.76181202057637
5.376085433907204,-0.25667572118708365,-7.897844275896454,0.4545170699044288,0.010243482703741614,167.54287580843646,173.30989230430063
42.78443828972203,-0.16735277092251355,2.8808406962091935,0.7514338424051731,0.03535485823993296,168.03277415415275,221.90828123052262
73.93221988813109,0.6020949409747876,-11.773243083902825,-0.006485287399358326,-0.10093436060054924,267.59063778142746,238.27721841207193
34.4925676637741,-0.5241861969759362,2.443498452827369,0.5232767435361801,0.043233318111809776,181.7593038006277,212.60195629614236
68.30051646352197,0.9656679741601716,-2.992230760941513,-0.520620119782226,-0.0581513970078856,216.53000893095407,241.3187484748193
-5.584182042125311,-0.31234998774333655,14.122707057839097,0.46545610889129835,0.0005843591633765049,179.72973373650814,184.3157818108939
11.45908415630618,1.3014193033721608,0.18711453301932493,-0.9456799204148704,-0.11086685683456411,149.6732315848046,187.51463753031703
-5.3202238745225525,-0.9548941510911734,7.176534553472537,0.34043852046993234,-0.04433327576126784,188.15797384627507,176.82108808743624
25.76944745132037,-0.22757212116267536,-2.212694268555631,-0.3721617335318539,0.18179274126450537,205.9923445940968,198.76237838420354
29.527922801216558,0.27577239753768434,10.319844455652872,0.2357362901670383,0.13111020584597113,205.9275912090288,216.1139524652889
61.33564288102235,0.14610030640163185,1.4360964136122536,0.24667532915390783,0.17793900077738523,228.38527747476024,238.96602024583632
-101.27430191216585,-1.2943075469179466,-13.633821048677909,0.9420856647477562,-0.13146559750579742,99.36261174622464,60.231755874349034
55.2657122442294,2.0948343449702906,3.358247636380806,0.10603054217987107,-0.08757688409973151,245.56584298804643,236.3608141985294
-54.60322028752197,-1.3921403040553593,2.292027762671208,1.063977813458588,-0.13146559750579742,105.47371156019592,122.85274570191547
24.90264835568308,-0.06857249503139813,-5.329756467268747,0.0857151840613991,0.2153574233221885,269.9564606096161,195.42895831563527
-82.14701551543772,-0.8006474645359344,-3.035689383681343,0.9592755831556941,-0.08775837881898857,119.90465612291892,90.51173115555048
17.445479721322606,0.5132253997532229,1.5923912575364214,0.48889690672030445,-0.09695044879156489,202.11922470226267,195.56660915140975
11.783830025895663,-0.7164558946033668,-1.2106420750460751,0.4685815486018325,-0.11312826038218735,239.91878104617527,185.83575165933468
61.65274953009798,0.8450144779411439,11.086870451009412,-0.0955603191495816,0.2995764275026726,252.07212629921125,249.4122168822704
6.275474274695614,0.9144277589339542,-5.949451229960628,0.14978669812734918,-0.07023583093943962,214.2670754565097,176.94356798572568
27.998421137877127,-0.22602717019523555,5.2318733812071745,0.4638933890360312,-0.024396016650960833,224.5116724002796,209.06733103614295
62.911827114796644,0.48018480320097645,20.148672387525895,-0.1643199927813329,-0.11086685683456411,300.6496167556059,258.8890637707764
41.390325357983464,1.2471424552743329,10.620676567575211,0.3873201161279446,-0.10590769608841903,220.02366821772503,229.16312311574126
77.96717830178561,2.501573054637478,2.1906282220009063,-0.1080620779917182,0.0562458598728278,279.1973256445056,258.23112967517386
-108.81277087744938,-2.557028870458257,-8.25031164511999,-1.0128768741913545,0.05937217445726352,100.59016063581242,55.04995022210704
-33.39064587135974,-1.0643313031573503,9.376060344522584,-0.5925052331245114,-0.10619369689426647,191.8269414470407,149.8459505548555
77.95367128217478,1.6977218816258584,-6.723542828040274,-0.2596459039526245,0.004002098585052796,261.02059749074056,248.29577284526152
-44.079805118392684,-0.2025110314046178,5.506480410941721,0.8201935160369244,-0.055239153257576945,144.5678682534091,137.61268493879257
-56.21669295022093,-0.8619882996490392,-4.937716614541567,-1.1191418243495157,-0.00430785580429693,92.29070025118702,112.48371877030343
74.27075803460124,0.20478775095276935,-7.932986237598298,-0.3393446165712453,0.2835108783027918,274.6407857935645,242.11029212455605
2.9810555272458656,0.5470743960846616,3.2755665237042795,0.6592333709444156,0.1467117798335868,167.0049592253925,183.23320791268156
53.92081752081673,1.5167359935419762,1.267969931328094,0.3294994814830628,-0.09561728152746302,248.92685780934943,232.56297196051116
-52.01846822410148,-1.3580614724663758,-1.683314799476276,-1.4426248343898003,-0.06205488878761898,96.99340750936824,119.05904209564724
-43.177054620034454,-0.1394749694223942,8.45525835735805,-0.9316154417174667,-0.10055100777056507,149.3661409156079,139.73012863328196
64.99333369530594,1.2307155834479604,-1.7960548025775498,0.21542093204856633,0.18511815709836793,266.4308987752612,240.45209988019207
60.42295989296083,1.7728377606618086,10.628831952548605,-0.21745246786041345,-0.11681961528285538,244.5210681902221,248.11392383789678
2.4975776660242057,0.08419298986834893,1.1211024313194198,-0.9331781615727338,0.14195350099191859,148.14719988069268,178.53521474149994
28.697694445867814,1.9424145216264044,-3.4002943460782458,0.8436343138659305,-0.08807943396080177,185.5861761408776,203.6189358161899
44.71328263870175,-0.33961299183254323,-5.556911242248985,0.5060868251282423,-0.13146559750579742,242.408178371976,214.81494594711143
72.25507839861402,1.0647993880092779,4.966551537418437,-0.09087215958378038,-0.09706340251384916,278.00924011051814,253.7220600768129
81.95673364379557,2.3429525613759616,9.741752782268327,-0.12525199639965603,0.1060323616373666,299.52210003778634,269.64578566754636
-50.97028873022682,-0.3252064605300891,6.058129025476247,0.6717351297865523,-0.1129421454806795,127.66363440880298,130.94499313389397
67.67475944095385,1.3465263793637265,0.8865448431287551,-0.33465645700544405,-0.08772838237542693,271.4123371856268,245.1090121389343
0.5725744966459791,1.7405374462755867,1.1539995483871164,0.6701724099312851,-0.10010122486376817,162.5236805024431,179.660748991245
-94.21362798503503,-2.0264451139693946,-3.127477351757168,-0.998812395493951,-0.13146559750579742,74.00793702230243,75.12573787110745
-25.295626955665476,0.07841399856685605,-6.961988513389772,0.856136072708067,-0.13146559750579742,133.87978643298894,144.16903531958266
48.81506904696845,1.559522903985197,3.475593325602529,0.604538176010068,-0.10148445164473328,197.5016974882685,229.97680531579033
31.074999617991242,1.1355137855430222,9.335801870569998,0.13415949957467843,-0.07802358977233256,234.83379625273983,217.22601749877538
56.99194480296031,-0.42799101339695655,0.28776768107386713,-0.978497037375479,0.1756596807187674,169.6580711691728,231.6724504288493
-20.15523319107791,0.08967087985599063,7.686230405531499,1.063977813458588,-0.13146559750579742,139.08520772235588,164.17674662513116
-70.54443018449851,-0.2108683096366858,1.4127084967024237,1.063977813458588,-0.13146559750579742,73.47666914903402,107.21348853338878
66.2826070560756,0.1415491068878855,2.7853084509534694,-0.49874204180848697,0.07171262225526855,230.80899525958932,244.4060015092325
-25.247557259345868,0.45069730284725124,-2.719209498299702,0.8858277499581415,-0.025197397715265482,128.37493383616885,148.96812721231333
23.13894043718519,0.5827022077119495,-3.885808815621212,0.25605164828551025,-0.04195691634014848,223.64113243902733,195.67349487609005
-22.969793430320735,-0.11332602713323352,-3.816566106213739,-0.772218016480225,0.13894648715124977,145.0840198467612,148.09060922187209
-3.4408271550532192,-0.822342783176731,4.2518275098071285,-0.7597162576380885,0.06834179739132243,144.10894395345355,174.9208494261992
53.00895474252576,1.428985380564413,-0.13293583072183687,-0.028363365373097377,-0.09936033038161908,229.5925044368865,229.80084691148238
-12.4483259731907,-0.24293306892570107,5.719532729102608,-0.054929602912637654,-0.03797797475511684,248.60769667157143,168.55893242418725
3.689152817923687,0.9897314735467949,-0.7640193028738781,1.0467878950506502,-0.08134006595734672,124.26963636670712,180.50387913255872
8.60866145310076,-0.4251610065680443,8.92371567104053,0.7045522467471608,-0.113398807352145,190.04117868610075,193.321935871837
-56.019131840613205,-1.0192141406558797,-5.612958342098463,-1.5879577809296381,0.1720875584686021,119.83523253710392,111.55639176904023
-28.094180537734175,0.21647253741925895,1.9753309675815416,0.8358207145895951,-0.029894812337451632,118.40169259695116,150.52711518438755
14.853347099095377,0.14387948357360375,1.1481682034857301,0.37169291757527384,0.313184872917387,215.276953758538,192.45383889151617
-60.26141993370123,-1.7805621674477912,-10.15461851188931,-1.0894501470994413,0.08960296773817895,87.13901076348859,102.42711852246919
42.58832902560428,1.169956017531028,-4.554233662207254,0.20291917320642971,-0.13146559750579742,270.4545443726352,214.89907127149746
-96.81830484831445,-1.358456184494818,-3.316702734741792,1.060852373748054,0.06834473756430474,64.43584932790385,75.25929965863008
22.21537177474973,0.4858298921799933,-8.106278269811495,0.2794924461145164,-0.08184901302770813,199.79312706396013,190.4161331450738
25.230002646367037,0.8114266216892511,-5.392731812025717,0.5295276229572484,-0.08006281107798677,171.90633270677046,196.7217285827786
77.60671983038111,1.4288897236171372,-3.5320751523875162,-0.015861606530960776,-0.11353950886630568,266.22852555859976,250.99769960108233
44.51769615449126,-0.13589566021564609,8.814321108164599,-0.16275727292606582,-0.08523587043183592,246.84375047332085,228.57169477395104
-7.077418563366426,-0.7401318455251555,-3.354702017731298,-0.35653453497918314,0.11557848098881958,231.9705713621982,164.21035783425552
-47.86655988588367,-0.44300805552579936,1.126259008142266,-0.9003610446121252,0.2431262732112515,133.2256698086286,127.7830226102007
-23.305170942538737,-1.025785707595046,-3.6965307375386525,0.9108312676424147,-0.04598784783849865,128.07086164498787,148.46092234700023
-53.227249289385,-0.3766890357694208,-3.2929911013308093,0.981153661129433,-0.10621612363660393,87.87291866652126,119.60157442587641
-69.27759379597713,-1.1336670614084379,-4.236838000936356,0.8952040690897439,-0.1162935430802835,115.82115253549722,101.75437798255632
-37.56631780423338,-0.39791990626326756,0.5684358834335141,1.063977813458588,-0.13146559750579742,119.79482416008092,139.16027670375843
-2.3719249647638945,-0.43758566438723107,4.355740646727103,0.6357925731154095,-0.07781277684936547,174.1053776220657,177.72777612871084
31.342149229330346,1.2489797201231463,-6.963429659888204,0.810817196905322,-0.08562617777139876,163.88581282594808,201.97645662356803
55.532988615132254,1.4527594157794566,10.028827184590577,0.34043852046993234,-0.11308115297626847,205.123889502302,242.8654988978647
77.5324765973162,0.3951194176482233,9.409660223817399,-0.1580691133602646,-0.08021228078850283,277.87978107982866,262.7225411595019
-84.38802043047613,-1.728588609170835,7.625197969294068,-1.439499394679266,0.23073350642927612,123.6142230265637,95.92338935626586
50.115683532545056,0.24588345548365131,11.251352355512637,0.06852526565346127,-0.08558718774155841,253.6001273979248,237.21942373632197
10.249300668313808,-0.5490286059903615,-0.2798744450113449,0.5185885839703789,0.022093808733160504,196.61223286895023,185.5846463248845
62.15542187931888,1.2297181186582138,15.551731153306939,-0.0955603191495816,-0.0522598755477986,264.3641261793548,254.41261727145542
-0.91853896708676,0.8070856944953829,4.844156991175408,-0.5112438006506236,-0.02097354771080335,216.55380031909175,179.82405268509137
91.18649124864032,0.5157127796312869,-0.3570637085818841,0.034145428837585624,0.05385089547389093,268.4917678634583,267.05670295886995
110.82178056620388,2.374195955375196,16.707937939112966,0.10915598189040522,-0.1058730540849528,291.12347482872843,305.53076370336623
36.35480358367706,1.013770045523613,0.7026008048634717,0.3795065168516092,-0.038225974324014526,229.61508840676092,214.0360212914605
47.95788377999066,1.4463984437899742,-10.034512029743416,-0.36591085411078556,-0.062222375477908654,251.2262743065748,214.56520327931725
-67.05276409287659,-1.4600639920209464,8.930682500810837,-1.2832274091525586,0.09548972271749524,102.02582667274798,114.85368304434704
18.077078316828825,0.6581433100458328,0.5186163067763693,0.36387931829893844,-0.09723828040069639,193.57803334331544,195.14404528641808
65.50822717310633,1.015075392422482,-1.5551093581475854,0.27011612698291393,-0.09438019343448317,246.15608172131863,240.76749545579844
8.688335610092016,0.7519419187899373,-1.583464218308274,0.7873763990763157,-0.09721947818597339,134.5214841623129,184.1705365463328
-36.07027960496668,-0.5702586048187807,1.2266806955348215,0.7905018387868499,-0.06904335110851884,123.89000468335898,140.9311672882965
46.003298224009576,1.659029278306921,8.743670322511775,0.02008095014018195,-0.11086685683456411,236.90496179474272,231.93877823300267
85.01943054932521,1.7657293288188638,12.586140174680319,-0.23151694655781713,0.08867734633677983,246.64861934789727,274.8520267674721
22.47582286978416,0.4380937156546766,8.136457196005209,-0.02367520580729615,-0.10586146571545822,244.8018778203131,206.54440342479006
104.97282665687032,1.0345186032020264,5.84920825079204,-0.0893094397285133,-0.054893844667431274,309.9551234658459,287.33591654133727
53.29545523976727,0.49133464519320275,-0.6127379419436695,-0.6800175450194677,0.13204326127845456,210.00242206454655,228.24964397414453
68.8780727754138,0.5531938072061044,-0.5899517571895516,0.0794643046403308,0.02187585923586156,249.8330922251935,244.56622130417531
29.406207280750166,0.4398100592675378,6.048549584989093,0.3826319565621433,0.0036413655252872028,233.93552932394184,211.90440656196301
80.69226020699476,2.2342984780849138,2.46962106332281,-0.2549577443868232,-0.06809506253008592,274.59654632540696,260.69669325635437
-53.28974897491168,-0.9569317433456948,-4.7797197334083386,-1.2457221326261487,0.2670514881803045,91.6667344768242,115.61849521875723
109.92257536888891,1.3504354272600094,8.019281318733908,0.28105516596978347,-0.09506725260643044,279.83671553826576,295.1018463431149
51.90329466890163,0.6655003216754217,0.16501745351060518,-0.3518463754133819,-0.09862665601862798,254.95130724217407,227.90690572752442
72.60204061516087,2.062275661145409,10.054357333480576,0.034145428837585624,-0.11086685683430084,256.2510121469216,260.26551849665896
3.843289252989279,-0.5114869873741038,-0.3074087395363993,-0.13775375524179262,-0.09526605251927318,211.62203619532968,178.4149400331865
-62.63784789112977,-0.9899544317292365,-7.216584969059909,0.9749027817083648,-0.1158172513097063,90.2891282324016,105.63826455334853
61.84834184884003,0.8518801581808844,-0.029341698278627107,-0.056492322767904724,-0.09703233261446137,267.75935379342087,238.14092196822867
-64.18684901070914,-0.211736906979083,-4.366717779543717,0.9217703066292843,0.012539639567120188,109.87404417070336,107.79257256383326
49.77273441585768,1.3716522506371516,-3.418573674083968,-0.10337391842591698,-0.05160204297100174,257.8976945502229,223.19440334588273
5.614890048231186,0.8226288648223171,8.920801329999806,0.7873763990763157,-0.09540146576851044,120.5875461792523,191.6738614912299
70.29450276092824,0.3154181290922907,-6.553256919047594,-0.17994719133400366,-0.06261705649961787,259.65836503733846,239.4376660380081
-19.387122502026433,-0.3029863612926679,-2.1244810975471045,0.7139285658787633,0.02768832380929702,141.26509618030613,154.55059324369063
-119.1888682536553,-2.627096816681614,2.0099666994350938,1.063977813458588,-0.13146559750579742,66.53686889649433,56.750080159919776
-72.99802601124969,-1.4536789817987723,4.194736016680415,1.0499133347611844,-0.10058095811015662,98.1154141213842,106.31592971515175
58.0674364466142,1.3366544803049853,6.810676593314961,0.013830070719113649,-0.04452821668950175,245.13575699980825,241.8076356891326
10.133463303728487,-1.5046658929299634,0.09078696529453352,-0.45498588586100885,0.25509883498799296,175.09886476920332,184.14326364008883
108.78649217020399,2.412005443628988,1.608100036063242,0.0794643046403308,-0.1058257591717486,292.0857792745813,288.4038025102335
15.71462305557172,-0.2013626730552729,-3.8352610233774733,0.5123377045493106,-0.10121369431731647,189.2976660121735,187.71268968423976
-53.100346506853114,-0.8985938893283588,-14.58225663769381,0.9420856647477562,-0.06779178898228634,110.12723561341495,107.91666315675894
4.979314831036068,0.3148943770268249,-2.0514957898101303,0.6889250481944901,-0.0950860474993339,175.97152204954557,179.46011873381667
-26.719876259696587,-2.0004325631997624,-2.3643105357587837,0.8186307961816572,-0.09031117803518914,133.27870940967202,145.26726657436012
-39.77725466127033,-0.7774706424770081,4.2045924508808525,-1.144145342033789,-0.04165567786434405,122.74070311313416,138.08763244210417
-79.1825530856203,-2.0318509679392,-12.752309175255679,0.9889672604057684,0.04055298235004654,75.85299235011317,82.68637332880942
-61.860078295561664,-1.3500466739511154,3.372477690203144,-1.1019519059415779,0.2474736489401522,81.48442087054731,114.93144077855774
71.60411702360418,2.32485045207692,2.1669504321858146,0.39357099554901287,-0.13146559750579742,227.81212131586625,251.9815896207789
30.36395623265002,-0.451690279082644,3.698347845124916,0.5185885839703789,-0.09712869101109765,227.26141328212535,209.65564000652034
27.195501162439903,0.01367654649093321,5.445168777376249,-0.025237925662563224,0.04042993387887416,260.74380827093046,208.29310480939222
29.3505220478361,-0.30385243885232693,8.52736694037537,0.5529684207862545,-0.0049480553935709205,188.58732946832453,213.74562322962066
-36.70961799718498,-0.7115933336687941,-1.0731552218527118,1.063977813458588,-0.13146559750579742,84.76841816095413,138.06171197811508
-47.96809891820428,0.04706738168902416,-8.78950777779301,-1.0300667925992923,0.24727474975636468,114.22392166050662,118.13023495771756
29.93867003755563,1.9471978776371481,9.093789935894115,0.4420153110622922,-0.028286497261356285,187.2549732254736,217.01695297975664
7.928676861758024,0.4304845090788615,1.5436051918725306,0.42638811250962144,0.09762142295310379,203.97748330930236,186.05034241304094
72.27087496119287,0.43213868229287805,8.797870723672588,-0.06118048233370595,-0.09695219608481988,277.7692333680371,256.9663180036086
17.26867748307263,0.4067445362570844,-2.6783756416228655,0.056023506811324675,-0.11657148940598855,207.86602530921752,190.56006470998096
34.70332718263279,0.8117896052773578,7.639441756434976,-0.3909143717950588,0.10838397711430289,230.72917435673128,218.49559446453316
5.2814375064552275,0.7980291109541702,-2.1572124948216476,0.3826319565621433,-0.011461247432335692,196.0930603932795,179.91699114658638
-63.858573789578,-1.0082363067291884,-8.701537410687955,0.9155194272082159,-0.11086685683456411,105.46693456664453,102.85987137824728
2.6679291594046237,0.42205861710725345,-6.1364933149830145,0.6967386474708255,-0.11303859876546163,184.25117801185104,173.16076082510298
28.43868401402625,-0.09795290654078827,-0.4270936736573825,0.49358506628610566,0.12446937408423016,202.2853787455795,204.15525818906718
53.69812133329235,0.77268432174323,5.926035552188956,0.35294027931206895,0.1762875263936625,244.91959710364404,236.54963532779908
26.69743543181186,0.39043422080607054,-0.20560035454121392,0.374818357285808,-0.053967320096853656,173.54443050888523,202.82668665013443
-18.307757058761315,-0.157527832785743,5.961666282600975,-0.7394008995196165,0.2134964180667218,148.66917040728146,162.5940432244698
23.15375060601789,0.15356358596652825,15.261692066606548,0.17479021581162238,-0.07195601109124568,236.7169425166723,214.2954067781801
-37.339237179871276,-1.2019716734453463,0.03142138419640911,0.7592474416815084,-0.100580958110551,130.16485706547792,137.77244532931954
19.383819639395846,1.0655243052418326,7.353008970837033,0.33262492119359693,0.20328550509555462,236.14035567279848,203.96182965663263
88.28376708180032,2.1539028590539777,6.322698707011073,-0.22370334728148175,-0.10037418801010145,271.6608902096042,272.0598574274425
-79.87465416313344,-1.066090836720268,-5.8213973816647355,-1.6895345715219983,0.09315771952400019,54.30752885931307,87.26504708135235
-97.36810112764233,-1.4165425596679064,-3.6855254857774944,0.9545874235898928,0.0038145679999887585,92.72824766658763,74.11179913337091
6.4465909825541825,0.21911126586069732,14.903719852147962,-0.16900815234713412,-0.06534448231293008,223.08734632338536,196.95863578077154
90.99041487215719,1.1032338831208384,11.515238893842751,0.2419871695881066,-0.10595043862932187,268.1596938986343,279.3684906949484
-67.40574750274772,-2.5388501312504967,-1.3480069422862304,0.9686519022872965,-0.038097115715161604,102.28332236624767,105.26151652515645
6.944827777033116,0.7675003664823195,8.043247198142971,0.5795346583257948,-0.12116352946073256,175.42524720851944,191.83751278539228
-74.34981813762366,-2.112219429373495,-0.1732383814212451,0.7389320835630364,-0.07735267592931368,140.04878545054737,99.64986977408412
-13.285760829461596,0.14693181222297008,-7.464431566012436,0.7795627997999804,-0.07214976192408472,117.44695341962628,155.7277187694936
105.87673425624511,1.4067995557701392,-3.165971439736043,0.03258270898231855,0.37210917082579503,268.1832028895079,280.14582056695616
11.929624214202493,0.02095441585213689,-6.500193709355742,-0.7065837825590079,-0.10058095811015662,174.60539246271688,180.2667864948985
-44.30391688304235,0.27666508030618037,-6.4602790233551906,-0.9956869557834168,-0.100580958110551,142.59946493359166,124.03976757488346
32.17690569105642,0.1616937503463064,4.887914731432962,0.6451688922470119,-0.10158168622206037,159.68893105194527,213.3936676937294
44.47311528260166,1.1293357170124834,14.62861988084974,0.2654279674171127,-0.06942388849922235,228.60664574526385,236.05064127425055
-69.52790960913062,-2.1370752129927295,9.8460513185539,1.0155334979453088,-0.11316479115778727,95.40745487451262,114.70700151808686
7.633910314595899,0.80645981640047,-7.8793123012798745,-1.620774897890247,0.39242327931236376,120.05451362721736,174.9562725260074
-14.421569250433517,0.571085124135494,7.638572524694231,-0.7690925767696909,-0.03720888557776108,178.74472079668675,168.60535325091755
-3.476534732199503,-0.20537639555505405,4.684662200402444,-0.8112860128619019,0.19586834026248262,145.20866921376924,176.01089971491726
-25.39457854969474,-0.6682078841883216,5.8792159734773595,-0.7503399385064861,0.0035878841157849675,173.15256565891897,154.6932438000724
52.5003350973813,1.4024133497665356,8.011111566264207,0.2935569248119201,0.08899790854216579,217.00172511233583,237.91998116163495
31.483947934951907,0.462639890904682,2.3462270286384053,0.5545311406415216,0.1292737423206994,234.23051073712236,210.60018605232597
-41.6656625255678,-1.6505261119526888,2.6506632230675597,-0.6925193038616042,0.325649345876577,152.90478839999923,134.59117094243084
-7.379473728695535,-0.6974103047245158,2.88067149895285,-1.0425685514414291,-0.03518217539770357,104.0679764437546,169.34960305356242
-62.9923757744329,0.011807775246228015,6.292179922041303,-1.1503962214548573,0.1415786152882186,93.7496787453015,117.92636063155678
8.060049743379547,1.1675826336866917,-5.689856382708132,-0.6831429847300018,-0.02327515879864707,212.01496473980157,178.45492416569823
-25.279155154607302,-0.549556046124335,5.96951159706061,0.5685956193389253,0.03949618284363707,183.7931805216412,156.37245851338034
-33.771146582251866,-1.6407659692642929,3.6359245738402164,0.9139567073529489,-0.09031117803518914,148.9437715237645,144.67122386651062
52.44046902495178,0.5219742779059038,10.772436817504419,0.4357644316412239,0.0010414010389345012,203.43153714014792,239.795252267911
39.11130533406307,1.2856241511816082,4.919613650725764,0.010704631008579499,-0.10584134821296341,229.1895631733065,220.8449727336348
27.294923056208727,-0.38621674788258936,1.772479464789766,0.2935569248119201,-0.11623654812503134,251.03482314347676,204.4820724646716
86.72467788080581,1.5147899601795183,3.1996298766894986,0.02633182956125025,-0.09970933803113878,243.4078808147776,266.9892865240737
-8.354710497892867,-0.4577004644169231,4.425400487141261,-0.40029069092666125,0.12379054525304503,190.81643360252053,170.96005569402664
-54.80756409778881,-0.23006563604570568,3.5971318346264605,-1.0128768741913545,-0.06017595581074045,106.57868921046652,123.1100155856586
43.918320486852515,1.5401184772944603,-2.60552722840078,-0.5253082793480273,0.04097680183118,216.21326019310504,217.99214657309818
17.100820119954935,0.5321587502703424,5.826930885750173,0.7170540055892974,-0.08867475998671889,196.2768669334617,199.71185531644682
-28.313595762238045,-0.23271498946611865,1.5899625117727818,-0.7143973818353433,0.0411842961015515,128.87438143891416,147.9940049892036
-28.895433034000465,-0.8978974306464559,9.190758479652825,0.024769109705983176,0.18298621575480473,204.1437076006293,155.2287496553355
-38.46004194043307,-1.1637280576299844,9.435901436536513,0.5201513038256459,-0.08083305638867248,212.90911983913367,145.87501600077923
48.551573525861656,1.0006904060185693,8.045982761321413,-0.4315450880320027,-0.002877489586308196,225.70942716051044,232.7873904304521
23.18121603051781,0.7212882360329153,0.7219728298326262,-0.033051524938898603,-0.08760996267712637,245.9102972587027,200.1273819236361
38.63867624051681,0.20401261427786113,-5.022717637910926,-0.6050069919666481,0.20992968331953704,195.17598273179885,209.0484602231054
-14.586538962935247,-0.6293394456046302,7.7497994115359,-0.7237737009669457,-0.006065280565857156,180.0471702723099,167.427648336332
39.904784359717134,0.23635445588466367,-0.2560691098601977,0.1294713400088772,-0.10086895224598079,300.464568972536,215.5372384083733
36.1362946237182,1.305995264150898,14.44656106430109,0.3044959637987896,-0.07076795569776784,226.6121409816305,227.74614527514
-57.97432748382465,-0.6640519092955646,-0.24124268135254837,-1.9442579079305315,0.194919002447232,112.4400656372234,114.9946053349127
-0.19092888441765826,0.2691183570226,-0.6561318554037835,0.5639074597731241,-0.12116352946086428,169.72997401990506,175.48836786238218
78.76934546628486,1.8508143118635547,6.555203557641274,0.20760733277223095,-0.09031117803518914,231.36892417327917,262.9162258053955
-60.555955826215744,-1.0092023776793753,-1.5742172960745506,1.0358488560637806,-0.03254047559008373,118.60151421490926,113.48749919537283
-4.844487074997806,-0.6668451231119533,11.121478088006473,0.4732697081676337,-0.13146559750579742,171.01844643458986,181.5755163154273
36.8582362119875,0.827798615334191,4.900685240653362,0.37169291757527384,-0.11352045568608586,185.6591700363779,218.46845884473305
-42.77751287634171,-0.600229023267014,-4.3792395329379605,1.063977813458588,-0.13146559750579742,129.43434319429866,128.7990970982749
-100.48343368585643,-1.5234092159221881,0.5536849928607205,0.8420715940106634,-0.07711343989864242,82.72885796286056,74.9353665600629
30.649212851590082,1.408958242909106,4.371746171605452,-0.5143692403611577,0.08474677520728724,205.3883316158787,211.62386111581952
-12.350306076324605,-0.3449326102904651,2.8618467405426684,-0.8175368922829702,-0.028796572485985623,137.0445103670608,164.94384090402744
-28.693830251307716,0.20990636445265376,4.1068239308370185,0.3670047580094726,-0.11086685683430084,209.7327369591002,151.5026042600259
-22.532508654793215,0.31922422187027366,10.589252082802819,-0.5518745168875675,-0.08656674642168288,161.89963731424783,163.36109270143942
-80.72027850514613,-2.0249307733285264,-5.468850588807978,0.9624010228662282,-0.10616070254934729,64.97801947259333,88.26574676790304
-4.221028716156659,0.022543774358376276,-0.030270856471830285,-0.7034583428484737,-0.08269037830160046,149.09677011391244,170.6086617954486
49.576842780930356,1.5104026210346855,3.5456144212973064,0.06539982594292712,-0.11685143546801333,228.21026940815537,230.20497452860604
45.19768925328127,0.2970042553022044,7.907625333943947,0.12478318044307597,0.030793398448969177,242.4443401421168,229.1814617362882
-47.371334108013556,-0.8736115674010668,8.721520166936823,0.7514338424051731,-0.10163102168405333,148.41920181398163,136.74994362711212
43.366868887796684,1.5217539266991484,1.6173688735264244,0.027894549416517325,0.18241611608069597,240.4730080848184,222.33986866838825
-24.445480145596427,0.8103400090625991,2.5533490351712067,-0.9738088778096777,-0.014443230087757998,95.02017488816854,153.55352310560875
-44.98991940174,-0.047806285235297674,-0.4022827771263374,-1.4676283520740734,-0.029390102082409577,93.34535204315178,128.68653939661067
-0.6266333627318009,0.2599536719643118,-4.435421525376869,-0.0955603191495816,-0.11303684949900686,239.68852305740236,170.61286793007582
21.30268271334668,-1.2166274870423728,5.947068144698874,0.009141911153312424,0.21093286000525138,235.56226645916945,201.8767644570305
-66.79334313642781,-2.200006977693143,0.6943296652645465,0.8827023102476074,-0.12116352946073256,118.5253753233058,108.08608464679926
83.2402102397814,1.101707971609424,7.202145782588314,-0.025237925662563224,0.0013484082069928703,267.1308060206842,267.1437407913924
28.53411704075733,1.022930186903301,3.3398177262339823,-0.9034864843226593,0.32588349786751275,184.2934937193613,207.94282828230826
111.9620575115372,2.136506683204755,-1.1808517919962542,0.22167181146963463,-0.05297215560759788,282.6108621082423,288.70997837347653
-35.34728492380897,-0.3098668713967518,-9.9312439210562,0.8858277499581415,0.40496578369026875,93.99109312209444,131.32596413225525
-114.67973560211044,-2.5435523740049195,-7.500385306209398,1.063977813458588,-0.13146559750579742,72.24828533628016,51.832405248496826
-35.105992157387576,0.5817564253453665,3.850456783323872,0.9045803882213465,-0.13146559750579742,124.67562458319628,145.72290215686598
-54.26831009509128,-2.048460761898969,-4.44143754586735,1.0530387744717185,-0.0955167552002056,120.28795607654092,115.82287993128273
-85.5628007557631,-1.7214966286177458,9.061420167005783,0.9624010228662282,0.04325312092713086,112.5829412834108,98.40634324128706
97.04827691980893,1.810400775806015,6.066302441578621,0.1294713400088772,-0.08462385508344726,306.9711702154942,280.5933939369878
62.148805476867075,1.0895686702902199,4.775189945361357,0.479520587588702,-0.014127448979257568,227.09307889488457,244.10252354599692
-29.623786811730795,-1.057283300539194,-2.9591957178385893,-1.1644607001522609,0.22273034768251165,142.8613110791536,141.04157013229045
76.0559685405948,1.7523607741467504,-1.2410381913002426,0.25917708799604444,-0.10048166796863278,226.5235715081018,252.34955285833752
-71.26365202981572,-1.0522595275237894,-6.217712432797658,-2.2989953150761577,0.26655230721103623,57.61716408672247,95.05749931686648
33.86182808093698,0.7553327591396998,-5.377531145364743,-0.17838447147873657,0.0023768016355467107,226.8606828799248,204.6871883397376
27.633177253438273,0.5683374553957514,1.9119643644457487,0.3357503609041311,-0.09528609443074951,221.7498998516305,205.977509654622
34.87848245102707,0.6981221183588486,1.236753804728144,0.3841946764174104,-0.08769587736118539,184.45994364394969,212.73342348803908
69.69717111300801,2.173139933837078,6.997956864989303,0.15916301725895163,-0.11086685683456411,233.91641686387925,254.5401303871276
-9.37005706226509,0.08212814405847339,10.683765723752252,0.5467175413651862,-0.13146559750579742,173.63944039244151,177.43465506427384
-34.30205121252208,0.8339118389579712,1.2973714073394704,1.063977813458588,-0.13146559750579742,128.96163399577034,144.38531056459692
-40.590408750502334,-0.9642293348371219,0.10505699080983424,-1.08476198753364,0.09538232233041323,97.26992566802224,133.18460555513596
70.54054110997566,2.3105443294364827,3.2888343766035875,0.22948541074597,-0.13146559750579742,206.03742560374343,251.8615059441247
65.56811151244837,1.3754796705828458,7.660911755284537,0.049772627390256376,0.3655541297902965,246.9501563740184,250.6433960103651
-33.90221166814515,-0.8820656610252563,-7.240832080223119,-1.684846411956197,0.0263888128586695,86.74253785749092,131.93999930637776
50.647600682094975,1.6279550955845556,10.419612067808647,0.4248253926543544,-0.09693412578946238,222.30519330957404,238.64662542722186
-101.17358965206063,-1.4069015529349407,-12.882147754353053,-1.1957150972576025,0.016536815392465157,76.38997292634564,58.98174907365501
-5.892385097835904,0.23429838689331853,3.5004505099173233,0.979590941274166,-0.12116352946086428,130.09379786230878,174.32435752565684
28.08079483155777,1.192726363500218,-19.025221416315556,-1.1535216611653913,-0.10037799546451526,137.433103561408,184.6179664369813
41.56283758961757,-0.7364762269574052,12.923230357675617,-0.11743839712332065,0.18320831982851696,269.9940980983365,229.43892795790975
25.235790856173313,-0.37138623416907623,-0.5239828962506157,0.6701724099312851,0.17471421264363227,166.6216744933002,200.80887466319734
-87.38985982692923,-0.373077708770181,-3.3152657983819793,1.0155334979453088,-0.11644395982954742,98.84270339161756,85.44445251890315
-4.952465462501423,-0.9936235636080001,3.570334336482241,0.4638933890360312,0.12772532923725707,185.45725201707063,173.8394303435149
-61.37287438870144,-0.7192036072348071,-6.578334073925711,-0.8909847254805228,0.040063907778155036,82.69101638116715,106.10223342730447
-15.091867722952205,-0.49425548115178336,-11.663627891415791,-1.2566611716130183,-0.029014469921519577,110.50178651480748,147.08813957781447
-50.236335454168334,-1.3588278534942702,-18.715348112439173,1.001469019247905,-0.07774870596739727,102.66521612602816,106.23677520804753
46.344524846074435,2.026040931165983,1.9351688621304723,0.09040334362720033,-0.08006281107864134,259.59587982251185,225.93964148678828
59.37810852446971,0.7534796800189144,-2.4157656728837154,-0.5112438006506236,0.13900485836885276,215.69390681086728,232.9671499041919
20.005014043117892,-1.807234874196741,4.5678400562626535,0.5029613854177081,-0.11576655321266882,173.390230560406,198.77638037225762
72.10132427173623,1.285728802625472,3.889049767582997,0.20917005262749802,0.1672623226448209,269.3354419278457,253.27610153208582
-91.19071357755251,-1.7518820976444318,-7.7083238583504325,-1.1582098207311926,0.002764928727748277,105.20000334530656,73.81720188931797
10.420315482692295,0.08880003158955488,2.6082705420716996,-0.8394149702567093,0.20866736617088327,178.96324923368405,188.1102047671365
21.19928612423579,-0.1714031950395498,15.37269960115307,-0.4018534107819283,-0.02650388940820269,227.7300163986096,211.59579154502802
7.900108479142589,-1.316871385537912,10.203212000526946,0.3154350027856591,-0.07286044271050389,236.02195351710415,192.65258996907562
-12.45201163147627,0.15430559558735768,1.1328349183535702,-0.6862684244405359,0.09638841586658291,162.05176718611182,163.8688151887595
2.482930432000432,-0.9691716543267412,8.76177089925445,-2.328686992326232,0.20542422696226867,116.94170401799688,183.77583322643295
7.0108524300135695,0.10518787384378779,6.599560032763771,0.43888987135175805,-0.08576947112467632,152.9944191477399,189.69228705171702
-66.05117259280384,-1.9405550037988695,-0.9266804596061831,1.063977813458588,-0.13146559750579742,92.03371673777428,107.63767047461269
55.97447118989715,1.1861519165836747,10.117928615835863,-0.03461424479416567,-0.09701444320449422,252.36717026793747,242.77048934918685
-38.46215825324171,-0.28966262484198757,-9.372806901822244,0.6623588106549497,-0.10595961564601959,123.84135635062508,128.05533772997174
-2.324809605553248,0.6669956431755995,10.160437492411296,-0.6612649067562627,-0.12116352946086428,153.8319335035771,183.34376140868534
15.728948417608045,0.7263247440731647,1.9396974375555407,0.11853230102200768,0.20486116595882334,199.31482240820145,194.34193038108634
-19.97501200225691,0.3941446869020547,5.222454356154496,0.6139144951416704,0.07890960846317123,176.04416702840606,161.95797745927325
2.9912318579854285,-0.06594810562073498,-2.9507007072795735,0.31387228293039204,-0.04949804405378308,193.18704939779985,175.86252359883053
55.8325262917637,0.58339684742598,-5.250061605271767,0.3670047580094726,-0.03819912169062726,228.3047536099856,227.11823348510552
-30.29927848288776,-1.2480205750703202,-9.642191194741216,0.8873904698134085,-0.10166971645539878,118.81773434321474,135.2197968155275
13.525022448929445,-0.4892319582397523,-0.6961033006204247,0.18885469450902606,-4.402221845761308e-05,225.60917483721823,188.15206417722862
-68.99229491715006,-0.6259255094329861,-4.241546116136048,0.8420715940106634,-0.07641620625265065,92.96116941164676,102.52945515990768
25.89971585112547,0.7061902492042216,5.519456516898398,0.45920522947023,-0.04718097484711836,184.57062705254785,208.16095318672
12.993175055888067,-0.4619099672634209,9.139023724995285,0.43420171178595685,-0.1130887330416603,214.25023209281812,197.61496810723304
9.877496778480436,0.8086822642847943,-2.929830012020767,0.812379916760589,0.16575060578775327,133.17386022487958,184.35804586816158
-22.37096861372015,0.5666973815112177,2.6336144707428337,0.7248676048656327,-0.08778365386416308,167.45197809534164,157.08999350440416
-10.253328464403173,-0.1880233837419619,7.0607741496329455,0.5357785023783167,-0.08764469695333374,166.85948452320883,172.69112242178159
115.21630233776727,1.033807758911773,8.32307481062245,-0.1643199927813329,-0.09717632038005489,294.90271615624465,299.93525490900885
11.952182499090355,1.2036413591337234,0.47078707473888487,0.44357803091755926,-0.1135196250239006,198.727473617688,189.58023565372537
-0.8214211947117165,-0.4231257851616823,-2.2802397490904194,-0.30340205990010255,0.08818215763313716,218.11717716322104,171.883559683638
54.76590068809162,1.2782743375385777,3.435574898020318,-0.03148880508363153,0.2877588170567315,292.75326078622646,235.35958625049238
-16.535036476536355,-0.7424798243425015,-6.541899355366735,0.8186307961816572,-0.07165165377060576,169.28275233278802,152.55112980103422
78.14712098511963,1.9063210069379983,1.4134843252953315,-0.10649935813645113,-0.08164404362890285,256.02532187461765,256.90234923045637
55.810107181253905,0.3340118625935336,5.023708809748191,0.1107187017456723,-0.027628573371365924,242.15391332831845,236.87448429683872
58.01334735072967,0.8277746258584656,2.177994653850955,-0.2768358223605623,-0.038748203161304264,265.6460562944639,236.327098919786
-103.67360528021223,-2.0805380123767896,-11.621566767839187,-2.002078542575413,0.20952282637497713,57.95458699096344,56.45530053824015
4.117168017566214,0.0270906279432009,0.9511209569228717,0.7561220019709742,-0.08769616166452392,168.80586168548265,181.38737175760753
-55.48305087954841,-1.4530020856440389,6.864854618906223,-1.1113282250731804,-0.0037790911869136027,71.8299258058421,124.43726065232246
47.199544894163644,1.6341665634111018,-7.249952243192635,0.0544607869560576,0.23282698425085577,255.82784511032247,217.49461330045784
20.361916893383796,1.2473555847348494,1.258516033444531,0.33262492119359693,-0.1132974619666164,225.4283807431233,198.71068228565895
63.140483011847586,0.30263360350836327,-5.89504870586146,-0.18463535089980487,-0.023786305537582812,283.2823022907545,232.9632125679259
14.378778382619304,0.26066369725755745,8.286022777946688,-0.2393305458341525,-0.11679725394829871,201.7945522153724,198.19290337290994
32.71540716957118,0.8687873751237134,-0.3483855126584186,0.47639514787816784,-0.11349706582370996,204.1406999299519,209.22227342895968
-89.37618256476232,-2.2713272437549534,-9.30190676159939,-1.7145380892062714,0.3262258719341033,78.70619295318724,73.28583752747997
-39.662475735278235,-0.8937185854953656,8.506843504462557,-0.915988243164796,-0.13146559750579742,129.8222289487098,142.52676165788714
-22.96701752218609,-0.878287830766735,5.009975659713617,0.5529684207862545,0.05895053441563516,161.073834214548,157.40015557683148
-102.60056271964265,-2.593248066031837,-5.24510872615929,1.0483506149059174,-0.10104767709581354,74.25678257794146,66.1319497408451
-44.4657174248401,-0.37745949009518687,2.439271770780048,0.7873763990763157,-0.03590676474973184,128.6919581846933,133.97113080504013
-72.66089383954524,-0.9107962326400756,4.66229530223046,-1.4723165116398746,-0.10023009779629949,79.91942087383065,105.14162493547778
69.56099151956683,1.7488644303452545,3.4214361642862157,0.38888283598321166,-0.05397005298935263,251.9317168010117,250.68977121206092
19.400674585805298,1.0998386231963917,-1.573313400754206,0.5498429810757204,0.09455754788621801,186.57695152620764,195.19516665207817
-104.69407735993813,-2.3171664513507806,3.6304927533981335,-1.373865160758049,0.1628935130645434,89.23543451791586,71.03184360928452
95.04002484493365,1.6689443033441658,9.88721800215375,-0.04711600363630228,0.15041904168039918,277.37155839499883,282.32305650334445
-50.262677078250206,-1.296869270507398,-2.5242338743112214,-1.6051476993375762,-0.014372096053918912,42.79527136931925,119.92026629640847
-35.33478552469592,0.051750712692468705,18.083401739330377,-1.02069047346769,0.11403365706239019,134.12230893647637,157.5172764257904
8.582672062395446,-0.3909030527764641,6.946394722560552,-0.5596881161639029,0.23654963435867216,216.55137281165895,190.4385915652431
75.12706851734069,1.3430203524386028,6.518145723410931,-0.022112485952029075,-0.08139719136532882,282.66059758883546,258.50829123074163
-49.2337414605748,0.26872345249189994,-0.8185411115852674,-1.353549802639577,0.13650146280559727,81.88467081723884,124.62295885536665
-47.204880752416614,-0.38813440850372105,3.9192535591496003,0.6936132077602912,-0.055111639754365616,125.4804187411869,132.58830628110397
-82.39962267140544,-1.2551417116666335,-4.157547614455894,-1.5145099477320858,0.11456273975468326,60.24611979607805,86.4113071093634
62.519374339755885,0.3264210205827087,5.999687327856136,-0.0268006455178303,0.06577035562228105,266.18346674670784,244.50801871316793
-34.267247899151975,-1.1433424361464584,-8.814459087632711,-2.14272332954945,0.22740154290873504,93.53931381190948,129.48319510529691
44.3356170891991,1.3169996447345707,-2.6733346338432087,0.5623447399178569,0.07212754205997811,213.24479147972275,219.23732069693705
5.146336470226726,2.0211518094107963,15.176375447035667,-0.9425544807043362,0.43939600683217594,164.0400582201895,197.4642715676698
-47.883074249331884,-1.101917212662062,4.926698227468856,0.8264443954579926,-0.038259749296840784,155.93027984371972,132.35345772650484
-1.0562895809802957,-1.0262819911457175,-1.7160083311383818,0.5732837789047265,0.04336826892067371,180.03183710340528,172.44163845942978
-44.909454398062294,-1.3435289974813671,1.508926872118759,-1.1925896575470682,0.058276016765420637,106.28745705627216,129.74519615066222
-15.450490732226704,-0.11697280856877051,3.019343073872184,-1.2550984517577513,-0.06287961454710275,89.51665702402734,161.75746778164063
90.99792443733062,0.7509133440337469,1.656836477680513,-0.037739684504699826,-0.08834392399548097,286.35371220425725,268.9031569654134
73.27418745952393,1.557223489402812,-8.470458567996735,0.14978669812734918,0.1766690724927418,265.58226267401227,242.31097446641894
34.1863730110701,0.7956146123251727,11.54862780028962,-0.06274320218897303,0.1763175151752003,265.07925169705686,222.26775605153995
-19.07693549683215,-0.39783863633862404,1.0606814078860454,0.5576565803520558,0.06251767658562085,150.8632643241955,157.8296478465217
20.186759320405297,0.003685205977714638,8.031694616632059,-0.16275727292606582,0.03282903418179578,281.03898459859823,203.71577721913957
-142.07769431897935,-2.303974449355304,-7.025527192755267,-1.2957291679946952,0.08818291975633262,54.87482296684973,23.008824105540498
-43.23065387372394,-0.7954761662306019,1.036590840780693,0.9670891824320293,-0.10029522950778666,146.12626432758944,133.5008210686192
-69.40134804574492,-0.7452381360297466,6.115543963965457,-1.4629401925082721,0.14753289843348108,110.8458903489969,110.2771168029848
19.477576245526834,0.03724334773181049,8.33828316685529,-0.187760790610339,0.09306265440016993,213.12638897892128,203.38197093877255
23.39258241899956,0.2101688000196813,14.788783903195217,0.19354285407482727,0.19929443288413565,244.65117672139783,214.4079387240422
-85.10711330293442,-0.8427390266551662,-6.761286322536931,-1.1519589413101243,0.050810428401098756,71.85882260785182,81.81127914983327
-2.2590697192995286,-0.8493824533574729,12.380925091653022,0.4154490735227519,-0.0970813780462261,206.4524468014156,185.21440692934135
7.448693500034823,1.3565647658973448,3.6500574100943997,-0.8269132114145727,0.1762447998030053,157.4756484425257,187.4282135792838
-52.36875757958878,-0.12386757161698919,-6.734522786430935,-0.897235604901591,0.2515627197327324,129.08634082528093,115.75074549206323
-118.44541108854142,-1.9724175730063631,-3.1507424047406554,-1.787985922403824,0.0695912042052758,47.04264816143654,50.336600530381816
53.85397829983778,1.1750058927925215,9.023130891540756,-0.11743839712332065,-0.06753368269434455,264.2768645745236,239.49070931922216
-51.09783039484947,0.6703891433913776,4.7363009350759,-0.9441172005596034,0.23721520707565946,132.27678624405323,129.22552400500265
-63.788783694902754,-1.870560184257254,-11.2958574958232,-1.5817069015085699,-0.08061837729767102,82.80515031666862,97.00603966107931
-4.671684051952364,0.7481246580629698,-10.812080959050624,0.39357099554901287,0.18080317693891546,188.05295717142485,161.4623001344167
-31.99399987998201,-1.0406032443943543,-1.0635971879437867,-0.9238018424411314,-0.05869805819212266,119.88449687218024,140.5428661019154
-15.715996029937596,0.04127048307217501,-4.643010156809355,0.6748605694970864,-0.08006281107864134,166.4995622178555,155.90062836961246
47.62500390081997,0.3743519722671532,12.629225531120984,0.20760733277223095,-0.10111121260841374,240.23439715608123,236.35864383924076
0.6725455296314826,0.3648089409588913,-0.3384744769952877,0.8170680763263902,-0.11324221705431982,188.39985651834616,177.026272167736
69.99261195738438,2.0412918739271526,1.3405023700949361,-0.4956166020979528,0.04706740071291883,212.58594703441355,248.54942331489025
-12.018734250726153,-1.2453781890341942,-1.6137385515438565,0.8311325550237939,-0.11325408118909783,128.27060975934012,161.46359379739928
67.2883425832493,1.4609175604826226,-6.503797102355815,-0.7362754598090824,-0.013550730833347294,171.56366322227723,237.11920316560247
-111.89391369593115,-1.3388268882196617,6.548864683906631,1.040537015629582,-0.11335992023195718,79.91568759622079,69.86686751002222
-25.590373960415477,-1.2421456737746692,-8.398136403351451,-1.870810074732979,0.025057683595927836,91.2181074792943,138.54715788619012
59.69031216312959,1.4394942594622044,7.363539403666977,0.4498289103386276,0.09997645782612033,243.88524284993036,244.6667175092923
60.981973098590565,1.2508319462457442,7.50495547155484,0.0169555104296478,-0.0970313709874121,237.2588820372452,245.28125097070216
-39.72326875575031,-0.36838451735322747,-6.821058328060543,0.9842791008399672,-0.08278553060501054,120.85741634954996,129.61234828393967
5.297748927355701,0.21963571511915428,10.210751307826945,0.7045522467471608,-0.006431830553950086,173.5704554097825,192.04982268136376
-27.987422047249428,-1.1176429130122318,-5.6150814862658835,0.542029381799385,0.05690897583421983,142.99992383430325,141.50235822597483
90.85709450896326,1.9546108787394014,6.753336861373731,-0.30652749961063674,0.19661826535441843,279.77147723957944,275.078699329689
-106.14686460310405,-2.570605035986441,8.817893002039355,-1.9411324682199973,0.02399589240246382,54.32890860891962,73.8068531020001
68.29348878287618,1.9784287639576328,1.9680341268080597,0.1482239782720821,0.10148103000759377,242.5055786798151,248.11322299679034
46.32230476877206,1.9656184217051398,8.78116928721616,-0.4487350064399406,0.18044018351314614,224.568934284244,232.4243639696353
79.33834436503143,1.9319020946300174,7.097866436327513,0.3466893998910006,-0.0720905980506605,216.868992966086,264.2662780126981
-14.47247950474681,-0.08348738807369024,-5.065707033169766,0.9280211860503526,-0.07233744815307228,140.11349261156892,156.85757612677577
-4.145207538673091,0.14164846029866796,10.903325549133578,0.8905159095239428,-0.013552055840440136,128.71064510432447,183.40029663931148
48.38548582221701,0.7577936269181228,5.9588575583465415,-0.290900301057966,0.32524595058648326,255.2432165069361,230.76004897187897
-91.93440231791386,-1.5616704501600978,5.65854431479775,-1.7426670466010787,0.21571005805610063,83.34850224820418,86.25908087304762
-31.51981407044751,-1.7344488798628588,-7.347819326514278,-1.5129472278768186,0.07722673896670319,121.70650108402263,133.585763549134
-135.5053851954474,-1.1844674523323198,-4.826360922116367,-1.931756149088395,0.03914026530969012,30.09378497420289,32.21473686119401
17.575411019015426,0.754353435989357,9.38969065452923,0.5295276229572484,-0.11335446496578871,196.90485633670664,203.7591945823943
0.7386850446790245,0.4617139033761212,10.240622673599841,0.5326530626677826,-0.020516813594363914,179.66967940805,187.5767241855972
-0.40529116367333684,-0.666777124217607,-8.440469845935098,0.4357644316412239,-0.12116352946086428,182.2081456735966,166.4256290832231
11.755557087613681,0.4340032429357782,-5.546811681485837,0.7248676048656327,-0.030378866966463948,130.50563284886823,182.9608037018316
31.51905516195159,1.0411498776589732,11.515623334866293,-0.028363365373097377,-0.13146559750579742,245.6997805469536,219.53956572646672
71.7746620678529,1.831043556375099,13.43031121499971,-0.054929602912637654,-0.09924508556164542,274.27603775795603,262.5054084656222
-4.362532797846489,1.1493190241659528,5.022029970481121,-0.09243487943904745,0.057969626039709114,236.4484176420847,177.39791725827007
30.977455837292194,0.705633643316707,3.020252887849479,-0.5909425132692444,0.13934120018771706,183.41417612892332,209.87530737024565
52.3302885522913,1.502924454032374,9.35928040230013,-0.4206060490451332,-0.10605931343448834,227.06536270574767,238.28939436101297
29.98127983935644,-0.8997492812018524,-3.1237401495488486,-0.49874204180848697,-0.09720609522343866,176.68694741530337,200.9854085864426
32.68129199652985,-0.17147382038641004,19.846236484992964,0.396696435259547,0.08265721801068417,241.40745911621332,228.45897462927542
-54.041387323044944,-0.8002439182566792,-5.2420398487513875,-1.4332485152581977,0.10705199153576608,147.691366518522,114.21369870109334
-23.26041308499316,-0.844796360237013,4.275683811343043,0.6404807326812108,-0.0876560573498009,149.36014240007685,156.3468653563131
29.124726115999948,-0.2661487092881216,2.659342438057324,1.0045944589584392,-0.11593524927764812,134.1725405819968,208.0301453693187
-41.06794574473903,-1.3284702183088644,-7.624731421797746,0.8498851932869987,0.05357705034419415,122.91518656035936,126.50588117365436
73.95655930537052,1.0201575885493963,14.677950494252741,-0.03617696464943275,-0.10579082980480238,273.3226667793061,265.1362659085872
48.85886592513968,1.5196546107262234,6.884444321466002,0.03258270898231855,0.21262748912955456,254.30904866108975,233.13174137031257
102.84978494535541,2.76619086323078,4.216634584769764,-0.12212655668912188,-0.04381047241375099,312.7275890438743,285.2902396791219
27.581593170375193,0.8107787432780073,11.023257595398027,0.10915598189040522,-0.019308491614058062,246.2779867431477,215.12904331419634
30.812831067579896,0.40356485607237436,3.5096861147563296,0.5248394633914472,-0.08822443192878435,208.5770757174149,210.78626338474004
15.912937251455498,0.576751432977295,5.801469723026805,-0.6987701832826726,-0.0633787548366628,181.69076586452212,197.15257578420903
0.6771051344082006,0.5608495359511423,-0.9554015241835513,0.6764232893523534,-0.03133044994487503,132.3997110120571,176.55121230045205
-21.060568896931507,0.15029557317403067,0.033527254204943104,0.7217421651550986,-0.04686890583468314,97.3372363505682,155.42169350463666
-34.279857877257854,-1.423220142619208,-3.6721564692866613,0.5654701796283911,-0.015529232238225605,195.19400385128623,136.79827277309522
63.21660264529375,1.1616646133170354,14.008847728634528,-0.017424326386227852,-0.09476376607872741,281.0668868871588,253.89849320964913
13.088805154465685,-0.45067878592303673,4.149484738524347,0.0794643046403308,-0.0864329131277777,243.08871416125533,192.40420881344835
-3.5954343934839526,-0.2669074878689529,6.42489490456297,0.4498289103386276,0.11117465720195327,187.6310204734032,178.74712290561945
81.04835843760202,0.5405369981462225,-6.96897427048297,0.17010205624582114,-0.13146559750579742,273.00184075320703,250.28212393887407
3.6568449976469948,0.3622364540419841,-9.271219184398575,0.9452111044582904,-0.13146559750579742,139.23985629471483,171.18517408911168
93.08819324295213,1.4948977321208183,6.013257705765552,0.19354285407482727,0.0074395754372694025,269.7597013065816,276.4208974252194
-117.05061669139836,-0.8094307794181504,0.022242168301918306,-2.0005158227201463,0.07817476251476967,86.84618627066627,55.86341995214883
-124.93691980478489,-1.5402840361631287,-2.5914417876136753,-1.4629401925082721,0.05308751070982077,66.5232412215212,45.14506800450863
-33.91429124053983,-0.5531390458940807,3.2525494709688436,0.4920223464308386,0.04003267431337364,164.7579351597936,144.94074052014793
-90.9469652261173,-2.2031105773866155,4.941947199648586,0.810817196905322,-0.06984108528626304,86.72473335720795,88.15641382263252
-39.0723105867842,-1.5749110169988436,0.07364795060363369,0.896766788945011,0.040269509772845775,122.6535933862876,135.98702896040723
91.58973975738351,2.9392453688075006,1.539154853501933,-0.020549766096762002,-0.08295951365472903,307.9533008359887,271.58819701481025
57.21031119097263,0.2387714082581173,2.392198470333339,0.17635293566688945,0.022305040590768214,259.82927982976986,235.66350536069046
-24.227415326897475,-1.439812192720353,-13.64722064014142,0.7154912857340303,-0.05347364601431589,150.45245001921597,136.97113579482922
40.52637093568651,0.6262226907038434,-0.8706324618793662,0.354502999167336,-0.0862434677338072,183.28241298573823,216.17378701081333
-119.49543807654167,-2.6611178381648384,-15.180698125170688,-2.2552391591286796,0.2954813132172751,63.35578204674408,36.326554429080204
-46.926493549854925,-0.6352184704177074,1.5385471147448155,0.9248957463398184,-0.10590844399199167,120.55754361527278,130.41938871168878
21.59695475728795,0.1287698250058461,10.369640232752669,0.15916301725895163,0.033550745658193735,244.20573131434628,207.91164489283244
-69.76395103991358,-1.7299063323799067,-8.624451245505783,-2.433389222629126,-0.029781404349132724,102.72249055753768,93.04208707009127
36.929355131204396,0.5091263893176986,3.3677112419842103,0.45139163019389467,-0.0558571572287766,199.19686633750516,216.82529355034018
-46.20406398482411,-1.9708497499643922,1.9378819498792221,0.7373693637077694,-0.13146559750579742,166.00599954235628,129.9924382961615
40.72896849749292,1.940484990039261,8.469045621666664,0.02633182956125025,-0.04175675328436088,256.2138379697444,226.74664050034454
-73.41965475088928,-2.4660123026592653,-6.271571405670586,1.063977813458588,-0.13146559750579742,100.6103366046952,94.39884007160245
-11.021724030516726,-0.9566188058283005,0.006592706653839831,-0.8722320872173179,0.077814267606024,167.78837831153783,162.8573983655663
-91.75898218132458,-1.3039843543787248,-3.3143177940583977,-1.4520011535214028,0.23704455626221205,67.75771934818769,78.03132538784789
-72.73343043405781,0.5548839940240845,4.84820095935633,-1.125392703770584,0.10536985183904865,98.13650474569106,107.27319798225986
-101.62167251824859,-1.576931404871354,-11.368278811980817,1.063977813458588,-0.13146559750579742,73.03608070017543,61.98919579572083
51.67118581683381,1.6673500979657896,-6.393266654819036,0.166976616535287,-0.09550956457865087,251.34314963902344,222.64030262680598
-9.087892493490031,-0.39630939119159675,0.4100127706450712,0.8170680763263902,-0.10585412491121263,162.3218285615325,167.26059115224743
26.706681571959248,0.8002771494147383,10.831457704463162,0.09040334362720033,-0.0757048687969375,272.81639032281464,213.9766812155362
-68.6357981766498,0.3743757343060942,3.120428627209559,0.9420856647477562,-0.010221985396439894,136.6491828292763,111.41443617908595
-53.646739322308164,-1.2895042212185883,-7.56928071740874,-1.2691629304551548,0.17516138582427326,120.87562083049464,112.02404050930241
82.54693604198175,2.612808778831101,9.327992543136377,0.03258270898231855,-0.03938671508103228,274.4821332224295,270.1044996727193
-41.59905724677642,-1.789778223226068,1.9139344932894424,1.063977813458588,-0.13146559750579742,124.31100156951813,135.08117755410854
44.68086924467429,1.6756962303750804,7.968383227887753,0.0607116663771259,-0.08874189040110693,267.6872448345116,229.9204847937819
57.900020843102,1.296965701238993,1.1370040826454026,-0.26745950322895984,0.0773401607519438,219.72592905434425,235.76743759937818
-22.68034870437005,-1.146863073129813,11.169366555205333,0.39513371540427994,-0.10596506010145117,227.04268324067948,163.2548897478771
35.22186868352785,0.09509841584108376,11.120221147526996,0.6264162539838071,-0.02251168358441803,192.5333550166049,222.6646591321641
43.07756113822269,0.8612626658743765,-6.867289981339988,0.3107468432198579,0.10589227384264344,206.540613561394,213.11173925468836
-24.515420764382483,-0.45112144467746107,-2.251138577038095,1.063977813458588,-0.13146559750579742,111.25426529159306,149.33839774472355
-19.43047833984932,0.038041375045223966,-4.3111121498195235,-0.9894360763623485,0.13352133260195584,146.91436749421956,151.06410245648476
39.23981737851648,2.8188594939907823,-3.019001819563707,0.20917005262749802,-0.11669885247122143,234.573638401317,214.75571256796866
24.009928994620267,0.4337878906175473,-5.4183295758784595,0.024769109705983176,-0.07164225598371096,226.0924930334526,194.60208047795038
67.43512336615332,1.989114265958988,8.400035301108414,0.3795065168516092,-0.024372840847790112,218.3193143130054,253.8029729240933
-60.97422649838398,-0.32355085112318854,-4.642055787470658,-1.6942227310877995,0.2140923351333345,121.769317169509,108.2036027819365
46.65310794620362,0.0693186138430985,3.1617782807226846,-0.2830867017816306,-0.05193842194209357,219.23866803220955,225.17274603191447
-28.67342777337991,-0.9429294369599258,4.237530905859198,0.9577128633004269,-0.11673072553431606,113.79044853452682,151.08572214815425
39.47270350998462,1.636940040499616,-4.633188368476067,0.2654279674171127,0.12868968330056546,217.25805759640232,212.4941391475947
-62.732810468414584,-0.7951659880533799,-7.206485477694002,0.8639496719844024,-0.12116352946073256,119.65485607153649,105.63189052323051
101.2132381873065,1.4180736627843056,17.43670801165442,0.3373130807593982,-0.13146559750579742,230.1927161003221,295.8974336598676
80.91470876114307,3.0260785328886852,-0.6682559958606118,0.02633182956125025,-0.04018630081272609,295.98963468868345,258.8822431417884
-50.031660125557835,-1.2860301868240154,-3.556539468132139,0.8451970337211976,-0.13146559750579742,113.42834946110597,121.4630679705702
1.369526256724624,-0.1850002975903079,-3.4277976812014113,0.437327151496491,-0.07191636372054763,188.16661844188127,173.74570538057765
-22.154191672525094,0.6505607793477532,6.46191919212577,0.5342157825230496,-0.005910722179177708,165.06382021253026,161.11015967416108
58.99639924563823,0.4786324661938838,3.1018405099953736,-0.22526606713674882,-0.058052178705639904,221.7495901692301,237.91712029085392
68.24847510049132,1.309631139306426,17.42160491891942,0.14041037899574674,0.07906053448916552,213.2782641107606,262.8227483870709
-49.220305263892094,-1.3100155505346232,-5.407428560190022,-1.2144677355208073,0.10571943570749183,76.79653761170383,118.57706864043874
36.62328569491778,1.1079371123163029,12.930858819054091,-0.3596599746897173,0.19592668306805508,227.99165045309687,226.1219146495353
-75.24177871405296,-1.378432975008749,-1.5797353552798552,0.8920786293792098,-0.0005228923856873555,125.74771798271289,98.31517500752074
9.941277405777738,1.1571025842792144,-4.186406596852917,0.6123517752864034,-0.008498237772062885,200.89671949305475,183.1393932455871
-41.836545554262386,-1.314210667174497,-4.678631586218302,0.8811395903923402,-0.09960263456336403,105.67944462102544,128.57571546304257
-69.46529778854682,-2.8819428396554314,4.785744749809825,1.063977813458588,-0.13146559750579742,85.85606266598205,108.99458265242916
31.187246687753372,1.5090926182088875,7.187662611983714,0.1919801342195602,-0.030546934583337813,227.13104550304277,215.66900143245095
-52.18213727103613,-0.6296923880319344,-1.5330267143654173,-0.897235604901591,0.13389863403328175,137.3959412943205,120.51537297056697
11.180921801594899,-0.227780655713363,-3.327508548506853,-0.5159319602164247,0.08288476707351493,198.2887669147947,182.81615171910056
81.25886396754676,1.0446901316256523,13.071908459277084,0.23104813060123708,-0.04086147541333264,260.42965410959994,271.1892155285062
-42.79022629883576,0.6595123009346575,-2.9055158364161784,0.6592333709444156,-0.1015792512741365,142.95603695239936,131.14499060022175
41.74037213267289,0.6819364126564371,6.842960759975048,-0.3909143717950588,0.12918349492703243,248.23500251171055,224.62710474330515
54.59972941984717,0.8084517887634032,-6.904618442905569,0.4638933890360312,-0.13146559750579742,224.28995566362943,224.45955687210403
-74.95001290711444,-2.9240159335322917,-3.6057228030937267,-1.019127753612423,-0.05343543013954578,109.6796617520852,93.07125148737634
-93.28900252302003,-0.2694819493196628,-6.688260113180654,-0.958181679257007,0.023044427898973752,108.32333115698935,74.4416844779904
2.3376735092287455,-0.9506273553353151,10.558950204169625,-0.7831570554670946,-0.036856373444555154,155.59891055340952,186.74954924402016
-22.242158504794684,0.24949999058429972,-2.849217480000154,-0.8378522504014422,0.07553763577892485,122.00532084889018,150.01937570603573
85.93204626558716,2.7107280190207574,1.9851124534250009,-0.07211952132057547,0.03496182610706671,309.28100292367105,266.21429535768823
-60.54230011777438,-1.5505581044068597,2.029378984858282,0.8326952748790609,-0.05160179272489605,136.726569340298,116.34118055969998
34.71558966414135,1.8261607558498525,2.7622656258768474,-0.5096810807953565,0.21391626177271908,223.27640637593743,214.63181754171427
-74.41776439455106,-0.1580745182682203,-10.491620655013286,-2.0364583793912887,0.23935319363555335,48.56850367998136,88.75900156128048
-6.254022233671438,0.4436709287245961,6.29611363573942,0.13728493928521257,0.2140467806675943,208.1736862927219,176.46066036561416
47.49528865421686,0.1993152639378496,-2.152885782661593,-0.46905036455841254,0.04214923965355663,228.43282974602252,220.73838332545705
46.735961536583325,1.2978568078957773,-5.5511293788290015,0.1544748576931504,-0.0226271232125084,263.1459602009472,218.23810301499952
-41.447698421466725,-0.956788500188619,6.443751976303484,0.8358207145895951,-0.13146559750579742,113.7205919055488,140.36718648660073
-22.56320387764619,-1.432827374498288,-3.64417982252822,0.5107749846940435,-0.11639364797232306,177.33822000359172,148.3777365769178
8.707296930742046,0.5841499205598049,0.9017250896796638,0.0232063898507161,-0.11086685683456411,242.17100634182967,185.72907778886645
5.8289858871987965,-1.251019046444652,-0.5702859158797645,0.7076776864576949,0.08797808504748,159.52978515602376,180.42690301124833
-39.11196087279733,-1.0315090009766255,-8.595711362567267,-1.2582238914682855,-0.11359218008480565,118.3035617628794,125.51256900697447
-2.581580106275581,-0.16863489409167776,-2.16747142818124,-0.5424981977559651,0.03446662572911611,158.4307956204772,170.19784831429345
-78.24621923468963,-1.2781808979365392,2.226423124618298,1.0592896538927867,-0.13146559750579742,117.75176985069032,99.25341336324792
-26.773141710937484,-1.5657649665275104,4.016635871628905,0.7529965622604401,0.030473722694791084,124.0994984169093,152.08476579398794
-23.549155034438396,-0.39827493565526334,-4.911776539471242,-0.9956869557834168,0.23099571495420645,105.79302621229787,145.99966856447466
-70.94693401809016,-1.8832627743353003,-8.380437423443052,1.063977813458588,-0.13146559750579742,101.34363556388745,95.34544431495306
-62.54400310347803,-2.386054646302724,-8.822423546359579,0.9092685477871476,-0.05008074219447017,88.4062607130586,102.7302728243211
34.17823850913531,0.768440407882214,13.907198974882967,-0.7003329031379396,0.028316208896741305,237.3090393237213,223.805427512528
38.76161349644019,0.6653688131007394,-7.138842255585417,0.8405088741553963,-0.052230219978155815,192.66174111783707,208.69998502300155
-5.561555838734551,-0.8334568559716126,5.863137643886501,-0.6847057045852689,-0.13146559750579742,187.9917453054898,174.27551996195805
-42.17282508985763,-1.1323052121698653,-1.219717508727107,1.063977813458588,-0.13146559750579742,121.75489530125148,132.03123072006696
55.019318520545106,0.5083983512215784,2.309600710647192,0.20604461291696388,-0.09701314848992627,218.2194105562951,233.56991536170972
-12.731498912771192,-1.1276519582033875,-3.6856754505822136,-2.5255896940898834,0.23492826187136445,139.44040161748865,155.78807856109347
-43.41990951590292,-0.5035837538404286,1.852929733225726,0.773311920378912,-0.10155944594353451,143.02085666126558,134.22475525278654
10.223550210858027,-0.2798611321122964,0.41583412594510205,0.5342157825230496,-0.10592474965275149,183.79149347225848,186.41138055242988
11.306310980692068,-0.8479264725127369,-6.203673689979761,-1.5160726675873528,0.26729078839421067,114.9322859274227,178.62949525387523
-38.303023749107,-1.583951530151834,-7.351462194417286,0.937397505181955,-0.08504878995181153,125.39350421867836,129.2374775564228
-20.645500481306048,-0.8763223167933194,-3.0700310958361605,-1.144145342033789,-0.07803545948799091,84.1432721707356,149.80953161941147
32.924669245809966,0.033106554626292,-2.253174890311159,-0.3205919783080404,0.12198980476288855,231.2645299691385,206.1295650514487
34.52539639154621,-0.787880643254918,3.5924691892949743,-0.20495070901827686,-0.0628924358534338,241.789019632358,212.6857081075833
64.93216477238465,1.6612661744395307,-2.747270109423834,-0.15338095379446337,-0.08461679381210273,257.1784966213331,239.2317294046626
58.04376264531019,1.6462467906065712,13.498355317774852,-0.5424981977559651,-0.06814409700464323,210.9137393408577,248.20128877379977
31.666186039803854,1.3824233617024992,-3.706065692914135,-0.3143410988869721,0.19300717925167757,250.9821313865613,204.84477610382572
25.254418292352746,-0.3002170205383252,5.6415734832011735,0.5623447399178569,-0.022105562353619514,213.86109438652653,206.75958024744858
48.518873522636994,1.1592677614126108,0.6571770053283464,-0.6534513074799274,-0.06928776785231924,175.1138857634671,225.2361455289145
63.35096589479172,0.73976704488741,-1.2289194192812756,-0.11587567726805358,-0.013594737460146292,281.7868368702024,238.3559094205384
-7.726789341657988,0.07908382800514915,7.373921022361174,-1.6926600112325325,0.09293149401305897,124.61020614836228,173.75005330635764
52.00555158614875,1.1620702010802053,-6.498523292832345,0.45295435004916174,-0.034775887843698054,172.20788126915085,222.71084327147082
15.0202240353505,0.5254893287501098,3.9801637750279175,-0.21745246786041345,-0.11355593733377096,267.7392110124732,194.81843504880317
-77.67987674313322,-2.0315279332498535,-2.2719892575761853,1.0577269340375197,-0.11671961137883395,79.11890347293955,94.58117970356821
-26.686414795190743,-1.942469960612733,6.58987524788198,-0.2268287869920159,-0.1058139090820676,211.2477760064013,153.2519141108732
32.6521767792483,0.5379409936411069,0.0029232321314016994,-0.11743839712332065,-0.021973058449376484,297.3727336344777,208.67719586431684
33.88246145705487,1.2345624004697635,0.26018554285955475,0.479520587588702,0.04430706608382049,226.05342260927904,211.5246033689255
57.54421084113071,2.05860988013285,9.96395519365189,0.49671050599663985,-0.043778835282342526,207.36766902552455,245.64327390049846
-37.94402219261542,-1.0970197762793237,-0.5467375558501073,0.7170540055892974,-0.06311820265962377,140.24645552203893,136.6897225930536
40.14970968213075,1.0344648930474185,-1.589093695201935,-0.8659812077962495,0.04899150530246807,174.87506412196416,214.4016574923512
-21.909445709693046,0.16746646291433537,-0.12142597942602926,0.5795346583257948,0.018677371282542547,143.78057361256634,154.35837311827237
61.366533879374145,1.415891436715338,2.4698119740628837,0.15134941798261625,0.07802216135047606,252.2526194563741,241.1051751843542
-43.27773773662331,-1.138334899310974,-5.855557913168714,1.063977813458588,-0.13146559750579742,117.48395460735176,126.28444798171859
94.29529892304659,2.003350933911231,-4.83417550739853,0.20604461291696388,-0.09485666482450798,276.4878387010221,267.1992286125205
34.25651704382985,0.18167564551954185,6.192059274034409,-0.0893094397285133,-0.0996859244978631,220.8026243388412,216.0648229140262
-60.429927895915654,-0.8661519238880152,-12.287278169591623,-0.8175368922829702,0.010379922324721303,68.55953306545747,101.23305135551524
-15.751798763130669,-1.6050462012185438,1.298123994435392,0.6076636157206021,-0.005386894776191674,175.374287458932,160.16712206589938
-67.41362761224585,-1.0015886373687757,-1.6955592956117906,1.063977813458588,-0.13146559750579742,113.29019464939726,106.44530298559516
20.405473929825174,0.29550843212219025,-5.620290569417531,-0.5346845984796297,0.2082455467519908,202.92829321896596,190.37781905567095
19.216993148442292,-1.1043738021369027,-5.14206889841621,-0.054929602912637654,0.1514868539100369,237.8846028068457,188.69067401375537
31.061301975368853,1.2580561187008612,11.857566393242752,-0.012736166820426626,-0.10205035008797969,258.8088810836348,219.68570428527283
49.65867125957494,0.3592831697380111,3.2655287971935647,-0.10024847871538282,-0.11086685683430084,220.0459122054658,228.69593420582567
-14.910601743957859,0.6484981190417294,-3.7234191926125484,0.8311325550237939,0.20566967568948227,143.95447790292718,158.67484572805338
15.94031772210643,0.8602470068241147,-0.21004125272279936,0.43888987135175805,-0.08774511500849265,227.8964485885469,192.56523454741983
-3.2833997956526804,-0.36145979923916555,0.96378042860756,0.7373693637077694,-0.11347250423552092,130.32255254624272,173.56638400805673
-118.31815561504536,-1.928106417553903,-15.28523552085169,1.063977813458588,-0.13146559750579742,55.255971570160696,41.02458097737063
-36.99010455556512,-0.813303140135627,1.4703856511286564,0.9217703066292843,-0.044308460019003654,117.58610013984573,140.16800611690698
-13.466922963085345,-1.0759085373587054,3.2839588598847995,0.499835945707174,-0.13146559750579742,188.7044612939546,164.73306402251092
10.170708693611937,-0.35789903873972806,-1.2817428256513488,-0.5253082793480273,-0.02204514348596228,198.4066578101771,183.60727972125562
83.25976197932222,2.042744650936005,10.32936221258548,-0.38778893208452464,-0.02288333740363458,258.5289882433292,270.8447628882243
78.07535140848873,1.696857802653541,4.799682028295287,-0.3205919783080404,0.3547774525106857,240.20245270953956,260.2296430285089
-21.285867213978953,-0.47231771860282634,8.241579636279006,0.9077058279318806,-0.03278238962231111,174.75006775505443,162.98188445687558
-66.13572254356657,-1.1902523976886292,-6.090677059529876,-1.248847572336683,0.11104468238756601,105.30827089310984,101.0691114241346
-90.86486267055783,-2.1273381104638,3.4227199514784896,1.0530387744717185,0.06412383760733902,79.18214080554694,87.17124809740471
57.17676523983477,0.42488127265679243,0.7129354041214525,-0.09712303900484867,-0.13146559750579742,287.01396741579265,233.7095595949711
-40.220998226319544,-0.4939523008927586,2.3582973751433416,-1.166023420007528,0.0005467383784160249,99.474586585084,136.1014364811707
41.18213755128953,0.6222909807528758,10.930682870321608,-0.13462831553125848,0.19336659599674128,244.577493277712,228.41741599769824
-1.129172677685691,0.3177561605568911,9.346848897159763,0.9108312676424147,-0.10086423013737399,129.22390224912846,184.9689657324048
-90.58429235428933,-1.0693817390088247,-6.339104921568606,1.063977813458588,-0.13146559750579742,108.22411105080394,78.56329951595484
-81.56493341928662,-1.9226173113098997,-9.131544031900022,1.063977813458588,-0.13146559750579742,66.38966094536053,83.93698376832504
70.33288174597698,1.1600824477402927,16.381419470393073,-0.043990563925768125,0.10295488539256155,238.70372003644948,263.55691430044595
-17.33568312527669,-0.061308640068345535,-1.5605073044923294,0.771749200523645,-0.07702420431112458,171.62062640496765,157.36079224124396
44.19152438123451,0.3901711045412454,8.042044951559637,-0.2783985422158294,-0.11335570549026074,247.0859686965046,227.85555250449812
39.26281270828129,0.3738102418362034,11.012211938160183,-0.037739684504699826,0.038990767600527935,275.9566497423002,226.27365228624228
-18.905561219250014,-0.11181122533939564,7.084624743345359,-0.8300386511251069,-0.02856929799619706,168.58237089065187,162.83221066450344
-39.06721197444121,-1.0091095160205983,2.2125761081362265,1.063977813458588,-0.13146559750579742,150.16984255660077,138.69233314849598
-48.11134704249037,-1.298790846632639,0.5553244370301661,-1.1722742994285962,0.11768585433495297,85.2546591171142,125.71416441768233
27.73531597440325,0.09246051123548861,4.699088702496172,0.04664718767972222,0.22296506667366434,240.6946783387038,208.42004375735706
42.34515705335757,1.2101824022931316,14.16444787701205,0.5013986655624411,0.0770964486130664,170.24592878847227,233.92184876170705
-18.177737600217085,-0.34977671317975395,-3.6724874922555935,0.8608242322738683,-0.028982530755264604,114.06408542130671,154.25540621073492
-78.71898420037873,-1.2578656044609409,-1.5417548756107016,-1.0050632749150192,-0.07765684150662137,95.1043514936562,93.02224151799678
53.67294738834874,0.135218167279887,1.9099780396650121,-0.07837040074164378,-0.07592400226713356,258.9343898554239,231.18741550715362
-63.95299504043649,-0.5471474291527201,-12.059389903549414,0.8373834344448622,-0.12116352946086428,129.79647409492378,99.78025384671412
-51.365381291999256,-2.2159697091962185,-8.552669919681788,-0.8362895305461752,0.17193616978161586,156.58048144466028,112.82519203322698
-85.23115144173728,-3.169894482885938,-11.983835187519734,-1.5051336286004833,0.18356232895057015,55.32949969433734,73.91711390307594
35.21233764604846,1.3279170314862503,4.314722267238752,0.37169291757527384,-0.005765042465751076,201.8625326039454,216.84447113475176
-39.228822017402955,-1.1080923895407904,-4.774096825519576,1.0514760546164514,-0.10617461849506149,115.495965446144,131.45785651852685
65.92044673172659,1.218609314167141,0.23868790879427854,-0.5456236374664992,0.1089072371030103,213.90395589679363,242.5645938691933
-16.34279163796597,0.19120662014762627,-2.1180404093773273,0.4420153110622922,-0.09709824986848566,147.0629583060324,157.69885794886693
18.945282936643675,1.4345391571110828,-1.913261668201701,0.39357099554901287,0.0964390393069162,199.1296659823637,194.58013677527777
41.884878941418634,-1.1810164930099163,-3.4102870225004547,0.271678846838181,0.169241821151214,228.74255127296644,213.3580624087664
-37.43663356697698,-0.5195080627075476,-4.103933647980937,0.7623728813920426,-0.100580958110551,93.34843034858488,134.22528296048483
31.706710061508048,1.6563205872337363,-1.4679464546597882,-0.12368927654438895,-0.10564490469979078,268.64408206136875,207.28931632770656
27.923343075340878,-0.3229703230573816,-1.9237385761355144,-0.6050069919666481,0.254963739448056,214.82012297242912,200.9501572384982
76.7755411703552,1.3333770792873758,-2.07546467891401,0.018518230284914873,0.03908374835807796,210.7319228602962,251.7146218642403
-89.55587843111412,-1.1804110825946676,-11.640058211152741,1.063977813458588,-0.13146559750579742,66.23129656647251,74.17973080596002
55.56688368339642,0.7530858392167216,1.4961372236826975,0.09509150319300155,-0.10167031990191366,279.25503545683324,233.43309424445573
111.85881694120084,2.04733584159423,7.930270575614516,0.12165774073254182,0.1303559821122542,281.73489849667726,297.7120033961232
14.199399322393031,0.0003630944025155701,6.879331299941921,-0.42841964832146856,0.27344163872266686,186.95601627339187,196.5476820220074
-4.385532026164398,-0.43253257916344934,2.1570542136819233,0.6983013673260925,-0.11086685683430084,130.8245983903998,173.54999043371464
-24.33706091117978,-0.42588292959789453,-0.46815203363483565,0.8358207145895951,0.01572909232765096,149.22118099677138,151.2440202473735
72.77759409629901,1.9751597685153264,12.799088019024808,0.05914894652185882,0.0778870745645103,251.6002617133115,263.31244421979426
-16.478463374254037,0.4284883844301969,-3.2269085720832344,-0.6628276266115298,0.18913007840378557,160.3638675144308,155.87298520475397
5.765747419057722,0.6215029745163446,0.731619966165581,-0.9847479167965473,-0.02979775952214696,160.28750871552018,181.72789099828975
-3.7220255675491614,0.12382616685616582,-7.002718988298825,-0.9206764027305973,0.10745686533219447,136.5203249217261,164.20942838847856
-27.690985447205744,0.20366978268071836,2.223861064880131,0.3826319565621433,-0.10613501021283428,170.72037897200386,150.63660866157318
37.71914548661486,0.8149246776201061,15.578981748773959,0.20604461291696388,0.1683507681235543,250.642513014014,230.1110136089182
-69.10461390872625,-0.9319613504070835,8.17061782850364,-1.041005831586162,0.17095877681967211,78.60305169626999,112.88756182947262
71.92508911868914,1.0612175048336456,12.742943688815362,0.2607398078513115,0.14406169569272873,255.2889802244769,261.757618130751
59.346167846218336,1.9924174042597804,10.816958808561358,0.10759326203513815,0.236169118425539,279.0596327813974,248.12287275436893
54.81493766766691,0.5003667578228366,11.760744767478563,-0.4956166020979528,-0.0011222122404684269,217.14801105034047,242.2028766934987
87.30587861177106,2.0776593884202725,-1.395054283889481,-0.44717228658467345,-0.10610442136309624,238.5369471877232,263.0587733232229
36.91065259822852,0.6418745440365948,2.477999850940001,0.5295276229572484,-0.10127107350928294,236.90948660275592,216.08234985752182
38.20790779427198,1.4811754542584061,7.164635259664818,-0.26120862380789156,-0.08632550890641315,263.0672665075398,222.12975069034968
58.16209931903671,1.0099913263795814,-1.4791352842268306,-0.20651342887354393,0.028317117276136613,241.73816285663543,233.13832536446085
-82.6989681438445,-0.9215867435773284,-6.27302154272218,1.063977813458588,-0.13146559750579742,78.0219180465631,86.66250210067759
50.86115446540991,0.17723554429696436,7.963959154691486,-0.35497181512391607,0.06738213319129427,237.00756060961703,234.3383257973345
65.0303739395531,1.3028232122556467,5.205584171220824,-0.2205779075709476,0.09817698666359614,223.7203362132959,247.03994671699098
30.19471480498187,0.6559716336979915,4.333170937764685,-0.09712303900484867,0.35090011109066055,222.70499913156925,211.06120076339914
73.82804462742193,0.9081426757711814,11.537578904908623,-0.11587567726805358,-0.08071470537661832,246.28888629002472,261.7007421403259
53.59961964046525,-0.2614470051914924,7.375105063931478,0.08258974435086495,-0.11086685683430084,211.84799912223588,236.3085669015906
9.532737124736224,1.8088732710211675,6.902827940482336,-0.3409073364265124,-0.03879994132381038,201.11903676591876,193.4882973733582
9.168317132527187,0.29687823968466065,3.417545119942919,0.31387228293039204,0.008667737465134624,240.8466477746466,188.8288468274191
10.589631046818988,-0.4626624418956998,-5.355642660393829,-0.04242784407050105,0.0979739748054009,248.0725440636212,180.45043839013317
3.3547072632455097,-0.660433803868006,-8.278775405306398,0.792064558642117,-0.04815649322749391,131.85059678887814,170.7829724343545
45.758746523832926,-0.5051379886679367,-1.4623554607096754,0.8280071153132598,-0.11654579576847168,133.26408476968174,220.12628070886893
-82.18116511900448,-1.3419780393967058,-4.01819660237464,0.9702146221425636,0.017271420477384468,66.11752318825161,89.06971259671295
-26.87226453789275,-1.3786317657646512,-0.6031603636225051,0.9608383030109611,0.16895545249524557,120.71374139565604,147.89930340309508
-33.605353201861156,-0.5020617697992183,-8.182235109640551,1.0452251751953832,0.031039800049232534,107.00552848685082,134.41018120881247
40.92704109236846,0.7243655396979239,15.91831175038546,-0.29871390033430134,-0.08102344378904718,238.78138841932045,232.81354735319724
-47.64346350395888,-1.138992682545249,-8.312014356436665,-1.1675861398627951,-0.07790255722568928,110.17823370555412,117.28360707483952
-16.8707419521334,-0.37613942370951375,8.250459120171158,0.35294027931206895,-0.09529683574689864,167.45566716326684,166.88478750276218
57.71841435244952,0.6191975036861188,-1.689336271834725,0.5342157825230496,-0.11346498325870916,234.67211902326304,232.69259269843405
-21.180823748121394,-0.9978094799294503,7.182720518398131,0.8623869521291354,-0.035738495836320626,121.26810154353514,161.45430206150886
53.075719508678446,0.5462761542477449,-9.637109958027848,0.0669625457981942,-0.0001064434168350015,221.3981463605871,219.67530812214846
-5.315030593621144,-1.0198059114455125,-0.7295713646884413,0.4920223464308386,-0.08239126353013529,197.9955166156539,168.96878952801438
-21.359374795642307,-0.6447320244626391,-2.3317681026170565,-0.8597303283751813,0.22513913383005876,106.49229106313692,150.65310019760165
49.82460521949864,0.17692410198330547,11.879513475921437,-0.44248412701887224,0.004134020428807134,217.86641752325784,237.06625900568213
61.37922221243219,1.2743975013786542,9.961190367252598,0.13728493928521257,-0.08420624940252536,265.45768171475186,248.2914550858149
35.74484511582844,-0.3122228849646422,0.1639042565046597,0.1732274959563553,-0.02497903329692759,215.2617447673103,211.36834126489669
-11.032288585879545,-0.6147501190660969,12.859014687582025,-0.6753293854536664,0.07254342813299859,192.1194045182477,176.2327563401845
58.51550509390746,1.4855669837168863,4.262505072405232,-0.03461424479416567,-0.11305290073154507,263.2708251085129,239.73947631937267
59.03596666922813,1.6852131214328272,9.879716344385463,-0.1705708722024012,-0.11358822282060299,262.98855835034766,245.9403033548922
66.54250044979287,0.19287386760964018,1.4605065210953363,-0.46905036455841254,-0.016969831964166716,221.35287724512415,243.33342695684405
64.35171213953002,1.9809257185682743,5.722329301673095,-0.14869279422866216,-0.05784612448002588,268.69980734690904,247.47199455593147
10.006529092968886,0.327620946994577,-2.539097580602056,-0.7425263392301507,-0.05884064753601241,186.3611512292972,182.61725178746406
13.047839372204,1.697153198492799,2.5255840844243984,-0.7159601016906104,-0.02557265596767123,184.7800714056534,192.15261021233164
9.044970344767464,-0.07419477692600264,-4.043961857854088,-0.6956447435721383,-0.02729259567338231,179.2724075660186,179.8274426856106
-64.53409626970236,-0.586830884436651,5.369786824850782,0.8623869521291354,-0.024911139778753557,109.7433887562219,116.70990179793091
-25.678139893081074,-0.19202629540538146,-4.373588182269237,0.9436483846030232,-0.13146559750579742,125.26691080936818,146.1919947312103
-17.66958135554213,-1.1939526947857264,9.962065179390597,0.5529684207862545,0.06977109625664402,169.23062399944652,167.34483696097442
-76.89064506186217,-1.2576575563820056,-9.149708402797826,0.873325991116005,-0.02594936025594183,91.08642271734024,89.17293192468682
15.904645175701077,0.8076919035055172,11.220790335982038,0.1419730988510138,-0.09693566316178502,250.4610478843023,203.60173116574663
-29.490953802423395,-0.18679333702109818,-5.28132606133051,0.7451829629841048,-0.13146559750579742,124.46175492514848,141.27821047957207
-26.79387823442145,-0.15631169594389893,3.696802234580463,1.063977813458588,-0.13146559750579742,133.73305041045157,153.30269083503669
-42.45081099370771,-1.0992386104576441,-0.8104800000494857,0.7483084026946389,-0.07133239809875638,145.80637260448128,131.94001271524982
-42.897244993371494,-1.0896047987244308,0.32312804559597214,0.8655123918396695,-0.08660071740612965,129.53839089832735,132.73875624280237
-21.821943642232696,-0.41632584309868814,1.949986412647535,-1.336359884231639,0.03275572014367749,110.37440782466096,154.03167907809697
0.9032656929700807,0.874584451533755,-2.168553994451527,0.5232767435361801,-0.05241315775365431,178.58451002256623,175.70372605070358
13.38643509572979,0.7015361067060273,-7.943787267051938,0.0857151840613991,0.031544212953611955,249.68527565163637,181.88500964726768
12.44345812790726,0.8668237079255328,6.667462293253685,1.0467878950506502,-0.11086685683430084,136.06919263331767,196.53723148217165
69.98740981869115,0.9208940059902315,-5.243856165280834,-0.08618400001797916,-0.06878379396306061,224.47732943383087,241.13304618028826
38.733041899207194,1.1634536421507105,6.533174346538227,0.15603757754841746,0.2818925052535443,228.41359238868085,222.4911662855668
-59.17802107325421,0.07222122726472552,-4.348110098075335,0.9592755831556941,-0.054851667821109985,112.89900749780846,113.07408028613855
41.1621300100418,1.9361817596227853,4.517881005454975,0.15603757754841746,0.04452576334560126,269.70720262599247,223.44032243088236
-27.79687528398451,0.035706600977858764,0.059652065135409785,0.8420715940106634,-0.13146559750579742,138.050546510298,148.6326556935024
-74.31138621119182,-0.29839672987625393,10.69660048861266,-1.023815913178224,0.06716593628884532,86.75573080851709,110.75373388552399
-23.93418986859099,-0.29150115885682937,-3.8913722978593537,0.43107627207542265,-0.11311429230996213,184.09073931117328,147.82446496932707
24.30112069152052,0.3639914031613994,5.023064505056199,-0.7565908179275543,0.04512936660517423,198.15835927477252,204.6002814632845
-20.7939475056039,-0.8173876136081029,-2.1779584559604546,0.8576987925633341,-0.015571685828604102,137.43090290928495,152.67639984643105
-31.918066469294303,-1.5381591765493234,1.3488024066783417,0.9123939874976817,-0.13146559750579742,106.57473642999564,144.2970714656954
52.24682258285193,1.8874739829576965,2.6338028030291403,0.006016471442778274,0.0009793286986577304,247.51258467263827,232.39866148384903
-28.232774741817114,-0.41737492910863716,7.495227474158086,1.063977813458588,-0.13146559750579742,198.86073835840284,155.4011563340539
-31.347097656140004,0.3404256393851657,-5.664469530784527,1.0374115759190479,-0.1055849944458707,141.3614737345298,139.8842513488026
-84.17203391315101,-1.2443124192086872,0.9970119913024248,0.7279930445761669,-0.01833966539625882,109.3379068498023,91.91388535299143
46.91020570400521,0.8253829521834938,7.034131475054352,-0.24401870539995374,0.17945742294313463,235.51176210196112,230.32872516365495
41.29315499917096,0.6314678032929947,-1.0724801270650228,0.3154350027856591,-0.12116352946073256,246.12690321911043,216.66998046359265
-2.001345391170395,-1.1892875130037013,4.889642130290525,0.6811114489181547,-0.09517658094689069,151.75111508186188,177.90851040895643
81.20548922524527,1.4348281136911982,0.8245675291062712,0.20135645335116265,-0.0946590627933344,273.3765997441631,259.19514857346934
81.05433761321004,-0.12391758256559474,1.9175979731560437,-0.07837040074164378,-0.11086685683430084,303.4156476438335,258.28234706109333
-91.41118256559947,-1.4770355471235297,-4.379579170277158,1.063977813458588,-0.13146559750579742,105.54352564172098,79.2882812478214
32.9480554904543,0.6350409444453726,3.4186464942315054,0.5951618568784656,-0.10600162693819869,182.28112419929727,213.1144694739403
-9.72196279378499,0.31907680624177726,1.5301707992771953,0.4107609139569507,0.1658467492151578,206.739372373328,168.32745878977488
-41.741791429175,0.6874951138348112,-5.0630628268261075,1.063977813458588,-0.13146559750579742,127.42449241845128,130.43871938865527
-21.5340309651469,-1.2667038247138467,2.9895100355602806,0.7404948034183035,0.10617823619239891,185.58339641114333,156.659014600179
62.96627608252333,1.980528063055995,7.071519652894776,-0.17838447147873657,-0.07660422072864646,276.97777451937304,247.38690142113552
-3.9727935256282785,0.23301623755670778,0.14844692221242858,-0.7940960944539641,-0.08576925309158533,122.0890310899102,171.1523706014641
36.18138746884466,2.349823991625595,7.3350244159780695,0.5951618568784656,-0.1000970196258153,193.77171307335135,221.9848670285698
-42.752144991302615,0.15989549447179038,-2.6413467388825755,0.9014549485108122,-0.06804731273318003,109.00209957911306,131.22337771493298
68.85313899980324,1.8037448537773275,9.511004418901585,0.10915598189040522,0.030637772662623616,298.0953312874364,255.93124834190394
75.81781948938999,1.3576949024409966,4.727812791938808,-0.043990563925768125,-0.05279310980359167,271.8487848394944,257.4301098249092
25.19904849728693,1.0475974936887442,14.892522210930276,0.1544748576931504,0.11662057953415544,276.70201058495945,217.03382995400204
-33.44578835566202,-0.3895359875095986,2.263870691823923,0.6436061723917449,-0.05217623070521227,165.09299736331835,144.6435426052076
-25.13626483838795,-0.8468496822619863,-4.058624411439556,0.9436483846030232,-0.13146559750579742,117.30018544163606,146.39401016987654
53.57757854409004,2.2038042582728163,4.028789216372112,-0.06743136175477425,0.2296372690820073,270.3551982097787,235.59594424093098
71.74481922726251,0.6273147780576912,8.682527453808014,0.3060586836540567,-0.11649562612647857,228.84369891697804,256.8677908315246
-35.657911553251516,-0.3863531235898182,1.4131731051686454,0.8952040690897439,0.12504459461525694,163.77799442356795,142.01272340690107
59.40735935397036,1.4971608934217122,3.7533873192634486,-0.33778189671597825,-0.08583408326514545,205.56344820008516,239.85785790154313
-23.920610721878322,-1.104038792335619,9.780155922510568,0.979590941274166,-0.12116352946086428,131.04483115816316,161.2375001349787
65.94651419690386,0.4404986700543027,4.156313665047809,0.056023506811324675,-0.06984108528626304,243.1686290025512,246.1530752683998
72.6535656175079,1.9685941336400454,0.4944608776271922,0.14978669812734918,-0.08757848892162243,272.2516300007606,250.80239515284967
-11.984135592011771,-0.3843012133288784,1.1935785197937083,-0.9878733565070814,0.11049589333875995,75.11217362480201,163.57133056615353
-65.18310636951728,-1.420489155140849,0.050099346437125804,-1.3613634019159124,-0.006821481601962251,122.0215869808442,107.70188525312994
-6.187195879000229,0.5024869913464618,-7.342601230681747,-0.562813555874437,0.20436904299982986,185.316080367824,162.23781168365863
-128.03080521599827,-2.0481703327148093,-14.060130996397726,-1.9598851064832024,0.17468695432766979,49.56152419635623,29.69926161760243
22.403235181254832,1.1944183694652677,-5.273197565235465,0.8702005514054707,-0.09031117803518914,145.66108132106956,194.72791167372372
65.62764531223038,-0.13055914220002746,13.916370434907586,-0.14400463466286093,0.0846990558945514,251.4093033623745,254.97771734103839
34.74979225044717,-0.1541014330390934,3.588392900373992,-0.4753012439794808,0.017138013898028492,216.99640058762924,213.3494868025694
-29.156443386191476,-0.17912532585841787,4.986532028754001,0.7139285658787633,-0.06811605092991173,183.4203645848071,151.92034214652176
-82.56064077046554,-1.261687983866672,-2.251252991622876,-1.5817069015085699,0.26866882454686036,56.20625666182609,88.23694649195198
-12.13046310255027,0.8243688052723511,0.004112774039233707,-0.8190996121382373,0.07370735051871008,126.49117047315592,163.57619253001056
103.63738903025482,0.685300577857414,6.323499775355299,0.0013283118769770493,0.061170266005428874,261.7224085369144,286.3322542762187
-30.272708170636516,-0.9354675755957973,-0.785290829725445,0.8858277499581415,-0.07799608945064822,139.76350161172527,144.43793139941852
-49.01945332192679,-2.415009935614515,-1.4873568862968432,0.7311184842867011,-0.11656545544673022,132.11523898834054,123.3162991998706
45.99659225472672,1.1288325674123991,6.269895771953481,0.13259677971941136,-0.06988739265518364,232.54990339354785,229.08159629602562
-26.362374987798074,-1.171902708005098,0.9242669447641374,-0.9488053601254045,0.04638254465495513,144.4329565900577,148.1111327483593
-27.07966865763314,0.9992849609345217,6.9049899777959105,0.7561220019709742,-0.13146559750579742,170.01703919605555,157.07282900043126
20.854156741136237,-0.2578826791692827,16.570507969776486,0.8811395903923402,-0.1134526760584932,161.15128819809445,213.55803526094604
74.48898705139848,1.9339746276161822,4.088472909104655,-0.4518604461504747,0.16422155778868355,207.09373141508243,255.84736201462636
-84.34529150906556,-1.3791103244399565,-4.030532251110359,-0.9769343175202119,-0.019308491614058062,56.87444471248793,84.87238942111861
22.934096534751397,0.9613457702658904,11.909793818855489,-0.5471863573217662,0.12320621788149211,209.2150587826964,211.00482229930128
29.825210913701635,1.0667154284063796,-5.8915325039272,0.3607538785884043,-0.043873053339259276,239.1824435160925,200.94084097829864
-64.42098189798214,-1.13212008316398,-10.791754991618372,-0.9628698388228082,0.09199803601463995,86.59341997689816,98.40783753929611
31.681653608538078,0.8115642709816729,4.89852482734297,-0.1330655956759914,0.2733244548756602,259.1503517742587,213.1555678809312
-31.91195962015293,-0.21600366988362577,4.314570181730017,1.063977813458588,-0.13146559750579742,112.23722275444312,148.74268542251502
-51.959312261758846,-0.5226828477921773,0.5828660890639172,1.063977813458588,-0.13146559750579742,113.86338982212204,124.65694951033447
-58.23591868183078,-2.071950515315988,5.30054371954909,0.8498851932869987,-0.00536816709410923,119.03981185023709,121.46075786346398
56.609667697338715,1.3669169257415579,6.200353653166325,0.24354988944337366,0.12039514012511941,241.3328927589069,240.16444962068385
48.636683856092375,0.8895493107456083,8.355758174152466,0.3154350027856591,-0.053798968134982195,243.0661985369839,233.76719369050994
3.728718998640179,0.15035325249030773,2.768373958110464,-0.35653453497918314,-0.03059159543855938,186.73963766541303,181.88388639369197
-17.252791510364922,-0.4674844927020624,-7.356913918625454,1.063977813458588,-0.13146559750579742,128.13157662413852,151.47888860912914
-71.65825326034842,-1.1754637295361638,0.7366389755920076,0.999906299392638,0.02205585959605494,102.538749949422,104.54845045956489
-60.19600135572418,-0.70656564096988,-8.695823587985604,1.063977813458588,-0.13146559750579742,124.46706874570728,106.9576879461419
6.675448469952671,0.06762313042329093,23.004946449820046,-0.1518182339391963,-0.09702512606531795,238.10688497949545,205.12274100506028
-29.152153941195845,-0.02711664383177496,-8.971377089743902,1.0592896538927867,-0.13146559750579742,62.98901994500533,138.40074269648423
-44.9724474829349,-1.6369008764004382,9.358025122411483,0.9670891824320293,-0.12116352946086428,144.860177853709,139.2181687309161
22.173721701400208,0.29784024541681237,-6.668246249297435,0.7639356012473096,0.015384367884687571,185.14484756566137,192.20620198152034
-8.564015069385851,0.44054978372304865,-0.6223930878814121,0.6186026547074717,-0.02904315592417044,123.86979070479067,167.4672674401079
-151.20794506469483,-3.56095534085285,-2.784572138077532,-1.5035709087452163,0.3733030778339552,52.82747347569609,16.939825940332312
1.8445768266101668,-0.254614588721109,-1.753501858888391,0.5451548215099191,0.05109395345041016,187.07126376212344,176.05627546882977
51.7453759175416,1.650206740640964,1.9521460324338653,-0.3721617335318539,0.10779244143756073,202.3444047124163,230.70692571339094
43.828209064389824,0.3804355893494067,4.781041685816772,0.32637404177252866,0.013994669744607094,245.21291720821543,224.95362136594196
-39.51553811025911,-2.071323686171831,-6.361772101609994,-1.059758469849367,0.15377730253059488,91.7580688253018,126.76895124950909
-82.26553119669086,-2.0452677676347486,6.670572284494416,-1.2988546077052294,-0.02937478361358949,79.93926498684293,96.65511024371875
57.76661039353726,0.7239075983065745,11.767518133919436,-0.29715118047903427,0.2063516472273303,245.41697361001863,245.7908029073804
-3.9115331236481956,0.06994945093910747,8.003425437332515,0.584222817891596,0.0792247545328286,122.58802000553686,180.44885565191663
-76.06661837637193,-0.6791254322181438,-5.011199630507177,0.9139567073529489,0.07559564909880212,113.83524275974204,94.85617523222328
27.289565256138022,1.0545707444415984,4.714805837097495,0.27636700640398226,0.04585333863322553,284.72704215528995,209.00472849758313
53.343603526767765,-0.179197801883418,7.208356230282026,-0.5565626764533688,-0.004451018341734032,208.955464061618,235.43531457524
54.59340290045359,-0.10308597192978879,4.706696398736939,-0.5284337190585614,-0.06984108528626304,174.83294464623518,234.2223048377847
-33.97136360815232,-0.41868377460093575,-0.9774774023033065,-1.1066400655073791,0.16495961008099097,133.1027915970866,139.31436107438583
41.57795902293949,0.7368197892275021,-2.430708233949879,0.6076636157206021,0.22620944767490703,224.06966559638389,216.34150995648145
-9.635955698772936,0.0652767232891315,3.9602556843445904,0.771749200523645,-0.0680823293425239,174.68717408403575,170.7168098949107
-31.57191874274673,0.10186066460247407,0.6504813969589386,0.896766788945011,-0.05233518975674697,109.48036640186018,145.64842123287173
13.678469162514462,-0.4984606878916186,-4.330741302822443,-0.6159460309535176,-0.013256378022032942,166.1210049563287,183.84363107769366
-32.80966765796464,-0.5283165734736058,5.8867991960346355,0.9092685477871476,-0.028201552976317993,113.18069035759228,149.053448274276
-16.029336832726898,0.7728374874328234,4.301998122376286,0.4045100345358824,-0.0074229992530998835,185.9082329254776,165.06615212723378
43.27536552281148,1.1430935780768294,3.343452038647658,0.14666125841681502,-0.10589113951242904,251.767556159267,223.42624757330907
-38.22732539098742,-0.9892303079221083,-6.272420140912103,-0.8425404099672434,-0.024767486975738127,115.88723629083498,129.2672825781042
72.83087064869258,1.5900168868991464,6.011995817079274,-0.2330796664130842,0.04009231140746603,226.35318077451785,255.86346231253412
-49.35580951394844,-0.3396865144851477,5.413371794448268,0.8686378315502037,-0.09031117803518914,135.98476290166448,132.1197687343985
-0.3077776888981696,-0.23714639964164774,-4.3539418794244416,0.1482239782720821,-0.07801211934137761,236.79137866611987,170.79491220583523
-41.710998669344484,-0.9269265535102831,-2.618757700034572,1.060852373748054,-0.07150768829412812,100.53005193395292,131.35622807743334
85.6992457881749,1.9359223402931818,10.229432751993132,0.3201231623514603,-0.07101448840558475,280.97227859016493,273.73727586927583
-64.3608318943875,-1.748771485239309,5.9324802479786625,-1.311356366547366,0.1084010398454025,101.42894471800967,114.24348785651867
15.111827705953868,0.8012189576474186,-0.7598453617368045,-0.5362473183348968,-0.07198091923748612,228.037862716772,190.16853937916085
-136.0296896391982,-1.5803683840457552,2.5627960409954618,-2.605288406708504,0.18201775544135784,90.95139889788744,38.153033681353136
19.556390088738098,0.4651581560293621,8.678368094860529,-0.6159460309535176,0.020874030118343507,197.63538389065877,203.72841065366163
11.431639199199076,-0.29416774727920686,9.2694100475489,0.4279508323648885,-0.08474597290303655,173.95492490913753,196.37365267379937
34.90005383342868,0.19204318209592158,3.7072945764312992,-0.04242784407050105,-0.07657152274855557,246.2796280717638,214.30395854000562
-65.54693698182759,-0.692484401922215,-2.1308792030929915,1.063977813458588,-0.13146559750579742,98.79816892567382,108.18577794397879
15.070785270890788,-0.18963447182722085,0.7593751455222806,-0.27527310250529524,0.4235279839887302,231.93390009931704,191.41234714093804
46.16080591843561,0.5764031785780308,0.02870988533761262,-0.04867872349156935,-0.11300760547228858,254.8236372395156,222.2277989682562
30.817185333600467,-0.25112641634605637,0.5339231272526859,-0.415917889479332,0.17892435785119265,225.0202408408153,206.48655482774768
-7.078887857233203,-1.12353119600962,3.3325191213210417,-0.5534372367428346,0.2920462944158925,189.33407689291752,170.49227544062006
45.52128813674506,1.3470935396336277,-0.6921157483084931,0.23886172987757245,0.14634309895826705,257.15137058502484,222.1850370717749
28.391038632112487,0.37634419217871296,12.42209496686253,-0.23151694655781713,0.31822022930970734,242.21360870957596,216.89974738877436
91.38265537972013,0.4284881445189522,9.502284398650525,0.0732134252192625,0.0356652764482284,283.9896450681248,277.04587293942586
54.4878512327139,1.1684446718189387,11.46716714226929,-0.3518463754133819,0.25149210910097664,231.5711627550307,242.6466750953585
24.473216961944097,-0.15889244681024778,-0.28888897536534824,0.07477614507452958,-0.005765413359445514,241.92985826801515,199.71801258635236
-8.636992205144779,0.5061099334743997,3.1579625481443836,-0.3455954959923136,0.32422515269620666,201.608616454706,170.62927624804666
-25.915660153999475,-0.9964439639888455,-2.4367977710333277,0.8373834344448622,0.011148646101643114,113.26770270722136,147.12319650639367
-8.891129029330775,-0.021538323715936093,1.5299925109858403,-0.8316013709803739,-0.10037323589375773,136.46269426156488,167.3089168659338
-2.906826280609468,-0.15336841389816017,4.226164151848958,0.749871122549906,0.15655389936940076,176.5349209028181,177.69596079412946
-116.71917999435892,-1.7333994626318117,-7.965818787899905,-1.1519589413101243,0.2073878310149247,71.09683964570385,48.26059695968297
-46.58267363200132,-0.8553013305627021,-0.5979216247620426,-0.9269272821516655,-0.06815984359325268,154.18906333826257,126.5925826017978
-72.7497833953602,-1.6400025025509433,-11.110747541911007,1.062415093603321,-0.13146559750579742,103.20269253468864,91.05398237114417
39.35672543942379,0.5358308243222027,-7.427131850011546,0.15134941798261625,-0.013647298347070748,229.78166945213877,208.22669284823877
29.10372242521927,0.8751942653481531,6.81821935848163,-0.050241443346836424,0.04914506574867941,226.90108036836236,212.41960598631965
63.49667084260914,1.742386168338649,12.70858945224222,0.32168588220672745,0.14043760040308234,240.7284449973656,254.0333362606686
1.4074600803404431,1.5483391126491315,0.13774667376547578,0.2732415666934481,-0.11629036169630887,187.1873570094283,178.87406338662095
1.6195589022882093,-0.6642769124325381,-10.667047777545601,-0.5581253963086358,-0.02770672008409902,182.43737232007427,165.32596841078612
84.31777451875067,1.5368922619364886,-2.7703710996843562,0.33262492119359693,0.1552584513085306,214.12544478129405,259.1957453683737
-61.731607104127605,-0.662090470494392,-10.300588471530126,0.9624010228662282,0.021673796806954953,111.79745519244683,103.91335508838984
-53.304973852708784,-0.4323444746660024,-1.33904163719468,-1.5348253058505577,0.21539336801555306,98.9378871216508,119.22777441246433
27.81257158575275,1.7640815834983854,8.647118053104288,0.1107187017456723,0.10427606417623271,238.89544312205857,214.06233230314615
35.201794002095546,0.09543144728566368,-3.8906612274181156,0.5685956193389253,0.05040411653124392,183.1116803221668,207.649130272702
-42.37098286810612,-1.2211199272050526,7.4027708025075665,0.6014127362995338,0.17429190903450084,143.25334852857034,140.2099389673992
-75.14030948791236,-0.7471409216990873,-6.434948525136715,-1.6676564935482592,-0.0957652215003941,83.66726657070969,91.53774566507195
-55.06685388637257,-0.5882730326141761,-4.128863451816006,-1.4051195578633904,-0.019166319358223695,103.33722547576376,114.41529006684442
65.32416427025314,1.4962979921947435,8.598641486767189,-0.39716525121612706,-0.04383607110295878,215.53113717096,250.60166874176474
15.868017449138549,-1.2259799226233647,4.713438986786897,0.35762843887787016,-0.11086685683456411,229.96039089349065,195.22580441021415
-10.039756532504526,-1.281019344226852,0.9744455067800418,-0.7409636193748835,0.27950433191555146,161.25395023949133,164.81577665745814
19.822431128468942,0.4086567811944998,1.8812669283835584,0.0232063898507161,0.1725385648159791,250.5623726292336,197.93166610758254
0.6195561351698503,-1.116298794927441,1.8537753844109428,0.8311325550237939,-0.04949804405481988,131.91920624741152,177.7622335504911
-11.778813844229639,-0.22180211006559808,2.1342655292424855,0.8686378315502037,-0.12116352946073256,123.08877169045724,166.5046901919055
-85.75667820067231,-1.9928026425705185,-10.002336834117584,1.063977813458588,-0.13146559750579742,55.99832169983932,78.80426085346116
-41.52105788346535,-0.6540012920597316,2.6622262811137185,-0.5846916338481761,-0.10617126267334823,151.24974394438556,135.41987052393588
5.245662741139761,1.2701749267607918,8.619597397262654,0.8717632712607378,-0.04455648703804956,138.3455910333901,191.58620816425463
36.35117838492659,0.7449281258926715,-9.866378018984793,-0.054929602912637654,0.0437414486531113,207.6070982975266,202.84210665244376
90.39829423183164,2.9126299983314055,8.608826770306594,-0.4252942086109344,-0.005300205363806447,248.30008290790283,277.11272290136367
-75.33057202718472,-2.033368276044878,-9.480701443859722,0.981153661129433,-0.07227774358895163,78.48521474722091,89.68780048531997
37.53766349997123,-0.2808100194078597,-1.957815553246099,-0.6128205912429834,-0.0018835943470537067,183.9396050568709,210.307900056596
56.55331068692577,0.6012490879135023,2.2528893402652255,0.08258974435086495,-0.02635536164701814,268.1093501480568,235.0872498126771
2.5496327110903674,-0.6145598050126226,6.380815053626224,0.5857855377468631,-0.046489782214940684,160.82025877421574,184.47875003010472
-2.334978180719446,-0.12775578089593637,-3.6570731087901924,0.7748746402341792,-0.006945576847648685,171.370658936591,170.27168830784973
9.842721294069106,0.3653079648313139,8.646509323087598,0.23104813060123708,0.06305312919279545,206.72809551210983,194.77220615665084
85.95038242862584,0.7582185936962443,12.1694877819246,-0.10962479784698527,0.048779440350674025,280.80614762547174,274.44080976161916
40.02962773679912,0.44172114243525556,5.643399849732849,-0.562813555874437,0.27035281368244446,196.76421355988825,221.44585430164398
-22.10063452814222,0.3694912598817302,5.067260046451109,0.18885469450902606,0.010379922324721303,242.64736710982316,159.15891770989316
-4.8561265916392,-0.9073176000411952,-1.5815572532521285,0.3435639601804665,0.06867836187585717,248.52542385104908,168.69080719199258
107.27211652981335,0.820065839906853,2.0329965341454326,0.0544607869560576,-0.09706983280365726,271.39402250108503,285.70613617288683
-66.27514051723517,-2.0175563512144823,-7.132601723377983,-1.4176213167055272,0.11190455064792294,57.56930299819669,98.89255095698354
-8.32025261789468,-1.7302264249600456,2.246848267334998,0.9498992640240915,-0.009350798984898188,152.64929691033817,168.76048400438825
31.235963572627295,0.5710415561030935,7.994807971141918,0.5295276229572484,-0.09981846902366506,212.90241025443007,215.85508856867466
82.65829651586179,1.4792932700729575,-2.7718182508570526,0.18729197465375896,0.037408006876238756,249.20804090750485,257.2140378314765
38.34802431457695,-0.8163311274462745,7.441604219406843,0.3435639601804665,0.053189921350853875,226.9752134261948,220.9936176029376
49.14795171656019,-0.14462959058657496,1.3401109420066593,-0.7972215341644983,-0.04111616903105386,182.02926761146009,225.12866167965353
79.20006718598502,2.2260946590710464,8.73426644838387,0.41232363381221776,-0.085340278723582,252.1146096810297,266.1109779633974
-11.783161371872286,0.12221325500255674,0.7823954172656129,-1.0160023139018888,0.03924553984195224,131.92614819276662,163.76825684120473
-78.17891429966083,-1.171344797183905,-13.41730440432225,0.9077058279318806,-0.020593814551036645,93.58146070313131,83.74311482708265
75.59367384206644,1.1425790102119928,6.173461684566158,-0.17525903176820243,0.1381049281561935,256.8854616009956,258.4961267481014
39.58600301018378,1.3665013492195803,7.161236040898264,-0.1393164750970597,0.11554095087180441,277.00684725460616,223.71353119094516
31.688685625927892,-0.18948462996086574,8.230449325502637,0.4185745132332861,-0.08767319898816842,188.6116402869206,215.68411795058347
-17.331221374135175,0.8971790642445837,5.02881505519423,0.5764092186152606,0.1711781325874605,148.42469686499925,164.96592641137514
29.27819311391137,1.627000616823499,6.692732496986607,0.0482099075349893,0.0023657357567168965,258.3534298674826,213.27206818588195
24.73706010273497,1.1779731073871114,-1.2560743828302783,0.1919801342195602,-0.11314696084904864,248.8610726574829,200.3613583155311
21.74794165964971,-0.06082510900805004,6.2836233741710465,0.5467175413651862,-0.13146559750579742,193.8544286596972,204.0095581835409
7.453685548383318,0.5997998058812192,6.145129061366756,-0.7331500200985482,-0.10186856340757233,190.83193554054031,188.98716214699397
34.36167955146435,0.1402349723740492,1.593388050035914,-0.1705708722024012,0.08794387526698241,199.70083125725216,211.63624189180769
-65.92822735298623,-0.8294815038589006,1.3605711532988805,-1.5567033838242967,0.08617302606270498,86.45098352665495,108.75589825356093
33.06499335980571,1.4864396443687704,9.502843551090915,-0.02992608522836445,0.011083841322931515,254.85805690604656,219.65900062622876
-51.19133987774687,-0.01746890430499085,3.2028635713567253,0.9952181398268367,-0.011436956737421688,112.58234718068594,128.60140228726306
76.41295834388933,1.3329635378119211,7.940386838337091,-0.020549766096762002,-0.03866475311717773,264.1599132356818,261.25066051569314
0.758016035096705,-0.5089218594261264,0.573479720655475,0.8092544770500548,-0.10604501853569612,162.44058781182855,177.14934966970924
-66.6972416449732,-1.0236716831321766,3.819388153686675,-1.9708241454700717,-0.017067026861942485,94.34964452113093,109.73414996811809
78.53474022624923,1.6720137996217665,1.3459333296844667,-0.1955743898866744,-0.07020647978312881,250.94668537384956,256.9104728007544
-42.70517907029591,-0.24518144506656708,-3.1545388859054446,-1.475441951350409,0.14736141276774015,88.10147433021086,128.1905863750182
11.429648596549985,-0.5549381512231178,14.299718824338148,0.6967386474708255,-0.13146559750579742,158.4307935779529,201.3632686344988
-45.70141837663627,0.3026578286966026,10.669526182282834,-0.7940960944539641,0.013356421406826297,145.8393266862018,140.11359227616484
12.283496127193455,-1.1173290101627098,-2.0620360954467154,0.6686096900760181,-0.11086685683430084,193.99137348316097,185.28544016969454
13.390981058374473,0.5159392031485074,-5.49083452763864,0.3513775594568018,0.026091650604853103,174.05009850478663,184.41712125881475
-104.2810610586666,-3.1647802351956784,-6.149791123096456,0.8405088741553963,-0.1165389728776227,96.99989955174826,62.75190379918783
62.59549321964947,2.162007035875702,13.00174884081765,0.4357644316412239,0.21413969682731152,246.12488516925728,254.0327195396801
-47.2650966366125,-0.9977486504373329,-3.1211020649013226,1.0530387744717185,-0.0779085587194032,120.70431617857751,125.21474917866999
37.79608346797879,1.2021364484663264,-0.8426375474107307,-0.7815943356118276,-0.10047790440793039,167.11001348993804,212.89707644388346
61.91963195746718,1.429562288480154,-6.784306709974593,0.41232363381221776,-0.028171448083631416,239.61497464312907,232.5726060365701
-92.97713760588914,-0.5053095123583595,-14.251459745178952,0.9780282214188989,-0.053039817584991926,63.62610482711718,68.81464785527623
82.16862843703812,1.1552575097367361,2.668682095596932,0.14353581870628088,-0.08898521730620917,287.32231982099563,261.67068495864066
-53.41736541670435,-1.3059148661855553,-4.654202857611696,-0.7784688959012934,-0.037482874069157596,122.73239906698213,115.43013140439677
-10.395521274846269,1.0389960557778206,10.76111885752031,0.6842368886286888,-0.1164970029780405,133.49801195625142,177.59589983897132
35.62425534819639,0.6392207091167521,-4.493230830288618,-0.9019237644673923,-0.05908718256607354,157.71180405559303,206.43280059485988
-2.889273847239111,0.12152707267894183,-0.9377672062042133,-0.8612930482304484,0.2624484595098848,109.13134095087403,171.31920774538384
35.71961185697232,0.6739241410556306,-3.3375127969600156,0.45920522947023,-0.06952662493682248,214.9148534835058,209.0692681204701
33.517317958379486,0.45518360776957945,-1.8880617213020807,0.47639514787816784,-0.05809139470683137,233.9630165541759,208.12630991288705
2.9184393605700416,-0.9572913113073254,2.118064624816107,-0.8034724135855665,0.13370721647648157,131.3094038272638,179.03301379183853
-63.96755415850407,0.14062275725161025,-6.761154560375584,1.0170962178005758,-0.11673050641537966,95.15800125694672,105.93584606462593
-28.689178059989725,-1.0814930446937905,-3.8187712503121607,0.979590941274166,-0.11352336151566618,130.7101341655729,142.9001915396316
49.57882344800581,-0.23670514011242313,12.722227544046293,0.10134238261406985,-0.09713448847723612,277.3987448878192,237.69212006094534
80.36633481530993,1.349207496581436,5.117511119850871,0.25761436814077737,0.07331549742887315,245.7453267731388,262.78754961218067
-141.42732674932938,-3.39302117305359,3.1854322991808357,1.023347097221644,-0.03590133996343619,69.71501823913223,34.976096448924864
19.50750959084967,1.144592077500284,5.952464469312562,-0.3096529393211709,0.09479462918614856,278.6027376787269,202.0132741423962
38.33838788968928,0.10060572669324233,8.154214121476098,0.26855340712764686,0.07821017322566637,251.1225819695474,222.56353763308073
-69.46323223085899,-0.6385227541443393,3.4783347043780846,-0.7784688959012934,0.015161772801412194,92.97238010099242,108.23683891114368
-23.126737716603674,-0.6223662491158516,-1.028902392860148,0.5170258641151118,-0.10615867767281456,167.77806362592315,151.2564271427314
-99.79267182683559,-1.558546242524056,-9.081501102274789,1.063977813458588,-0.13146559750579742,78.85365923898624,66.12335935918713
-34.89396432489949,-0.22139917043646734,-4.750395297594189,0.8233189557474585,-0.11328459387778939,115.18262494800165,136.4678418838083
-23.807024847396296,-0.40903552031339,-10.623385671641413,-1.4066822777186576,0.05435901722085465,94.47259586042024,139.43179701501987
-63.17136715263196,-0.9171326628772115,3.895231739978112,0.7029895268918938,-0.09523775507126517,136.79176859607966,116.03805001115836
35.544259743487956,0.8815097352452538,-1.7428350468140508,0.6326671334048753,0.13953576695793973,198.31762001486615,211.0787036471508
-14.739672081141272,1.5563542678635918,7.847451595969732,0.9952181398268367,0.004503522391487267,139.9070641810036,171.28742175977916
44.47072524163135,-0.2913385141609277,10.151125427203285,0.5514057009309874,-0.07557215555326949,185.3406643808832,230.4299120149202
13.196224229617679,0.3577779436639195,6.049951225665702,0.17791565552215652,0.004361632717612015,221.37338104302088,195.40979700205588
7.5225442813225865,1.446421828586573,9.25183339328205,0.3841946764174104,0.1228709593126618,215.90336644915016,194.3514314537901
-21.967064356141865,0.8810899255192368,-2.1583870398595706,-0.7784688959012934,0.023546874009126903,162.06299593901727,151.62428282249445
43.99847587622681,0.9418041988612321,4.170008128571658,0.22635997103543584,0.04031530419528277,270.7016303683485,225.0005297937592
45.13144390047451,0.3060803027150523,2.0689219427872008,-0.009610727109892477,-0.08806979282016567,248.27100855995715,223.03233194091547
17.61156187771607,-0.509675203735867,8.80488962348995,0.6279789738390741,-0.08856025659810338,170.58073390425525,202.06976132957993
-27.37289261513277,-0.5431298693182789,10.675622353409928,0.5982872965889997,-0.1002786123827886,149.3871319411463,158.8811748680339
-26.205381035430637,-0.703378644802524,-5.549204030808757,0.667046970220751,-0.12116352946086428,149.7061078850529,143.71148604458674
46.8095871651203,0.7403988290251784,5.304150249613004,-0.7112719421248092,-0.012363237012100093,193.3560921227345,227.75406737949032
46.483453585691954,1.396201992261478,-2.144355632699312,-0.028363365373097377,-0.012179299407723854,299.90436698416534,221.31832359534206
-69.15179892175988,0.4259639960866113,-2.967308503724247,1.063977813458588,-0.13146559750579742,96.73016275568142,104.86293510142406
-43.494378874108115,-0.427239445347843,6.701567043640805,0.7592474416815084,-0.10170691257706009,138.29712527454635,139.06105556815808
6.505228523638373,1.3136939250033235,-7.931951025209115,0.0013283118769770493,-0.10580122592366012,240.6956761396385,175.40606482425468
4.949851026888496,1.0244599352999153,-4.30646742043717,0.36231659844367137,-0.0951799645962212,181.66354375295148,177.5585464904675
50.8801807041115,0.9602219959485718,3.0997101322321643,-0.03617696464943275,-0.02356441297140093,269.3074924283394,230.50393776954013
58.99251371413672,2.864002754785056,8.04865027316286,-0.028363365373097377,0.12760152581623216,271.8165379279431,245.62797121739658
65.44512616575466,1.8504624746938203,-1.2689831524142037,0.03727086854811978,0.019131353324795645,273.7848079716501,241.706574024776
-67.355157605965,-1.190429648308298,-3.6550317934203043,0.8655123918396695,-0.1001449888877263,129.06012616857498,104.18831467012714
48.39340136721804,1.179308863234151,5.683448596709401,-0.28464942163689766,-0.12116352946086428,255.08204200949763,230.47391219093265
-51.66657019548552,-1.55793496262911,-9.70999068252249,0.9123939874976817,-0.10058095811015662,126.17031448943328,113.5008835036192
14.07371585388349,1.4611842302573608,-9.236146207808773,0.5467175413651862,-0.13146559750579742,215.52016042797143,182.33757213506027
-49.872961720667114,-1.577811032177682,5.080716723365272,-1.273851090020956,0.046931564514125744,103.63916148703184,128.02659075988245
43.342505137529216,-0.4767692441592852,-0.8205854788330053,0.12478318044307597,-0.08559450322680488,289.3631936562542,217.70790540662193
58.41218655936582,1.0224101526828158,15.38454508829635,0.018518230284914873,-0.1129709050827562,286.1184549319918,250.34825544041593
35.55302725787998,1.1592748528198815,-3.4688314677053125,-0.29246302091323306,-0.10595668264406023,249.7592530675549,208.46861725430603
42.026257864657126,1.134775527938878,-1.2308699590115384,-0.012736166820426626,-0.05563562273740046,228.8553882879676,217.4853579588954
93.03117521312986,2.1929700148724476,6.293643859540387,0.354502999167336,-0.08523801894631439,234.2328761758091,277.41062038263254
4.443531768893696,0.0679959194879934,6.871547397699853,0.584222817891596,-0.028398897204076522,185.0626969550648,187.5624653216379
61.29803430574217,0.3946227742330684,4.432716121031522,-0.5471863573217662,0.0048287267362269685,244.09578982348685,241.20658188529
-23.98661515391507,0.41015141982277936,2.270279159149762,-0.9863106366518144,0.21323018168350832,138.79529311680625,153.54430128495795
-0.5064008791664912,0.647603795595928,-2.0732775433431168,0.25136348871970904,-0.0887925481144937,209.83863287570583,173.8540626285603
21.754926339220752,2.107261408908248,6.963048487794023,-0.06743136175477425,0.08826159524012661,239.76416402324253,206.46963278427717
80.09160410912072,1.514968617945228,-3.1728729012092347,-0.33465645700544405,0.06512202637057257,258.70085261013554,253.78773171009067
-74.02429179523254,-1.3475691324401298,2.8735952397959887,-1.2629120510340865,0.3082284548555875,90.09473387997242,102.17061703081359
19.42277548213627,1.0060210351004268,3.823356857816437,0.10759326203513815,-0.10580910543530637,224.4375410391352,199.87750384652173
27.74040797883236,0.9229121194421712,10.433751020001038,0.5185885839703789,0.163092773263596,202.23301379728375,215.40231879037833
-88.83277348152929,-1.1147556518841597,-3.9354398645627886,-1.6285884971665823,-0.04554853569065046,95.0781718670413,80.06646028403529
-10.066209695276692,0.7133350151744536,-6.413253149724721,0.7326812041419681,0.018246931195129042,146.47074716253942,160.60836662037892
-0.28275826802653214,-0.37584110641545815,13.459283340946344,0.687362328339223,-0.13146559750579742,179.03641188845432,188.98014701220654
57.314955665556674,0.7064393249405018,7.39440629169853,0.07477614507452958,0.08619895322611472,254.19091657573375,241.20034269536518
37.32292155748149,-0.21335304766272267,8.940283382215343,0.0982169429035357,-0.0992177535672816,301.8436293171883,221.67241739623915
47.91608306498983,0.40067538437782363,5.019915496163569,0.0075791912980453496,-0.0466971667545251,232.14801232456747,228.92112228494352
103.20728961161691,2.5988579254210684,-2.985419058957189,-0.15025551408392923,-0.030815022187618103,278.47939474229514,278.2632242566781
73.9899141963313,2.231273613068036,-5.152094904630097,0.4013845948253483,-0.07116364052995089,237.49614141284,247.0228801739334
75.67112265310493,1.2876900659579447,12.526617326472449,-0.07368224117584254,-0.10578412073381745,291.1080682900901,264.92952999849444
40.68196628969433,1.7086652039570458,-4.017755381024926,0.12478318044307597,-0.08634751597315315,249.94845978970704,214.03487809196514
-51.68547213211722,-0.8544831084821078,-9.126406430388071,0.8702005514054707,-0.09489562628896409,117.41911511226442,114.7325095689979
-39.57619465639785,-0.7563983146165371,-4.337543347621385,1.0452251751953832,-0.13146559750579742,150.61815366440072,131.8671895739226
68.42103071862404,0.560977463151604,11.299480538779482,-0.11743839712332065,-0.10583803613016478,271.42041021130126,255.68177860217043
19.921940262738683,-0.4430892559607155,20.045867527838418,0.07008798550872834,-0.06808961015473847,242.44652579409328,215.1502832248391
-48.05637408361112,-1.2536663952159603,-3.1973780851316516,0.9014549485108122,-0.028281321646647723,144.27974329829277,123.98932137777422
57.21738472523564,0.8263403575646955,9.564408443182232,-0.39716525121612706,-0.0387458326796511,264.0004971225219,242.79578875695557
45.859316160513416,0.6798278683986331,4.073700335213233,0.4685815486018325,-0.10585522258815286,216.470208871412,226.59913700500778
43.35466967320901,1.3757756940226977,-1.8552214679691852,0.3294994814830628,0.0792601634067694,207.5224012870284,218.90754985902112
11.040941974616016,1.9949762661432788,7.1140105136434,-0.7300245803880141,0.014008954663343702,185.13740270422517,195.0574794435468
40.78390762660325,1.1904608299820134,-1.403182423945581,-0.2393305458341525,-0.08763310676123426,209.08667202873283,215.8677886949131
74.75163334393064,1.3292792032367402,-1.2578400380812806,-0.37841261295292217,0.023914627760301902,246.9518550230452,250.09214083876225
-7.194192047254058,1.3079125167052539,7.680408286842456,0.7014268070366266,0.2635522593727246,179.41115861821962,178.38267413757177
20.273013735701817,0.6125233511274932,6.005859827209146,0.38106923670687626,-0.07792562371183674,210.944803888149,202.8181068419023
37.721973918812076,1.322025830723216,4.006073673518314,-0.1393164750970597,-0.09709591311720277,263.4345121304659,218.4372273497081
14.550181349566856,-0.5381908579748703,-1.9841926426008067,-0.5237455594927601,-0.10170736351886135,204.48413476511752,187.0259112408483
74.35287264019183,1.7466376627559859,-3.075393284074073,-0.1643199927813329,-0.10581182372994544,241.3579865667578,248.3775515172312
-111.1421690802543,-2.0360170654575347,2.251161786867558,-1.1925896575470682,-0.02588087023060105,78.2244501334445,63.47807142824681
12.767320481134398,-0.5468503871420928,-7.4477044358238285,0.8358207145895951,-0.04565371248759963,125.76867713689266,181.18649897513922
-97.58379656354468,-2.6430610552788627,-4.706607640642278,1.0092826185242405,-0.08152551751331735,95.14337861794534,71.61785815641389
57.35894935006013,1.6782865648744654,-7.55826180079881,-0.4893657226768845,0.06755414730212311,245.2308727412477,226.68072885362977
-32.72545032108086,-1.4721587111506635,-6.51787045594537,0.8280071153132598,-0.013259986736194227,100.03020062869489,135.72283395526895
-5.462844201262168,-1.1169836100993396,-0.5928030571459728,-1.8551828761803082,0.19557877296500606,125.74831554651448,166.79133134314603
6.0984323737603985,-0.2065932331707217,8.996356794464422,-0.6128205912429834,0.011988059423277408,177.29119890867494,189.91092971810315
81.22090981888047,1.9112029243623354,13.790671405895376,0.19041741436429313,-0.02806409538672646,226.96409095197535,272.7087037829845
-68.19747219379869,-0.6410358638470646,-12.840551412669502,1.063977813458588,-0.13146559750579742,91.74836799644991,94.87701906050634
30.97923933815164,1.0154901410072583,-4.097785880571679,-0.5846916338481761,-0.13146559750579742,162.70474430574984,202.80435268210204
-101.44859534306501,-1.974076021189622,-13.186369404617219,-1.2566611716130183,0.15263454271461838,44.49893876908727,57.91049891709852
-8.31482746158664,0.35782137482384735,-6.924039873007152,0.9592755831556941,-0.02551380889681247,136.64108314909623,161.6762821293577
37.31339219242191,-0.1978984054311769,1.2900618849302004,0.27011612698291393,-0.12116352946086428,231.4808897951708,214.1780745843118
-65.27728601108497,-2.9062506703500017,-9.489572420235781,1.063977813458588,-0.13146559750579742,84.39325849997553,98.88296942915082
-62.71380461114513,-2.2408141535113653,8.851928618251092,-1.0566330301388327,-0.08006281107864134,79.37418075336302,118.3841803272459
30.662551888432702,-0.4814622186668989,9.194417004148127,0.3279367616277957,-0.09685640285729837,211.86887584599955,215.23015334755326
-1.157760194415884,1.272472839509323,7.455210048847993,-0.10962479784698527,-0.07027366870602512,226.8495031037577,183.0135905422572
-31.331592917601544,-1.1028321783773367,4.81267690350601,1.063977813458588,-0.13146559750579742,137.81880631013755,148.9343303383487
-132.37703682939025,-1.447465574779623,-12.05625335272087,-1.7161008090615386,0.348465803012959,34.30219606499133,28.375175551929445
23.80453350652038,1.046555104092686,-2.0868791711529604,-0.20495070901827686,-0.11086685683456411,227.2358437193732,198.07195818847606
84.8573960134692,2.131039064960022,9.307763073168301,0.3513775594568018,-0.03938671508219358,199.78051239485885,272.2317553108409
-34.02269332550064,-0.7037038730080771,-17.995397971368437,0.8905159095239428,-0.06870674884697989,136.81694449916955,123.7235803056686
21.16093315757912,0.6988631737186662,8.260465079308512,-0.1643199927813329,0.17392121600404592,261.0972483048828,205.75342894869783
41.407629662837735,1.2745002747302816,13.58788780776266,0.3029332439435225,-0.0722643392835676,226.50705929476692,232.12425296485935
-26.186626964486745,-0.5062424269391351,-7.783400723608785,-0.6581394670457286,-0.06502723359125405,170.0000015028538,140.42412949919716
-44.70880874050987,-2.141266972571621,-2.5821642601873602,1.0514760546164514,0.12873191965175512,116.46123350188066,127.37153431586813
55.63821797868478,1.3847114704622947,1.878070153999773,0.05289806710079052,0.06050667704384328,238.10286648778745,234.63797066216028
24.976356366978024,0.00588966904068835,4.216394644780185,-0.04242784407050105,-0.0031374569960043053,272.0455442318601,204.77664169460115
-125.57095902785902,-2.827719421365853,-14.576711305987258,1.060852373748054,-0.0943440826695329,72.57061179894933,33.61468485073517
72.68688991183143,2.2621354165479803,2.0449886538765902,-0.011173446965159551,-0.11667232048257327,273.4039877608632,252.48973452967704
14.125706145328483,0.8295579435770898,1.8898970643262767,0.6607960907996827,-0.08775758980666808,149.71160033909973,193.0417659690936
-32.30658391225108,-0.6568997056033052,-0.8427314729193848,1.063977813458588,-0.13146559750579742,133.5639793216996,142.74986344004782
-128.19033101149162,-3.14260340045969,-6.963355358945445,-1.4504384336661356,0.09358199925913482,56.02127476510681,35.97042010956504
-53.01477967588642,-1.1403860061420183,-9.820181353825033,1.042099735484849,-0.050843044245848124,96.06323958675044,112.63947597025432
25.88978573678941,0.5085272486021285,8.796911594692721,-0.0393024043599669,-0.0779732778337197,239.45144758023085,210.70151521275938
-0.9720705482005069,0.26335223483884546,9.865374242744307,0.6342298532601425,0.04004323925376492,190.9021137556966,185.45449533676538
-13.453006822590345,-0.41896728180625764,-19.362293041976177,-0.8362895305461752,0.20216149208316864,106.76718798066528,141.755171130033
-6.567067698144897,0.7069631555648226,5.662468860857318,0.8014408777737194,-0.10026526916935737,160.1279346816553,176.12710624175043
67.6924904848966,0.8133069239217866,-6.969565902586877,0.012267350863846574,0.1364567546847933,271.0563151036494,237.30852192664884
-25.32881593412651,-1.2474515476776378,-2.1168444861403706,1.0045944589584392,0.03073219854516427,125.33569110735624,147.9657810044279
-12.558607743574406,0.12687108466465835,-3.5352180087299447,-0.7315873002432811,-0.053528747631388235,143.1589353197462,158.87149559935443
27.47712725966024,1.776901570422497,16.009753897463487,-0.4315450880320027,-0.0698410852854798,230.09165861881252,220.38596286909757
-0.8748639748516344,0.26357118178455374,9.794745277551465,-1.126955423625851,0.12321371705223694,148.8397734745092,183.80327709277952
34.16317732908578,1.1159260337861283,-5.132471487052453,0.015392790574380723,-0.04707328213621603,242.11278388397503,205.73851769912648
-56.98586220541272,-0.7530563485745285,-8.62907176154822,-1.994264943299078,0.2737230509182427,86.65366503827138,107.53503410695245
16.134153614232204,0.07313972943800352,16.255788706426273,-0.29871390033430134,-0.07803767706411886,233.3345188386414,207.70989678756678
-9.660013537901772,0.38016101856371964,-7.356035712752009,0.5920364171679314,-0.11656711549665472,148.01183692065985,159.46314738445002
1.617839473361858,-0.38367180642964266,12.731622648943173,-0.45498588586100885,0.0442354065345622,193.2696159000908,189.17860615141774
50.66681155244812,0.1283420286050455,11.490447422855967,0.6217280944180058,-0.13146559750579742,182.9047407806179,238.3994298156901
-81.17385148539839,-2.4698553193712613,3.2750820266622993,-0.9378663211385351,0.12220101940955867,125.51729855556042,94.43927623503245
-121.69651183032379,-3.099240507820611,-14.34317104638458,-1.0941383066652426,0.06234719009479427,46.83729403143237,35.45285181376936
-66.21797352481504,-1.6477944533553337,-8.535354068809822,-1.7098499296404703,0.07709644861058582,95.07627956340632,97.58969078685874
-36.403662572066025,0.7613371466180903,-8.95768042108762,-1.1316435831916523,-0.02155739625501694,96.71223766042844,129.87035948888658
78.58985064527239,2.466461630773564,0.6725178046339189,0.1419730988510138,-0.09574574813554902,274.4391475614281,257.39862374626415
-31.253811047696797,-0.6584779644646312,-4.433016393779264,-0.897235604901591,0.11289157499197607,116.41143914539974,138.49391687901849
-54.4776228543059,-0.7462180473915813,-0.23015624350168756,1.063977813458588,-0.13146559750579742,163.02769761506744,121.1020813856224
-78.40777370463331,-0.6405921386267648,1.0737059743409285,-2.0302074999702207,0.15730262863886532,56.53776445864702,95.7760015746183
94.86855588884919,2.1021954598260444,2.7062744145673925,-0.02367520580729615,-0.11086685683430084,279.1441351358177,275.1660500154698
2.1339084818819734,-0.789865561048116,-2.0583512475792474,0.6514197716680803,0.27782434478644386,137.26114255055788,175.83850210457794
69.2623859289942,3.7086531254814075,1.0900130892124456,-0.21588974800514638,0.2550876683969495,254.9613632192324,249.7238163789487
-15.464464280693687,0.32061697545456513,-3.2051529693039993,0.47639514787816784,-0.07104861405774632,169.59203043889968,157.6799125741461
32.41452187056554,1.1937496461037396,8.326665471968363,0.4545170699044288,-0.11350493863946037,233.92584407434555,217.8995154347714
25.48769342099883,-0.25648469467300483,1.52063183017741,0.23261085045650415,-0.04678738249129783,240.256243985787,202.56123033933721
80.88262370867103,1.593197854198545,7.3060569354532445,-0.017424326386227852,0.009333081129990269,297.32315546095265,265.39735356793534
51.62718193983618,0.851269322152939,3.7387044686564566,-0.4831148432558162,-0.11282661672328094,206.14857033993215,231.24478058553524
21.676080290843206,-0.5323583832525006,4.627770515097405,0.30137052408825543,-0.055950583035587045,189.7733458420342,201.64047867860955
16.829929323981013,0.2961312769364021,-2.3252863638511547,0.3732556374305409,-0.09703894357989544,196.84579670312337,190.70055724578572
-24.02361810489334,-0.39453234475912885,-6.722415950089504,0.8498851932869987,-0.044224217376172374,120.85294918799686,145.28866089103767
43.32070055372324,-0.24004602307670223,2.1209794786274387,0.8576987925633341,-0.07057966482768031,164.06165626414503,221.61231945187842
-25.842885273206605,-0.6622533775961849,5.040674480690174,-1.5035709087452163,0.1474005563338823,153.37094239604193,152.80293179234485
38.68144808906172,0.8399807464994582,-13.321989034019714,-0.42998236817673563,0.06208969002944239,215.63811327757944,201.4551134382629
59.86659732420774,0.8481767591528211,17.80663526824157,0.12790862015361013,-0.09534994595311667,260.75353100481334,254.1775343406714
-28.24429995370413,0.5047748542361772,-0.3154291961621869,0.5982872965889997,-0.13146559750579742,205.55843187925024,148.03543371832185
-4.004020733706262,-1.0993564079087281,1.896369646637283,-0.7972215341644983,-0.06854959125623142,120.09064161495589,171.55078769447036
-36.19544764058908,-0.6496130336991006,1.8175029195912507,-1.189464217836534,-0.0809433539483079,92.00954403978312,139.325600988387
57.49702363823574,1.5572120801186438,12.741526413044754,0.35294027931206895,0.0044428079171946735,238.31867379621448,247.77671153349723
-5.162429466349641,-0.04263341351171937,6.577668604765766,-0.8128487327171691,-0.035005592997678,154.7820228005782,176.14831771405835
51.244316883065636,0.3578909274460618,-2.63274412729135,0.27792972625924933,-0.004494697439740314,232.0102924054745,224.86646502690866
8.38071099675034,0.12077391017106204,2.0101603539027417,-0.5128065205058906,0.1897756858429551,178.4234287135253,185.81218074102998
32.438817709285665,1.6270177880052084,0.7633804792734419,0.3857573962726775,0.13744654977205106,218.23505604514315,210.97598623747785
-11.737762036397498,0.7069200747956074,-4.007315184682429,0.6342298532601425,-0.09719091359017779,185.21857361413484,161.12244810825442
52.86176531491733,0.47797606814934684,7.295016096690629,0.09352878333773447,0.1604370612130255,237.6015803645388,236.51228963917686
-48.225850182516766,-0.036173272584493175,0.18302248257111073,-0.9738088778096777,0.16866482218168447,123.6952348110186,126.73942128671067
77.38406587593701,0.9694000982452905,13.080261520208703,0.22167181146963463,0.0033836965327489386,294.51534625717244,267.2823493172622
72.47455645137008,1.2945549451178195,13.039614819818118,0.39513371540427994,-0.10008396966640963,225.82372224125396,262.7273422769126
-56.032104437469656,-1.4725197941685415,-1.2804659547104014,1.0436624553401161,-0.13146559750579742,122.07883390610816,117.75067298635449
-108.55569920115266,-3.4465808748063083,-6.967809043496998,-2.103655333167773,-0.009350798986421972,54.252403685358274,54.54047106325859
9.06220934433123,-0.25172415688853794,11.455013709791077,0.12790862015361013,-0.08755953909833057,239.03121824098704,195.92941429315778
-14.939894652653587,-0.10560643215652303,-14.59672320610302,0.7529965622604401,0.026173111579645383,138.01703717391078,146.76051169779572
51.27581656383619,1.6530311835329567,4.549175451452459,0.0357081486928527,-0.11338738633095698,237.7674551275001,233.02391027605233
32.432097340281175,-0.03852619082769969,10.42591051152976,0.024769109705983176,-0.05344267851548389,228.89264590881132,218.41437440704254
18.920151228257556,1.0176154088550917,-1.7342028116413832,-0.04242784407050105,-0.03918548697186314,220.80955477489067,193.74551680929767
-26.575836161300412,-1.510107253648423,-5.011055645805811,1.063977813458588,-0.13146559750579742,100.15751982072376,143.45907947006694
49.581019879946695,0.0595235994483471,3.545777993647624,-0.4206060490451332,-0.11361195907219007,241.00460954089564,228.27566977979416
30.95236258093473,0.03797219182260711,8.38538270146994,0.11540686131147353,-0.0863999066743506,269.29872202786146,215.02829074373318
38.021131405588626,0.8668493179547107,-1.5802962048063998,0.45920522947023,-0.09447896244482236,218.54886092973817,213.29597710063115
-9.054480041058257,0.761593844005721,9.755621797892173,0.7858136792210487,0.0068267354294122146,163.32501365894063,177.87894233035888
-27.210290788923867,0.26654666034217617,3.3001578889464813,0.7795627997999804,0.1538371040559235,120.06778927359711,152.91337997908948
43.09522365262675,2.0289292276193405,-1.5488465206448065,0.15291213783788332,-0.03879321041249294,233.32713337088896,219.31299160189548
-16.0686669466516,0.49019909496507313,5.221395066618756,-0.8175368922829702,0.2675507808740909,139.2734256694166,164.71650741839215
30.67403005651689,1.570571739519681,7.4590135470821535,0.006016471442778274,-0.08813349443505598,237.33808171416493,215.24506463499517
58.015144262644775,0.5938658196480497,0.19422016086166283,0.3294994814830628,-0.015617148731900232,231.913678042678,234.7406788907744
68.71861974875084,0.5759431654623196,0.15850039915084083,0.049772627390256376,0.076033257571341,241.5580924098633,245.20243551319436
121.94957889877492,2.9019813352830055,-1.0151591871200811,0.13103405986414426,0.08767892261029643,280.370143352262,299.6786803442811
-97.17474993628494,-0.9699310835318139,0.15846207815038313,0.8608242322738683,-0.06301837563943453,107.1290603969806,78.43515322983683
48.80990537355445,0.8372995314906974,15.93835433543581,0.10915598189040522,-0.01895965322846448,268.4498267216911,241.2993218840117
81.57962161612336,2.3695731386933754,0.6564354132924562,-0.05336688305737058,-0.049730952560424535,301.8070828654857,260.1260986473602
-70.58618718013015,-0.7984164094713395,1.540891815244804,0.7842509593657816,-0.11346227195307695,110.395235500527,106.45064322792481
58.5701963913584,1.6464034570117527,8.930975790876062,0.0357081486928527,0.20995690138673867,244.95131171074647,245.01680700419462
-10.662034625300137,0.5726168946617011,0.01185024626691103,-0.6518885876246603,0.07413002736782894,156.3165349149489,164.96824027024044
13.034812874632276,0.2608738507370554,3.568429571840996,-0.07368224117584254,-0.08086033600794885,232.9295587095029,192.33314003489534
22.105965490339376,-0.014388686172085868,0.38969207993499444,-0.5706271551507724,0.14920914201255236,198.02482327141337,197.68341718583287
16.128904123282673,-0.002617022405246206,3.148697822670581,0.14666125841681502,0.04008420863347113,263.5451493647711,195.0852967054671
40.22606049432786,0.31363259267091403,1.9567816350898883,-0.18619807075507194,0.1976569105780973,234.6219131169323,218.13149987678054
7.074422657232023,0.7715199821121201,1.9907335130320505,0.35294027931206895,0.023316926185837188,208.76679076056448,185.8364996727429
-23.582773267829033,-0.563268688858152,-8.596590392197491,0.9436483846030232,-0.13146559750579742,124.168902058293,143.69311675308134
-38.26329613945815,-1.4965608976984495,10.802337534157804,-0.7300245803880141,-0.03875390621850391,168.5008216291107,145.8972683252635
-63.63829928543931,-0.8750845501918437,-6.550965780879659,-1.909878071114656,0.3946849783604425,52.7667545655233,103.04402360560374
77.62186887957827,2.3688065259042346,-3.7342828166753006,0.35294027931206895,-0.12116352946086428,279.11971896794324,252.1117356535272
-64.47558889454278,0.299570224624145,0.745562166326596,1.063977813458588,-0.13146559750579742,99.51848954500797,113.12562202722953
-5.301084227074336,-1.3534542475667826,-3.7149530529030264,0.7670610409578438,-0.08770310198468349,145.79939171609792,165.9334327262978
83.32834301162937,1.1829494306258825,-0.7935462651961912,0.08884062377193325,0.03497205154862756,240.18722836029704,259.4651251672484
6.503713484567139,-0.08955875942337367,-0.38695057198501787,-0.6221969103745859,-0.052539074884354435,174.86366118942806,180.97603448276857
12.610420767074077,-0.025400374921564446,-1.3972459200972311,-0.4893657226768845,0.2733601049786327,184.77763805942269,186.5953351692258
-19.474825960428056,-0.9879840818264553,4.29673681714578,1.063977813458588,-0.13146559750579742,146.0604834662331,160.39000530571283
-53.97275258645514,-1.426484701661446,3.6490178153340223,0.6811114489181547,-0.12116352946086428,112.45845438393332,124.43329476154352
-98.15860034969657,-1.9515672170179457,-0.5884793870463642,-1.4285603556923965,0.013518636492878764,82.68344168273306,73.50987764190842
7.040979748157554,0.19663568306932339,10.709209524334463,-0.664390346466797,0.05970595792724029,189.62215162305367,192.96570688189053
39.35661095396206,-0.2489851317657778,3.177366857390275,-0.050241443346836424,-0.10619677155244585,219.94800501213007,217.75212077955604
16.457451083467642,0.05044645647855821,-12.658163949528157,0.5748464987599936,-0.09710565239395103,190.4028141254094,179.9510407516529
-12.36027606865003,-0.6499242851557293,-6.140796952096967,0.9280211860503526,-0.03823964836906795,152.95273600137608,157.36235054664735
-38.48817284866201,-0.757514317724966,-2.1469482400365067,-0.8597303283751813,-0.013137213512920418,145.6807259348701,133.3580633665572
-50.88118560176504,-0.8732462539581034,-0.07105486481680921,-0.9003610446121252,-0.04792524780589582,132.03749206003226,122.84979330191081
79.29508656103792,0.6568280422519883,4.1318235090422135,0.034145428837585624,-0.11086685683430084,257.93846998863506,259.6305829992042
42.53282918822254,0.7277555669346293,2.101268673552118,0.006016471442778274,-0.11304652820299184,252.58203967319432,220.87838968681785
6.172392566354247,-0.45258683080793716,4.039376384820144,0.0919660634824674,-0.08597814852805406,270.1768330330892,185.38873635018962
48.012179129808935,0.9233395948665186,10.009720393597462,0.1419730988510138,-0.07775462815201857,229.9073048516268,234.6330239038407
-7.969980008823408,0.6414842489939975,7.842203182417146,0.5889109774573973,-0.013857091818367308,184.29950068213003,176.71232762309552
-23.551226688916614,-0.6636389023026467,0.7817313912290266,0.9686519022872965,-0.06389466913110255,106.68855228941614,153.09518934803472
35.06094368122253,0.15794948030974323,-1.3970252757360324,0.3169977226409262,0.059965064895486274,213.2536413598728,209.82239698820143
-59.96479415591985,-0.6044523932257102,0.17579390846928666,-1.0769483882573048,-0.02576445950844167,80.97561523167569,114.12740082642676
59.96532315993046,0.42348056901652503,8.912595430363957,0.13415949957467843,0.042430599749139944,269.0976935186288,245.1015555735035
-4.124893999204464,0.12423368243498632,10.810053879029029,0.25761436814077737,-0.03938671508219358,222.43606177083944,182.65118753018692
-38.77370535801334,-1.013157569477094,9.415397419383797,0.7483084026946389,-0.11339794891520492,173.6871020145068,145.8870112605416
-40.922621111496,0.06537888198321655,5.507544519264286,0.810817196905322,-0.06375943273201932,135.8520115274568,141.0209263687936
48.94779663301656,0.1800611827368263,3.524128128926639,-0.5315591587690955,0.1268814804645776,199.12151353097505,227.87087458124427
36.19597849661004,-0.9572152444266281,2.5023717985818004,0.32637404177252866,-0.008484644588222068,198.7598058018473,213.68259076281834
-2.244922312309888,-0.10858056496051917,-5.642221715997422,-0.4331078078872698,0.018882510919973974,192.9208369567773,167.21361642463364
7.8230717861174135,-0.050814943057301484,5.0793238189700745,0.24354988944337366,-0.09712443197647005,252.92201863096352,188.62157243436582
74.31973300394606,1.2019632432902088,-4.215076866060417,-0.09399759929431453,0.16203866993493998,256.389047659975,246.99822676668526
-62.29106191591941,-0.5771211723476884,0.26518507400704383,-1.5442016249821602,0.15263757684790402,85.677088378265,111.62900425247449
44.949683457034126,1.450619049330739,7.2683208438945615,0.09040334362720033,-0.07063087807172581,272.0567052105156,229.31196213068375
-0.8468415101887137,-1.0626099758113512,-3.6297570842090723,0.8295698351685268,-0.09715326653456824,146.72163120856297,170.81677431329362
87.33764650436564,1.3476272600541366,5.745657749392408,0.2748042865487152,-0.04386673059289856,225.7066219231928,270.28543538463686
57.53100707495113,1.233072513339051,8.64524978166613,0.1419730988510138,-0.11086685683456411,323.8551245552507,243.0640019268415
104.10272358205715,1.3915258427810326,5.396570412868097,-0.06274320218897303,-0.01827305035462928,338.0589433902394,286.4333699000315
63.26123604253827,1.697634904368919,8.49494572516051,-0.187760790610339,-0.0709558940206457,263.8109372090075,248.81866630230547
-2.0861146974828597,-0.20023541894460878,-2.9224176159578574,-0.5909425132692444,0.06716350980554238,151.51390656185697,169.89101957901977
-82.18318104026024,-1.600998507613696,-0.3146036790098839,-0.7659671370591568,-0.106216822876959,131.77288693888894,90.65259912804882
29.878772919889965,0.339445069159802,12.959121184581113,0.771749200523645,-0.10581216331866475,157.36394437884016,219.46684252570464
-87.50367959918565,-2.10181560761348,-0.9466320007472463,0.9202075867740171,-0.0420681320000884,106.61471887683656,85.94957856209632
59.32366233823908,1.495249105883319,13.533907871774524,0.25605164828551025,-0.06813076439175302,235.3905818240693,250.16430651465942
-94.14890762659437,-1.7863635752469498,8.22660396952939,0.9592755831556941,-0.03805988670459221,66.3227158308409,88.83611477900794
-7.744429046773663,0.48299467088122894,-4.326624464495214,0.7389320835630364,-0.09546253323124378,159.2585903333295,164.67897702481295
116.45650808133567,0.8843480673718866,15.067350228256272,0.06852526565346127,-0.0464015796776762,287.37594979820415,308.05389637780837
-149.24671483363232,-2.874394712266173,-17.692197939745,-1.7911113621143582,-0.025173359750715153,50.759671979831495,3.9939741073602306
50.967878428403196,0.5346804479915382,12.838838128930346,0.08102702449559787,-0.12116352946086428,247.81932746294984,239.92482681522864
-12.261909680989945,0.9187898849276644,-2.5314641221309064,0.5779719384705277,-0.024929060469072794,169.28997025357108,162.30202527467705
-148.8046969938448,-2.8542455860328717,-12.708839849839597,1.063977813458588,-0.13146559750579742,43.23213055191397,12.1882961011043
3.862162429088639,0.32599725633089255,16.532989468248953,0.3795065168516092,0.10131547532418299,204.8897130850005,196.82553746071306
24.239763141543595,-0.03634857773262441,5.100775828127043,-0.1268147162549231,-0.10577896836293882,243.02437539167627,204.69516302218892
-72.4590387566389,-1.8841458013927488,-4.0656258039566175,0.856136072708067,-0.034696755707533965,94.91059759544936,98.03619526988103
-85.34825637160037,-1.5162450823501632,-12.852745087614906,-0.9128628034542619,0.12876076107708606,108.33858660113462,75.12221773092617
51.88939645914756,1.3516455541287213,-1.8875332123758537,-0.06118048233370595,0.13799752539531596,265.88356205431097,227.05389215883088
-18.28884796540269,-0.4025593875685146,2.997758955772691,0.5467175413651862,-0.13146559750579742,192.94341005413256,160.34516986152966
-65.4970980171125,-1.2697096449070584,2.506209813246228,1.063977813458588,-0.13146559750579742,113.47622957174522,112.29548068204824
60.647498297338245,2.191942548970033,14.84258957257622,-0.19869982959720855,-0.11588911789081043,237.3960139165113,252.9910077862653
-13.473579113171963,-1.2324058691787698,-8.106726379933233,0.6482943319575462,0.051115227254050315,144.1127353965384,153.5102645117964
-3.104080971461369,-0.6308589367676637,10.317149299758542,0.5560938604967887,-0.09725314178020855,186.1956078378249,182.6646164251149
49.09791954126432,0.36494912874886226,-2.545779123085812,-0.1268147162549231,-0.13146559750579742,247.42493532132275,222.28237554803542
46.03003609579856,0.7312832323590063,8.902567520297065,-0.03148880508363153,-0.06392415009390136,285.90970526608504,231.19204020814584
36.793047104267025,1.0347455389867701,-6.715678084207372,0.6623588106549497,-0.08776709970877832,191.20959090634813,207.31027258486142
43.77176980054782,0.8482287186605737,-3.291322210515957,-0.29402574076850013,-0.0627854561309017,228.75192071365828,216.59543142666183
9.29209758452073,-0.25484522974037155,-0.5160865423958295,-0.3940398115055929,-0.006032717162895806,184.0276198378289,183.74465959858486
67.87984008726245,2.0052639379151636,12.756401760026975,0.36231659844367137,-0.06804202597623048,224.48748731570916,258.5593466725408
20.291826221996896,0.6619535903189625,-2.5654508612421725,0.4248253926543544,-0.0405333773631155,191.559854358599,194.39618728123372
45.64027520621343,-1.0584144144245693,0.6319360111391515,-0.4831148432558162,0.17506874501621728,229.1381432304448,220.5293170195572
-13.525322629899913,-0.5378625505831122,-2.8383606910742407,0.9483365441688245,-0.12116352946086428,135.0442080553999,159.54919345801946
17.473393624617067,0.49182394309600197,-0.7371924684497095,-0.1315028758207243,-0.09031117803466425,230.71832672601408,192.62977736027676
-8.919767116471919,-0.8886443388534633,-0.15619588167690135,1.063977813458588,-0.13146559750579742,131.56027974982365,166.59147119381927
-7.280881884120508,-0.22738719822777517,-0.9167081462295662,-1.4113704372844587,0.14650827013214418,122.7090675168424,165.9337269191386
-40.492988076563265,-1.7702073505977374,-0.19024873575620938,0.8920786293792098,-0.09535533429410158,134.38168039197245,133.9668454470367
-19.56419372593225,0.733102439070269,2.477539817466427,-0.8987983247568582,-0.022040703422807634,147.52314171304636,158.34917581729357
3.647092809345016,-0.5967164985403722,0.3654904844060962,0.47483242802290077,0.18093329630878854,185.5630852723818,179.6951988344112
37.99518562605967,0.4895036709820255,10.258305109615867,-0.2268287869920159,-0.11356883873205306,227.4456558199039,224.0261630958023
30.138395835208687,-0.8896519036088812,-0.4426132855937475,-0.7456517789406848,0.003801442949849677,189.15345689006563,203.68784662488395
34.6149842945586,0.7321191409979712,15.662776019466628,0.2982450843777213,-0.08508924603190694,236.9185965065409,226.8466016082378
22.76647035019583,-0.37883724067980523,0.088216245810593,-0.11900111697858773,0.13098063685804975,255.383975014799,198.11139519007486
-81.54404175606874,-2.164182698848228,-3.158445827187965,-1.6942227310877995,0.04124713244070862,80.20405269404732,87.10392043411679
-47.3311040353863,-0.05047967703625417,-5.523517085665724,-0.980059757230746,0.010524809967411458,139.84892767502973,121.74893056951714
74.93023802464307,1.5767214777509024,5.389804151741227,-0.1143129574127865,-0.12116352946073256,252.5213952776796,257.2848534821304
-81.83408676400407,-1.8335786093345718,-4.342761948323735,-1.2691629304551548,0.22455905948989824,82.0888639027908,86.56853512224114
-18.058981896782942,-0.19972339239133466,5.248906181845758,-0.6050069919666481,-0.11355957801826085,177.09834467067236,161.89520063755535
61.776773573131344,0.34439304959318917,4.668603434748878,0.18885469450902606,-0.04767706121648103,242.3645826312538,242.55451400563476
-100.24332544035174,-1.6395648913268615,-1.135726683561441,0.9686519022872965,-0.07545114107455739,102.98991161625028,73.49815006084145
-10.883783316728973,-0.7907436917354428,-12.236528350070225,-0.5971933926903127,0.20225972703878053,188.4662002378037,151.3175772906826
-90.78156322518387,-1.8469052321016766,-4.336434862535089,-1.248847572336683,-0.031248411474504037,83.49971888844878,77.37856701123698
-50.41991430517883,-0.38394610719708594,-3.0525975473793237,-0.8472285695330447,0.25508814251221834,128.8971886629058,121.17496792809274
96.22109789301109,1.7676693306012858,10.23956508599209,-0.12994015596545724,-0.09729041948063061,306.73838773148924,283.62466804902715
-67.58333921022974,-2.1914767395669443,-5.648403858863503,1.063977813458588,-0.13146559750579742,105.53602786543432,101.13285872216139
60.31598280891925,0.85350097772714,6.799087531286231,0.3107468432198579,-0.08784175051932001,271.5380094648318,243.81504272550188
-35.47763843609561,-1.1036084601159826,2.917185302013985,0.7873763990763157,0.12583098977629548,115.15126952995244,142.87271210952377
-19.52220131945123,-1.707992468086059,5.079181254326217,0.9608383030109611,-0.02897496424580266,134.92856611472803,160.4044171204229
-70.69079137248032,-0.166270258581497,-1.195584067822212,0.8076917571947877,-0.1061109753367023,137.3240952553069,104.27250139784286
41.571416078598475,0.18306067152341837,2.9049912776264306,-0.5675017154402382,-0.05250609200421423,234.4000856916516,219.66302653517266
-32.04796256920644,0.5845445017203033,-4.03202222588171,0.9889672604057684,-0.05577635818395561,101.23969915393086,141.06131692372276
-10.946103179947334,-0.244032543231459,-4.684381422776512,-1.5895205007849054,0.022433230560043493,128.15800942638617,158.18196189868863
43.40238258752786,0.5213426210302149,15.684530921997574,-0.03617696464943275,-0.01782198974005681,245.2723279061733,235.17782349103493
-30.007267832942837,0.4540063530825141,-16.71234070050481,0.9155194272082159,-0.03938671508219358,121.82217615650072,130.23409684662965
69.52398770502525,0.305075374751123,7.59958036287313,-0.19088623032087318,0.021448908627269933,223.6191764751044,252.88277243582468
46.126132169268544,1.2866290187245244,3.1072047052135505,0.049772627390256376,-0.09908571735634421,257.273209401728,226.09421911810927
-29.381375698462584,-0.5028757005725684,7.287037351168427,0.7842509593657816,-0.11669988144065996,135.60529336284932,153.69390334492718
-104.99435238963403,-1.2753063945670187,0.43802879393869987,-1.0019378352044852,0.1322255037922392,90.5642420133862,68.9222239931942
29.24757986010169,0.09540984009597213,4.390195298035432,-0.3080902194659038,0.13199547770013875,192.4240052530056,209.18065657133616
94.62453839393777,0.3570556950231303,4.51765060596451,-0.25652046424209035,-0.019308491614058062,267.8912507207025,274.84698205393806
63.945786987355916,1.9853940923178122,7.058355859321465,-0.03461424479416567,-0.12116352946086428,272.3719595720602,248.45732547960898
-53.84546366637337,0.004551370373653624,12.014914414064531,0.665484250365484,0.1681356242186799,144.11222689479808,134.63118830751776
-5.201185905777284,-0.1265570721087026,-9.68360576689129,0.5685956193389253,-0.10214231709723338,177.43327871023638,161.0786708723332
12.193874152818994,0.05391798960735649,1.0787565074085808,-0.1080620779917182,-0.022661410723383946,240.0788739332561,188.81939147598865
-25.246324590286697,-0.16841363231117087,-5.454336489697601,-0.915988243164796,0.13462824097890197,126.29765536110538,143.9731316003874
2.5940135629968197,0.173171873672198,3.029319747841953,-0.7581535377828214,0.1976035554657668,161.76618342671887,180.85952151706266
-57.88827384678769,-0.5683639936729354,-0.9340465230398234,-1.145708061889056,-0.11676363017113796,112.25216579627904,114.97041025930815
-1.292485613431183,-0.48753929211421465,-1.5573296323024568,-0.8644184879409825,-0.08107577779730218,125.00709121935928,171.34071751128263
-50.27848327249315,-1.1269482496685435,0.05006942123741267,-1.187901497981267,-0.08087847078630853,94.77291023487544,122.9994242451769
-58.667875439272,-0.2787326410180386,-2.9789233966511945,0.8639496719844024,-0.006530231122493979,141.5319605346288,114.55545427878948
-132.7492048294184,-1.6496332052515519,2.428913329216859,-1.4035568380081234,0.01494192945789382,71.7025724619173,42.26502670086549
-7.972287654290912,-0.8781360741744598,-4.915236457978853,0.7014268070366266,-0.018276063190044652,141.06404216671373,162.54105687227113
-32.87104818433989,-0.4002297240773063,5.602911204423044,1.0264725369321783,-0.11670223233958446,110.98128171548215,148.8649699154672
-30.6507972797598,-0.6266960434841774,-1.4999092302669432,0.6842368886286888,-0.11334489927893904,170.43554242240518,143.41705575070762
-83.30848950010228,-1.0304891615129925,1.7939978097643516,1.063977813458588,-0.12116352946086428,94.75577198478496,94.02139974701555
17.35081521076728,-1.1893163383301044,5.360760891183169,-0.14869279422866216,-0.09516930728913606,275.8022236430943,196.90196397697133
-11.021420217689965,-0.1257242532721175,-2.2533264029690536,1.063977813458588,-0.13146559750579742,103.6029128658865,163.15560765689042
9.403538599876168,0.01869886339218451,-1.4138254682866613,0.18260381508795775,-0.08826176449114537,230.3450162297026,183.7263203604473
-24.833578248811097,-0.38308742344561003,8.228903983031952,-0.8644184879409825,0.1723374144822397,139.89189824091517,157.9437235521853
-3.5565697883890324,0.8807590350274004,1.045058483537599,-0.39560253136086,-0.03819559263556018,188.17718160877257,173.55901592104834
-4.0550475759236635,-1.2921407169876444,5.65199628671245,0.3841946764174104,-0.09988856771562014,170.02121554375273,176.21268041737176
-17.379866173492797,-1.148701844156016,9.691648577967124,-0.9066119240331936,-0.06333811212953902,139.5903652379721,165.81669683902436
-85.30142442106904,-1.6745147903046218,1.1079117322936431,0.6764232893523534,-0.03487355009412773,115.09063093999345,90.39708857504698
-28.77002056900454,-1.1588094537687497,13.96609228325475,0.006016471442778274,-0.02803358026297024,239.5708456069199,159.63881146653006
27.13359878304514,0.5028091287565195,13.42526878811126,0.6529824915233473,-0.05359168568211601,188.8210715888599,217.28463382062296
13.417790524584994,0.6646038278496397,16.351968997972165,-0.35653453497918314,-0.04509121051019912,239.4363253254979,205.65630391978618
16.754346580028127,0.1395669099233943,2.4866275160768225,0.3029332439435225,-0.08029983026192539,208.87771545511168,195.22674073457864
-11.538807887881969,-0.04915485855405636,2.3139924994309538,0.8139426366158561,0.03176313974786464,135.692768935985,167.19530184422743
-143.51585165804798,-1.6791313371324528,-10.61872883211397,0.8592615124186013,-0.09974464168953309,93.452053154223,20.569371358303485
-62.63653838883675,-0.25230182857546757,-4.481937032479728,1.0092826185242405,-0.04440849677795057,82.21392462453619,109.21766318672312
54.56732227433379,-0.03495913330163391,4.83397063106218,-0.06899408161004132,-0.09031117803518914,255.35510961727917,234.8305948273179
41.25232735458572,0.3482930080897166,0.07935460517129277,0.6498570518128132,-0.10601921853267479,179.1275584167044,217.84737911599564
-54.97403578087103,0.3809842671736368,2.51604789298319,1.040537015629582,-0.09959583343225631,106.70825840189774,124.48750387635192
-57.65082647596529,-1.3273242659605764,-7.6885751424223745,1.0295979766427124,-0.13146559750579742,106.51593700879484,109.85497280965745
37.632724268170165,0.48707745932828883,3.3144863175499357,-0.37997533280818924,-0.100580958110551,211.00921424752497,216.57729806899846
-34.70028011302523,-0.39746645456739543,6.802543797549787,-1.9411324682199973,0.2501829052587636,82.31681939887774,145.63741398186474
73.6394042889265,0.9254643491839463,7.87691173998976,-0.2877748613474318,0.013329434517269503,261.32806249112747,257.79090126613886
68.41571980550466,1.1283515379221547,3.303306661986022,0.26386524756184565,-0.11291019891285857,263.8630083846376,248.6218993689306
-0.7587543149705722,1.2165251160897574,7.12198118731015,0.7170540055892974,0.07709644861058582,160.73907573866893,183.99746875749798
18.21528874899142,1.1216634500691145,5.6739284099491485,0.20135645335116265,0.06992972439642874,247.9497220801689,200.90573310162608
30.070980597424555,1.4697428443983536,8.96809169850588,0.19041741436429313,-0.039461480101856294,255.11937073027423,216.28333738945997
59.65815919703005,1.1221050430604713,2.1957755558073897,0.4873341868650374,-0.12116352946073256,209.26430686368508,238.965776768171
-87.80971549528033,-2.3880809621933206,-7.957158445992002,-2.0974044537467047,0.13772987459040864,68.11951353762669,75.50893683224686
-95.7304401448074,-1.8577178483641328,-5.472064195047354,1.063977813458588,-0.13146559750579742,96.12671786687584,73.4958563426027
-78.79140570165143,-2.4221401237055225,-8.683162524730585,-1.1816506185601987,-0.05844641435564469,83.91092313936099,84.48676093186543
-54.053748597054465,-0.8818317982442372,-2.4451333927756904,-0.8362895305461752,0.2501712905609657,126.32953898988605,117.65673428680918
67.97019426274406,1.241383649729777,9.587248993226149,-0.2330796664130842,0.0005467383800564301,295.3099038612123,254.18986029253574
91.0550562189902,0.18495309436859353,5.400687879001035,-0.16588271263659998,-0.08872303587109695,274.2554340146135,272.0096577587209
-78.38265751015467,-0.8243063945844121,5.192148939920506,0.9545874235898928,-0.06317287433794008,99.67631913424724,102.50016589930212
-0.6915885253892087,0.48654476620167497,-10.296607549756184,0.5607820200625899,-0.008498433544745804,182.6962619939644,165.6741985924429
0.1777216168604163,-0.3943648060441815,8.129929570932552,0.667046970220751,-0.01569597908437377,168.91789727819202,184.18820368775397
53.72403356661893,1.2099560061080348,8.384178785316864,-0.011173446965159551,0.26925971404712684,257.64738904107617,239.1998209399946
-26.71129418154757,-0.38882056871878956,-6.252229506304812,-0.5815661941376419,0.012601457298839915,165.2525430083721,141.70225732145883
47.8028194651593,0.9926445678297683,11.348344180562632,0.47483242802290077,-0.10123778442940196,234.74950246175248,236.14096917201397
47.0467150404364,0.37424750371636967,-0.011463706568366731,-0.18150991118927073,-0.0540146276961552,223.64080266789745,222.79754061356783
18.1261954359322,0.6574338081235479,7.354183760946008,-0.6143833110982505,0.10201681915881268,204.5771512164945,201.2490128279311
119.89806245930043,1.400721413671095,0.16084214279937983,-0.0080480072546254,-0.07626266831437256,261.209859213198,296.99888165507065
4.579159976495223,-0.5003446038124518,-3.4765537059635645,0.16228845696948577,-0.06333098240671779,229.09337239654008,176.32478545615078
39.89127758246147,0.2558313095178135,-3.762765048099821,-0.2018252693077427,0.12246054946234955,247.45786690085373,211.9285454389028
-100.5221671920481,-1.854205636852814,-19.362293041976177,0.9670891824320293,-0.026514632460747582,69.06923132355047,54.825474993962956
21.217601425018938,0.15441437800910962,1.52325061867744,-0.9425544807043362,-0.04949804405481988,132.87852133083965,197.5267802118151
-79.04524935139422,-2.2027854835842966,2.1037171900998057,-1.7957995216801594,0.176957122361318,99.30072080993506,94.8604062706712
10.088947563013246,-0.5930890831770322,-6.421378592599867,-0.49249116238741864,-0.08006281107798677,193.5334903933741,178.1254922286397
6.309450559352677,0.6048186794866921,-3.719474609864065,0.9358347853266878,-0.029906884737754855,126.51277352002036,179.72428884443303
-157.1812887112626,-2.526719054448718,-3.871935096538982,-1.5535779441137625,0.1024176482743534,21.54432779208542,10.592463156779061
-53.44261218888582,1.3097856472443572,-9.556192468294606,0.8983295088002781,-0.06265954340979678,110.60187896130938,114.7702172703232
-88.12348962454865,-0.9313240063380793,-3.234451106993632,0.667046970220751,-0.10602720990194114,127.79562745864295,83.89532133730722
-12.932720918047407,-0.7555512238704142,5.104041306909847,-1.8208030393644326,-0.09031117858377434,104.07379040327554,165.1282212619126
-66.76447304275699,-1.5684645219409592,-0.8579400375708319,1.063977813458588,-0.13146559750579742,110.2123454468134,107.36520092855278
50.477860523804836,0.9864447586256174,0.29218053526176846,-0.1830726310445378,0.10822085889724532,252.03531694509752,227.30520036041366
16.786748627464892,0.327751231540504,-7.7396489068858925,0.5592193002073228,-0.11318636642188534,177.21503681433717,185.4444502007737
-54.966158159783795,-0.430259399519184,6.467621652734148,0.7670610409578438,-0.11086685683456411,137.52418945739032,127.35096459242325
-17.029751142969094,-0.03567305857139808,8.602364576567703,-0.9769343175202119,0.06341219651724392,141.05687660751553,166.24698456889303
-56.71742710708456,-0.8202524372230868,-14.045876342561204,1.0030317391031722,-0.08609650965714183,85.3080165341432,104.95694565744597
-54.44395476211585,-1.878042944814865,11.701196590724251,0.8405088741553963,-0.10613270721727447,155.34363243588476,131.73714136560045
72.41582644394279,2.027388837602532,4.923848614258161,0.3154350027856591,0.1311262203273302,245.5460585061188,255.43719143378524
42.51897679554514,2.160132573964196,13.033025174147681,-0.5049929212295553,0.02886124902274892,230.142820422696,232.859569186319
25.653541343435865,-0.07410127800265387,6.793962304778143,0.0669625457981942,0.01224017290002468,248.555072574628,208.07617140377835
72.56294190737799,0.7979415922295041,2.6569562703256793,0.17635293566688945,0.04077039142048946,274.9190639415666,251.85852941188932
25.394815307799117,1.559619368917367,6.4903639302787886,0.5889109774573973,0.24155825585577687,201.14882227705343,209.8988341551772
-63.89771772932068,-1.4987248016448953,-4.740740596060739,-1.1722742994285962,0.19225574424021954,112.47201391988295,104.50636463265408
84.5060259374189,1.1168811598704933,-0.1717243591094068,0.05914894652185882,0.03769582514492436,285.7475986505348,261.17159382471556
-43.196599749091845,-0.11356770302539795,-7.761883560821716,0.7420575232735706,-0.11086685683456411,136.78445551098872,125.18270596836885
-9.105944039215055,0.17568023660584312,-2.8544278647233297,0.7795627997999804,-0.047230289911198764,139.7096707430605,164.57120715742502
64.10315069444937,1.0128405077825662,15.784249341121287,0.47014426845709956,-0.11316055316748219,233.19482689110848,256.88079057351166
10.657831949291413,1.956499326957947,8.254212866253756,-1.019127753612423,0.046969566522535235,166.6761138092873,195.51995227028198
28.751353826242056,0.38724913979842956,-3.858127498511816,0.05289806710079052,-0.1058656511264632,216.8229703168719,200.8510741983718
67.71451525708005,1.1699649251293482,-7.616279279829025,-0.1408791949523268,-0.0773744577088817,279.832914025273,236.67351356458795
-124.18368867683773,-2.9524416247239404,-5.604227834371645,-1.9645732660490034,0.1334906630854863,48.93866098162593,41.05212557597194
61.4725948934174,0.5176327989322304,11.603454660310351,0.1482239782720821,0.19200583609567465,256.1392176569872,249.5574784818965
41.44857424140793,1.2161989500582588,5.90846216569393,-0.11900111697858773,-0.05229471976497905,242.97840244311547,224.02550583528534
-42.15246493245458,-1.621649172262002,5.504107540604954,0.9358347853266878,-0.12116352946086428,124.20855133779853,138.16823100662296
9.043323698729997,-0.1556700056870046,1.1750592211500364,-0.5971933926903127,-0.05965114664157886,178.80317623626834,185.02943468972995
-62.789068258720825,-1.2849555457555135,-3.8941565725918053,-1.5191981072978868,-0.13146559750579742,94.61123268118168,106.00472223299695
8.093531883124967,0.7782267848212306,5.697485308226223,0.792064558642117,-0.04448185620339513,155.76007357207945,190.94039299347992
-81.67643351810791,-0.22850449285558566,-5.892977986041644,1.063977813458588,-0.13146559750579742,96.65062037513528,88.75816253381643
-11.263174989626021,0.24666617013452516,6.924874014608819,0.2841806056803176,-0.008041413411308434,249.85413317084064,171.8080707022551
-33.02494732486238,-0.4002841733716526,-10.793425520571724,0.8670751116949366,-0.12116352946086428,120.99585419428188,132.15082087829708
-15.500936077630392,0.11717202509988799,7.7488439412010335,0.7139285658787633,0.053164867023110324,169.84313355147395,168.75573963644118
24.756171149558856,1.475880608742095,1.86981090993959,0.47014426845709956,-0.10601997860550567,228.9411972476429,204.08955327296093
45.069971061436405,0.6304953421808311,-2.792617188341777,-0.29715118047903427,0.055992997762046824,244.25822647973368,218.29025734742726
-66.52944728550783,-1.066139782455272,-2.4231846771873924,-1.2582238914682855,0.11690288722433413,101.03507447190914,104.46347356547435
45.32837965836161,1.449797505125573,0.5582034014725974,0.20135645335116265,0.21659529078763898,199.83221609603945,223.37789862396738
29.109318702921463,1.4129047576861287,1.6051412307735466,-0.415917889479332,0.3897631315882297,201.72543530223376,207.7247762483588
26.706949526519466,0.14264026214673214,13.253541481016978,0.2419871695881066,-0.09031117803518914,223.9031125720739,215.87837357610488
-57.721456369475284,-0.39326177165855636,-8.21975199966978,0.9030176683660793,-0.13146559750579742,119.49750836894216,110.06064824492546
-118.03263635319904,-2.4214190589349385,-2.5616576046581168,-1.2535357319024842,0.1866455569990113,60.49572108883204,51.54096312317321
-77.72364643260528,-1.1863257464985415,-9.551813508240318,-1.1003891860863109,0.3119614150330053,75.02484445797688,86.37335285647134
